gsis_id,season,player_name,team,position,headshot_url
00-0032889,2026,A'Shawn Robinson,TB,DL,"https://static.www.nfl.com/image/upload/f_auto,q_auto/league/xmh5jhuoelkynsubtjrz"
00-0037845,2026,A.J. Arcuri,BAL,OL,"https://static.www.nfl.com/image/upload/f_auto,q_auto/league/gziofcy3o1epv9spjapl"
00-0035676,2026,A.J. Brown,NE,WR,"https://static.www.nfl.com/image/upload/f_auto,q_auto/league/qfhvjyssf0lwsh0kienp"
00-0036192,2026,A.J. Epenesa,PHI,DL,"https://static.www.nfl.com/image/upload/f_auto,q_auto/league/hprr0vl8ruh0veetztij"
00-0036114,2026,A.J. Green,MIA,DB,"https://static.www.nfl.com/image/upload/f_auto,q_auto/league/rnqbv20uhrx6lstzvmq7"
00-0041043,2026,A.J. Haulcy,IND,DB,"https://static.www.nfl.com/image/upload/f_auto,q_auto/league/y0kpgevqxihsroz9zqrm"
00-0040302,2026,A.J. Henning,MIA,WR,"https://static.www.nfl.com/image/upload/f_auto,q_auto/league/ijwatff81qf3jmikcryt"
00-0036285,2026,A.J. Terrell,ATL,DB,"https://static.www.nfl.com/image/upload/f_auto,q_auto/league/plww5syeocezywkpgpmg"
00-0039685,2026,A.J. Woods,ATL,DB,"https://static.www.nfl.com/image/upload/f_auto,q_auto/league/zecg893zdz500syj1k08"
00-0039793,2026,AJ Barner,SEA,TE,"https://static.www.nfl.com/image/upload/f_auto,q_auto/league/i0esiguve9if4ts5mm1q"
00-0035190,2026,AJ Cole,LV,P,"https://static.www.nfl.com/image/upload/f_auto,q_auto/league/t6ah2u0wptbb8n22tehr"
00-0036265,2026,AJ Dillon,CAR,RB,"https://static.www.nfl.com/image/upload/f_auto,q_auto/league/imxxt8yrbrxptoxr1hw5"
00-0038866,2026,AJ Finley,SEA,DB,"https://static.www.nfl.com/image/upload/f_auto,q_auto/league/zqvnq3t2f3ayg5rnmzld"
00-0041454,2026,Aamaris Brown,DET,DB,"https://static.www.nfl.com/image/upload/f_auto,q_auto/league/ewwjcwikx8nqcgxdbbu1"
00-0040921,2026,Aamil Wagner,TEN,OL,"https://static.www.nfl.com/image/upload/f_auto,q_auto/league/webk4td1tz8hyezcimaa"
00-0036551,2026,Aaron Banks,GB,OL,"https://static.www.nfl.com/image/upload/f_auto,q_auto/league/g0vbcpdlnxiqnkj8m2wl"
00-0036171,2026,Aaron Brewer,MIA,OL,"https://static.www.nfl.com/image/upload/f_auto,q_auto/league/hg1utha1cygi0y3r45od"
00-0031388,2026,Aaron Donald,LAR,DL,"https://static.www.nfl.com/image/private/f_auto,q_auto/league/gou42dathlyc1rfn4pga"
00-0040982,2026,Aaron Graves,BAL,DL,"https://static.www.nfl.com/image/upload/f_auto,q_auto/league/wroubpn0nrxus52ct2dw"
00-0041148,2026,Aaron Hall,CAR,DL,"https://static.www.nfl.com/image/upload/f_auto,q_auto/league/bq76gtte5drlejyfnjnn"
00-0033293,2026,Aaron Jones,MIN,RB,"https://static.www.nfl.com/image/upload/f_auto,q_auto/league/bktkfvgfwujkdbzkcfim"
00-0023459,2026,Aaron Rodgers,PIT,QB,"https://static.www.nfl.com/image/upload/f_auto,q_auto/league/dypvakakxhccxs67tb0y"
00-0040407,2026,Aaron Smith,SEA,LB,"https://static.www.nfl.com/image/upload/f_auto,q_auto/league/ct2x79scrpzdgilozeo6"
00-0034668,2026,Aaron Stinnie,NYG,OL,"https://static.www.nfl.com/image/upload/f_auto,q_auto/league/fi5wxfsa59aw80nwetoi"
00-0040677,2026,Abdul Carter,NYG,LB,"https://static.www.nfl.com/image/upload/f_auto,q_auto/league/tfchuu4khsh6jarotqga"
00-0037812,2026,Abraham Lucas,SEA,OL,"https://static.www.nfl.com/image/upload/f_auto,q_auto/league/uuarey3oymnwrxezyp4d"
00-0033381,2026,Adam Butler,LV,DL,"https://static.www.nfl.com/image/upload/f_auto,q_auto/league/lhf00svlch3ueul8msuq"
00-0036727,2026,Adam Prentice,DEN,RB,"https://static.www.nfl.com/image/upload/f_auto,q_auto/league/xuvyqidnso9ga1dfefoy"
00-0040888,2026,Adam Randall,BAL,RB,"https://static.www.nfl.com/image/upload/f_auto,q_auto/league/cdr4vibcb4jxp8nswxl9"
00-0030035,2026,Adam Thielen,MIN,WR,"https://static.www.nfl.com/image/upload/f_auto,q_auto/league/pv6gajxtt6zhum2unnsl"
00-0036422,2026,Adam Trautman,DEN,TE,"https://static.www.nfl.com/image/upload/f_auto,q_auto/league/bqsgkwkfolczyrxmdp1j"
00-0038144,2026,Adedayo Odeleye,DAL,DL,"https://static.www.nfl.com/image/upload/f_auto,q_auto/league/vll2htycvqq5vhihzyz6"
00-0039031,2026,Adetomiwa Adebawore,IND,DL,"https://static.www.nfl.com/image/upload/f_auto,q_auto/league/k4jeqt29qhkxivumi4d7"
00-0040255,2026,Adin Huntington,CLE,DL,"https://static.www.nfl.com/image/upload/f_auto,q_auto/league/zqevui8ikmsi20blzgot"
00-0039791,2026,Adisa Isaac,BAL,LB,"https://static.www.nfl.com/image/upload/f_auto,q_auto/league/kgf0y0szaf289d6ys8sy"
00-0039890,2026,Adonai Mitchell,NYJ,WR,"https://static.www.nfl.com/image/upload/f_auto,q_auto/league/hwwacoa3pqapd7pgahfx"
00-0038658,2026,Adrian Martinez,SF,QB,"https://static.www.nfl.com/image/upload/f_auto,q_auto/league/w0ehlpfwk70tqpswllwv"
00-0040076,2026,Aeneas Peebles,BAL,DL,"https://static.www.nfl.com/image/upload/f_auto,q_auto/league/pzcjpjjrkwtkbp60ti5k"
00-0033783,2026,Ahkello Witherspoon,WAS,DB,"https://static.www.nfl.com/image/upload/f_auto,q_auto/league/ub7code8rbhomboifmob"
00-0040260,2026,Ahmani Marshall,CAR,RB,"https://static.www.nfl.com/image/upload/f_auto,q_auto/league/rmzxp0obmznym5hv5ndh"
00-0040761,2026,Ahmed Hassanein,DET,DL,"https://static.www.nfl.com/image/upload/f_auto,q_auto/league/ok2rok5gpyxwbk4xotyh"
00-0040972,2026,Aidan Hubbard,SEA,LB,"https://static.www.nfl.com/image/upload/f_auto,q_auto/league/ecvtetyglqvbszmuikfa"
00-0037236,2026,Aidan Hutchinson,DET,DL,"https://static.www.nfl.com/image/upload/f_auto,q_auto/league/gmeczjok2lmjftb6mfof"
00-0038579,2026,Aidan O'Connell,LV,QB,"https://static.www.nfl.com/image/upload/f_auto,q_auto/league/bcejxo7ofgk5pszhup12"
00-0041449,2026,Aiden Fisher,HOU,LB,"https://static.www.nfl.com/image/upload/f_auto,q_auto/league/lrev1iowpsduiovqk1bd"
00-0040745,2026,Aireontae Ersery,HOU,OL,"https://static.www.nfl.com/image/upload/f_auto,q_auto/league/htrlsuwip43rs84xya1u"
00-0040017,2026,Ajani Cornelius,DAL,OL,"https://static.www.nfl.com/image/upload/f_auto,q_auto/league/jpuz6yezpw3gg6asmvgh"
00-0038101,2026,Akayleb Evans,CAR,DB,"https://static.www.nfl.com/image/upload/f_auto,q_auto/league/nhqsqcicvneknjeivzrd"
00-0036298,2026,Akeem Davis-Gaither,IND,LB,"https://static.www.nfl.com/image/upload/f_auto,q_auto/league/cxiu4fzpikl8lhpvooza"
00-0041544,2026,Akheem Mesidor,LAC,LB,"https://static.www.nfl.com/image/upload/f_auto,q_auto/league/uzofkqafecc5zqqwyiyd"
00-0033964,2026,Al-Quadin Muhammad,TB,LB,"https://static.www.nfl.com/image/upload/f_auto,q_auto/league/wlookhzmglrxdjx43l8n"
00-0041330,2026,Alan Herron,NO,OL,"https://static.www.nfl.com/image/upload/f_auto,q_auto/league/crkhadhimz9ds15jt4mo"
00-0036603,2026,Alaric Jackson,LAR,OL,"https://static.www.nfl.com/image/upload/f_auto,q_auto/league/p7eblgie3na4hjdl6pzb"
00-0036423,2026,Albert Okwuegbunam,LV,TE,"https://static.www.nfl.com/image/upload/f_auto,q_auto/league/ivyip7mtbv6i0wbnlrph"
00-0041138,2026,Albert Reese,CAR,OL,"https://static.www.nfl.com/image/upload/f_auto,q_auto/league/zb27al135smoctturd2b"
00-0041045,2026,Albert Regis,JAX,DL,"https://static.www.nfl.com/image/upload/f_auto,q_auto/league/qr8atadqfx7yf2kzrtd5"
00-0040318,2026,Ale Kaho,WAS,LB,"https://static.www.nfl.com/image/upload/f_auto,q_auto/league/xtiv998kd4048degy4xl"
00-0037428,2026,Alec Anderson,BUF,OL,"https://static.www.nfl.com/image/upload/f_auto,q_auto/league/frlusanzfnfuvcgjc05a"
00-0035125,2026,Alec Ingold,LAC,RB,"https://static.www.nfl.com/image/upload/f_auto,q_auto/league/saqgxmq3xrr68byket0r"
00-0037664,2026,Alec Pierce,IND,WR,"https://static.www.nfl.com/image/upload/f_auto,q_auto/league/qcg9t51wgp3hicavmkmy"
00-0033914,2026,Alex Anzalone,TB,LB,"https://static.www.nfl.com/image/upload/f_auto,q_auto/league/ltqvhzvqdxxtl1phtrgi"
00-0038646,2026,Alex Austin,MIA,DB,"https://static.www.nfl.com/image/upload/f_auto,q_auto/league/xhouenbvagbqn4jbbtge"
00-0035602,2026,Alex Bachman,LAR,WR,"https://static.www.nfl.com/image/upload/f_auto,q_auto/league/xebxem8tzjm0yyygaklg"
00-0038475,2026,Alex Cook,LAR,DB,"https://static.www.nfl.com/image/upload/f_auto,q_auto/league/mzyd22cge9f6neap0f7s"
00-0038649,2026,Alex Forsyth,DEN,OL,"https://static.www.nfl.com/image/upload/f_auto,q_auto/league/yyvjgz6ikiyjw6au2kn1"
00-0041107,2026,Alex Harkey,LAC,OL,"https://static.www.nfl.com/image/upload/f_auto,q_auto/league/ficvjzrrdu13rfzrteyt"
00-0036333,2026,Alex Highsmith,PIT,LB,"https://static.www.nfl.com/image/upload/f_auto,q_auto/league/vfi0umrpljsc0cn3vqle"
00-0040304,2026,Alex Huntley,MIA,DL,"https://static.www.nfl.com/image/upload/f_auto,q_auto/league/lklrawhwiya702se4gox"
00-0039506,2026,Alex Johnson,LAR,DB,"https://static.www.nfl.com/image/upload/f_auto,q_auto/league/eboiojvb35tvsqolb3l2"
00-0038796,2026,Alex Palczewski,DEN,OL,"https://static.www.nfl.com/image/upload/f_auto,q_auto/league/tiyl83okzrfi50hqyzid"
00-0031898,2026,Alex Singleton,DEN,LB,"https://static.www.nfl.com/image/upload/f_auto,q_auto/league/majblawsimvtv3k2xd6j"
00-0038360,2026,Alex Ward,LV,LS,"https://static.www.nfl.com/image/upload/f_auto,q_auto/league/libjdgzvuq7q57noway9"
00-0041336,2026,Alex Wollschlaeger,NO,OL,"https://static.www.nfl.com/image/upload/f_auto,q_auto/league/salnwkfmy9wgq8tmm8mm"
00-0037251,2026,Alex Wright,CLE,DL,"https://static.www.nfl.com/image/upload/f_auto,q_auto/league/rwvd1sputd9x1dziyznz"
00-0040721,2026,Alfred Collins,SF,DL,"https://static.www.nfl.com/image/upload/f_auto,q_auto/league/m3gpcjsylxoysk9m9n7w"
00-0038724,2026,Ali Gaye,HOU,DL,"https://static.www.nfl.com/image/upload/f_auto,q_auto/league/ctzqzcp9fu31oplmkvnx"
00-0040045,2026,Alijah Clark,DAL,DB,"https://static.www.nfl.com/image/upload/f_auto,q_auto/league/sr5sjigohu5fufu4yxm7"
00-0040411,2026,Alijah Huzzie,HOU,DB,"https://static.www.nfl.com/image/upload/f_auto,q_auto/league/cspeq4wwmy82tmumrh6n"
00-0036979,2026,Alijah Vera-Tucker,NE,OL,"https://static.www.nfl.com/image/upload/f_auto,q_auto/league/a2hlyjd2geiy1mdiugug"
00-0036624,2026,Alim McNeill,DET,DL,"https://static.www.nfl.com/image/upload/f_auto,q_auto/league/ugdqnlqg8btovqnkzqpw"
00-0036380,2026,Alohi Gilman,KC,DB,"https://static.www.nfl.com/image/upload/f_auto,q_auto/league/hjfezaosf4mpowfzltjt"
00-0038121,2026,Alontae Taylor,TEN,DB,"https://static.www.nfl.com/image/upload/f_auto,q_auto/league/avogci7ghtzxoxdcdtnx"
00-0033906,2026,Alvin Kamara,NO,RB,"https://static.www.nfl.com/image/upload/f_auto,q_auto/league/yxebpuskandivlh2iil4"
00-0035632,2026,Amani Hooker,TEN,DB,"https://static.www.nfl.com/image/upload/f_auto,q_auto/league/h2jriwibpvmgdc33zsjc"
00-0035270,2026,Amani Oruwariye,BAL,DB,"https://static.www.nfl.com/image/upload/f_auto,q_auto/league/aqg1eu9fdnoqmaff8cb4"
00-0040039,2026,Amar Johnson,LAC,RB,"https://static.www.nfl.com/image/upload/f_auto,q_auto/league/qw1s7luuaia2f08p19aq"
00-0038617,2026,Amari Burney,JAX,LB,"https://static.www.nfl.com/image/upload/f_auto,q_auto/league/nqqv3zewlmrlel62jixa"
00-0039539,2026,Amari Gainer,MIA,LB,"https://static.www.nfl.com/image/upload/f_auto,q_auto/league/nrmc2wpx3aci3optdya2"
00-0040059,2026,Amari Kight,SEA,OL,"https://static.www.nfl.com/image/upload/f_auto,q_auto/league/sfygfpa3uvxcmq8x2u9u"
00-0040956,2026,Amari McNeill,KC,DL,"https://static.www.nfl.com/image/upload/f_auto,q_auto/league/idvyrx8v1nf4pij66on5"
00-0039925,2026,Amarius Mims,CIN,OL,"https://static.www.nfl.com/image/upload/f_auto,q_auto/league/lsyds0sc3ak7atlopauh"
00-0032104,2026,Ameer Abdullah,JAX,RB,"https://static.www.nfl.com/image/upload/f_auto,q_auto/league/k8teyeiqchljlm0h5te4"
00-0038624,2026,Ameer Speed,DAL,DB,"https://static.www.nfl.com/image/upload/f_auto,q_auto/league/o9d89l2prvb5k7uawpzi"
00-0036716,2026,Amen Ogbongbemiga,DET,LB,"https://static.www.nfl.com/image/upload/f_auto,q_auto/league/liyabetbezsk9lvuuphd"
00-0036375,2026,Amik Robertson,WAS,DB,"https://static.www.nfl.com/image/upload/f_auto,q_auto/league/giptmuhxwq2ugaaettbg"
00-0036963,2026,Amon-Ra St. Brown,DET,WR,"https://static.www.nfl.com/image/upload/f_auto,q_auto/league/fd8nwhm6pvxfyzphzl6i"
00-0041486,2026,Anderson Castle,IND,RB,"https://static.www.nfl.com/image/upload/f_auto,q_auto/league/sxtze52r5ruogs7lmyjh"
00-0038801,2026,Andre Carter II,LAC,LB,"https://static.www.nfl.com/image/upload/f_auto,q_auto/league/wcegripe6c8koovd8htl"
00-0036941,2026,Andre Cisco,NYJ,DB,"https://static.www.nfl.com/image/upload/f_auto,q_auto/league/sdk8jvmv30mvetujj7bs"
00-0040903,2026,Andre Fuller,SEA,DB,"https://static.www.nfl.com/image/upload/f_auto,q_auto/league/lprcggybtxynzqqodh2h"
00-0035127,2026,Andre James,TEN,OL,"https://static.www.nfl.com/image/upload/f_auto,q_auto/league/cliagitqwyz5snrphj2c"
00-0038635,2026,Andre Jones Jr.,MIA,LB,"https://static.www.nfl.com/image/upload/f_auto,q_auto/league/jnapl3qjyekmgvxm4bgd"
00-0038428,2026,Andre Szmyt,CLE,K,"https://static.www.nfl.com/image/upload/f_auto,q_auto/league/tkah6glpysuyq2a54gts"
00-0039267,2026,Andre' Sam,PHI,DB,"https://static.www.nfl.com/image/upload/f_auto,q_auto/league/ktamly004v1muokcnmc7"
00-0038619,2026,Andrei Iosivas,CIN,WR,"https://static.www.nfl.com/image/upload/f_auto,q_auto/league/xhrvbt81iohroyftuyj2"
00-0040298,2026,Andrew Armstrong,KC,WR,"https://static.www.nfl.com/image/upload/f_auto,q_auto/league/hkw32xqnimm6dvx2qfvl"
00-0034959,2026,Andrew Beck,NYJ,RB,"https://static.www.nfl.com/image/upload/f_auto,q_auto/league/zv8xb3nfxamq7sqa1xqt"
00-0033066,2026,Andrew Billings,ARI,DL,"https://static.www.nfl.com/image/upload/f_auto,q_auto/league/fh7q0h96fesyveoomjps"
00-0039535,2026,Andrew Coker,CIN,OL,"https://static.www.nfl.com/image/upload/f_auto,q_auto/league/lnywnvaiv7mfxeungbdc"
00-0029714,2026,Andrew DePaola,MIN,LS,"https://static.www.nfl.com/image/upload/f_auto,q_auto/league/zvvseyjneba7ehms6pd9"
00-0038865,2026,Andrew Farmer II,SF,LB,"https://static.www.nfl.com/image/upload/f_auto,q_auto/league/wscfjolhvndwj8zemf81"
00-0039485,2026,Andrew Meyer,MIA,OL,"https://static.www.nfl.com/image/upload/f_auto,q_auto/league/gfpddwgpotujkccninbs"
00-0040749,2026,Andrew Mukuba,PHI,DB,"https://static.www.nfl.com/image/upload/f_auto,q_auto/league/eurn0h9z78sclv1eq5jp"
00-0037292,2026,Andrew Ogletree,IND,TE,"https://static.www.nfl.com/image/upload/f_auto,q_auto/league/wvcrk0ygv3coprxj4cnt"
00-0037620,2026,Andrew Stueber,ATL,OL,"https://static.www.nfl.com/image/upload/f_auto,q_auto/league/glytc2q32qsae8ormcvn"
00-0036386,2026,Andrew Thomas,NYG,OL,"https://static.www.nfl.com/image/upload/f_auto,q_auto/league/yvwuonp6lhw7ougn7q16"
00-0035272,2026,Andrew Van Ginkel,MIN,LB,"https://static.www.nfl.com/image/upload/f_auto,q_auto/league/vbpdlib647tcpzz59wyt"
00-0038383,2026,Andrew Vorhees,BAL,OL,"https://static.www.nfl.com/image/upload/f_auto,q_auto/league/svbcpu80smbthhzqxvnx"
00-0035378,2026,Andrew Wingard,ARI,DB,"https://static.www.nfl.com/image/upload/f_auto,q_auto/league/lueoe3vqsknnvax0gnmf"
00-0033831,2026,Andrew Wylie,WAS,OL,"https://static.www.nfl.com/image/upload/f_auto,q_auto/league/nt0zor6okfjksel1jim2"
00-0039821,2026,Andru Phillips,NYG,DB,"https://static.www.nfl.com/image/upload/f_auto,q_auto/league/kh3iigah1t49ywg0scb9"
00-0040200,2026,Andy Borregales,NE,K,"https://static.www.nfl.com/image/upload/f_auto,q_auto/league/x2fxn5qf6zkgmvedjpys"
00-0027973,2026,Andy Dalton,PHI,QB,"https://static.www.nfl.com/image/upload/f_auto,q_auto/league/sfsneh0bn46e2kwve7sr"
00-0041097,2026,Anez Cooper,NYJ,OL,"https://static.www.nfl.com/image/upload/f_auto,q_auto/league/ncjopahmd0bod5hqbt7k"
00-0036193,2026,Anfernee Jennings,NO,LB,"https://static.www.nfl.com/image/upload/f_auto,q_auto/league/zgnsugvthxpb48ulv89u"
00-0038908,2026,Anfernee Orji,NYG,LB,"https://static.www.nfl.com/image/upload/f_auto,q_auto/league/lbogbl26m6kwp1ljbrog"
00-0041140,2026,Anquin Barnes Jr.,NYG,DL,"https://static.www.nfl.com/image/upload/f_auto,q_auto/league/r6khzquci6q4znyrjpym"
00-0040726,2026,Anthony Belton,GB,OL,"https://static.www.nfl.com/image/upload/f_auto,q_auto/league/pk9a1riaxi1hhtjq3ma3"
00-0039020,2026,Anthony Bradford,SEA,OL,"https://static.www.nfl.com/image/upload/f_auto,q_auto/league/g2bf69loozhlnsfoxsjv"
00-0040689,2026,Anthony Campbell,GB,DL,"https://static.www.nfl.com/image/upload/f_auto,q_auto/league/wyekuw2nez6ldavs3kwt"
00-0041012,2026,Anthony Dunn,NYJ,DL,"https://static.www.nfl.com/image/upload/f_auto,q_auto/league/ugqwhzfpwxcpcnhsf1lv"
00-0039783,2026,Anthony Goodlow,CAR,DL,"https://static.www.nfl.com/image/upload/f_auto,q_auto/league/nyluqyk0urg2bdfsajdk"
00-0039816,2026,Anthony Gould,IND,WR,"https://static.www.nfl.com/image/upload/f_auto,q_auto/league/irctulz9pij3tzpokih0"
00-0041479,2026,Anthony Hill Jr.,TEN,LB,"https://static.www.nfl.com/image/upload/f_auto,q_auto/league/rcozyv4kil96dw8aovh4"
00-0038411,2026,Anthony Johnson,CHI,DB,"https://static.www.nfl.com/image/upload/f_auto,q_auto/league/eumd6ubnwb6vv2kvh38z"
00-0038848,2026,Anthony Kendall,BUF,DB,"https://static.www.nfl.com/image/upload/f_auto,q_auto/league/kgha3oguelser2rcl2lp"
00-0041458,2026,Anthony Lucas,DET,DL,"https://static.www.nfl.com/image/upload/f_auto,q_auto/league/jz6cvd4ur6gwmje4eq57"
00-0035254,2026,Anthony Nelson,TB,LB,"https://static.www.nfl.com/image/upload/f_auto,q_auto/league/b6hjuuemwgsh8q7lmadz"
00-0039164,2026,Anthony Richardson,IND,QB,"https://static.www.nfl.com/image/upload/f_auto,q_auto/league/wrddeyklfcgk9qybgofq"
00-0040900,2026,Anthony Smith,DAL,WR,"https://static.www.nfl.com/image/upload/f_auto,q_auto/league/xawxtpjdptmacbcqtlua"
00-0040394,2026,Anthony Tyus III,CAR,RB,"https://static.www.nfl.com/image/upload/f_auto,q_auto/league/ycph0v6jfxwkcycuztk0"
00-0036411,2026,Antoine Winfield Jr.,TB,DB,"https://static.www.nfl.com/image/upload/f_auto,q_auto/league/wn2vlv6eyc9str0ak0fx"
00-0038934,2026,Anton Harrison,JAX,OL,"https://static.www.nfl.com/image/upload/f_auto,q_auto/league/l90ccbzqvqoblyonrdr3"
00-0039587,2026,Antonio Grier Jr.,CHI,LB,"https://static.www.nfl.com/image/upload/f_auto,q_auto/league/fa6kewlf3j1oaqz1xvfd"
00-0038596,2026,Antonio Johnson,JAX,DB,"https://static.www.nfl.com/image/upload/f_auto,q_auto/league/rrxemukb8b2to7ba2g56"
00-0041040,2026,Antonio Williams,WAS,WR,"https://static.www.nfl.com/image/upload/f_auto,q_auto/league/noywrsgaqoqlv64c12yw"
00-0040438,2026,Antwane Wells Jr.,ATL,WR,"https://static.www.nfl.com/image/upload/f_auto,q_auto/league/mijumyvz5ifhbq2xzlx6"
00-0040018,2026,Antwaun Powell-Ryland,CIN,DL,"https://static.www.nfl.com/image/upload/f_auto,q_auto/league/w71055cng5ocmvj96lr8"
00-0036587,2026,Ar'Darius Washington,NYG,DB,"https://static.www.nfl.com/image/upload/f_auto,q_auto/league/ptjh8ufk5zfpdc0yrpeq"
00-0041128,2026,Ar'maj Reed-Adams,BUF,OL,"https://static.www.nfl.com/image/upload/f_auto,q_auto/league/s2uqywfqwqqe9ubdml5w"
00-0034825,2026,Arden Key,IND,DL,"https://static.www.nfl.com/image/upload/f_auto,q_auto/league/mcd06fmoc92zmekuyxeg"
00-0041355,2026,Arden Walker,GB,LB,"https://static.www.nfl.com/image/upload/f_auto,q_auto/league/uy7hcwv07dysph9gs068"
00-0040582,2026,Arian Smith,NYJ,WR,"https://static.www.nfl.com/image/upload/f_auto,q_auto/league/asywvwrn6zhlidxothqn"
00-0032164,2026,Arik Armstead,JAX,DL,"https://static.www.nfl.com/image/upload/f_auto,q_auto/league/z6e5xcslnlyaz2egeke3"
00-0040123,2026,Armand Membou,NYJ,OL,"https://static.www.nfl.com/image/upload/f_auto,q_auto/league/jpsi4xluqav1acigaou5"
00-0038116,2026,Arnold Ebiketie,PHI,LB,"https://static.www.nfl.com/image/upload/f_auto,q_auto/league/w5sjq8cj5tdar5ttlll7"
00-0037364,2026,Arron Mosby,GB,LB,"https://static.www.nfl.com/image/upload/f_auto,q_auto/league/siq8ayl7lif3uddghbum"
00-0038788,2026,Art Green,ARI,DB,"https://static.www.nfl.com/image/upload/f_auto,q_auto/league/qzhydlbsekmp6x7gx6pn"
00-0041509,2026,Arvell Reese,NYG,LB,"https://static.www.nfl.com/image/upload/f_auto,q_auto/league/tvhqfy34evkal6zpu9to"
00-0036617,2026,Asante Samuel Jr.,PIT,DB,"https://static.www.nfl.com/image/upload/f_auto,q_auto/league/pqualt9wauuhcaop7tqm"
00-0035021,2026,Ashton Dulin,IND,WR,"https://static.www.nfl.com/image/upload/f_auto,q_auto/league/ux55cx0r9iwqwmfmaip6"
00-0040640,2026,Ashton Gillotte,KC,DL,"https://static.www.nfl.com/image/upload/f_auto,q_auto/league/bk23ynvyi8g8ppbwb764"
00-0040122,2026,Ashton Jeanty,LV,RB,"https://static.www.nfl.com/image/upload/f_auto,q_auto/league/syspis1mntov9kgspb7r"
00-0036329,2026,Ashtyn Davis,SF,DB,"https://static.www.nfl.com/image/upload/f_auto,q_auto/league/e0ppdz8rxegnsmgkj31q"
00-0038601,2026,Asim Richards,NO,OL,"https://static.www.nfl.com/image/upload/f_auto,q_auto/league/i1lfvb8gnw3kfnz3cdyb"
00-0041117,2026,Athan Kaliakmanis,WAS,QB,"https://static.www.nfl.com/image/upload/f_auto,q_auto/league/ahtbv63jyg8ampmyrxn9"
00-0038586,2026,Atonio Mafi,TEN,OL,"https://static.www.nfl.com/image/upload/f_auto,q_auto/league/uvnz2p1foa0oivg3oq55"
00-0039373,2026,Audric Estimé,NO,RB,"https://static.www.nfl.com/image/upload/f_auto,q_auto/league/lcoend1mysjfhl8f4rrt"
00-0035829,2026,Austen Pleasants,SF,OL,"https://static.www.nfl.com/image/upload/f_auto,q_auto/league/smhaysadli3ersrjufft"
00-0039178,2026,Austin Ajiake,IND,LB,"https://static.www.nfl.com/image/upload/f_auto,q_auto/league/m5hvok66omx2blhddshk"
00-0041049,2026,Austin Barber,CLE,OL,"https://static.www.nfl.com/image/upload/f_auto,q_auto/league/kglwdpydzvvmdr1bdblg"
00-0039840,2026,Austin Booker,CHI,DL,"https://static.www.nfl.com/image/upload/f_auto,q_auto/league/s5th0pr4mxfyrdrnlm79"
00-0040409,2026,Austin Brinkman,HOU,LS,"https://static.www.nfl.com/image/upload/f_auto,q_auto/league/gfb3bzfuppjf7t7d3kis"
00-0041226,2026,Austin Brown,IND,DB,"https://static.www.nfl.com/image/upload/f_auto,q_auto/league/cc5vz8tfk41zgx59r5gh"
00-0034261,2026,Austin Corbett,BUF,OL,"https://static.www.nfl.com/image/upload/f_auto,q_auto/league/usrnmbnd0hqmoaw4rxki"
00-0037302,2026,Austin Deculus,TEN,OL,"https://static.www.nfl.com/image/upload/f_auto,q_auto/league/da3gpuvmzfoc7tnn5nut"
00-0032392,2026,Austin Hooper,ATL,TE,"https://static.www.nfl.com/image/upload/f_auto,q_auto/league/dd0j9ccd8fxokl48alzg"
00-0036248,2026,Austin Jackson,MIA,OL,"https://static.www.nfl.com/image/upload/f_auto,q_auto/league/wvam7fcwgxhanox55sbh"
00-0040501,2026,Austin Keys,WAS,LB,"https://static.www.nfl.com/image/upload/f_auto,q_auto/league/cs4nlk2pdnx0bbesyghu"
00-0039634,2026,Austin McNamara,NYJ,P,"https://static.www.nfl.com/image/upload/f_auto,q_auto/league/tu0cvxj9l141hhpcr5mh"
00-0039464,2026,Austin Reed,BAL,QB,"https://static.www.nfl.com/image/upload/f_auto,q_auto/league/gh0y2g1z1xqop1t0boeu"
00-0034112,2026,Austin Schlottmann,TEN,OL,"https://static.www.nfl.com/image/upload/f_auto,q_auto/league/afwyxpln2lcv4uhf1mvd"
00-0036841,2026,Austin Trammell,JAX,WR,"https://static.www.nfl.com/image/upload/f_auto,q_auto/league/vpkcobp7jdqvk8qwhhtg"
00-0041382,2026,Avery Smith,SEA,DB,"https://static.www.nfl.com/image/upload/f_auto,q_auto/league/o6hgu7dqu1cr50mooybp"
00-0041469,2026,Avieon Terrell,ATL,DB,"https://static.www.nfl.com/image/upload/f_auto,q_auto/league/ellqzbdrtdoxmte2ehk8"
00-0034377,2026,Avonte Maddox,DET,DB,"https://static.www.nfl.com/image/upload/f_auto,q_auto/league/j2guzeu1ggx5opajjl3h"
00-0041253,2026,Ayden Garnes,TB,DB,"https://static.www.nfl.com/image/upload/f_auto,q_auto/league/qlpjgp4neoxtnxkkaxek"
00-0040133,2026,Azareye'h Thomas,NYJ,DB,"https://static.www.nfl.com/image/upload/f_auto,q_auto/league/yects9qe1kkzkmiunvok"
00-0035166,2026,Azeez Al-Shaair,HOU,LB,"https://static.www.nfl.com/image/upload/f_auto,q_auto/league/s03mktbhybon2whnvytl"
00-0036552,2026,Azeez Ojulari,LV,LB,"https://static.www.nfl.com/image/upload/f_auto,q_auto/league/sjxtproergb4cezoo1pv"
00-0034800,2026,B.J. Hill,CIN,DL,"https://static.www.nfl.com/image/upload/f_auto,q_auto/league/t5d3t2wt1goqgv5njdqa"
00-0038748,2026,B.T. Potter,TB,K,"https://static.www.nfl.com/image/upload/f_auto,q_auto/league/gmtlr2dtch6dbfxj7vdt"
00-0040329,2026,BJ Green II,JAX,DL,"https://static.www.nfl.com/image/upload/f_auto,q_auto/league/ozs0yiy8cfhwplbjdgnd"
00-0039155,2026,BJ Ojulari,JAX,LB,"https://static.www.nfl.com/image/upload/f_auto,q_auto/league/hjtum8fdd1wbsqa2uufv"
00-0038108,2026,Bailey Zappe,NYJ,QB,"https://static.www.nfl.com/image/upload/f_auto,q_auto/league/b6ntwwdcbjnzv2gml8tk"
00-0034855,2026,Baker Mayfield,TB,QB,"https://static.www.nfl.com/image/upload/f_auto,q_auto/league/gjb8e69jtt1ffqf1afue"
00-0037157,2026,Bam Knight,ARI,RB,"https://static.www.nfl.com/image/upload/f_auto,q_auto/league/mjxnlzlnnwlfqayeybut"
00-0040289,2026,Bam Martin-Scott,CAR,LB,"https://static.www.nfl.com/image/upload/f_auto,q_auto/league/fvfw5drjy4cxaotvve69"
00-0041431,2026,Bangally Kamara,MIN,LB,"https://static.www.nfl.com/image/upload/f_auto,q_auto/league/o2ni1w7qx6aqgqfv6heh"
00-0041099,2026,Barion Brown,NO,WR,"https://static.www.nfl.com/image/upload/f_auto,q_auto/league/zakfmezzed4qotdrmbpc"
00-0036995,2026,Baron Browning,ARI,LB,"https://static.www.nfl.com/image/upload/f_auto,q_auto/league/wc0wkbhogzdxgaik9fh5"
00-0040157,2026,Barrett Carter,CIN,LB,"https://static.www.nfl.com/image/upload/f_auto,q_auto/league/jdzoxrmno9l5qytgz0iv"
00-0038304,2026,Barry Wesley,NO,OL,"https://static.www.nfl.com/image/upload/f_auto,q_auto/league/a8rahcbqsqqhm5yrf3xb"
00-0040010,2026,Barryn Sorrell,GB,LB,"https://static.www.nfl.com/image/upload/f_auto,q_auto/league/gemsbocowxpzwb9mkv1y"
00-0039176,2026,Basil Okoye,NYG,DL,"https://static.www.nfl.com/image/upload/f_auto,q_auto/league/g0bc8uf6fx9g6myyswi5"
00-0041094,2026,Bauer Sharp,TB,TE,"https://static.www.nfl.com/image/upload/f_auto,q_auto/league/xqj8rk6okp7eobbv5hps"
00-0039454,2026,Beanie Bishop,CHI,DB,"https://static.www.nfl.com/image/upload/f_auto,q_auto/league/anm9je7buxcrhnwuxspo"
00-0039241,2026,Beau Brade,NYG,DB,"https://static.www.nfl.com/image/upload/f_auto,q_auto/league/aa1pdnb0jaba4zs5nnry"
00-0040882,2026,Beau Stephens,SEA,OL,"https://static.www.nfl.com/image/upload/f_auto,q_auto/league/zdtaxq8qwchw3dscp1z0"
00-0040432,2026,Beaux Collins,ATL,WR,"https://static.www.nfl.com/image/upload/f_auto,q_auto/league/fypzpyhv2bsvlcwp2ppo"
00-0039753,2026,Beaux Limmer,LAR,OL,"https://static.www.nfl.com/image/upload/f_auto,q_auto/league/rsd2gd5nz5ubdj0drxn6"
00-0041123,2026,Behren Morton,NE,QB,"https://static.www.nfl.com/image/upload/f_auto,q_auto/league/st5s1urflg14hwvx8uzl"
00-0036272,2026,Ben Bartch,DET,OL,"https://static.www.nfl.com/image/upload/f_auto,q_auto/league/mayvzeezztsx4l0gbpa5"
00-0041141,2026,Ben Barten,NYG,DL,"https://static.www.nfl.com/image/upload/f_auto,q_auto/league/xja02mvfi3m5ytvxirea"
00-0036132,2026,Ben Bredeson,TB,OL,"https://static.www.nfl.com/image/upload/f_auto,q_auto/league/nkygbtdxvxhluyjumvxu"
00-0037413,2026,Ben Brown,NE,OL,"https://static.www.nfl.com/image/upload/f_auto,q_auto/league/lml1v7twuud44q3pn0hm"
00-0041143,2026,Ben Mann,NYG,LS,"https://static.www.nfl.com/image/upload/f_auto,q_auto/league/vdnd7w2xp70dionjqi3l"
00-0039679,2026,Ben Nikkel,IND,WR,"https://static.www.nfl.com/image/upload/f_auto,q_auto/league/nudylqi97cv72dqpmqqq"
00-0034978,2026,Ben Powers,DEN,OL,"https://static.www.nfl.com/image/upload/f_auto,q_auto/league/qrbgvqkrw8ztcvtgbcqa"
00-0040530,2026,Ben Sauls,NYG,K,"https://static.www.nfl.com/image/upload/f_auto,q_auto/league/xtbztjfp9xzrfn5ajkrw"
00-0040427,2026,Ben Scott,TB,OL,"https://static.www.nfl.com/image/upload/f_auto,q_auto/league/lba5w8sd97sjg6hslk5z"
00-0038809,2026,Ben Sims,MIA,TE,"https://static.www.nfl.com/image/upload/f_auto,q_auto/league/rigksrncrdjmbhvfuclp"
00-0039912,2026,Ben Sinnott,WAS,TE,"https://static.www.nfl.com/image/upload/f_auto,q_auto/league/ilkrv6dqajndnlsbmv8f"
00-0036862,2026,Ben Skowronek,PIT,WR,"https://static.www.nfl.com/image/upload/f_auto,q_auto/league/etozk8ja4u8lpjcvvo6l"
00-0037356,2026,Ben Stille,DET,DL,"https://static.www.nfl.com/image/upload/f_auto,q_auto/league/wyj9urijpkzuz2noqk2g"
00-0038489,2026,Ben VanSumeren,KC,RB,"https://static.www.nfl.com/image/upload/f_auto,q_auto/league/ncnb1nwr2b1usus557xy"
00-0040509,2026,Ben Yurosek,MIN,TE,"https://static.www.nfl.com/image/upload/f_auto,q_auto/league/q6ea6dqd4nn27aeihiv7"
00-0040417,2026,Benjamin Chukwuma,TB,OL,"https://static.www.nfl.com/image/upload/f_auto,q_auto/league/gudosqnpwknrvvpaqjzg"
00-0040747,2026,Benjamin Morrison,TB,DB,"https://static.www.nfl.com/image/upload/f_auto,q_auto/league/oshm9xdskhlubtb7keyy"
00-0036625,2026,Benjamin St-Juste,GB,DB,"https://static.www.nfl.com/image/upload/f_auto,q_auto/league/kaebn8lqtuhjgcoywxuz"
00-0037757,2026,Bernhard Raimann,IND,OL,"https://static.www.nfl.com/image/upload/f_auto,q_auto/league/jfvsfwx5pyuj17pmpbqf"
00-0040719,2026,Bhayshul Tuten,JAX,RB,"https://static.www.nfl.com/image/upload/f_auto,q_auto/league/ryjnphuyjbedmgpx5qqj"
00-0038542,2026,Bijan Robinson,ATL,RB,"https://static.www.nfl.com/image/upload/f_auto,q_auto/league/esii5yb8yn9edboi4mlq"
00-0040073,2026,Bilhal Kone,BAL,DB,"https://static.www.nfl.com/image/upload/f_auto,q_auto/league/jvaonihwki5f94bdzmwa"
00-0036093,2026,Bill Murray,LAR,OL,"https://static.www.nfl.com/image/upload/f_auto,q_auto/league/datzakc4oxdjzm07464n"
00-0040595,2026,Bill Norton,LAR,DL,"https://static.www.nfl.com/image/upload/f_auto,q_auto/league/y9juhhbkhnit1qol7piy"
00-0040156,2026,Billy Bowman Jr.,ATL,DB,"https://static.www.nfl.com/image/upload/f_auto,q_auto/league/mbkdinv8urtidys4hfwe"
00-0041082,2026,Billy Schrauth,TB,OL,"https://static.www.nfl.com/image/upload/f_auto,q_auto/league/ngrfyxypmz5p2ta1r3js"
00-0040914,2026,Bishop Fitzgerald,DET,DB,"https://static.www.nfl.com/image/upload/f_auto,q_auto/league/zwvgypmxdepwclfbylft"
00-0036347,2026,Blake Brandel,MIN,OL,"https://static.www.nfl.com/image/upload/f_auto,q_auto/league/pahzsehwe1mplzelu3wl"
00-0035276,2026,Blake Cashman,MIN,LB,"https://static.www.nfl.com/image/upload/f_auto,q_auto/league/mvui8tjkoewkupyncbok"
00-0039738,2026,Blake Corum,LAR,RB,"https://static.www.nfl.com/image/upload/f_auto,q_auto/league/axzqbqjkrbwfzodwwakq"
00-0039857,2026,Blake Fisher,HOU,OL,"https://static.www.nfl.com/image/upload/f_auto,q_auto/league/icrw8fcxsfxcrmoxlbsf"
00-0039158,2026,Blake Freeland,CIN,OL,"https://static.www.nfl.com/image/upload/f_auto,q_auto/league/eeupk2qokms4vclloicz"
00-0035859,2026,Blake Gillikin,ARI,P,"https://static.www.nfl.com/image/upload/f_auto,q_auto/league/pgasxtghfviimlj55tn0"
00-0038905,2026,Blake Grupe,NYJ,K,"https://static.www.nfl.com/image/upload/f_auto,q_auto/league/de3vz6xjjo9paba6encd"
00-0035355,2026,Blake Hance,LAR,OL,"https://static.www.nfl.com/image/upload/f_auto,q_auto/league/hdxdmuvnrlz3tykblysu"
00-0041439,2026,Blake Miller,DET,OL,"https://static.www.nfl.com/image/upload/f_auto,q_auto/league/l4asr5sgiqltqyw0fvf2"
00-0038710,2026,Blake Whiteheart,CLE,TE,"https://static.www.nfl.com/image/upload/f_auto,q_auto/league/senw8edxu2ovkg1dbdxs"
00-0037091,2026,Bo Melton,GB,WR,"https://static.www.nfl.com/image/upload/f_auto,q_auto/league/d7hxvsyeufobjykcxhls"
00-0039732,2026,Bo Nix,DEN,QB,"https://static.www.nfl.com/image/upload/f_auto,q_auto/league/zvo9xatffmqn9lnukpgk"
00-0039718,2026,Bo Richter,MIN,LB,"https://static.www.nfl.com/image/upload/f_auto,q_auto/league/kbhux5tafk9i4lqkcmtn"
00-0036903,2026,Bobby Brown III,CAR,DL,"https://static.www.nfl.com/image/upload/f_auto,q_auto/league/f3fspidlfqws3asws3gw"
00-0031622,2026,Bobby Hart,SEA,OL,"https://static.www.nfl.com/image/upload/f_auto,q_auto/league/uqobnujagdsizf4lngbp"
00-0041095,2026,Bobby Jamison-Travis,NYG,DL,"https://static.www.nfl.com/image/upload/f_auto,q_auto/league/cscc37cjkwit6pkivj0r"
00-0035687,2026,Bobby Okereke,CAR,LB,"https://static.www.nfl.com/image/upload/f_auto,q_auto/league/q5gc9nwmikqcyza7m3ku"
00-0038133,2026,Boye Mafe,CIN,DL,"https://static.www.nfl.com/image/upload/f_auto,q_auto/league/fkiu8drhb66rzmqjeg7w"
00-0039734,2026,Braden Fiske,LAR,DL,"https://static.www.nfl.com/image/upload/f_auto,q_auto/league/nepcpkxlqw0mvpwrgvh8"
00-0036313,2026,Braden Mann,PHI,P,"https://static.www.nfl.com/image/upload/f_auto,q_auto/league/eizeojehmxkvvfahj1tk"
00-0034836,2026,Braden Smith,HOU,OL,"https://static.www.nfl.com/image/upload/f_auto,q_auto/league/nvotj0nraxfrdeklulgb"
00-0034832,2026,Bradley Chubb,BUF,LB,"https://static.www.nfl.com/image/upload/f_auto,q_auto/league/k65yb752vk1uq7sweetl"
00-0032065,2026,Bradley Pinion,MIA,P,"https://static.www.nfl.com/image/upload/f_auto,q_auto/league/xx5dvt7efcoyiwbhrjrq"
00-0041205,2026,Brady Boyd,JAX,WR,"https://static.www.nfl.com/image/upload/f_auto,q_auto/league/ockb9yxy4dhlr9ajasms"
00-0036968,2026,Brady Christensen,CAR,OL,"https://static.www.nfl.com/image/upload/f_auto,q_auto/league/pbj2pkbe5cwtomutayd1"
00-0040398,2026,Brady Cook,MIA,QB,"https://static.www.nfl.com/image/upload/f_auto,q_auto/league/sk8u7zzg7e3t4vu7xesg"
00-0038488,2026,Brady Russell,SEA,RB,"https://static.www.nfl.com/image/upload/f_auto,q_auto/league/vfz3osmr3fgeoyu5us80"
00-0040176,2026,Bradyn Swinson,PIT,LB,"https://static.www.nfl.com/image/upload/f_auto,q_auto/league/p1o2oozwlyzyuaomskb9"
00-0039010,2026,Braeden Daniels,LV,OL,"https://static.www.nfl.com/image/upload/f_auto,q_auto/league/qeztiujf4s7scl6dt2lf"
00-0039794,2026,Braelon Allen,NYJ,RB,"https://static.www.nfl.com/image/upload/f_auto,q_auto/league/fmpzgmfjmcbrv1gmqbdn"
00-0039284,2026,Braiden McGregor,NYJ,LB,"https://static.www.nfl.com/image/upload/f_auto,q_auto/league/tc4o7s8ocmov9dbmjq16"
00-0039837,2026,Bralen Trice,ATL,LB,"https://static.www.nfl.com/image/upload/f_auto,q_auto/league/pvzpzvnhrtxxyhwhedq7"
00-0040372,2026,Bralyn Lux,CIN,DB,"https://static.www.nfl.com/image/upload/f_auto,q_auto/league/zjdsqlekl63ooll81os9"
00-0036504,2026,Brandin Echols,PIT,DB,"https://static.www.nfl.com/image/upload/f_auto,q_auto/league/igkzt4tpxbb3lfcbfnzw"
00-0037692,2026,Brandon Aubrey,DAL,K,"https://static.www.nfl.com/image/upload/f_auto,q_auto/league/bgwg06zmyohjxvzznbf6"
00-0041470,2026,Brandon Cisse,GB,DB,"https://static.www.nfl.com/image/upload/f_auto,q_auto/league/jvhlu2ghhxoitpve7ccj"
00-0040902,2026,Brandon Cleveland,LV,DL,"https://static.www.nfl.com/image/upload/f_auto,q_auto/league/fbhacwssycfl9yo2dwjc"
00-0039333,2026,Brandon Codrington,SF,DB,"https://static.www.nfl.com/image/upload/f_auto,q_auto/league/icpo89rrbnus0apxhezm"
00-0039913,2026,Brandon Coleman,WAS,OL,"https://static.www.nfl.com/image/upload/f_auto,q_auto/league/knxy90rm9gohdrwufodf"
00-0040512,2026,Brandon Crenshaw-Dickson,TEN,OL,"https://static.www.nfl.com/image/upload/f_auto,q_auto/league/hggljfh39iorav9j5mpw"
00-0040565,2026,Brandon Crossley,NE,DB,"https://static.www.nfl.com/image/upload/f_auto,q_auto/league/fg2xxnydii7ydbqmypzz"
00-0039859,2026,Brandon Dorlus,ATL,DL,"https://static.www.nfl.com/image/upload/f_auto,q_auto/league/ijybsgxpvngj5wzlcupl"
00-0040087,2026,Brandon George,PHI,LB,"https://static.www.nfl.com/image/upload/f_auto,q_auto/league/kxesbzvttthbd29wuu3m"
00-0038644,2026,Brandon Hill,PIT,DB,"https://static.www.nfl.com/image/upload/f_auto,q_auto/league/cmhc0px1zf7xuxcqbqng"
00-0037382,2026,Brandon Johnson,PIT,WR,"https://static.www.nfl.com/image/upload/f_auto,q_auto/league/pjdx1jdr9snczoeyevli"
00-0036221,2026,Brandon Jones,DEN,DB,"https://static.www.nfl.com/image/upload/f_auto,q_auto/league/vsc57i9kmaaquegceqtt"
00-0038694,2026,Brandon Pili,SEA,DL,"https://static.www.nfl.com/image/upload/f_auto,q_auto/league/qf0sxvyhghxygeocgob1"
00-0036775,2026,Brandon Smith,PIT,WR,"https://static.www.nfl.com/image/upload/f_auto,q_auto/league/h4ezdffu0biwqoxn7bql"
00-0036987,2026,Brandon Stephens,NYJ,DB,"https://static.www.nfl.com/image/upload/f_auto,q_auto/league/t0nxkzyr4wnpanuxjxhg"
00-0040326,2026,Branson Combs,JAX,LB,"https://static.www.nfl.com/image/upload/f_auto,q_auto/league/u60bto6dll3fjewspobu"
00-0040212,2026,Branson Taylor,LAC,OL,"https://static.www.nfl.com/image/upload/f_auto,q_auto/league/whkbfekfv5pcrjbw2fz2"
00-0040034,2026,Brant Banks,NYJ,OL,"https://static.www.nfl.com/image/upload/f_auto,q_auto/league/fgyysqdckajohxo82d6w"
00-0040078,2026,Brashard Smith,KC,RB,"https://static.www.nfl.com/image/upload/f_auto,q_auto/league/xnf4x6b9a2yunsc0gaej"
00-0034419,2026,Braxton Berrios,NYG,WR,"https://static.www.nfl.com/image/upload/f_auto,q_auto/league/striwxmn9t0ixherw7l8"
00-0037081,2026,Braxton Jones,CHI,OL,"https://static.www.nfl.com/image/upload/f_auto,q_auto/league/stxk7iiyyth2cs4hzm8r"
00-0038643,2026,Brayden Willis,SF,TE,"https://static.www.nfl.com/image/upload/f_auto,q_auto/league/sdifjifrgrvunhiigdub"
00-0038120,2026,Breece Hall,NYJ,RB,"https://static.www.nfl.com/image/upload/f_auto,q_auto/league/i01xtqbfajfq68lb6orh"
00-0039458,2026,Brenden Bates,JAX,TE,"https://static.www.nfl.com/image/upload/f_auto,q_auto/league/beeomv1jxgkwgqubgef9"
00-0037205,2026,Brenden Schooler,NE,DB,"https://static.www.nfl.com/image/upload/f_auto,q_auto/league/ntothfpaj3iifvsqelzg"
00-0041550,2026,Brenen Thompson,LAC,WR,"https://static.www.nfl.com/image/upload/f_auto,q_auto/league/khlvgjk60vz6ghkwpmak"
00-0039836,2026,Brennan Jackson,LV,LB,"https://static.www.nfl.com/image/upload/f_auto,q_auto/league/dmdwsofgb90qn5yoohcb"
00-0040597,2026,Brennan Presley,LAR,WR,"https://static.www.nfl.com/image/upload/f_auto,q_auto/league/v5cydesy5zo4njavqwxb"
00-0041289,2026,Brent Austin,DEN,DB,"https://static.www.nfl.com/image/upload/f_auto,q_auto/league/civl60ohpbvwssq9h76s"
00-0038463,2026,Brenton Cox Jr.,GB,LB,"https://static.www.nfl.com/image/upload/f_auto,q_auto/league/gip2rjldcyryxybsioer"
00-0038935,2026,Brenton Strange,JAX,TE,"https://static.www.nfl.com/image/upload/f_auto,q_auto/league/devxzxwf1sfficgncggm"
00-0035743,2026,Brett Toth,SF,OL,"https://static.www.nfl.com/image/upload/f_auto,q_auto/league/yre7lmnvlmd2mj9sijiu"
00-0036556,2026,Brevin Jordan,HOU,TE,"https://static.www.nfl.com/image/upload/f_auto,q_auto/league/rn42gehfbeflx2px8njx"
00-0039530,2026,Brevyn Spann-Ford,DAL,TE,"https://static.www.nfl.com/image/upload/f_auto,q_auto/league/sko2pmuqociwa92ep1ad"
00-0039141,2026,Brian Branch,DET,DB,"https://static.www.nfl.com/image/upload/f_auto,q_auto/league/zcri8hzscyasi2nhjdlk"
00-0035713,2026,Brian Burns,NYG,LB,"https://static.www.nfl.com/image/upload/f_auto,q_auto/league/glmrmpqkmsc0jiyicmlg"
00-0034158,2026,Brian O'Neill,MIN,OL,"https://static.www.nfl.com/image/upload/f_auto,q_auto/league/ouq6nfernugv9rsvcvwm"
00-0041098,2026,Brian Parker II,CIN,OL,"https://static.www.nfl.com/image/upload/f_auto,q_auto/league/ps2vih23mba17gjublbo"
00-0037746,2026,Brian Robinson,ATL,RB,"https://static.www.nfl.com/image/upload/f_auto,q_auto/league/n1xhex1ytisxcbcggqu7"
00-0039893,2026,Brian Thomas Jr.,JAX,WR,"https://static.www.nfl.com/image/upload/f_auto,q_auto/league/plnekkriys4cm11rnxwl"
00-0037132,2026,Britain Covey,PHI,WR,"https://static.www.nfl.com/image/upload/f_auto,q_auto/league/jgvgr3prtme8ua28bfxi"
00-0039603,2026,British Brooks,HOU,RB,"https://static.www.nfl.com/image/upload/f_auto,q_auto/league/jethzcwj6oeitvdprnk8"
00-0037329,2026,Brittain Brown,CHI,RB,"https://static.www.nfl.com/image/upload/f_auto,q_auto/league/xo28viloq6rjkgca3gpz"
00-0039338,2026,Brock Bowers,LV,TE,"https://static.www.nfl.com/image/upload/f_auto,q_auto/league/waorceny0ggpaeckaol8"
00-0037336,2026,Brock Hoffman,PIT,OL,"https://static.www.nfl.com/image/upload/f_auto,q_auto/league/hiicig3ulzzr8euomzvi"
00-0040567,2026,Brock Lampe,BUF,RB,"https://static.www.nfl.com/image/upload/f_auto,q_auto/league/qjprz2xsfvwi0zqrpyh1"
00-0037834,2026,Brock Purdy,SF,QB,"https://static.www.nfl.com/image/upload/f_auto,q_auto/league/xs2fyj1sqdgwvt9ihbri"
00-0036754,2026,Brock Wright,DET,TE,"https://static.www.nfl.com/image/upload/f_auto,q_auto/league/ghmaeofuj87fm97yhvcp"
00-0039109,2026,Broderick Jones,DAL,OL,"https://static.www.nfl.com/image/upload/f_auto,q_auto/league/xdd3wmhluibtx15q4jhr"
00-0036081,2026,Broderick Washington,BAL,DL,"https://static.www.nfl.com/image/upload/f_auto,q_auto/league/p5tkzkh6v2hda70lwojk"
00-0038939,2026,Brodric Martin,ARI,DL,"https://static.www.nfl.com/image/upload/f_auto,q_auto/league/fxo9xafpvo3nphye3bwq"
00-0041270,2026,Bruno Fina,BUF,OL,"https://static.www.nfl.com/image/upload/f_auto,q_auto/league/sorqnhd2f5m8kkhvplz9"
00-0029692,2026,Bryan Anger,DAL,P,"https://static.www.nfl.com/image/upload/f_auto,q_auto/league/e1fozrp2fhprrkheqt0x"
00-0038995,2026,Bryan Bresee,NO,DL,"https://static.www.nfl.com/image/upload/f_auto,q_auto/league/ggluxdivvc7bhfhpfrsl"
00-0037193,2026,Bryan Cook,CIN,DB,"https://static.www.nfl.com/image/upload/f_auto,q_auto/league/xxpisha7qj3jkovuprcs"
00-0039446,2026,Bryan Hudson,NYG,OL,"https://static.www.nfl.com/image/upload/f_auto,q_auto/league/na1dcb82f0pahjtyipzw"
00-0041218,2026,Bryan Thomas Jr.,JAX,DL,"https://static.www.nfl.com/image/upload/f_auto,q_auto/league/c46kdynfmqxdt9zlm1kn"
00-0038610,2026,Bryce Baringer,NE,P,"https://static.www.nfl.com/image/upload/f_auto,q_auto/league/iyvu3asumkgff88z5lot"
00-0041518,2026,Bryce Boettcher,IND,LB,"https://static.www.nfl.com/image/upload/f_auto,q_auto/league/yyzig5kcgafowpllis6g"
00-0040650,2026,Bryce Cabeldue,LV,OL,"https://static.www.nfl.com/image/upload/f_auto,q_auto/league/dwruw0cuhqfqomv8cjwe"
00-0036241,2026,Bryce Hall,HOU,DB,"https://static.www.nfl.com/image/upload/f_auto,q_auto/league/owg6wpperxys7bjablkz"
00-0041418,2026,Bryce Henderson,LAR,OL,"https://static.www.nfl.com/image/upload/f_auto,q_auto/league/r8q3atq4nv1w6lff3m3v"
00-0041067,2026,Bryce Lance,NO,WR,"https://static.www.nfl.com/image/upload/f_auto,q_auto/league/lzh0hbhllbouh97ffpp6"
00-0039650,2026,Bryce Oliver,HOU,WR,"https://static.www.nfl.com/image/upload/f_auto,q_auto/league/bdsenkkodb8gbdvtivvr"
00-0040962,2026,Bryce Phillips,MIN,DB,"https://static.www.nfl.com/image/upload/f_auto,q_auto/league/nntcmusvmsalcqhl63g9"
00-0039150,2026,Bryce Young,CAR,QB,"https://static.www.nfl.com/image/upload/f_auto,q_auto/league/vcvhmxvxw2a3armle0af"
00-0038840,2026,Brycen Tremayne,CAR,WR,"https://static.www.nfl.com/image/upload/f_auto,q_auto/league/isc094ihkf69vzrlkiql"
00-0041358,2026,Bryson Eason,KC,DL,"https://static.www.nfl.com/image/upload/f_auto,q_auto/league/j1jl72vreavg4ogitcln"
00-0040504,2026,Bryson Nesbit,MIN,TE,"https://static.www.nfl.com/image/upload/f_auto,q_auto/league/xv1e25hi4dhzfzni0gui"
00-0039386,2026,Bub Means,CLE,WR,"https://static.www.nfl.com/image/upload/f_auto,q_auto/league/nnqvulr4up0nwhmipksq"
00-0039361,2026,Bucky Irving,TB,RB,"https://static.www.nfl.com/image/upload/f_auto,q_auto/league/vkc00rvnix3f2b96vkwo"
00-0041463,2026,Bud Clark,SEA,DB,"https://static.www.nfl.com/image/upload/f_auto,q_auto/league/l1kul40tgcpyox07cbaa"
00-0032146,2026,Bud Dupree,LAC,LB,"https://static.www.nfl.com/image/upload/f_auto,q_auto/league/cooz0t9nynyj7cfe1gac"
00-0033890,2026,Budda Baker,ARI,DB,"https://static.www.nfl.com/image/upload/f_auto,q_auto/league/tpr5aphfvgckzecyr5rd"
00-0036870,2026,Buddy Johnson,CHI,LB,"https://static.www.nfl.com/image/upload/f_auto,q_auto/league/aa4htfuz4uxcprkmmvii"
00-0035278,2026,Byron Cowart,WAS,DL,"https://static.www.nfl.com/image/upload/f_auto,q_auto/league/ai1vyv5bf08robtaxwet"
00-0035236,2026,Byron Murphy,MIN,DB,"https://static.www.nfl.com/image/upload/f_auto,q_auto/league/secfzfwznyhcgiow4rvq"
00-0039309,2026,Byron Murphy II,SEA,DL,"https://static.www.nfl.com/image/upload/f_auto,q_auto/league/xeq70yetr8qznbkjjiye"
00-0038978,2026,Byron Young,PHI,DL,"https://static.www.nfl.com/image/upload/f_auto,q_auto/league/zkjuhizs7now7kfwp9s3"
00-0039137,2026,Byron Young,LAR,LB,"https://static.www.nfl.com/image/upload/f_auto,q_auto/league/dwybonqyn3rrvi94yw9r"
00-0035253,2026,C.J. Gardner-Johnson,BUF,DB,"https://static.www.nfl.com/image/upload/f_auto,q_auto/league/pvzkbh5j3zlna7pkywx6"
00-0032918,2026,C.J. Ham,MIN,RB,"https://static.www.nfl.com/image/upload/f_auto,q_auto/league/evssvutwjy6szq7dpelm"
00-0039833,2026,C.J. Hanson,KC,OL,"https://static.www.nfl.com/image/upload/f_auto,q_auto/league/sem0xiz0jubhx5nww1ma"
00-0036281,2026,C.J. Henderson,ATL,DB,"https://static.www.nfl.com/image/upload/f_auto,q_auto/league/mlbq9cpapxfoabj7fsvt"
00-0039332,2026,C.J. Ravenell,NYG,DL,"https://static.www.nfl.com/image/upload/f_auto,q_auto/league/rqjhomavdixcd1tqcge5"
00-0039163,2026,C.J. Stroud,HOU,QB,"https://static.www.nfl.com/image/upload/f_auto,q_auto/league/tt4zrtxlhifaljhj0rn7"
00-0040711,2026,C.J. West,SF,DL,"https://static.www.nfl.com/image/upload/f_auto,q_auto/league/tf5wceyqvcyapj2owfcm"
00-0041106,2026,C.J. Williams,JAX,WR,"https://static.www.nfl.com/image/upload/f_auto,q_auto/league/svmb2citno2f6zqc9qbm"
00-0041039,2026,CJ Allen,IND,LB,"https://static.www.nfl.com/image/upload/f_auto,q_auto/league/qhwxb55xtmpp2mvej4a2"
00-0041399,2026,CJ Daniels,LAR,WR,"https://static.www.nfl.com/image/upload/f_auto,q_auto/league/jqx2xj6xmri9hrjm8azc"
00-0040566,2026,CJ Dippre,TB,TE,"https://static.www.nfl.com/image/upload/f_auto,q_auto/league/azvsbbacjbgiyr3hmgdi"
00-0041326,2026,CJ Donaldson,NO,RB,"https://static.www.nfl.com/image/upload/f_auto,q_auto/league/lwl0pyoz7mbjcne0stsx"
00-0041268,2026,Cade Denhoff,BUF,LB,"https://static.www.nfl.com/image/upload/f_auto,q_auto/league/de1druhuhxbjd2rwgzow"
00-0041056,2026,Cade Klubnik,NYJ,QB,"https://static.www.nfl.com/image/upload/f_auto,q_auto/league/sqsxavkryojbysy4kq85"
00-0037297,2026,Cade Mays,DET,OL,"https://static.www.nfl.com/image/upload/f_auto,q_auto/league/lw5vbu41hbzw9nychtb7"
00-0038129,2026,Cade Otton,TB,TE,"https://static.www.nfl.com/image/upload/f_auto,q_auto/league/yanr6h9aplae3jyzimf7"
00-0039359,2026,Cade Stover,HOU,TE,"https://static.www.nfl.com/image/upload/f_auto,q_auto/league/ur3ihcg0rkeqbfiksj5y"
00-0041111,2026,Caden Curry,IND,DL,"https://static.www.nfl.com/image/upload/f_auto,q_auto/league/fccbavqtdowwm9ixvg1w"
00-0041338,2026,Caden Fordham,TB,LB,"https://static.www.nfl.com/image/upload/f_auto,q_auto/league/syo5se7gt7lavlfxp3fl"
00-0040392,2026,Caden Prieskorn,CAR,TE,"https://static.www.nfl.com/image/upload/f_auto,q_auto/league/oajiq54ejf3zkntg427s"
00-0039863,2026,Caedan Wallace,MIA,OL,"https://static.www.nfl.com/image/upload/f_auto,q_auto/league/pmf5pfpsa544my63y197"
00-0039387,2026,Caelen Carson,DAL,DB,"https://static.www.nfl.com/image/upload/f_auto,q_auto/league/hcwdub8jq0t7at4smblo"
00-0031203,2026,Cairo Santos,CHI,K,"https://static.www.nfl.com/image/upload/f_auto,q_auto/league/tz5ecjri52gwpoo9s7be"
00-0037412,2026,Cal Adomitis,MIA,LS,"https://static.www.nfl.com/image/upload/f_auto,q_auto/league/hi1jz8g2dtq0l6efegra"
00-0026190,2026,Calais Campbell,BAL,DL,"https://static.www.nfl.com/image/upload/f_auto,q_auto/league/ekkaync0yveo2cwxlljr"
00-0041033,2026,Caleb Banks,MIN,DL,"https://static.www.nfl.com/image/upload/f_auto,q_auto/league/kn0vbk3i04hyepp7phmb"
00-0041523,2026,Caleb Douglas,MIA,WR,"https://static.www.nfl.com/image/upload/f_auto,q_auto/league/stwypvmutplwvi1zzbmu"
00-0040865,2026,Caleb Downs,DAL,DB,"https://static.www.nfl.com/image/upload/f_auto,q_auto/league/nkj0yjytmlcbciqjus0w"
00-0040240,2026,Caleb Lohner,DEN,TE,"https://static.www.nfl.com/image/upload/f_auto,q_auto/league/larx1n07ooq73y5gy3av"
00-0041541,2026,Caleb Lomu,NE,OL,"https://static.www.nfl.com/image/upload/f_auto,q_auto/league/cjnhusuj4mifbdoseimb"
00-0038851,2026,Caleb Murphy,LAC,LB,"https://static.www.nfl.com/image/upload/f_auto,q_auto/league/zc4hfyhht5w0m9kiultm"
00-0041002,2026,Caleb Offord,LV,DB,"https://static.www.nfl.com/image/upload/f_auto,q_auto/league/cbljkowjv4laxdiszgbp"
00-0040145,2026,Caleb Ransaw,JAX,DB,"https://static.www.nfl.com/image/upload/f_auto,q_auto/league/mbumdzljtupecctayylo"
00-0040150,2026,Caleb Rogers,LV,OL,"https://static.www.nfl.com/image/upload/f_auto,q_auto/league/ov3wd6opxyreuuofq5rk"
00-0041053,2026,Caleb Tiernan,MIN,OL,"https://static.www.nfl.com/image/upload/f_auto,q_auto/league/wp0lu3cuqnu47gn3gmo1"
00-0039918,2026,Caleb Williams,CHI,QB,"https://static.www.nfl.com/image/upload/f_auto,q_auto/league/h4qs11kutwiw7whekmyt"
00-0039838,2026,Calen Bullock,HOU,DB,"https://static.www.nfl.com/image/upload/f_auto,q_auto/league/dp7ntdi5yxyhikjjsojs"
00-0039063,2026,Calijah Kancey,TB,DL,"https://static.www.nfl.com/image/upload/f_auto,q_auto/league/b84aoobgsdbufhfiqgti"
00-0037837,2026,Calvin Austin III,NYG,WR,"https://static.www.nfl.com/image/private/f_auto,q_auto/league/qlt6ztqcbu0uzad6aavt"
00-0034837,2026,Calvin Ridley,TEN,WR,"https://static.www.nfl.com/image/upload/f_auto,q_auto/league/zrv8bjm7zdtboyka2jvr"
00-0035764,2026,Calvin Throckmorton,DEN,OL,"https://static.www.nfl.com/image/upload/f_auto,q_auto/league/kedhkx9pv44qnun84zmg"
00-0040324,2026,Cam Camper,NYJ,WR,"https://static.www.nfl.com/image/upload/f_auto,q_auto/league/amhkfbzt2w2yib8grx6c"
00-0036045,2026,Cam Gill,CAR,LB,"https://static.www.nfl.com/image/upload/f_auto,q_auto/league/wxadtc7jcfyso4qdbeni"
00-0039631,2026,Cam Grandy,MIN,TE,"https://static.www.nfl.com/image/upload/f_auto,q_auto/league/uay5dmniqx1baal3q3uu"
00-0039369,2026,Cam Hart,LAC,DB,"https://static.www.nfl.com/image/upload/f_auto,q_auto/league/khd8lmp7idmluahgvk3u"
00-0040517,2026,Cam Horsley,ARI,DL,"https://static.www.nfl.com/image/upload/f_auto,q_auto/league/twzqj6uora5h2qsutdxh"
00-0040174,2026,Cam Jackson,CAR,DL,"https://static.www.nfl.com/image/upload/f_auto,q_auto/league/qqviwensjskqpgt7fufm"
00-0038513,2026,Cam Jones,KC,LB,"https://static.www.nfl.com/image/upload/f_auto,q_auto/league/jwrgy9biwoeqssscqysr"
00-0038112,2026,Cam Jurgens,PHI,OL,"https://static.www.nfl.com/image/upload/f_auto,q_auto/league/j2vljio1hfmqcwj3pd5m"
00-0039780,2026,Cam Lampkin,LAR,DB,"https://static.www.nfl.com/image/upload/f_auto,q_auto/league/b9fxxgtih7cqzny6tnpq"
00-0035357,2026,Cam Lewis,CHI,DB,"https://static.www.nfl.com/image/upload/f_auto,q_auto/league/daximpzohtbyuaxvak82"
00-0039409,2026,Cam Little,JAX,K,"https://static.www.nfl.com/image/upload/f_auto,q_auto/league/mc9goepr7mglrx6ek1fi"
00-0040222,2026,Cam Miller,MIA,QB,"https://static.www.nfl.com/image/upload/f_auto,q_auto/league/cmxq5676dl7nfub07rao"
00-0041150,2026,Cam Miller,CAR,DB,"https://static.www.nfl.com/image/upload/f_auto,q_auto/league/tejrbhpml6z3iirchbtk"
00-0040573,2026,Cam Riley,MIA,LB,"https://static.www.nfl.com/image/upload/f_auto,q_auto/league/qajlmqbyhiu2s0x5zzfq"
00-0041367,2026,Cam Robertson,ARI,LB,"https://static.www.nfl.com/image/upload/f_auto,q_auto/league/uuczxjw4ass8y7h2sij8"
00-0040715,2026,Cam Skattebo,NYG,RB,"https://static.www.nfl.com/image/upload/f_auto,q_auto/league/hlggiqdfvj1f4kntkafr"
00-0037753,2026,Cam Taylor-Britt,IND,DB,"https://static.www.nfl.com/image/upload/f_auto,q_auto/league/zco7tr0hv4kxfytolltt"
00-0040676,2026,Cam Ward,TEN,QB,"https://static.www.nfl.com/image/upload/f_auto,q_auto/league/l7switu6stlwd2irm8yo"
00-0040339,2026,Cam'Ron Silmon-Craig,JAX,DB,"https://static.www.nfl.com/image/upload/f_auto,q_auto/league/sdlpu4khplzqtchb5syg"
00-0041353,2026,Cam'Ron Stewart,MIN,LB,"https://static.www.nfl.com/image/upload/f_auto,q_auto/league/twtdm7vmhzc0idevxtog"
00-0040930,2026,Camden Brown,DAL,WR,"https://static.www.nfl.com/image/upload/f_auto,q_auto/league/tvoztpalnmmattxhdaoa"
00-0041225,2026,Cameron Ball,IND,DL,"https://static.www.nfl.com/image/upload/f_auto,q_auto/league/g1i05at0lduxgstpgiel"
00-0037224,2026,Cameron Dicker,LAC,K,"https://static.www.nfl.com/image/upload/f_auto,q_auto/league/fvkop13kntnwv3amucpf"
00-0041319,2026,Cameron Dorner,NE,WR,"https://static.www.nfl.com/image/upload/f_auto,q_auto/league/lzae2vexciqchpaejeis"
00-0027969,2026,Cameron Heyward,PIT,DL,"https://static.www.nfl.com/image/upload/f_auto,q_auto/league/vfql05jp29d2pltrlwqz"
00-0033729,2026,Cameron Johnston,PIT,P,"https://static.www.nfl.com/image/upload/f_auto,q_auto/league/ppcxjnntytozgd78mhzz"
00-0027962,2026,Cameron Jordan,NO,LB,"https://static.www.nfl.com/image/upload/f_auto,q_auto/league/eauqz3xbdtl0wfoy71da"
00-0038564,2026,Cameron Latu,NE,TE,"https://static.www.nfl.com/image/upload/f_auto,q_auto/league/hquihmithkmhoncvkqwt"
00-0036644,2026,Cameron McGrone,LV,LB,"https://static.www.nfl.com/image/upload/f_auto,q_auto/league/xfpxokkvmeaex547py28"
00-0038585,2026,Cameron Mitchell,IND,DB,"https://static.www.nfl.com/image/upload/f_auto,q_auto/league/zzaqyr81r6bzhvcdss3b"
00-0041299,2026,Cameron Ross,DEN,WR,"https://static.www.nfl.com/image/upload/f_auto,q_auto/league/mwm6jtkeccyfxpuow3ri"
00-0036850,2026,Cameron Sample,ATL,DL,"https://static.www.nfl.com/image/upload/f_auto,q_auto/league/jt2s0db4sognkfwjmzhg"
00-0037815,2026,Cameron Thomas,ATL,DL,"https://static.www.nfl.com/image/upload/f_auto,q_auto/league/utrucssevq1dvqtxu3eh"
00-0036629,2026,Camryn Bynum,IND,DB,"https://static.www.nfl.com/image/upload/f_auto,q_auto/league/rncq5z5bfhigx2atid7k"
00-0040322,2026,Car'lin Vigers,PIT,DB,"https://static.www.nfl.com/image/upload/f_auto,q_auto/league/qfzzvmakz9ixkjq2mxio"
00-0035402,2026,Carl Granderson,NO,LB,"https://static.www.nfl.com/image/upload/f_auto,q_auto/league/bhudfgndbvogastdhvb7"
00-0039460,2026,Carl Jones,BAL,LB,"https://static.www.nfl.com/image/upload/f_auto,q_auto/league/l4vvhcbssti8qvjhxigf"
00-0041184,2026,Carlos Allen Jr.,ATL,DL,"https://static.www.nfl.com/image/upload/f_auto,q_auto/league/rdbunmnqahreiolmurtu"
00-0038930,2026,Carlos Washington,MIA,RB,"https://static.www.nfl.com/image/upload/f_auto,q_auto/league/oc9zhtjhrxq5vxr1qkak"
00-0034778,2026,Carlton Davis III,NE,DB,"https://static.www.nfl.com/image/upload/f_auto,q_auto/league/pzbrbbwgymysharir2ms"
00-0041438,2026,Carnell Tate,TEN,WR,"https://static.www.nfl.com/image/upload/f_auto,q_auto/league/ghpmpzcnigxrdbyvcxke"
00-0038408,2026,Carrington Valentine,GB,DB,"https://static.www.nfl.com/image/upload/f_auto,q_auto/league/ihc2w7erwr1dddqf1i2x"
00-0041131,2026,Carsen Ryan,CLE,TE,"https://static.www.nfl.com/image/upload/f_auto,q_auto/league/qiqiqjw4vyhv2xpxt2np"
00-0041561,2026,Carson Beck,ARI,QB,"https://static.www.nfl.com/image/upload/f_auto,q_auto/league/yvybqpgnezk75h9rpobv"
00-0040231,2026,Carson Bruener,PIT,LB,"https://static.www.nfl.com/image/upload/f_auto,q_auto/league/xtklcumklpj2uytkbd6r"
00-0040579,2026,Carson Schwesinger,CLE,LB,"https://static.www.nfl.com/image/upload/f_auto,q_auto/league/ga2yg6qhxs12sqo6jvfz"
00-0039325,2026,Carson Steele,PHI,RB,"https://static.www.nfl.com/image/upload/f_auto,q_auto/league/q6dciqten6frfdm1takb"
00-0040853,2026,Carson Towt,IND,TE,"https://static.www.nfl.com/image/upload/f_auto,q_auto/league/nwppu7wrirz6adoxgzij"
00-0040070,2026,Carson Vinson,BAL,OL,"https://static.www.nfl.com/image/upload/f_auto,q_auto/league/lycewx6oqwpazl948vn7"
00-0032950,2026,Carson Wentz,MIN,QB,"https://static.www.nfl.com/image/upload/f_auto,q_auto/league/vuolixdvigc8axelug66"
00-0039534,2026,Carter Bradley,JAX,QB,"https://static.www.nfl.com/image/upload/f_auto,q_auto/league/ystkos8c5gnjtsgxg7vg"
00-0040488,2026,Carter Runyon,LV,TE,"https://static.www.nfl.com/image/upload/f_auto,q_auto/league/q8knlo3npxhjxiyyx4h6"
00-0039004,2026,Carter Warren,MIA,OL,"https://static.www.nfl.com/image/upload/f_auto,q_auto/league/tatbe1k9y37qwi63q3yp"
00-0041061,2026,Carver Willis,SF,OL,"https://static.www.nfl.com/image/upload/f_auto,q_auto/league/xxgctbtrfu8cbihjwgii"
00-0028986,2026,Case Keenum,CHI,QB,"https://static.www.nfl.com/image/upload/f_auto,q_auto/league/weixhyzal4ntsyszyepu"
00-0030957,2026,Casey Kreiter,ARI,LS,"https://static.www.nfl.com/image/upload/f_auto,q_auto/league/z4slqb9le4p5tjmwtvps"
00-0039510,2026,Casey Rogers,NE,DL,"https://static.www.nfl.com/image/upload/f_auto,q_auto/league/scfacqrxshvkyavgylxh"
00-0039394,2026,Casey Washington,CAR,WR,"https://static.www.nfl.com/image/upload/f_auto,q_auto/league/wkoysykj4htld4yajljn"
00-0041191,2026,Cash Jones,ATL,RB,"https://static.www.nfl.com/image/upload/f_auto,q_auto/league/w8owngxypixljzcnwyiv"
00-0041546,2026,Cashius Howell,CIN,DL,"https://static.www.nfl.com/image/upload/f_auto,q_auto/league/qepm55rb579namslsmjb"
00-0041199,2026,Caullin Lacy,NYJ,WR,"https://static.www.nfl.com/image/upload/f_auto,q_auto/league/sg9xmdh2jmwa2aocgdo8"
00-0039858,2026,Cedric Gray,TEN,LB,"https://static.www.nfl.com/image/upload/f_auto,q_auto/league/y5zs5kaw54mz5cyajpbw"
00-0039752,2026,Cedric Johnson,CIN,DL,"https://static.www.nfl.com/image/upload/f_auto,q_auto/league/yi5naoq2xpx34pwpt25y"
00-0038979,2026,Cedric Tillman,NO,WR,"https://static.www.nfl.com/image/upload/f_auto,q_auto/league/xust9v3gob1qqwhziugh"
00-0036358,2026,CeeDee Lamb,DAL,WR,"https://static.www.nfl.com/image/upload/f_auto,q_auto/league/mbblzwtynxr15ovzkevi"
00-0036408,2026,Cesar Ruiz,NO,OL,"https://static.www.nfl.com/image/upload/f_auto,q_auto/league/upoux0ll192dnsq63my9"
00-0041249,2026,Ceyair Wright,CIN,DB,"https://static.www.nfl.com/image/upload/f_auto,q_auto/league/flhqvtldg4tkp2ilkwxl"
00-0038567,2026,Chad Ryland,ARI,K,"https://static.www.nfl.com/image/upload/f_auto,q_auto/league/gbfzwbzdl9wj582nh5g9"
00-0038982,2026,Chamarri Conner,KC,DB,"https://static.www.nfl.com/image/upload/f_auto,q_auto/league/fzzbwoogfbowestdz7gz"
00-0037312,2026,Chance Campbell,PHI,LB,"https://static.www.nfl.com/image/upload/f_auto,q_auto/league/shwgveoj7jbhqenckrmh"
00-0040323,2026,Chandler Brayboy,NE,WR,"https://static.www.nfl.com/image/upload/f_auto,q_auto/league/m1dlnwcwdqve38sso7al"
00-0040108,2026,Chandler Martin,NYG,LB,"https://static.www.nfl.com/image/upload/f_auto,q_auto/league/po0lpcvyloyque4kmnjy"
00-0040885,2026,Chandler Rivers,BAL,DB,"https://static.www.nfl.com/image/upload/f_auto,q_auto/league/uayykenigfog0qv48yd2"
00-0038536,2026,Chandler Zavala,CAR,OL,"https://static.www.nfl.com/image/upload/f_auto,q_auto/league/h1jwlle0qeo7mtax2pc9"
00-0041316,2026,Channing Canada,NE,DB,"https://static.www.nfl.com/image/upload/f_auto,q_auto/league/aaidtccosmwngboptnkf"
00-0037821,2026,Charles Cross,SEA,OL,"https://static.www.nfl.com/image/upload/f_auto,q_auto/league/bfihltadsoacis5cqin8"
00-0041083,2026,Charles Demmings,MIN,DB,"https://static.www.nfl.com/image/upload/f_auto,q_auto/league/xqpfpwzaotawvch1v4ok"
00-0040151,2026,Charles Grant,LV,OL,"https://static.www.nfl.com/image/upload/f_auto,q_auto/league/pffkzj4vnk6gwfutt3ck"
00-0035279,2026,Charles Omenihu,WAS,DL,"https://static.www.nfl.com/image/upload/f_auto,q_auto/league/epsvk3cdkn7m24ak0wsy"
00-0039770,2026,Charles Woods,NE,DB,"https://static.www.nfl.com/image/upload/f_auto,q_auto/league/wwypndzfrfidulshfdog"
00-0038576,2026,Charlie Jones,NYG,WR,"https://static.www.nfl.com/image/upload/f_auto,q_auto/league/poy4ph18jx211xbe6ajt"
00-0038046,2026,Charlie Kolar,LAC,TE,"https://static.www.nfl.com/image/upload/f_auto,q_auto/league/g75ws8vkqz9cqwifhcy7"
00-0039229,2026,Charlie Smyth,NO,K,"https://static.www.nfl.com/image/upload/f_auto,q_auto/league/yv9x4ywdfecxioletyol"
00-0036429,2026,Charlie Woerner,ATL,TE,"https://static.www.nfl.com/image/upload/f_auto,q_auto/league/tuzldnhk23mvsapfejqd"
00-0034573,2026,Charvarius Ward,IND,DB,"https://static.www.nfl.com/image/upload/f_auto,q_auto/league/x2fesww60ua3fkxk2lyc"
00-0041468,2026,Chase Bisontis,ARI,OL,"https://static.www.nfl.com/image/upload/f_auto,q_auto/league/qb9l3hc9l6pytbgpwrmd"
00-0038597,2026,Chase Brown,CIN,RB,"https://static.www.nfl.com/image/upload/f_auto,q_auto/league/tch3y6jlj7khvyi9jg0c"
00-0041237,2026,Chase Curtis,NYJ,TE,"https://static.www.nfl.com/image/upload/f_auto,q_auto/league/ewonqlb329xgpuskooap"
00-0040217,2026,Chase Lundt,BUF,OL,"https://static.www.nfl.com/image/upload/f_auto,q_auto/league/hqknakwjpyhsqecrcl1c"
00-0035358,2026,Chase McLaughlin,TB,K,"https://static.www.nfl.com/image/upload/f_auto,q_auto/league/enkzsuyzk232mbq5oe4w"
00-0041004,2026,Chase Roberts,LV,WR,"https://static.www.nfl.com/image/upload/f_auto,q_auto/league/bqncmkjxb7rcvfuhe1ss"
00-0041515,2026,Chase Wilson,NYJ,LB,"https://static.www.nfl.com/image/upload/f_auto,q_auto/league/fukmduvoolyuhzmcq7zl"
00-0036321,2026,Chase Young,NO,LB,"https://static.www.nfl.com/image/upload/f_auto,q_auto/league/ueic3ypcpfldmbymzhrc"
00-0039380,2026,Chau Smith-Wade,CAR,DB,"https://static.www.nfl.com/image/upload/f_auto,q_auto/league/hkbpogql05pnyegi6itv"
00-0036982,2026,Chauncey Golston,NYG,DL,"https://static.www.nfl.com/image/upload/f_auto,q_auto/league/zgkpz7ctgzyjxxa2zzqe"
00-0040496,2026,Chaz Chambliss,MIN,LB,"https://static.www.nfl.com/image/upload/f_auto,q_auto/league/wwuawbggpxurztrxyyuh"
00-0037003,2026,Chazz Surratt,SEA,LB,"https://static.www.nfl.com/image/upload/f_auto,q_auto/league/l01b7cc2rfwfkigdhzvg"
00-0033548,2026,Chidobe Awuzie,BAL,DB,"https://static.www.nfl.com/image/upload/f_auto,q_auto/league/o7hb0bwvyuymmsknlubx"
00-0037809,2026,Chig Okonkwo,WAS,TE,"https://static.www.nfl.com/image/upload/f_auto,q_auto/league/pzcez6pi9tpdqkmjjnzk"
00-0039676,2026,Chigozie Anusiem,LV,DB,"https://static.www.nfl.com/image/upload/f_auto,q_auto/league/pp6vsmzyplbm98g2srpp"
00-0040705,2026,Chimere Dike,TEN,WR,"https://static.www.nfl.com/image/upload/f_auto,q_auto/league/cbcpv4931dqmgsu3anvo"
00-0041239,2026,Chip Trayanum,NYJ,RB,"https://static.www.nfl.com/image/upload/f_auto,q_auto/league/hdagffadajptx8nxfs8w"
00-0039911,2026,Chop Robinson,MIA,LB,"https://static.www.nfl.com/image/upload/f_auto,q_auto/league/qcf7mpwkznoaqj6viijj"
00-0041525,2026,Chris Bell,MIA,WR,"https://static.www.nfl.com/image/upload/f_auto,q_auto/league/zgbku18zemqyryvyahd4"
00-0036463,2026,Chris Blair,ATL,WR,"https://static.www.nfl.com/image/upload/f_auto,q_auto/league/gfkhv6k1wr45fnhl0p1d"
00-0031136,2026,Chris Boswell,PIT,K,"https://static.www.nfl.com/image/upload/f_auto,q_auto/league/rxbnhvnfjmheuryvdmuf"
00-0039902,2026,Chris Braswell,HOU,LB,"https://static.www.nfl.com/image/upload/f_auto,q_auto/league/bkta07rjtsatr1mmbvoj"
00-0041047,2026,Chris Brazzell II,CAR,WR,"https://static.www.nfl.com/image/upload/f_auto,q_auto/league/jdmycletwhknhs9oth1f"
00-0038685,2026,Chris Brooks,GB,RB,"https://static.www.nfl.com/image/upload/f_auto,q_auto/league/ityat7ltppdxe9t0imjd"
00-0039244,2026,Chris Collier,LV,RB,"https://static.www.nfl.com/image/upload/f_auto,q_auto/league/ljfhyvlszo4qs63fo4ow"
00-0039513,2026,Chris Edmonds,CLE,DB,"https://static.www.nfl.com/image/upload/f_auto,q_auto/league/fvujgol1xqagsysqgveu"
00-0037225,2026,Chris Glaser,DAL,OL,"https://static.www.nfl.com/image/upload/f_auto,q_auto/league/hnfgak3qdpzhlmqac8sy"
00-0033921,2026,Chris Godwin Jr.,TB,WR,"https://static.www.nfl.com/image/upload/f_auto,q_auto/league/ilkheljdx4hbjpisulke"
00-0041179,2026,Chris Hilton Jr.,GB,WR,"https://static.www.nfl.com/image/upload/f_auto,q_auto/league/x4c5gmotlioz2xynmtkw"
00-0041533,2026,Chris Johnson,MIA,DB,"https://static.www.nfl.com/image/upload/f_auto,q_auto/league/xapxjgeqo5rbmuvfxbfv"
00-0032762,2026,Chris Jones,KC,DL,"https://static.www.nfl.com/image/upload/f_auto,q_auto/league/oxaqzhq5bvdoqfcvgy3g"
00-0035630,2026,Chris Lindstrom,ATL,OL,"https://static.www.nfl.com/image/upload/f_auto,q_auto/league/ej9vnjijinovikapg3nz"
00-0031484,2026,Chris Manhertz,NYG,TE,"https://static.www.nfl.com/image/upload/f_auto,q_auto/league/bw0kytk1nwrdln9t3wzg"
00-0040869,2026,Chris McClellan,GB,DL,"https://static.www.nfl.com/image/upload/f_auto,q_auto/league/jp4ns5e4vgwf7yn5hf1h"
00-0032398,2026,Chris Moore,BAL,WR,"https://static.www.nfl.com/image/upload/f_auto,q_auto/league/o0s29hnpztyxqotqdx8h"
00-0035345,2026,Chris Myarick,LV,TE,"https://static.www.nfl.com/image/upload/f_auto,q_auto/league/zyedrh1lvylrutfof4ld"
00-0037324,2026,Chris Oladokun,KC,QB,"https://static.www.nfl.com/image/upload/f_auto,q_auto/league/zlcmvcyi6laaklmjv1j2"
00-0037239,2026,Chris Olave,NO,WR,"https://static.www.nfl.com/image/upload/f_auto,q_auto/league/onmxufsprtvglhejg94o"
00-0037092,2026,Chris Paul,WAS,OL,"https://static.www.nfl.com/image/upload/f_auto,q_auto/league/s0zj4njn5ydrgk8z7mbw"
00-0038611,2026,Chris Rodriguez Jr.,JAX,RB,"https://static.www.nfl.com/image/upload/f_auto,q_auto/league/pknd5uajvpvfd8c744im"
00-0036867,2026,Chris Rumph II,NO,LB,"https://static.www.nfl.com/image/upload/f_auto,q_auto/league/ayrvlbmyxlvek7afcioc"
00-0038661,2026,Chris Smith,DET,DL,"https://static.www.nfl.com/image/upload/f_auto,q_auto/league/yczxmt0xfnqax2ueqz3j"
00-0038769,2026,Chris Stoll,SEA,LS,"https://static.www.nfl.com/image/upload/f_auto,q_auto/league/oyqbh2n0msfbnzqvzfpu"
00-0035857,2026,Chris Williams,CLE,DL,"https://static.www.nfl.com/image/upload/f_auto,q_auto/league/vznnciqhfciaxujb2a8i"
00-0041390,2026,Christen Miller,NO,DL,"https://static.www.nfl.com/image/upload/f_auto,q_auto/league/goyemhogpp21adasa9z7"
00-0036981,2026,Christian Barmore,NE,DL,"https://static.www.nfl.com/image/upload/f_auto,q_auto/league/r2qnczxwkpqhk8is5jkv"
00-0037288,2026,Christian Benford,BUF,DB,"https://static.www.nfl.com/image/upload/f_auto,q_auto/league/kxucquiz77lhp8rn1nni"
00-0038616,2026,Christian Braswell,JAX,DB,"https://static.www.nfl.com/image/upload/f_auto,q_auto/league/yubjkyjtl24cmt20ycbw"
00-0036616,2026,Christian Darrisaw,MIN,OL,"https://static.www.nfl.com/image/upload/f_auto,q_auto/league/czyibprjejmeflivtgzb"
00-0036813,2026,Christian Elliss,NE,LB,"https://static.www.nfl.com/image/upload/f_auto,q_auto/league/yprcwubcfyocxn2pwpf8"
00-0039147,2026,Christian Gonzalez,NE,DB,"https://static.www.nfl.com/image/upload/f_auto,q_auto/league/iua1eh08ixdlgp2qisst"
00-0037823,2026,Christian Harris,ATL,LB,"https://static.www.nfl.com/image/upload/f_auto,q_auto/league/ffkftfaaph6bcd0v1d4n"
00-0039839,2026,Christian Haynes,SEA,OL,"https://static.www.nfl.com/image/upload/f_auto,q_auto/league/ylzxtjxkmtlseqhaghp6"
00-0038820,2026,Christian Izien,DET,DB,"https://static.www.nfl.com/image/upload/f_auto,q_auto/league/mgnzlvalqatapemmfbao"
00-0041245,2026,Christian Jones,CIN,OL,"https://static.www.nfl.com/image/upload/f_auto,q_auto/league/fqqiuswrr2ijsdsqyazx"
00-0039382,2026,Christian Jones,CHI,OL,"https://static.www.nfl.com/image/upload/f_auto,q_auto/league/locueq7oqn5qnsotygoy"
00-0034775,2026,Christian Kirk,SF,WR,"https://static.www.nfl.com/image/upload/f_auto,q_auto/league/ffp75mtwnqgrv0qz0txz"
00-0034051,2026,Christian Kuntz,PIT,LS,"https://static.www.nfl.com/image/upload/f_auto,q_auto/league/cg9flp4dh0tjvjoh4vc5"
00-0039408,2026,Christian Mahogany,DET,OL,"https://static.www.nfl.com/image/upload/f_auto,q_auto/league/lsxh6dh5fkomkwvfjlwi"
00-0033280,2026,Christian McCaffrey,SF,RB,"https://static.www.nfl.com/image/upload/f_auto,q_auto/league/st82s2ytyzanatcmkqck"
00-0039324,2026,Christian Roland-Wallace,KC,DB,"https://static.www.nfl.com/image/upload/f_auto,q_auto/league/foy9ykwmm3vcqgfviowz"
00-0035942,2026,Christian Rozeboom,TB,LB,"https://static.www.nfl.com/image/upload/f_auto,q_auto/league/zuetviyilmxazi5dhts2"
00-0038124,2026,Christian Watson,GB,WR,"https://static.www.nfl.com/image/upload/f_auto,q_auto/league/tumeg4d32sirkab2xzu5"
00-0036555,2026,Chuba Hubbard,CAR,RB,"https://static.www.nfl.com/image/upload/f_auto,q_auto/league/rzsvnt0pxsaize2ndhxm"
00-0033294,2026,Chuck Clark,DET,DB,"https://static.www.nfl.com/image/upload/f_auto,q_auto/league/zysqspeckaavbcyduzmz"
00-0039174,2026,Chukwuebuka Godrick,MIA,OL,"https://static.www.nfl.com/image/upload/f_auto,q_auto/league/smipbrnexnhyh7q302gv"
00-0034768,2026,Chukwuma Okorafor,NYJ,OL,"https://static.www.nfl.com/image/upload/f_auto,q_auto/league/n3ld9u2m2kfxhcc0qeiy"
00-0035698,2026,Chuma Edoga,BAL,OL,"https://static.www.nfl.com/image/upload/f_auto,q_auto/league/daovqppglueevdbutt7k"
00-0041006,2026,Cian Slone,LV,LB,"https://static.www.nfl.com/image/upload/f_auto,q_auto/league/t27ear9faclf1tdibwj9"
00-0038568,2026,Clark Phillips III,CHI,DB,"https://static.www.nfl.com/image/upload/f_auto,q_auto/league/vbeop7m7ptjwtlm3cgqh"
00-0038493,2026,Claudin Cherelus,CAR,LB,"https://static.www.nfl.com/image/upload/f_auto,q_auto/league/nrqd1waoajdyblwerius"
00-0035692,2026,Clelin Ferrell,MIA,DL,"https://static.www.nfl.com/image/upload/f_auto,q_auto/league/rit24n5qbvlrxdv6w9fq"
00-0040546,2026,Cobee Bryant,ATL,DB,"https://static.www.nfl.com/image/upload/f_auto,q_auto/league/hkvranq1xue9oed9vz12"
00-0037839,2026,Cobie Durant,DAL,DB,"https://static.www.nfl.com/image/upload/f_auto,q_auto/league/oeeeljrjnb0mvvzi6csj"
00-0038136,2026,Coby Bryant,CHI,DB,"https://static.www.nfl.com/image/upload/f_auto,q_auto/league/kfojqisbt4anuiecraw5"
00-0035672,2026,Cody Barton,TEN,LB,"https://static.www.nfl.com/image/upload/f_auto,q_auto/league/gdsui5swyoiuqadewwob"
00-0041327,2026,Cody Hardy,NO,TE,"https://static.www.nfl.com/image/upload/f_auto,q_auto/league/e7ryku3lwro60d4ugp9f"
00-0040228,2026,Cody Lindenberg,LV,LB,"https://static.www.nfl.com/image/upload/f_auto,q_auto/league/fkyosruw3thae4zuxksu"
00-0039157,2026,Cody Mauch,TB,OL,"https://static.www.nfl.com/image/upload/f_auto,q_auto/league/iiowsvokfyvctjsarkvl"
00-0039703,2026,Cody Schrader,DEN,RB,"https://static.www.nfl.com/image/upload/f_auto,q_auto/league/snrwsjepuvkatdjjokp8"
00-0040645,2026,Cody Simon,ARI,LB,"https://static.www.nfl.com/image/upload/f_auto,q_auto/league/spyk3s7fvbcbz7vj32sg"
00-0035891,2026,Cody White,LV,WR,"https://static.www.nfl.com/image/upload/f_auto,q_auto/league/qaxlehtrp722qleo48sc"
00-0041069,2026,Colbie Young,CIN,WR,"https://static.www.nfl.com/image/upload/f_auto,q_auto/league/n4irmipxyl87b6jmudte"
00-0036244,2026,Colby Parkinson,LAR,TE,"https://static.www.nfl.com/image/upload/f_auto,q_auto/league/qsyrgtfjj06wryahnxc9"
00-0038592,2026,Colby Sorsdal,ATL,OL,"https://static.www.nfl.com/image/upload/f_auto,q_auto/league/uewa3yfhev5xfmtxtwst"
00-0038387,2026,Colby Wooden,NO,DL,"https://static.www.nfl.com/image/upload/f_auto,q_auto/league/vexyqlme1a5f74sqktzs"
00-0039872,2026,Cole Bishop,BUF,DB,"https://static.www.nfl.com/image/upload/f_auto,q_auto/league/kjvkuqb6ghv0ydbsoows"
00-0040952,2026,Cole Brevard,KC,DL,"https://static.www.nfl.com/image/upload/f_auto,q_auto/league/p4qwzpp3nkubs6ppfxqq"
00-0039626,2026,Cole Burgess,PIT,WR,"https://static.www.nfl.com/image/upload/f_auto,q_auto/league/vlp9c4lmddujjj46gz6p"
00-0035900,2026,Cole Christiansen,KC,LB,"https://static.www.nfl.com/image/upload/f_auto,q_auto/league/x74ojmotlufzvz8jmetl"
00-0035286,2026,Cole Holcomb,PIT,LB,"https://static.www.nfl.com/image/upload/f_auto,q_auto/league/tze6n0gu18n71jassqte"
00-0036290,2026,Cole Kmet,CHI,TE,"https://static.www.nfl.com/image/upload/f_auto,q_auto/league/ysnui8mzlu2fo70ub0yt"
00-0040891,2026,Cole Payton,PHI,QB,"https://static.www.nfl.com/image/upload/f_auto,q_auto/league/qt8hajjwkvpynr8nwepz"
00-0038103,2026,Cole Strange,LAC,OL,"https://static.www.nfl.com/image/upload/f_auto,q_auto/league/ewuzloizbacphcy6yogg"
00-0037078,2026,Cole Turner,MIA,TE,"https://static.www.nfl.com/image/upload/f_auto,q_auto/league/tuoxojttzngaook6qbde"
00-0036655,2026,Cole Van Lanen,JAX,OL,"https://static.www.nfl.com/image/upload/f_auto,q_auto/league/oe5pfxi1iqbeskvwciii"
00-0040905,2026,Cole Wisniewski,PHI,DB,"https://static.www.nfl.com/image/upload/f_auto,q_auto/league/fsbuuec4tzp33ufdsgdi"
00-0041165,2026,Coleman Bennett,MIA,RB,"https://static.www.nfl.com/image/upload/f_auto,q_auto/league/mxu81fxs1x2xeb2pn0ws"
00-0040352,2026,Coleman Owen,IND,WR,"https://static.www.nfl.com/image/upload/f_auto,q_auto/league/cjnhiftygnypqumwfphq"
00-0034114,2026,Coleman Shelton,LAR,OL,"https://static.www.nfl.com/image/upload/f_auto,q_auto/league/aewvme2mltyuwnbdodlc"
00-0040012,2026,Collin Oliver,GB,LB,"https://static.www.nfl.com/image/upload/f_auto,q_auto/league/x4fwy10q9nxoupf37ggz"
00-0041313,2026,Collin Wright,HOU,DB,"https://static.www.nfl.com/image/upload/f_auto,q_auto/league/csaxmcy2h46hqxaxqnzp"
00-0039686,2026,Colson Yankoff,WAS,TE,"https://static.www.nfl.com/image/upload/f_auto,q_auto/league/cgsxdjqy6l2zuqaftbd6"
00-0040126,2026,Colston Loveland,CHI,TE,"https://static.www.nfl.com/image/upload/f_auto,q_auto/league/cnxiyi76jeahgx94nh6d"
00-0041462,2026,Colton Hood,NYG,DB,"https://static.www.nfl.com/image/upload/f_auto,q_auto/league/lzlv1gqqjzhawk3jfu8m"
00-0036256,2026,Colton McKivitz,SF,OL,"https://static.www.nfl.com/image/upload/f_auto,q_auto/league/yjgfoh7lfrutn795jtxq"
00-0040415,2026,Connor Bazelak,TB,QB,"https://static.www.nfl.com/image/upload/f_auto,q_auto/league/q3vgg2tiyhwnbnwpuc7o"
00-0040245,2026,Connor Colby,SF,OL,"https://static.www.nfl.com/image/upload/f_auto,q_auto/league/dazpyka1tbihu0gobwgw"
00-0037304,2026,Connor Heyward,LV,RB,"https://static.www.nfl.com/image/upload/f_auto,q_auto/league/nbbhxtutzvbj0ejljyyp"
00-0041062,2026,Connor Lew,CIN,OL,"https://static.www.nfl.com/image/upload/f_auto,q_auto/league/p0nnxqjniklz0nqdmpm2"
00-0035679,2026,Connor McGovern,BUF,OL,"https://static.www.nfl.com/image/upload/f_auto,q_auto/league/xftajwhzgoys4s0lcfg3"
00-0040061,2026,Connor O'Toole,SEA,LB,"https://static.www.nfl.com/image/upload/f_auto,q_auto/league/fvrgej9ifncdq5ywexos"
00-0039348,2026,Cooper Beebe,DAL,OL,"https://static.www.nfl.com/image/upload/f_auto,q_auto/league/yiwgl1ijhwrkaz881r9r"
00-0039841,2026,Cooper DeJean,PHI,DB,"https://static.www.nfl.com/image/upload/f_auto,q_auto/league/aifrssmqxtoiydq9r1uo"
00-0033908,2026,Cooper Kupp,SEA,WR,"https://static.www.nfl.com/image/upload/f_auto,q_auto/league/kjixprihktsfog6wx9sq"
00-0040118,2026,Cooper McDonald,KC,LB,"https://static.www.nfl.com/image/upload/f_auto,q_auto/league/uuogsrg8u8cewevs0fxi"
00-0033662,2026,Cooper Rush,ATL,QB,"https://static.www.nfl.com/image/upload/f_auto,q_auto/league/mwrtykpswz7nbfisqlmj"
00-0037758,2026,Cordale Flott,TEN,DB,"https://static.www.nfl.com/image/upload/f_auto,q_auto/league/dk8b5dpa5fflut1j4ynl"
00-0038095,2026,Cordell Volson,GB,OL,"https://static.www.nfl.com/image/upload/f_auto,q_auto/league/o5wcq92vpoiqddixdbyb"
00-0034721,2026,Corey Bojorquez,CLE,P,"https://static.www.nfl.com/image/private/f_auto,q_auto/league/eiuli9dmspe6d4cwwa00"
00-0039242,2026,Corey Bullock,CAR,OL,"https://static.www.nfl.com/image/upload/f_auto,q_auto/league/mzkd2grjzcncllrhaacw"
00-0040556,2026,Corey Kiner,NE,RB,"https://static.www.nfl.com/image/upload/f_auto,q_auto/league/tpnamrgzfbytwlzhhyf8"
00-0033793,2026,Corey Levin,ATL,OL,"https://static.www.nfl.com/image/upload/f_auto,q_auto/league/z21jvdkpqlhge0e2lbqs"
00-0041247,2026,Corey Robinson II,CIN,OL,"https://static.www.nfl.com/image/upload/f_auto,q_auto/league/ruqjvxs1wmcbnk99dea2"
00-0041005,2026,Corey Rucker,LV,WR,"https://static.www.nfl.com/image/upload/f_auto,q_auto/league/nabhgywifegiuohtg6fq"
00-0040296,2026,Corey Thornton,CAR,DB,"https://static.www.nfl.com/image/upload/f_auto,q_auto/league/fqf0gc9owhcrxgua2kbr"
00-0035821,2026,Corliss Waitman,SF,P,"https://static.www.nfl.com/image/upload/f_auto,q_auto/league/tob4qaxxwhpmnalutnk8"
00-0039437,2026,Cornelius Johnson,BAL,WR,"https://static.www.nfl.com/image/upload/f_auto,q_auto/league/fml6omt7xsb5bw3w75sm"
00-0036647,2026,Cornell Powell,PIT,WR,"https://static.www.nfl.com/image/private/f_auto,q_auto/league/vnpyhf8dp1opjhvyotff"
00-0040977,2026,Cortez Braham,BAL,WR,"https://static.www.nfl.com/image/upload/f_auto,q_auto/league/jcgncwbkzrwqeqh89rhs"
00-0038653,2026,Cory Durden,NE,DL,"https://static.www.nfl.com/image/upload/f_auto,q_auto/league/ov0j6k2wckanqkayqxhj"
00-0041507,2026,Courtland Ford,NYJ,OL,"https://static.www.nfl.com/image/upload/f_auto,q_auto/league/my8b4xjgqpcssj0bijr3"
00-0034348,2026,Courtland Sutton,DEN,WR,"https://static.www.nfl.com/image/upload/f_auto,q_auto/league/kqwmqcrlrwmqcvfuguhs"
00-0040445,2026,Courtney Jackson,TEN,WR,"https://static.www.nfl.com/image/upload/f_auto,q_auto/league/ztcixuqc2mihticrwnvc"
00-0040088,2026,Coziah Izzard,CLE,DL,"https://static.www.nfl.com/image/upload/f_auto,q_auto/league/bpi5f2bncw2wnhndpamu"
00-0035567,2026,Craig Reynolds,WAS,RB,"https://static.www.nfl.com/image/upload/f_auto,q_auto/league/f5zuttg3hinfqgronrsg"
00-0040716,2026,Craig Woodson,NE,DB,"https://static.www.nfl.com/image/upload/f_auto,q_auto/league/ufnmu9eujiuydbihx4gu"
00-0036623,2026,Creed Humphrey,KC,OL,"https://static.www.nfl.com/image/upload/f_auto,q_auto/league/avv8nnqnrgv3os85v9zm"
00-0039318,2026,Curtis Jacobs,WAS,LB,"https://static.www.nfl.com/image/upload/f_auto,q_auto/league/kubnwn91qwxejugppvee"
00-0036728,2026,Curtis Robinson,DAL,LB,"https://static.www.nfl.com/image/upload/f_auto,q_auto/league/yzam37nstuqvqm0cgzmv"
00-0040890,2026,Cyrus Allen,KC,WR,"https://static.www.nfl.com/image/upload/f_auto,q_auto/league/qput6hanukjbatuao8ca"
00-0036275,2026,D'Andre Swift,CHI,RB,"https://static.www.nfl.com/image/upload/f_auto,q_auto/league/owpmwzoilitcodc6cmxo"
00-0041038,2026,D'Angelo Ponds,NYJ,DB,"https://static.www.nfl.com/image/upload/f_auto,q_auto/league/exokwoursxgcvgnnwp76"
00-0034966,2026,D'Angelo Ross,CLE,DB,"https://static.www.nfl.com/image/upload/f_auto,q_auto/league/knsvo3gypaqfo3vtnt1o"
00-0037332,2026,D'Anthony Bell,SEA,DB,"https://static.www.nfl.com/image/upload/f_auto,q_auto/league/ckont3gxmlaebwbbkplr"
00-0040961,2026,D'Arco Perkins-McAllister,KC,DB,"https://static.www.nfl.com/image/upload/f_auto,q_auto/league/xzgdbw3nuxkm0icnbiqj"
00-0037271,2026,D'Marco Jackson,CHI,LB,"https://static.www.nfl.com/image/upload/f_auto,q_auto/league/bwbialh78nao9svr8jqn"
00-0038877,2026,D'Shawn Jamison,ARI,DB,"https://static.www.nfl.com/image/upload/f_auto,q_auto/league/tpz66swcddlot6x1lcfz"
00-0037260,2026,D.J. Davidson,WAS,DL,"https://static.www.nfl.com/image/upload/f_auto,q_auto/league/l3ls8hdnfxfsdp9tmeqi"
00-0032222,2026,D.J. Humphries,WAS,OL,"https://static.www.nfl.com/image/upload/f_auto,q_auto/league/ruiab6fqdaerscb2qnkz"
00-0038642,2026,D.J. Ivey,CIN,DB,"https://static.www.nfl.com/image/upload/f_auto,q_auto/league/bgycp6whsc4bd61aumsq"
00-0033297,2026,D.J. Jones,DEN,DL,"https://static.www.nfl.com/image/upload/f_auto,q_auto/league/ft4g8bxpn85mshqvp4lj"
00-0035045,2026,D.J. Montgomery,IND,WR,"https://static.www.nfl.com/image/upload/f_auto,q_auto/league/tpo0g9pqvia4lh2noq33"
00-0034384,2026,D.J. Reed,DET,DB,"https://static.www.nfl.com/image/upload/f_auto,q_auto/league/haxt1fpxhgnobin0d5sx"
00-0036335,2026,D.J. Wonnum,DET,LB,"https://static.www.nfl.com/image/upload/f_auto,q_auto/league/ajj965d0f6fmtfprrsgo"
00-0041530,2026,DJ Campbell,MIA,OL,"https://static.www.nfl.com/image/upload/f_auto,q_auto/league/lwtw3jr4gihs3x6ezole"
00-0040179,2026,DJ Giddens,IND,RB,"https://static.www.nfl.com/image/upload/f_auto,q_auto/league/y2vrgvb9kbvfpmyb3yzu"
00-0039349,2026,DJ Glaze,LV,OL,"https://static.www.nfl.com/image/upload/f_auto,q_auto/league/ypxzwxzy64kiigpmue1y"
00-0041436,2026,DJ Herman,MIA,RB,"https://static.www.nfl.com/image/upload/f_auto,q_auto/league/snacspvu9hic30y1vd8m"
00-0039800,2026,DJ James,NYG,DB,"https://static.www.nfl.com/image/upload/f_auto,q_auto/league/rqkampxsl0ukgtcf0zoi"
00-0038535,2026,DJ Johnson,WAS,LB,"https://static.www.nfl.com/image/upload/f_auto,q_auto/league/skdbejfdghlnyipusgll"
00-0034827,2026,DJ Moore,BUF,WR,"https://static.www.nfl.com/image/upload/f_auto,q_auto/league/lsavpxtqoqu25emwcnvy"
00-0032424,2026,DJ Reader,NYG,DL,"https://static.www.nfl.com/image/upload/f_auto,q_auto/league/k3fzivhgxscqaprr71by"
00-0040938,2026,DJ Rogers,DAL,TE,"https://static.www.nfl.com/image/upload/f_auto,q_auto/league/wzblmzyldhnpb4kvraci"
00-0038549,2026,DJ Turner II,CIN,DB,"https://static.www.nfl.com/image/upload/f_auto,q_auto/league/nijmaqsa0uggtjzmpzgy"
00-0040464,2026,DJ Uiagalelei,LAC,QB,"https://static.www.nfl.com/image/upload/f_auto,q_auto/league/uxkbvrw5eu41udzsesnu"
00-0041437,2026,DJ Wingfield,DAL,OL,"https://static.www.nfl.com/image/upload/f_auto,q_auto/league/ladqi8lu7id9qoxh3u0f"
00-0040940,2026,DJ Withers,DAL,DL,"https://static.www.nfl.com/image/upload/f_auto,q_auto/league/xoqnzv8clyrspskifbl0"
00-0035640,2026,DK Metcalf,PIT,WR,"https://static.www.nfl.com/image/upload/f_auto,q_auto/league/kxql4sjfelubhxawu2zh"
00-0041224,2026,Da'Metrius Weatherspoon,BUF,OL,"https://static.www.nfl.com/image/upload/f_auto,q_auto/league/wlyiq9kmokj9sjakgcdd"
00-0034371,2026,Da'Shawn Hand,ATL,DL,"https://static.www.nfl.com/image/upload/f_auto,q_auto/league/c2synfyorkd9gnrvv43v"
00-0041341,2026,Da'Veawn Armstead,MIN,DB,"https://static.www.nfl.com/image/upload/f_auto,q_auto/league/jxf34gnwnwuohqkssugv"
00-0031054,2026,DaQuan Jones,NE,DL,"https://static.www.nfl.com/image/upload/f_auto,q_auto/league/w7qkicdj6v0figbmfp0u"
00-0037275,2026,DaRon Bland,DAL,DB,"https://static.www.nfl.com/image/upload/f_auto,q_auto/league/z07adznf3gtvfusy8azb"
00-0036262,2026,DaVon Hamilton,JAX,DL,"https://static.www.nfl.com/image/upload/f_auto,q_auto/league/td7ok6b8m35zy2bnlvta"
00-0039864,2026,Dadrion Taylor-Demerson,ARI,DB,"https://static.www.nfl.com/image/upload/f_auto,q_auto/league/w4wcod46hxptpseyi6o3"
00-0039883,2026,Daequan Hardy,PIT,DB,"https://static.www.nfl.com/image/upload/f_auto,q_auto/league/ufab4bt7hohj24mzr91v"
00-0039414,2026,Daijahn Anthony,CIN,DB,"https://static.www.nfl.com/image/upload/f_auto,q_auto/league/ued26kewzrortqqar0tf"
00-0038553,2026,Daiyan Henley,LAC,LB,"https://static.www.nfl.com/image/upload/f_auto,q_auto/league/jl1rn08ci17wub2xok8a"
00-0033077,2026,Dak Prescott,DAL,QB,"https://static.www.nfl.com/image/upload/f_auto,q_auto/league/yvscmqq1qki8zfsemmcd"
00-0040431,2026,Dalen Cambre,NYG,WR,"https://static.www.nfl.com/image/upload/f_auto,q_auto/league/cfllxq8wvrrciu7ugnyp"
00-0040629,2026,Dalevon Campbell,LAC,WR,"https://static.www.nfl.com/image/upload/f_auto,q_auto/league/dgfltlpm8wahq2trfxag"
00-0034351,2026,Dallas Goedert,PHI,TE,"https://static.www.nfl.com/image/upload/f_auto,q_auto/league/bafepstxu7vvxb9v5vua"
00-0039924,2026,Dallas Turner,MIN,LB,"https://static.www.nfl.com/image/upload/f_auto,q_auto/league/k9buimhpd1q6la5pdxs3"
00-0041133,2026,Dallen Bentley,DEN,TE,"https://static.www.nfl.com/image/upload/f_auto,q_auto/league/vaiszquqlgric9cfbwjf"
00-0037395,2026,Dallis Flowers,CHI,DB,"https://static.www.nfl.com/image/upload/f_auto,q_auto/league/gzmnysc6ars1fshia3kt"
00-0040083,2026,Dalton Cooper,GB,OL,"https://static.www.nfl.com/image/upload/f_auto,q_auto/league/d0yblqhzbyrtbs2ikplp"
00-0040883,2026,Dalton Johnson,LV,DB,"https://static.www.nfl.com/image/upload/f_auto,q_auto/league/xtnd8hztdo6o1q9xpuw6"
00-0038933,2026,Dalton Kincaid,BUF,TE,"https://static.www.nfl.com/image/upload/f_auto,q_auto/league/z7k857flehljboaixj8m"
00-0035702,2026,Dalton Risner,CIN,OL,"https://static.www.nfl.com/image/upload/f_auto,q_auto/league/egrb3digghpyj13effdb"
00-0034383,2026,Dalton Schultz,HOU,TE,"https://static.www.nfl.com/image/upload/f_auto,q_auto/league/ym8sbkev8l4scnrc0vd8"
00-0039578,2026,Dalton Tucker,IND,OL,"https://static.www.nfl.com/image/upload/f_auto,q_auto/league/zta0y0vjtsrdhlo2ufmq"
00-0038923,2026,Dalton Wagner,LV,OL,"https://static.www.nfl.com/image/upload/f_auto,q_auto/league/chenoqf6l8qhbz6uhvfa"
00-0033546,2026,Dalvin Tomlinson,LAC,DL,"https://static.www.nfl.com/image/upload/f_auto,q_auto/league/r3vkktytoghvtrua64hg"
00-0040535,2026,Dalys Beanum,NO,DB,"https://static.www.nfl.com/image/upload/f_auto,q_auto/league/zs9ghevertnmwp39txwy"
00-0036888,2026,Damar Hamlin,BUF,DB,"https://static.www.nfl.com/image/upload/f_auto,q_auto/league/k7mdv3garedeitxksnya"
00-0038105,2026,Damarri Mathis,CLE,DB,"https://static.www.nfl.com/image/upload/f_auto,q_auto/league/jutmtleh0mecfk0lbu7n"
00-0037258,2026,Dameon Pierce,PHI,RB,"https://static.www.nfl.com/image/upload/f_auto,q_auto/league/oai3defivyfyofxxh4ux"
00-0041103,2026,Dametrious Crownover,NE,OL,"https://static.www.nfl.com/image/upload/f_auto,q_auto/league/zkfttf9fzpkybtm6ozk3"
00-0036417,2026,Damien Lewis,CAR,OL,"https://static.www.nfl.com/image/upload/f_auto,q_auto/league/gx5fgyuvhn06yvcg343w"
00-0040651,2026,Damien Martinez,GB,RB,"https://static.www.nfl.com/image/upload/f_auto,q_auto/league/ys773vjsxprn6hr0mwri"
00-0041139,2026,Damon Bankston,GB,RB,"https://static.www.nfl.com/image/upload/f_auto,q_auto/league/pfbet5qlrhpv0qaxqbax"
00-0040960,2026,Damon Payne,KC,DL,"https://static.www.nfl.com/image/upload/f_auto,q_auto/league/lzhjwyulqcvslzisopqn"
00-0037281,2026,Damone Clark,DET,LB,"https://static.www.nfl.com/image/upload/f_auto,q_auto/league/ffk6kh200c0f38zgzmuo"
00-0041369,2026,Damonic Williams,ARI,DL,"https://static.www.nfl.com/image/upload/f_auto,q_auto/league/je6s5ezbps6ouanmle5p"
00-0033910,2026,Dan Feeney,TB,OL,"https://static.www.nfl.com/image/upload/f_auto,q_auto/league/f1hepbs2wd5rmak9sox0"
00-0040233,2026,Dan Jackson,DET,DB,"https://static.www.nfl.com/image/upload/f_auto,q_auto/league/llgy42nhtuvd9f5zci70"
00-0036869,2026,Dan Moore Jr.,TEN,OL,"https://static.www.nfl.com/image/upload/f_auto,q_auto/league/boxltktohmx9eqfrjr9c"
00-0041422,2026,Dan Villari,LAR,TE,"https://static.www.nfl.com/image/upload/f_auto,q_auto/league/q6dostpr0u6fu0yygyua"
00-0038123,2026,Dane Belton,NYJ,DB,"https://static.www.nfl.com/image/upload/f_auto,q_auto/league/iiss6ltg2ajuabrisoqw"
00-0036166,2026,Dane Jackson,JAX,DB,"https://static.www.nfl.com/image/upload/f_auto,q_auto/league/pd5hj8idoykjrnwurduz"
00-0041293,2026,Dane Key,DEN,WR,"https://static.www.nfl.com/image/upload/f_auto,q_auto/league/got8amcmxwu5li8zwcnv"
00-0040877,2026,Dani Dennis-Sutton,GB,LB,"https://static.www.nfl.com/image/upload/f_auto,q_auto/league/mcasa9q73bt1zghn7olr"
00-0038115,2026,Daniel Bellinger,TEN,TE,"https://static.www.nfl.com/image/upload/f_auto,q_auto/league/nvabdu88h2cvroeygabo"
00-0034161,2026,Daniel Carlson,NO,K,"https://static.www.nfl.com/image/upload/f_auto,q_auto/league/gsvj7rtvqwbwdeho8whf"
00-0038118,2026,Daniel Faalele,JAX,OL,"https://static.www.nfl.com/image/upload/f_auto,q_auto/league/kwwlwjresostl9pd7yvz"
00-0037843,2026,Daniel Hardy,CHI,DL,"https://static.www.nfl.com/image/upload/f_auto,q_auto/league/z0xxyyeoreq9hcnvllfv"
00-0035710,2026,Daniel Jones,IND,QB,"https://static.www.nfl.com/image/upload/f_auto,q_auto/league/ohvvctuykzwrpqer7xgl"
00-0038392,2026,Daniel Scott,IND,DB,"https://static.www.nfl.com/image/upload/f_auto,q_auto/league/zhfuulvqg8vgqfx738ey"
00-0041309,2026,Daniel Sobkowicz,HOU,WR,"https://static.www.nfl.com/image/upload/f_auto,q_auto/league/u5goe2agufae3d8jphi9"
00-0036306,2026,Daniel Thomas,CLE,DB,"https://static.www.nfl.com/image/upload/f_auto,q_auto/league/qbw8gam5wiinqegq213p"
00-0037547,2026,Daniel Whelan,GB,P,"https://static.www.nfl.com/image/upload/f_auto,q_auto/league/sbt08fmtztaze2rm3cef"
00-0031565,2026,Danielle Hunter,HOU,DL,"https://static.www.nfl.com/image/upload/f_auto,q_auto/league/l4qdgo10becu0f3zgmyj"
00-0037828,2026,Danny Gray,PHI,WR,"https://static.www.nfl.com/image/upload/f_auto,q_auto/league/qu9ojb3kaf3rhjotlycy"
00-0036215,2026,Danny Pinter,BAL,OL,"https://static.www.nfl.com/image/upload/f_auto,q_auto/league/oeo9gt4ytdtwhu5hvvu8"
00-0040342,2026,Danny Striggow,JAX,DL,"https://static.www.nfl.com/image/upload/f_auto,q_auto/league/lcyhsnmb991cgvwthcy0"
00-0040155,2026,Danny Stutsman,NO,LB,"https://static.www.nfl.com/image/upload/f_auto,q_auto/league/zgjiw9cotus8gjlvspx2"
00-0032052,2026,Dante Fowler Jr.,SEA,LB,"https://static.www.nfl.com/image/upload/f_auto,q_auto/league/cp6ao2rf9siswpzctpt9"
00-0038623,2026,Dante Stills,ARI,DL,"https://static.www.nfl.com/image/upload/f_auto,q_auto/league/xmtckml9zzgrv1r04anq"
00-0040182,2026,Dante Trader Jr.,MIA,DB,"https://static.www.nfl.com/image/upload/f_auto,q_auto/league/nffbi3a32ngmczzvxcz0"
00-0033854,2026,Dare Ogunbowale,LV,RB,"https://static.www.nfl.com/image/upload/f_auto,q_auto/league/bsm0k0jkytuiej2riudv"
00-0037093,2026,Dareke Young,LV,WR,"https://static.www.nfl.com/image/upload/f_auto,q_auto/league/xd0585sr1fy1wpry0ued"
00-0037194,2026,Darian Kinnard,NYG,OL,"https://static.www.nfl.com/image/upload/f_auto,q_auto/league/e6f2xsct8yrz0nc5ou8w"
00-0040641,2026,Darien Porter,LV,DB,"https://static.www.nfl.com/image/upload/f_auto,q_auto/league/gnds1mpnqkorwzagcoau"
00-0040694,2026,Darius Alexander,NYG,DL,"https://static.www.nfl.com/image/upload/f_auto,q_auto/league/upwtqewimo1hydyqwznv"
00-0040024,2026,Darius Cooper,PHI,WR,"https://static.www.nfl.com/image/upload/f_auto,q_auto/league/pe71oe4eoyyfnq80fkxc"
00-0039829,2026,Darius Muasau,NE,LB,"https://static.www.nfl.com/image/upload/f_auto,q_auto/league/howdtlbkf2poenfnyejl"
00-0039854,2026,Darius Robinson,ARI,DL,"https://static.www.nfl.com/image/upload/f_auto,q_auto/league/hctx4lm0ru8shpgb4vkc"
00-0038388,2026,Darius Rush,PIT,DB,"https://static.www.nfl.com/image/upload/f_auto,q_auto/league/a8wtpczcqafcan19xmfm"
00-0035535,2026,Darius Slayton,IND,WR,"https://static.www.nfl.com/image/upload/f_auto,q_auto/league/otksyfjll5waf0vsczeu"
00-0036394,2026,Darnay Holmes,ATL,DB,"https://static.www.nfl.com/image/upload/f_auto,q_auto/league/b1iqudcchkj9bevv6fwo"
00-0036309,2026,Darnell Mooney,NYG,WR,"https://static.www.nfl.com/image/upload/f_auto,q_auto/league/eaejonwaflt9drrs9ika"
00-0038558,2026,Darnell Washington,PIT,TE,"https://static.www.nfl.com/image/upload/f_auto,q_auto/league/inwx7uipfktapaump5pj"
00-0038932,2026,Darnell Wright,CHI,OL,"https://static.www.nfl.com/image/upload/f_auto,q_auto/league/lyx4zcnkzewtzqxi7lvh"
00-0034333,2026,Daron Payne,WAS,DL,"https://static.www.nfl.com/image/upload/f_auto,q_auto/league/fyaqgxzjicgbmrethav3"
00-0037549,2026,Darrell Baker Jr.,MIA,DB,"https://static.www.nfl.com/image/upload/f_auto,q_auto/league/qz4bicahmuowtpiesehf"
00-0041549,2026,Darrell Jackson Jr.,NYJ,DL,"https://static.www.nfl.com/image/upload/f_auto,q_auto/league/kmkykh3qj3gxyhn006jr"
00-0038594,2026,Darrell Luter Jr.,LV,DB,"https://static.www.nfl.com/image/upload/f_auto,q_auto/league/c7i5bj3inrno1uvjxwv4"
00-0036956,2026,Darren Hall,ATL,DB,"https://static.www.nfl.com/image/upload/f_auto,q_auto/league/hc9vwsdsfelwxfxxeasb"
00-0031610,2026,Darren Waller,CAR,TE,"https://static.www.nfl.com/image/upload/f_auto,q_auto/league/loyehiyzcu2lexjk7plq"
00-0039246,2026,Darrian Dalcourt,NE,OL,"https://static.www.nfl.com/image/upload/f_auto,q_auto/league/h2ouuufkgpc3kmwle84y"
00-0036638,2026,Darrick Forrest,SF,DB,"https://static.www.nfl.com/image/upload/f_auto,q_auto/league/kewtqnt8zc9xtxvlhdq9"
00-0041421,2026,Darryl Peterson III,LAR,LB,"https://static.www.nfl.com/image/upload/f_auto,q_auto/league/nawtfh3f2qgclu8oatjf"
00-0041295,2026,Dasan McCullough,DEN,LB,"https://static.www.nfl.com/image/upload/f_auto,q_auto/league/nx7lnfv3sruhoyhnfpri"
00-0031381,2026,Davante Adams,LAR,WR,"https://static.www.nfl.com/image/upload/f_auto,q_auto/league/tdzluk4xau3arxqk9zsl"
00-0041409,2026,Daveren Rayner,ATL,LB,"https://static.www.nfl.com/image/upload/f_auto,q_auto/league/mxrcfsvj88cfuc1xaclr"
00-0039177,2026,David Agoha,DEN,DL,"https://static.www.nfl.com/image/upload/f_auto,q_auto/league/ewp3mes0mghmhwcaow2i"
00-0041026,2026,David Bailey,NYJ,LB,"https://static.www.nfl.com/image/upload/f_auto,q_auto/league/r6vo0ugtnbbooogommai"
00-0041315,2026,David Blay Jr.,PHI,DL,"https://static.www.nfl.com/image/upload/f_auto,q_auto/league/fnlazwet8rdmu4ynezor"
00-0035668,2026,David Edwards,NO,OL,"https://static.www.nfl.com/image/upload/f_auto,q_auto/league/cebriv15rawbtf7iulqy"
00-0035665,2026,David Long,NO,DB,"https://static.www.nfl.com/image/upload/f_auto,q_auto/league/rwpmkpja2y5nhokh5utb"
00-0039648,2026,David Martin-Robinson,TEN,TE,"https://static.www.nfl.com/image/upload/f_auto,q_auto/league/imh2h5q6jmoqno5xlpwm"
00-0035685,2026,David Montgomery,HOU,RB,"https://static.www.nfl.com/image/upload/f_auto,q_auto/league/csz0c9roa4pqsccothxg"
00-0033589,2026,David Moore,CAR,WR,"https://static.www.nfl.com/image/upload/f_auto,q_auto/league/iyawzolvibsds35fwapv"
00-0033885,2026,David Njoku,LAC,TE,"https://static.www.nfl.com/image/upload/f_auto,q_auto/league/y4g1iayqrbrhdvkqywpx"
00-0039938,2026,David Olajiga,BAL,DL,"https://static.www.nfl.com/image/upload/f_auto,q_auto/league/zwa1ogmpfp7zvaaam4db"
00-0033051,2026,David Onyemata,NYJ,DL,"https://static.www.nfl.com/image/upload/f_auto,q_auto/league/tl0jr4mxarpbmvu3tho9"
00-0030097,2026,David Quessenberry,LAR,OL,"https://static.www.nfl.com/image/upload/f_auto,q_auto/league/c8kmny1s0pl307ivrngh"
00-0035359,2026,David Sills,TB,WR,"https://static.www.nfl.com/image/upload/f_auto,q_auto/league/g0jd9yaq2yhw05ktamlh"
00-0040158,2026,David Walker,TB,LB,"https://static.www.nfl.com/image/upload/f_auto,q_auto/league/g5t4jmcamq69jxzgywc4"
00-0039074,2026,Davis Allen,LAR,TE,"https://static.www.nfl.com/image/upload/f_auto,q_auto/league/iweydtcrfchsl3mt6jtd"
00-0036898,2026,Davis Mills,HOU,QB,"https://static.www.nfl.com/image/upload/f_auto,q_auto/league/jh9e97vjzmeafx8jz0sn"
00-0041391,2026,Davison Igbinosun,BUF,DB,"https://static.www.nfl.com/image/upload/f_auto,q_auto/league/jb0yvudwlaooyiemyxh8"
00-0041277,2026,Davon Booth,IND,RB,"https://static.www.nfl.com/image/upload/f_auto,q_auto/league/ddzlehyaaedbtx8lh9vv"
00-0033860,2026,Davon Godchaux,NO,DL,"https://static.www.nfl.com/image/upload/f_auto,q_auto/league/mldp5xpbggcf9iacij1s"
00-0039014,2026,Dawand Jones,CLE,OL,"https://static.www.nfl.com/image/upload/f_auto,q_auto/league/tm5zyhltmnhwcqkutc2u"
00-0035689,2026,Dawson Knox,BUF,TE,"https://static.www.nfl.com/image/upload/f_auto,q_auto/league/k8bi9ppahwfmoxs8ij4w"
00-0037743,2026,Daxton Hill,CIN,DB,"https://static.www.nfl.com/image/upload/f_auto,q_auto/league/onw9ijbhtrdvjqpi0toh"
00-0041393,2026,Daylen Everette,PIT,DB,"https://static.www.nfl.com/image/upload/f_auto,q_auto/league/cihcum2yfkzszr6e7icn"
00-0036480,2026,Dayo Odeyingbo,CHI,DL,"https://static.www.nfl.com/image/upload/f_auto,q_auto/league/h0brx6vrdusdxl6fkxgv"
00-0039259,2026,Dayton Wade,BAL,WR,"https://static.www.nfl.com/image/upload/f_auto,q_auto/league/blt6hxkltzfxpcqsnlp8"
00-0039040,2026,De'Von Achane,MIA,RB,"https://static.www.nfl.com/image/upload/f_auto,q_auto/league/xk1xwio0bryfxo1ylweu"
00-0041035,2026,De'Zhaun Stribling,SF,WR,"https://static.www.nfl.com/image/upload/f_auto,q_auto/league/eu1nxtlztiwr5ko48iwz"
00-0037808,2026,DeAngelo Malone,ATL,LB,"https://static.www.nfl.com/image/upload/f_auto,q_auto/league/uyjqwnbcams2hk2rmyh2"
00-0032378,2026,DeForest Buckner,IND,DL,"https://static.www.nfl.com/image/upload/f_auto,q_auto/league/kww3dh6mlqepwp26wxeo"
00-0038628,2026,DeMarcco Hellams,ATL,DB,"https://static.www.nfl.com/image/upload/f_auto,q_auto/league/qg0hfg5iv3zc6hn07dzt"
00-0031411,2026,DeMarcus Lawrence,SEA,LB,"https://static.www.nfl.com/image/upload/f_auto,q_auto/league/yo0w88bzr0s9qrnmadeq"
00-0038621,2026,DeMario Douglas,NE,WR,"https://static.www.nfl.com/image/upload/f_auto,q_auto/league/cm9vnzqu5phlmsocjwgc"
00-0038556,2026,DeMarvion Overshown,DAL,LB,"https://static.www.nfl.com/image/upload/f_auto,q_auto/league/dxo0ebmthyvvgwfqqbbj"
00-0041079,2026,DeMonte Capehart,TB,DL,"https://static.www.nfl.com/image/upload/f_auto,q_auto/league/vkgp4mn510m1dgx34zfx"
00-0034277,2026,DeShon Elliott,PIT,DB,"https://static.www.nfl.com/image/upload/f_auto,q_auto/league/hf9qrjvja3ej77feihts"
00-0036912,2026,DeVonta Smith,PHI,WR,"https://static.www.nfl.com/image/upload/f_auto,q_auto/league/k724kq3hyv7jc0y9s03x"
00-0039873,2026,DeWayne Carter,BUF,DL,"https://static.www.nfl.com/image/upload/f_auto,q_auto/league/somthlvcx5v20nqmu85n"
00-0040396,2026,Dean Clark,NYJ,DB,"https://static.www.nfl.com/image/upload/f_auto,q_auto/league/p5lpl4l1tltyogrszszq"
00-0041415,2026,Dean Connors,LAR,RB,"https://static.www.nfl.com/image/upload/f_auto,q_auto/league/fgsgqkdsnliwujjtvvw3"
00-0041435,2026,Dean Patterson IV,TB,WR,"https://static.www.nfl.com/image/upload/f_auto,q_auto/league/kgjiwlmhmxnygppjzmph"
00-0037320,2026,Deane Leonard,LAC,DB,"https://static.www.nfl.com/image/upload/f_auto,q_auto/league/iwcena0ukt705dihzict"
00-0039378,2026,Deantre Prince,CHI,DB,"https://static.www.nfl.com/image/upload/f_auto,q_auto/league/dv5t8emszxwqvtgnsak3"
00-0033947,2026,Deatrich Wise,WAS,DL,"https://static.www.nfl.com/image/upload/f_auto,q_auto/league/kmshfa3dfehklgdh1lrk"
00-0039357,2026,Decamerion Richardson,NO,DB,"https://static.www.nfl.com/image/upload/f_auto,q_auto/league/glaqpoapm3t8ponuj55p"
00-0037034,2026,Dee Alford,BUF,DB,"https://static.www.nfl.com/image/upload/f_auto,q_auto/league/mgi0d5fd1huslr3kfqg1"
00-0038625,2026,Dee Winters,DAL,LB,"https://static.www.nfl.com/image/upload/f_auto,q_auto/league/xlebnylgre4ogpnnl4na"
00-0036425,2026,DeeJay Dallas,MIN,RB,"https://static.www.nfl.com/image/upload/f_auto,q_auto/league/qrvemj4m3g2mqlbgy352"
00-0035719,2026,Deebo Samuel Sr.,SF,WR,"https://static.www.nfl.com/image/upload/f_auto,q_auto/league/ntgyhqg6hq7fanhhsqiw"
00-0041132,2026,Deion Burks,IND,WR,"https://static.www.nfl.com/image/upload/f_auto,q_auto/league/mbejyq733jilg3bkpzur"
00-0035202,2026,Del'Shawn Phillips,LAC,LB,"https://static.www.nfl.com/image/upload/f_auto,q_auto/league/plnsixu8jpozw1grxuvc"
00-0041349,2026,Delby Lemieux,MIN,OL,"https://static.www.nfl.com/image/upload/f_auto,q_auto/league/ngvitclfbc5gfllo6sq3"
00-0039692,2026,Dell Pettus,NE,DB,"https://static.www.nfl.com/image/upload/f_auto,q_auto/league/irmi15lyy3l28z6s0wgx"
00-0039601,2026,Demani Richardson,CAR,DB,"https://static.www.nfl.com/image/upload/f_auto,q_auto/league/gjav3xshmapw1yybykxz"
00-0032775,2026,Demarcus Robinson,SF,WR,"https://static.www.nfl.com/image/upload/f_auto,q_auto/league/cokassoz2z7hb4wk2krh"
00-0029607,2026,Demario Davis,NYJ,LB,"https://static.www.nfl.com/image/upload/f_auto,q_auto/league/xfig8nml2gmofychoe3z"
00-0035020,2026,Demetrius Flannigan-Fowles,BUF,LB,"https://static.www.nfl.com/image/upload/f_auto,q_auto/league/fdscbr72gkwbdwv1z4qd"
00-0040738,2026,Demetrius Knight Jr.,CIN,LB,"https://static.www.nfl.com/image/upload/f_auto,q_auto/league/j9eequyosorm1p9zc5gx"
00-0041104,2026,Demond Claiborne,MIN,RB,"https://static.www.nfl.com/image/upload/f_auto,q_auto/league/vmozbbdzgcaqq1yrixeb"
00-0038792,2026,Demontrey Jacobs,ARI,OL,"https://static.www.nfl.com/image/upload/f_auto,q_auto/league/u3aknrx8tn2qjh8o4wua"
00-0034473,2026,Dennis Gardeck,JAX,LB,"https://static.www.nfl.com/image/upload/f_auto,q_auto/league/wmk2eix7vcc9aglty2ga"
00-0037570,2026,Dennis Houston,TB,WR,"https://static.www.nfl.com/image/upload/f_auto,q_auto/league/mrysbvm2hmsouvdwti9w"
00-0041037,2026,Denzel Boston,CLE,WR,"https://static.www.nfl.com/image/upload/f_auto,q_auto/league/ybkny6eh5eegq3bqmony"
00-0040195,2026,Denzel Burke,ARI,DB,"https://static.www.nfl.com/image/upload/f_auto,q_auto/league/ertjghbr5dldlhzml7jh"
00-0032103,2026,Denzel Perryman,LAC,LB,"https://static.www.nfl.com/image/upload/f_auto,q_auto/league/n3oqbsrycbe0nwdwblez"
00-0034856,2026,Denzel Ward,CLE,DB,"https://static.www.nfl.com/image/upload/f_auto,q_auto/league/mmp5gacrbeeolrsgg5wm"
00-0036563,2026,Deommodore Lenoir,SF,DB,"https://static.www.nfl.com/image/upload/f_auto,q_auto/league/ozfx4033owzfliip24v2"
00-0040710,2026,Deone Walker,BUF,DL,"https://static.www.nfl.com/image/upload/f_auto,q_auto/league/cn80cdlc2ilvqpsqgx7h"
00-0040922,2026,Deontae Lawson,PHI,LB,"https://static.www.nfl.com/image/upload/f_auto,q_auto/league/hitrz7atz6mbll1tljsy"
00-0039000,2026,Deonte Banks,NYG,DB,"https://static.www.nfl.com/image/upload/f_auto,q_auto/league/pskti493swphojhbve0c"
00-0033876,2026,Derek Barnett,CLE,DL,"https://static.www.nfl.com/image/upload/f_auto,q_auto/league/eh9ienpeakbbr9mw4vlm"
00-0038638,2026,Derek Parish,HOU,DL,"https://static.www.nfl.com/image/private/f_auto,q_auto/league/exzq9qbltfwv5p1b5vs4"
00-0037237,2026,Derek Stingley Jr.,HOU,DB,"https://static.www.nfl.com/image/upload/f_auto,q_auto/league/wkzinciyrrmsqdlda8lj"
00-0039047,2026,Derick Hall,SEA,LB,"https://static.www.nfl.com/image/upload/f_auto,q_auto/league/pblbd65bo6myp030qbes"
00-0037842,2026,Derion Kendrick,DAL,DB,"https://static.www.nfl.com/image/upload/f_auto,q_auto/league/rhmkstzb8ox2thtdo4k3"
00-0038573,2026,Derius Davis,LAC,WR,"https://static.www.nfl.com/image/upload/f_auto,q_auto/league/ykmeihbr6903smvblzgc"
00-0036964,2026,Derrick Barnes,DET,LB,"https://static.www.nfl.com/image/upload/f_auto,q_auto/league/bh66oqiavycebvryiy96"
00-0036220,2026,Derrick Brown,CAR,DL,"https://static.www.nfl.com/image/upload/f_auto,q_auto/league/xgaxvkpcxh41dyttf3sb"
00-0040659,2026,Derrick Canteen,TEN,DB,"https://static.www.nfl.com/image/upload/f_auto,q_auto/league/vfpxchkywc1vt3yeom9q"
00-0041519,2026,Derrick Graham,SEA,OL,"https://static.www.nfl.com/image/upload/f_auto,q_auto/league/vx1abzto30tdujvwsgxd"
00-0040678,2026,Derrick Harmon,PIT,DL,"https://static.www.nfl.com/image/upload/f_auto,q_auto/league/ogsybhwk95emepsiu0my"
00-0032764,2026,Derrick Henry,BAL,RB,"https://static.www.nfl.com/image/upload/f_auto,q_auto/league/tm79x0iknqg6hms3ypyt"
00-0041441,2026,Derrick Moore,DET,LB,"https://static.www.nfl.com/image/upload/f_auto,q_auto/league/cl0rhuy0xdtwwu2fq2os"
00-0034790,2026,Derwin James,LAC,DB,"https://static.www.nfl.com/image/upload/f_auto,q_auto/league/z9au0ajgcwoeozfdu0ec"
00-0033537,2026,Deshaun Watson,CLE,QB,"https://static.www.nfl.com/image/private/f_auto,q_auto/league/otfs2docj6eahaebo5xn"
00-0041339,2026,Deshawn McKnight,TB,DL,"https://static.www.nfl.com/image/upload/f_auto,q_auto/league/wwxzxeb9vkkks5gehjiv"
00-0039061,2026,Desjuan Johnson,LAR,LB,"https://static.www.nfl.com/image/upload/f_auto,q_auto/league/qj7pup9mp0owqeocx98x"
00-0038622,2026,Deuce Vaughn,HOU,RB,"https://static.www.nfl.com/image/upload/f_auto,q_auto/league/z8lnunc6vvq9qlnidaw3"
00-0041259,2026,Devan Boykin,PIT,DB,"https://static.www.nfl.com/image/upload/f_auto,q_auto/league/empcnsnojmeby4w3fi57"
00-0039424,2026,Devaughn Vele,NO,WR,"https://static.www.nfl.com/image/upload/f_auto,q_auto/league/fa3dwsu8nxzkbf2knczm"
00-0040904,2026,Deven Eastern,SEA,DL,"https://static.www.nfl.com/image/upload/f_auto,q_auto/league/smzollvmlmiaoi9mhh6v"
00-0037487,2026,Deven Thompkins,LV,WR,"https://static.www.nfl.com/image/upload/f_auto,q_auto/league/hohgyaldfuylxqwnb8i2"
00-0035525,2026,Devin Bush,CHI,LB,"https://static.www.nfl.com/image/upload/f_auto,q_auto/league/yn9buon12abtkbrm9cqm"
00-0037414,2026,Devin Cochran,DET,OL,"https://static.www.nfl.com/image/upload/f_auto,q_auto/league/xbxzyjodpatlv5edyuew"
00-0039754,2026,Devin Culp,TB,TE,"https://static.www.nfl.com/image/upload/f_auto,q_auto/league/e32gorf12yuyy6iyijt9"
00-0036331,2026,Devin Duvernay,ARI,WR,"https://static.www.nfl.com/image/upload/f_auto,q_auto/league/tj3t166iwsxbnyzxcyyl"
00-0041377,2026,Devin Grant,LAC,DB,"https://static.www.nfl.com/image/upload/f_auto,q_auto/league/uh66ghedjdrq7bvytwtq"
00-0041000,2026,Devin Lafayette,LV,DB,"https://static.www.nfl.com/image/upload/f_auto,q_auto/league/nrkkhtzrnmwsy6ziz31f"
00-0037244,2026,Devin Lloyd,CAR,LB,"https://static.www.nfl.com/image/upload/f_auto,q_auto/league/hbva85h6axjaiiiiwjfv"
00-0040875,2026,Devin Moore,DAL,DB,"https://static.www.nfl.com/image/upload/f_auto,q_auto/league/uhvkhsxnd5xqgrafkzug"
00-0040202,2026,Devin Neal,NO,RB,"https://static.www.nfl.com/image/upload/f_auto,q_auto/league/set0xwgpkp0k3bofcpzn"
00-0041213,2026,Devin Neal,JAX,DB,"https://static.www.nfl.com/image/upload/f_auto,q_auto/league/ld4tgpjzakb01wv3wbwp"
00-0035250,2026,Devin Singletary,NYG,RB,"https://static.www.nfl.com/image/upload/f_auto,q_auto/league/xy2r2msxjqneml2c1cdc"
00-0040787,2026,Devin Veresuk,IND,LB,"https://static.www.nfl.com/image/upload/f_auto,q_auto/league/vg6jlrvtdbpehqhey7d0"
00-0035707,2026,Devin White,DET,LB,"https://static.www.nfl.com/image/upload/f_auto,q_auto/league/oqv87a7jn67zgnlplnbp"
00-0036683,2026,Devon Key,DEN,DB,"https://static.www.nfl.com/image/upload/f_auto,q_auto/league/efu0kj0lyprsgahy1met"
00-0039169,2026,Devon Witherspoon,SEA,DB,"https://static.www.nfl.com/image/upload/f_auto,q_auto/league/po6rkbe4pjei7hycg2nu"
00-0038893,2026,Devonnsha Maxwell,ATL,DL,"https://static.www.nfl.com/image/upload/f_auto,q_auto/league/r8tc8oroxvpz8w5wd00e"
00-0041153,2026,Devonta Smith,CAR,DB,"https://static.www.nfl.com/image/upload/f_auto,q_auto/league/rmc5wkyad0gu4gxtvzzy"
00-0041380,2026,Devonte Ross,LAC,WR,"https://static.www.nfl.com/image/upload/f_auto,q_auto/league/i8hp6pqdc82lefdkdhi1"
00-0037075,2026,Devonte Wyatt,GB,DL,"https://static.www.nfl.com/image/upload/f_auto,q_auto/league/q9pxapmh1kbfsrymwbvs"
00-0039792,2026,Devontez Walker,BAL,WR,"https://static.www.nfl.com/image/upload/f_auto,q_auto/league/x3x3k5ispk44ms0f7vrv"
00-0041018,2026,Devyn Perkins,LV,DB,"https://static.www.nfl.com/image/upload/f_auto,q_auto/league/mzgy2owc1timx7uso3rc"
00-0035683,2026,Dexter Lawrence,CIN,DL,"https://static.www.nfl.com/image/upload/f_auto,q_auto/league/nhk41gu7prupza1wda8v"
00-0040987,2026,Diego Pounds,KC,OL,"https://static.www.nfl.com/image/upload/f_auto,q_auto/league/nqdp2pjqzdswrnxabw2j"
00-0041342,2026,Dillon Bell,MIN,WR,"https://static.www.nfl.com/image/upload/f_auto,q_auto/league/b9v5ex8bfoum15d8v2gf"
00-0040704,2026,Dillon Gabriel,CLE,QB,"https://static.www.nfl.com/image/upload/f_auto,q_auto/league/szpyvusef9jvoctbnkbk"
00-0036619,2026,Dillon Radunz,NO,OL,"https://static.www.nfl.com/image/upload/f_auto,q_auto/league/uqswdzsnotrgk4ddg9bg"
00-0041538,2026,Dillon Thieneman,CHI,DB,"https://static.www.nfl.com/image/upload/f_auto,q_auto/league/hyl3qlps5bwhwvklhf2j"
00-0040949,2026,Dillon Wade,GB,OL,"https://static.www.nfl.com/image/upload/f_auto,q_auto/league/oko5pe8hch9vrmmk9gwx"
00-0033904,2026,Dion Dawkins,BUF,OL,"https://static.www.nfl.com/image/upload/f_auto,q_auto/league/je2zvakc2v5jrahxtq05"
00-0040995,2026,Dion Wilson,BAL,DL,"https://static.www.nfl.com/image/upload/f_auto,q_auto/league/nukeqk7zm0ajhdsfruvt"
00-0036990,2026,Divine Deablo,ATL,LB,"https://static.www.nfl.com/image/upload/f_auto,q_auto/league/epymgfknvbi0vbygiv4j"
00-0040785,2026,Dohnte Meyers,CIN,WR,"https://static.www.nfl.com/image/upload/f_auto,q_auto/league/xkxpqhtebubkbv1irlkc"
00-0040896,2026,Domani Jackson,GB,DB,"https://static.www.nfl.com/image/upload/f_auto,q_auto/league/xlb4gkfxenpvqhs3j4y4"
00-0041302,2026,Dominic Bailey,HOU,DL,"https://static.www.nfl.com/image/upload/f_auto,q_auto/league/czwksuefvmz0av1ffop0"
00-0040980,2026,Dominic DeLuca,BAL,LB,"https://static.www.nfl.com/image/upload/f_auto,q_auto/league/cz6uu2gmtovnzwunsfs0"
00-0040241,2026,Dominic Lovett,DET,WR,"https://static.www.nfl.com/image/upload/f_auto,q_auto/league/ccplcgivzomevih1erpl"
00-0040937,2026,Dominic Richardson,NYJ,RB,"https://static.www.nfl.com/image/upload/f_auto,q_auto/league/o3embvhnbegqqvltpyug"
00-0041145,2026,Dominic Zvada,NYG,K,"https://static.www.nfl.com/image/upload/f_auto,q_auto/league/rej45oauer8jysbtwbxm"
00-0039351,2026,Dominick Puni,SF,OL,"https://static.www.nfl.com/image/upload/f_auto,q_auto/league/xwahfywaifoc9kaez6lk"
00-0039381,2026,Dominique Hampton,TEN,LB,"https://static.www.nfl.com/image/upload/f_auto,q_auto/league/tcxzdfx8ra5fdotljqtz"
00-0037082,2026,Dominique Robinson,HOU,DL,"https://static.www.nfl.com/image/upload/f_auto,q_auto/league/nalbxnwyiyh32j3g6fml"
00-0041046,2026,Domonique Orange,MIN,DL,"https://static.www.nfl.com/image/upload/f_auto,q_auto/league/o2druy2qqi3nkcbj9ns6"
00-0041158,2026,Donaven McCulley,MIA,WR,"https://static.www.nfl.com/image/upload/f_auto,q_auto/league/d7yo77hsgi95onh27mt7"
00-0037799,2026,Dondrea Tillman,DEN,LB,"https://static.www.nfl.com/image/upload/f_auto,q_auto/league/rqo88erhkag4dfighxdw"
00-0040341,2026,Doneiko Slaughter,PIT,DB,"https://static.www.nfl.com/image/upload/f_auto,q_auto/league/z2wtosdw9ioeckp4sfo4"
00-0040400,2026,Donovan Edwards,MIA,RB,"https://static.www.nfl.com/image/upload/f_auto,q_auto/league/nr08xtjdchspkv4kkczm"
00-0040725,2026,Donovan Ezeiruaku,DAL,LB,"https://static.www.nfl.com/image/upload/f_auto,q_auto/league/e8ajbchys6mqj7agkqxf"
00-0040661,2026,Donovan Jackson,MIN,OL,"https://static.www.nfl.com/image/upload/f_auto,q_auto/league/xurpqjpbr0arxuxqanhb"
00-0039272,2026,Donovan Jennings,GB,OL,"https://static.www.nfl.com/image/upload/f_auto,q_auto/league/nv3cyilbj4znjy7bayvk"
00-0040263,2026,Donovan McMillon,CLE,DB,"https://static.www.nfl.com/image/upload/f_auto,q_auto/league/xxpttzs5lhbmc7phnxli"
00-0040581,2026,Dont'e Thornton Jr.,LV,WR,"https://static.www.nfl.com/image/upload/f_auto,q_auto/league/hlxztd3lpjaxtzojuxwh"
00-0040498,2026,Dontae Fleming,MIN,WR,"https://static.www.nfl.com/image/upload/f_auto,q_auto/league/z31bqmrgzn9t5wsqtqoy"
00-0040550,2026,Dontae Manning,CHI,DB,"https://static.www.nfl.com/image/upload/f_auto,q_auto/league/duyp9cxrllwfqad4briv"
00-0040984,2026,Dontae McMillan,BAL,RB,"https://static.www.nfl.com/image/upload/f_auto,q_auto/league/iptvbpnqkwbbmogetkfq"
00-0038393,2026,Dontayvion Wicks,PHI,WR,"https://static.www.nfl.com/image/upload/f_auto,q_auto/league/v1lt8kpvkn0qw5elyaoz"
00-0034356,2026,Donte Jackson,LAC,DB,"https://static.www.nfl.com/image/upload/f_auto,q_auto/league/ptrcpfheqfuuyiqexmsq"
00-0040232,2026,Donte Kent,PIT,DB,"https://static.www.nfl.com/image/upload/f_auto,q_auto/league/mpa9scrhykgo3snyjmjx"
00-0034373,2026,Dorance Armstrong,WAS,LB,"https://static.www.nfl.com/image/upload/f_auto,q_auto/league/iccauovlxlztcx36jitr"
00-0040503,2026,Dorian Mausi,TEN,LB,"https://static.www.nfl.com/image/upload/f_auto,q_auto/league/mf8ks1kejyk3ccakvs5f"
00-0040197,2026,Dorian Strong,BUF,DB,"https://static.www.nfl.com/image/upload/f_auto,q_auto/league/alxdcy6excheslkfjcfk"
00-0038557,2026,Dorian Williams,BUF,LB,"https://static.www.nfl.com/image/upload/f_auto,q_auto/league/fsslbcbp87yehsofpwg1"
00-0039716,2026,Doug Nester,PIT,OL,"https://static.www.nfl.com/image/upload/f_auto,q_auto/league/jpcuavjkhh8b0oe3kor7"
00-0040628,2026,Drake Dabney,GB,TE,"https://static.www.nfl.com/image/upload/f_auto,q_auto/league/olsiufbauh2x6pshrygm"
00-0037826,2026,Drake Jackson,ATL,LB,"https://static.www.nfl.com/image/upload/f_auto,q_auto/league/x8ndvrqtk5q076kwedxg"
00-0037238,2026,Drake London,ATL,WR,"https://static.www.nfl.com/image/upload/f_auto,q_auto/league/mcllowcfrmmdeo4zy3g1"
00-0039851,2026,Drake Maye,NE,QB,"https://static.www.nfl.com/image/upload/f_auto,q_auto/league/s1nmoon2xnrc3bnyulv4"
00-0039700,2026,Drake Nugent,SF,OL,"https://static.www.nfl.com/image/upload/f_auto,q_auto/league/u99x48ow2ilnlmby8tb4"
00-0038922,2026,Drake Thomas,SEA,LB,"https://static.www.nfl.com/image/upload/f_auto,q_auto/league/rmsrwh97imnsmq3lw1xm"
00-0034982,2026,Dre Greenlaw,SF,LB,"https://static.www.nfl.com/image/upload/f_auto,q_auto/league/jtvcc2vtczop90dkl4wd"
00-0035678,2026,Dre'Mont Jones,NE,LB,"https://static.www.nfl.com/image/upload/f_auto,q_auto/league/srvoexno6ilcwzm11vgv"
00-0041565,2026,Drew Allar,PIT,QB,"https://static.www.nfl.com/image/upload/f_auto,q_auto/league/sphuqnfrtzwsgeugeycz"
00-0040587,2026,Drew Kendall,PHI,OL,"https://static.www.nfl.com/image/upload/f_auto,q_auto/league/l9iy9p3yufggrfo1zojz"
00-0035704,2026,Drew Lock,SEA,QB,"https://static.www.nfl.com/image/upload/f_auto,q_auto/league/vdixnkk1uglfpwowalf8"
00-0040557,2026,Drew Moss,TEN,OL,"https://static.www.nfl.com/image/upload/f_auto,q_auto/league/dv8tuwzq6fptydjywws3"
00-0035631,2026,Drew Sample,CIN,TE,"https://static.www.nfl.com/image/upload/f_auto,q_auto/league/mmxrr2k7gdfowqpyxtr7"
00-0039003,2026,Drew Sanders,DEN,LB,"https://static.www.nfl.com/image/upload/f_auto,q_auto/league/x8qb06rtfpalcci5pyfx"
00-0040874,2026,Drew Shelton,DAL,OL,"https://static.www.nfl.com/image/upload/f_auto,q_auto/league/ach6jq8xsd8xwcplylro"
00-0041182,2026,Drew Stevens,WAS,K,"https://static.www.nfl.com/image/upload/f_auto,q_auto/league/dzlynw7seoaqck1r2il3"
00-0035262,2026,Drue Tranquill,KC,LB,"https://static.www.nfl.com/image/upload/f_auto,q_auto/league/l8faaklzbj7o6moxy0di"
00-0039207,2026,Durell Nchami,IND,DL,"https://static.www.nfl.com/image/upload/f_auto,q_auto/league/ajybunk1c4rx1ed45s4l"
00-0034798,2026,Durham Smythe,BAL,TE,"https://static.www.nfl.com/image/upload/f_auto,q_auto/league/pwcuy1ntmris98x8xmxi"
00-0039714,2026,Dwight McGlothern,MIN,DB,"https://static.www.nfl.com/image/upload/f_auto,q_auto/league/jwejtupyvb7lscqs46nm"
00-0036626,2026,Dyami Brown,WAS,WR,"https://static.www.nfl.com/image/upload/f_auto,q_auto/league/addv9eheok1jj7amfkpb"
00-0040941,2026,Dylan Barrett,GB,OL,"https://static.www.nfl.com/image/upload/f_auto,q_auto/league/rmon1mexvom9l7t0ydnc"
00-0037480,2026,Dylan Cook,PIT,OL,"https://static.www.nfl.com/image/upload/f_auto,q_auto/league/nj4lwx2zcxnzg6kn3tu5"
00-0038953,2026,Dylan Drummond,ATL,WR,"https://static.www.nfl.com/image/upload/f_auto,q_auto/league/xyexcy7ur9nscytyhinx"
00-0040140,2026,Dylan Fairchild,CIN,OL,"https://static.www.nfl.com/image/upload/f_auto,q_auto/league/yylxaud9iqwbaxof1agr"
00-0039009,2026,Dylan Horton,HOU,DL,"https://static.www.nfl.com/image/upload/f_auto,q_auto/league/tshgju7vbpqdj84bbkfl"
00-0039407,2026,Dylan Laube,LV,RB,"https://static.www.nfl.com/image/upload/f_auto,q_auto/league/lpizdza73bgksstymv5t"
00-0039830,2026,Dylan McMahon,LAR,OL,"https://static.www.nfl.com/image/upload/f_auto,q_auto/league/xabhymarhssiz8tpgccc"
00-0037255,2026,Dylan Parham,NYJ,OL,"https://static.www.nfl.com/image/upload/f_auto,q_auto/league/nlsqokqb2jhy4fzf4e8x"
00-0040162,2026,Dylan Sampson,CLE,RB,"https://static.www.nfl.com/image/upload/f_auto,q_auto/league/den1hzzomdxfcsgk88o5"
00-0038479,2026,Dyontae Johnson,TEN,LB,"https://static.www.nfl.com/image/upload/f_auto,q_auto/league/evfpo59fjpb65grbfu0t"
00-0038498,2026,E.J. Jenkins,PHI,TE,"https://static.www.nfl.com/image/upload/f_auto,q_auto/league/jmhuk0gcnyotcjhdxo6v"
00-0034987,2026,E.J. Speed,HOU,LB,"https://static.www.nfl.com/image/upload/f_auto,q_auto/league/lpqe7elzi8tbt8rjzozd"
00-0041011,2026,E.J. Williams Jr.,CAR,WR,"https://static.www.nfl.com/image/upload/f_auto,q_auto/league/vajaprynilirvbzf7m1o"
00-0040964,2026,EJ Smith,KC,RB,"https://static.www.nfl.com/image/upload/f_auto,q_auto/league/cbrhecognbp6bxwgtqyh"
00-0040539,2026,Easton Kilty,NO,OL,"https://static.www.nfl.com/image/upload/f_auto,q_auto/league/r7eqjkhct7nyfatnnepz"
00-0040261,2026,Easton Mascarenas-Arnold,CLE,LB,"https://static.www.nfl.com/image/upload/f_auto,q_auto/league/a8uufqbzvn1u8zhhujfa"
00-0035282,2026,Easton Stick,TB,QB,"https://static.www.nfl.com/image/upload/f_auto,q_auto/league/rspxeh6kxzfr7ftkcywh"
00-0038131,2026,Ed Ingram,HOU,OL,"https://static.www.nfl.com/image/upload/f_auto,q_auto/league/zcqlqfil0ci0v8eftkub"
00-0035230,2026,Ed Oliver,BUF,DL,"https://static.www.nfl.com/image/upload/f_auto,q_auto/league/wqmheiax6xnk7pvcdzav"
00-0034173,2026,Eddy Pineiro,SF,K,"https://static.www.nfl.com/image/upload/f_auto,q_auto/league/v3vtl2t4dfzkueanjfwc"
00-0039878,2026,Edefuan Ulofoshio,CLE,LB,"https://static.www.nfl.com/image/upload/f_auto,q_auto/league/djyw96mfpsd1okocv1ck"
00-0039850,2026,Edgerrin Cooper,GB,LB,"https://static.www.nfl.com/image/upload/f_auto,q_auto/league/acedii0jqmzxqm5lqtn8"
00-0040563,2026,Efton Chism III,NE,WR,"https://static.www.nfl.com/image/upload/f_auto,q_auto/league/zbnf3ujmwprzgjnwdtlo"
00-0038956,2026,Ekow Boye-Doe,DET,DB,"https://static.www.nfl.com/image/upload/f_auto,q_auto/league/jrm1husugxjadz2wassn"
00-0038782,2026,Eku Leota,ARI,LB,"https://static.www.nfl.com/image/upload/f_auto,q_auto/league/yj4vx0pliwqrimhyeiyw"
00-0035526,2026,Elgton Jenkins,CLE,OL,"https://static.www.nfl.com/image/upload/f_auto,q_auto/league/am4um8hjfero03sgxrgn"
00-0040410,2026,Eli Cox,JAX,OL,"https://static.www.nfl.com/image/upload/f_auto,q_auto/league/uhtlmj9acfquzglsfld8"
00-0041490,2026,Eli Heidenreich,PIT,RB,"https://static.www.nfl.com/image/upload/f_auto,q_auto/league/jhiyjb8jmjyzehmrrjoy"
00-0040337,2026,Eli Pancol,IND,WR,"https://static.www.nfl.com/image/upload/f_auto,q_auto/league/mbdztlbypqqt66igvkg8"
00-0041395,2026,Eli Raridon,NE,TE,"https://static.www.nfl.com/image/upload/f_auto,q_auto/league/tglrg0yek3kwrt8rqz5t"
00-0041483,2026,Eli Stowers,PHI,TE,"https://static.www.nfl.com/image/upload/f_auto,q_auto/league/c9rjqit3q5tm9hzkm5ay"
00-0039775,2026,Elias Neal,LAR,LB,"https://static.www.nfl.com/image/upload/f_auto,q_auto/league/mguzhmnhv07wkw7ekaly"
00-0040170,2026,Elic Ayomanor,TEN,WR,"https://static.www.nfl.com/image/upload/f_auto,q_auto/league/jjmscqt6v4ecasveugoh"
00-0040739,2026,Elijah Arroyo,SEA,TE,"https://static.www.nfl.com/image/upload/f_auto,q_auto/league/m5rdyemjoxl4cuz9yun8"
00-0034248,2026,Elijah Campbell,NYG,DB,"https://static.www.nfl.com/image/upload/f_auto,q_auto/league/qyz7zre7auvk1ilrfs70"
00-0039764,2026,Elijah Chatman,CLE,DL,"https://static.www.nfl.com/image/upload/f_auto,q_auto/league/kzzty8qdv0ktwa6lmjk5"
00-0038667,2026,Elijah Cooks,CAR,WR,"https://static.www.nfl.com/image/upload/f_auto,q_auto/league/jdwpqogatij3pqncde1l"
00-0041364,2026,Elijah Culp,ARI,DB,"https://static.www.nfl.com/image/upload/f_auto,q_auto/league/byz0elucp4zkyalthjs1"
00-0037051,2026,Elijah Garcia,DAL,DL,"https://static.www.nfl.com/image/upload/f_auto,q_auto/league/mdhtfrrfmfeop2secu2c"
00-0037096,2026,Elijah Hicks,CHI,DB,"https://static.www.nfl.com/image/upload/f_auto,q_auto/league/derzi6ubb6maw5nokejr"
00-0039041,2026,Elijah Higgins,ARI,TE,"https://static.www.nfl.com/image/upload/f_auto,q_auto/league/qgvtaa0gekopg4ad6vqe"
00-0039823,2026,Elijah Jones,NYG,DB,"https://static.www.nfl.com/image/upload/f_auto,q_auto/league/ncb3dyn1yc6gwjv20l1x"
00-0039411,2026,Elijah Klein,DET,OL,"https://static.www.nfl.com/image/upload/f_auto,q_auto/league/lh6e9de7kp7jll2mgkud"
00-0036992,2026,Elijah Molden,LAC,DB,"https://static.www.nfl.com/image/upload/f_auto,q_auto/league/hz9saur2at7u0n9nl9ly"
00-0036980,2026,Elijah Moore,PHI,WR,"https://static.www.nfl.com/image/upload/f_auto,q_auto/league/wax90oyx9vs0x9j4nt5n"
00-0040574,2026,Elijah Ponder,NE,LB,"https://static.www.nfl.com/image/upload/f_auto,q_auto/league/g9d7riu8zsysuaqbqpjc"
00-0040183,2026,Elijah Roberts,TB,DL,"https://static.www.nfl.com/image/upload/f_auto,q_auto/league/konvzhfxyunroyoihh4m"
00-0040876,2026,Elijah Sarratt,BAL,WR,"https://static.www.nfl.com/image/upload/f_auto,q_auto/league/rbtitvma6hjyotcajqtv"
00-0040384,2026,Elijah Simmons,TB,DL,"https://static.www.nfl.com/image/upload/f_auto,q_auto/league/dnimueujvnjhpcj7xpti"
00-0040991,2026,Elijah Tau-Tolliver,BAL,RB,"https://static.www.nfl.com/image/upload/f_auto,q_auto/league/lupgcteiumxkemycok75"
00-0033676,2026,Elijah Wilkinson,ARI,OL,"https://static.www.nfl.com/image/upload/f_auto,q_auto/league/q24grx1dxcv83l2nmayx"
00-0040624,2026,Elijah Williams,MIN,DL,"https://static.www.nfl.com/image/upload/f_auto,q_auto/league/jdad4ub2ljy6hynzxmb4"
00-0039956,2026,Elliott Brown,ARI,LB,"https://static.www.nfl.com/image/upload/f_auto,q_auto/league/b1ockqswt9tnan2fgiim"
00-0040537,2026,Elliott Davison,NE,DB,"https://static.www.nfl.com/image/upload/f_auto,q_auto/league/sam2pxtmbodcfdlh2sy6"
00-0038797,2026,Emanuel Wilson,SEA,RB,"https://static.www.nfl.com/image/upload/f_auto,q_auto/league/uorruvczsxzvffpbxu8z"
00-0039526,2026,Emany Johnson,LAC,LB,"https://static.www.nfl.com/image/upload/f_auto,q_auto/league/ayhafrtzrkshrbiwt0j9"
00-0038705,2026,Emari Demercado,DAL,RB,"https://static.www.nfl.com/image/upload/f_auto,q_auto/league/wu0sm9ttr4aiugi9fquf"
00-0040129,2026,Emeka Egbuka,TB,WR,"https://static.www.nfl.com/image/upload/f_auto,q_auto/league/z224kbzs62rjuykc0vha"
00-0040068,2026,Emery Jones Jr.,BAL,OL,"https://static.www.nfl.com/image/upload/f_auto,q_auto/league/bteu559usxxvvs2duvvv"
00-0039151,2026,Emmanuel Forbes,LAR,DB,"https://static.www.nfl.com/image/upload/f_auto,q_auto/league/zuqfigu7eadzoeo0uymt"
00-0040895,2026,Emmanuel Henderson Jr.,SEA,WR,"https://static.www.nfl.com/image/upload/f_auto,q_auto/league/eje0zmvfl2fetzvpsl6c"
00-0033073,2026,Emmanuel Ogbah,KC,DL,"https://static.www.nfl.com/image/upload/f_auto,q_auto/league/uaj08gf9lrokgxgrbgcn"
00-0041050,2026,Emmanuel Pregnon,JAX,OL,"https://static.www.nfl.com/image/upload/f_auto,q_auto/league/ujjke8d6jxr3wrwsslqh"
00-0041013,2026,Emmett Johnson,KC,RB,"https://static.www.nfl.com/image/upload/f_auto,q_auto/league/avdz4njz1slqn7ktqcuq"
00-0039862,2026,Ennis Rakestraw Jr.,DET,DB,"https://static.www.nfl.com/image/upload/f_auto,q_auto/league/qqwcajwnacksgjhwm4jx"
00-0041090,2026,Enrique Cruz Jr.,SF,OL,"https://static.www.nfl.com/image/upload/f_auto,q_auto/league/ti1hdlmlireeudbqmhaq"
00-0041068,2026,Ephesians Prysock,SF,DB,"https://static.www.nfl.com/image/upload/f_auto,q_auto/league/ywyqg8kadbaxy6fezyvv"
00-0041243,2026,Eric Gentry,CIN,LB,"https://static.www.nfl.com/image/upload/f_auto,q_auto/league/n94iq9oxvr2vlecdfjqd"
00-0038396,2026,Eric Gray,CLE,RB,"https://static.www.nfl.com/image/upload/f_auto,q_auto/league/ijjxwxv1ccyowzhpuw2k"
00-0040371,2026,Eric Gregory,NE,DL,"https://static.www.nfl.com/image/upload/f_auto,q_auto/league/yl1571iztzfkancofsja"
00-0037269,2026,Eric Johnson,GB,DL,"https://static.www.nfl.com/image/upload/f_auto,q_auto/league/uujdxrmmf5poiu5twqob"
00-0033038,2026,Eric Murray,JAX,DB,"https://static.www.nfl.com/image/upload/f_auto,q_auto/league/azsral4artrpwkjhh7cy"
00-0041459,2026,Eric O'Neill,DET,DL,"https://static.www.nfl.com/image/upload/f_auto,q_auto/league/kexejxtyigkg6wiopccu"
00-0041257,2026,Eric Rivers Jr.,TB,WR,"https://static.www.nfl.com/image/upload/f_auto,q_auto/league/goritmogduir5z46j8v1"
00-0040468,2026,Eric Rogers,LAC,DB,"https://static.www.nfl.com/image/upload/f_auto,q_auto/league/ccidyckbso3w7ypjfij2"
00-0033576,2026,Eric Saubert,SEA,TE,"https://static.www.nfl.com/image/upload/f_auto,q_auto/league/czzieyox5rht6ae3g5tx"
00-0038604,2026,Eric Scott Jr.,DET,DB,"https://static.www.nfl.com/image/upload/f_auto,q_auto/league/eo5ri5jizuskouhtased"
00-0036901,2026,Eric Stokes,LV,DB,"https://static.www.nfl.com/image/upload/f_auto,q_auto/league/q7fnhbnyadsru3swpgdf"
00-0033336,2026,Eric Wilson,MIN,LB,"https://static.www.nfl.com/image/upload/f_auto,q_auto/league/xp5tifhe6rxrdz4rsm2f"
00-0039814,2026,Erick All,CIN,TE,"https://static.www.nfl.com/image/upload/f_auto,q_auto/league/ifkhcxze7lnxkpzjvsmk"
00-0038620,2026,Erick Hallett,TEN,DB,"https://static.www.nfl.com/image/upload/f_auto,q_auto/league/hnpxgdu65sr9w51rkp6g"
00-0041455,2026,Erick Hunter,NE,LB,"https://static.www.nfl.com/image/upload/f_auto,q_auto/league/lj86qzcqducqtasd4au0"
00-0038092,2026,Erik Ezukanma,PHI,WR,"https://static.www.nfl.com/image/upload/f_auto,q_auto/league/jlhjonsu8idqrcj6tune"
00-0035242,2026,Erik McCoy,NO,OL,"https://static.www.nfl.com/image/upload/f_auto,q_auto/league/juyfbm43z5byljmflz6g"
00-0036994,2026,Ernest Jones,SEA,LB,"https://static.www.nfl.com/image/upload/f_auto,q_auto/league/zn0pz6okty7vbj5ryryt"
00-0040092,2026,Esa Pole,WAS,OL,"https://static.www.nfl.com/image/upload/f_auto,q_auto/league/yn1ylypuzoeo3scc4n5o"
00-0037274,2026,Esezi Otomewo,PIT,DL,"https://static.www.nfl.com/image/upload/f_auto,q_auto/league/kebjbuk4q1algng5hf3b"
00-0038684,2026,Ethan Bonner,MIA,DB,"https://static.www.nfl.com/image/upload/f_auto,q_auto/league/zfylu04usdezofligghl"
00-0040978,2026,Ethan Burke,BAL,LB,"https://static.www.nfl.com/image/upload/f_auto,q_auto/league/tkhzwtnvhbbqu5sc7nui"
00-0041207,2026,Ethan Conner,MIA,TE,"https://static.www.nfl.com/image/upload/f_auto,q_auto/league/hmabu7fiufpd0w5bn0o1"
00-0040328,2026,Ethan Downs,KC,LB,"https://static.www.nfl.com/image/upload/f_auto,q_auto/league/somszafluhppwnnplu8i"
00-0039317,2026,Ethan Driskell,KC,OL,"https://static.www.nfl.com/image/upload/f_auto,q_auto/league/ovnb3ifximbr58ro3mkt"
00-0039059,2026,Ethan Evans,LAR,P,"https://static.www.nfl.com/image/upload/f_auto,q_auto/league/by1ttgtdiqwd3a2pdbl5"
00-0041121,2026,Ethan Onianwa,ATL,OL,"https://static.www.nfl.com/image/upload/f_auto,q_auto/league/spvsdjmjvcvuerqw3y5d"
00-0033901,2026,Ethan Pocic,BAL,OL,"https://static.www.nfl.com/image/upload/f_auto,q_auto/league/yl6ylttfhl37pjf4iqxi"
00-0040299,2026,Eugene Asante,ARI,LB,"https://static.www.nfl.com/image/upload/f_auto,q_auto/league/ktwpzrd5sqwfo0w81ez8"
00-0039696,2026,Evan Anderson,SF,DL,"https://static.www.nfl.com/image/upload/f_auto,q_auto/league/hldznraji3s9j9hwjn3h"
00-0040909,2026,Evan Beerntsen,SEA,OL,"https://static.www.nfl.com/image/upload/f_auto,q_auto/league/gwesa6kw92moff0mxp3i"
00-0034495,2026,Evan Brown,HOU,OL,"https://static.www.nfl.com/image/upload/f_auto,q_auto/league/hbte4ax1oelubjtq68np"
00-0038817,2026,Evan Deckers,TB,LS,"https://static.www.nfl.com/image/upload/f_auto,q_auto/league/ktw6cswbixds9apgamdw"
00-0033881,2026,Evan Engram,DEN,TE,"https://static.www.nfl.com/image/upload/f_auto,q_auto/league/nucl2dxmpvhlywhyro8o"
00-0038397,2026,Evan Hull,ARI,RB,"https://static.www.nfl.com/image/upload/f_auto,q_auto/league/xyyujk9mvvzegaiefp51"
00-0036854,2026,Evan McPherson,CIN,K,"https://static.www.nfl.com/image/upload/f_auto,q_auto/league/t6fs7i54i4n7xjiayoz0"
00-0037612,2026,Evan Neal,LV,OL,"https://static.www.nfl.com/image/upload/f_auto,q_auto/league/ezmw6xnkxdapbcniknrn"
00-0041384,2026,Evan Svoboda,LAC,TE,"https://static.www.nfl.com/image/upload/f_auto,q_auto/league/oiypi2ljtijzyh5mpi3f"
00-0039813,2026,Evan Williams,GB,DB,"https://static.www.nfl.com/image/upload/f_auto,q_auto/league/g3utgsouys3kewppbnb5"
00-0038106,2026,Eyioma Uwazurike,DEN,DL,"https://static.www.nfl.com/image/upload/f_auto,q_auto/league/xrpjuwqmhwjnovlj1kd8"
00-0036327,2026,Ezra Cleveland,JAX,OL,"https://static.www.nfl.com/image/upload/f_auto,q_auto/league/klbtf9vddho85uv3azli"
00-0033918,2026,Fabian Moreau,WAS,DB,"https://static.www.nfl.com/image/upload/f_auto,q_auto/league/osj1pbe8mj5f7h47l2op"
00-0040249,2026,Fadil Diggs,NO,LB,"https://static.www.nfl.com/image/upload/f_auto,q_auto/league/dx8xg4f1tlmivzy1pp64"
00-0040403,2026,Fatorma Mulbah,MIA,DL,"https://static.www.nfl.com/image/upload/f_auto,q_auto/league/cdcxg1ix3fsyexhwwjdo"
00-0041559,2026,Febechi Nwaiwu,HOU,OL,"https://static.www.nfl.com/image/upload/f_auto,q_auto/league/clcdhdvcrafpqstv35vp"
00-0040764,2026,Federico Maranges,SEA,OL,"https://static.www.nfl.com/image/upload/f_auto,q_auto/league/inusdinp7cv7fcdctdkb"
00-0036825,2026,Feleipe Franks,CAR,TE,"https://static.www.nfl.com/image/upload/f_auto,q_auto/league/nbn1wxlh6los4y2am3ro"
00-0039006,2026,Felix Anudike-Uzomah,KC,DL,"https://static.www.nfl.com/image/upload/f_auto,q_auto/league/exgukbhcnyzn7sntq0jk"
00-0040881,2026,Fernando Carmona,TEN,OL,"https://static.www.nfl.com/image/upload/f_auto,q_auto/league/oajvs6a6je65shncldtr"
00-0041562,2026,Fernando Mendoza,LV,QB,"https://static.www.nfl.com/image/upload/f_auto,q_auto/league/umygvel2pumkyvxt3jm9"
00-0034275,2026,Foley Fatukasi,LV,DL,"https://static.www.nfl.com/image/upload/f_auto,q_auto/league/ttcdigwndhyvmhvgof25"
00-0034981,2026,Foster Moreau,HOU,TE,"https://static.www.nfl.com/image/upload/f_auto,q_auto/league/daymhftrwf00siu0iviy"
00-0036584,2026,Foster Sarell,SF,OL,"https://static.www.nfl.com/image/upload/f_auto,q_auto/league/pspk0gr0uikkrspmdd8f"
00-0034413,2026,Foye Oluokun,JAX,LB,"https://static.www.nfl.com/image/private/f_auto,q_auto/league/ldsewkhf1k2uxwcud0bj"
00-0041505,2026,Francis Mauigoa,NYG,OL,"https://static.www.nfl.com/image/upload/f_auto,q_auto/league/sf5gdoimkobalbcvgirv"
00-0040186,2026,Francisco Mauigoa,NYJ,LB,"https://static.www.nfl.com/image/upload/f_auto,q_auto/league/e9v5ipktxb3yepsq0abj"
00-0039568,2026,Frank Crum,DEN,OL,"https://static.www.nfl.com/image/upload/f_auto,q_auto/league/cf6v9iuovxv0tvsvcito"
00-0039471,2026,Frank Gore Jr.,BUF,RB,"https://static.www.nfl.com/image/upload/f_auto,q_auto/league/qzf7faowlqoh5nengpq5"
00-0034302,2026,Frankie Luvu,WAS,LB,"https://static.www.nfl.com/image/upload/f_auto,q_auto/league/a42s7i0njohztuhxz13p"
00-0041177,2026,Fred Davis,WAS,DB,"https://static.www.nfl.com/image/upload/f_auto,q_auto/league/cggb4uh3hy1gzmyuqk4v"
00-0034951,2026,Fred Johnson,PHI,OL,"https://static.www.nfl.com/image/private/f_auto,q_auto/league/unogqelkwjhl0qwfbyu5"
00-0034815,2026,Fred Warner,SF,LB,"https://static.www.nfl.com/image/upload/f_auto,q_auto/league/zmse3qgt0x2mqiuiuiu7"
00-0039265,2026,Gabe Hall,PHI,DL,"https://static.www.nfl.com/image/upload/f_auto,q_auto/league/ofalkqy1zcwgoggtgdlt"
00-0041569,2026,Gabe Jacas,NE,LB,"https://static.www.nfl.com/image/upload/f_auto,q_auto/league/olnj7czbn0ul98o5nn61"
00-0041400,2026,Gabe Rubio,PIT,DL,"https://static.www.nfl.com/image/upload/f_auto,q_auto/league/pvqedjkhi9vdrjbrrmcr"
00-0040259,2026,Gage Larvadain,BAL,WR,"https://static.www.nfl.com/image/upload/f_auto,q_auto/league/sivfugvzbbxrgkvxr5cb"
00-0035289,2026,Gardner Minshew,ARI,QB,"https://static.www.nfl.com/image/upload/f_auto,q_auto/league/knlacyr7rqfkcxiriudj"
00-0033538,2026,Garett Bolles,DEN,OL,"https://static.www.nfl.com/image/upload/f_auto,q_auto/league/xhxwjnd0emn65lfom6z7"
00-0040472,2026,Garmon Randolph,CIN,LB,"https://static.www.nfl.com/image/upload/f_auto,q_auto/league/tacteeggw794fusmsq32"
00-0036844,2026,Garret Wallow,SF,LB,"https://static.www.nfl.com/image/upload/f_auto,q_auto/league/swmlsjwctjetibjmhqxs"
00-0035588,2026,Garrett Bradbury,CHI,OL,"https://static.www.nfl.com/image/upload/f_auto,q_auto/league/lpe4jgum1im7luvecrc4"
00-0040079,2026,Garrett Dellinger,TEN,OL,"https://static.www.nfl.com/image/upload/f_auto,q_auto/league/yvxpchw3k1rzu0jq5575"
00-0041208,2026,Garrett DiGiorgio,JAX,OL,"https://static.www.nfl.com/image/upload/f_auto,q_auto/league/fkpmi3qwjwkjcluhjkhn"
00-0040419,2026,Garrett Greene,TB,WR,"https://static.www.nfl.com/image/upload/f_auto,q_auto/league/ryxqb4ioarar7jduttfu"
00-0040906,2026,Garrett Nussmeier,KC,QB,"https://static.www.nfl.com/image/upload/f_auto,q_auto/league/uyidfkzfhuqaks3pmdeo"
00-0039007,2026,Garrett Williams,ARI,DB,"https://static.www.nfl.com/image/upload/f_auto,q_auto/league/av20qv7vnk7arcnw25bd"
00-0037740,2026,Garrett Wilson,NYJ,WR,"https://static.www.nfl.com/image/upload/f_auto,q_auto/league/upxwxmhdd8xluztgqwhe"
00-0035589,2026,Gary Jennings,LAC,WR,"https://static.www.nfl.com/image/private/f_auto,q_auto/league/kfmi1ueidfxfixmaggov"
00-0041007,2026,Gary Smith III,LV,DL,"https://static.www.nfl.com/image/upload/f_auto,q_auto/league/pg1gxclnnavdtd7s8cgs"
00-0040215,2026,Gavin Bartholomew,MIN,TE,"https://static.www.nfl.com/image/upload/f_auto,q_auto/league/vezjblfvo9gduiyonlum"
00-0041124,2026,Gavin Gerhardt,HOU,OL,"https://static.www.nfl.com/image/upload/f_auto,q_auto/league/racsjeolwog7ueun0pab"
00-0041297,2026,Gavin Ortega,DEN,OL,"https://static.www.nfl.com/image/upload/f_auto,q_auto/league/birjqhksr8vcpsxs27nw"
00-0041064,2026,Genesis Smith,LAC,DB,"https://static.www.nfl.com/image/upload/f_auto,q_auto/league/xaausvzp0c7hyqgiqdbr"
00-0041396,2026,Gennings Dunker,PIT,OL,"https://static.www.nfl.com/image/upload/f_auto,q_auto/league/orewpce9gba4rsx0qnr8"
00-0030565,2026,Geno Smith,NYJ,QB,"https://static.www.nfl.com/image/upload/f_auto,q_auto/league/zppfqqcyjfma14jjif3a"
00-0036199,2026,Geno Stone,BUF,DB,"https://static.www.nfl.com/image/upload/f_auto,q_auto/league/sgf49brnj161yst22imt"
00-0041234,2026,Geno VanDeMark,NYG,OL,"https://static.www.nfl.com/image/upload/f_auto,q_auto/league/flljxyu3fooj4piap4hz"
00-0041080,2026,George Gumbs Jr.,IND,DL,"https://static.www.nfl.com/image/upload/f_auto,q_auto/league/rdqs2cz8p8tdcnrkuxkt"
00-0039299,2026,George Holani,SEA,RB,"https://static.www.nfl.com/image/upload/f_auto,q_auto/league/pgwvv5qhcmnwf3tomy1a"
00-0037192,2026,George Karlaftis,KC,DL,"https://static.www.nfl.com/image/upload/f_auto,q_auto/league/deudgtxl8ofjcz8zpzzi"
00-0033288,2026,George Kittle,SF,TE,"https://static.www.nfl.com/image/upload/f_auto,q_auto/league/vkicdglglkyukgyxtmpx"
00-0034091,2026,George Odum,HOU,DB,"https://static.www.nfl.com/image/upload/f_auto,q_auto/league/watelqvhccitomv8ntny"
00-0037247,2026,George Pickens,DAL,WR,"https://static.www.nfl.com/image/upload/f_auto,q_auto/league/cbpyykoguf7rsxezqzvk"
00-0040098,2026,Gerad Lichtenhan,BAL,OL,"https://static.www.nfl.com/image/upload/f_auto,q_auto/league/xyfozfelcvupcc1uu06u"
00-0041489,2026,Germie Bernard,PIT,WR,"https://static.www.nfl.com/image/upload/f_auto,q_auto/league/rsbtypbsvxux94vokb5q"
00-0034817,2026,Geron Christian,JAX,OL,"https://static.www.nfl.com/image/upload/f_auto,q_auto/league/op7pv7rqvcvolr41t285"
00-0039070,2026,Gervon Dexter Sr.,ATL,DL,"https://static.www.nfl.com/image/private/f_auto,q_auto/league/vj6m4qixxhqmufrr5ilo"
00-0039362,2026,Giovanni Manu,DET,OL,"https://static.www.nfl.com/image/upload/f_auto,q_auto/league/cjakbqctg8tjtt0lfgh2"
00-0039262,2026,Gottlieb Ayedze,MIA,OL,"https://static.www.nfl.com/image/upload/f_auto,q_auto/league/djqq8oxg6w2nllo5frh3"
00-0041557,2026,Gracen Halton,SF,DL,"https://static.www.nfl.com/image/upload/f_auto,q_auto/league/kgidfvowkezba4g4nig8"
00-0031583,2026,Grady Jarrett,CHI,DL,"https://static.www.nfl.com/image/upload/f_auto,q_auto/league/cchbtgvedcufwteb6dip"
00-0039905,2026,Graham Barton,TB,OL,"https://static.www.nfl.com/image/upload/f_auto,q_auto/league/jbvrm3jvgbcjjc1yd5qx"
00-0040211,2026,Graham Mertz,HOU,QB,"https://static.www.nfl.com/image/upload/f_auto,q_auto/league/v5l7nuj0z669orqxga16"
00-0037086,2026,Grant Calcaterra,PHI,TE,"https://static.www.nfl.com/image/upload/f_auto,q_auto/league/inpyxw55sxo96shrt4si"
00-0036282,2026,Grant Delpit,CLE,DB,"https://static.www.nfl.com/image/upload/f_auto,q_auto/league/p1pfbn04h6myuuvvgvgr"
00-0036672,2026,Grant Stuard,LAR,LB,"https://static.www.nfl.com/image/upload/f_auto,q_auto/league/n4pxuecujgacthcoxgql"
00-0040489,2026,Greedy Vance,LV,DB,"https://static.www.nfl.com/image/upload/f_auto,q_auto/league/mr8rshagj0vkedyjoz1t"
00-0041430,2026,Greg Crippen,PIT,OL,"https://static.www.nfl.com/image/upload/f_auto,q_auto/league/bsgebzdsvzkglkpkeulb"
00-0035500,2026,Greg Dortch,BUF,WR,"https://static.www.nfl.com/image/upload/f_auto,q_auto/league/pylafoddjiqh4rhjlhpf"
00-0037252,2026,Greg Dulcich,MIA,TE,"https://static.www.nfl.com/image/upload/f_auto,q_auto/league/kw4cwgjl4kywh6le4sfh"
00-0035667,2026,Greg Gaines,BUF,DL,"https://static.www.nfl.com/image/upload/f_auto,q_auto/league/zo3aqstf8ng4tju17tid"
00-0036996,2026,Greg Newsome II,NYG,DB,"https://static.www.nfl.com/image/upload/f_auto,q_auto/league/zyfy3onrys9i6ounvai8"
00-0036914,2026,Greg Rousseau,BUF,LB,"https://static.www.nfl.com/image/upload/f_auto,q_auto/league/bezzackpgrvijtqh6hta"
00-0029685,2026,Greg Van Roten,NE,OL,"https://static.www.nfl.com/image/upload/f_auto,q_auto/league/iey1sirxc8ggdt5yeunm"
00-0041376,2026,Gregory Desrosiers,LAC,RB,"https://static.www.nfl.com/image/upload/f_auto,q_auto/league/serg5wdxgoemdropu4vs"
00-0040639,2026,Grey Zabel,SEA,OL,"https://static.www.nfl.com/image/upload/f_auto,q_auto/league/ttuahecuymewba9naaql"
00-0033952,2026,Grover Stewart,IND,DL,"https://static.www.nfl.com/image/upload/f_auto,q_auto/league/hevbchcmeeujuwjcyjqv"
00-0040584,2026,Gunnar Helm,TEN,TE,"https://static.www.nfl.com/image/upload/f_auto,q_auto/league/hewm6ztgka7xkbl6ybvb"
00-0035645,2026,Gunner Olszewski,NYG,WR,"https://static.www.nfl.com/image/upload/f_auto,q_auto/league/q6fs5e2eotgeh47xeo74"
00-0040401,2026,Gus Hartwig,DET,OL,"https://static.www.nfl.com/image/upload/f_auto,q_auto/league/e9anjdcbjlqqxyovquif"
00-0036310,2026,Hakeem Adeniji,BAL,OL,"https://static.www.nfl.com/image/upload/f_auto,q_auto/league/qcoi4yerqm7urfbnscft"
00-0040912,2026,Hank Beatty,TEN,WR,"https://static.www.nfl.com/image/upload/f_auto,q_auto/league/ainu7jvyjyjnsa8tdahf"
00-0040663,2026,Harold Fannin Jr.,CLE,TE,"https://static.www.nfl.com/image/upload/f_auto,q_auto/league/fxublmpnxx9uggsddwik"
00-0034828,2026,Harold Landry III,NE,LB,"https://static.www.nfl.com/image/upload/f_auto,q_auto/league/u4vo0zlxvsph3annhc4f"
00-0041112,2026,Harold Perkins Jr.,ATL,LB,"https://static.www.nfl.com/image/upload/f_auto,q_auto/league/sdvimzmhvfuaj6m4wpsu"
00-0033303,2026,Harrison Butker,KC,K,"https://static.www.nfl.com/image/upload/f_auto,q_auto/league/yphf8avl8ji0ncdohabz"
00-0039498,2026,Harrison Mevis,LAR,K,"https://static.www.nfl.com/image/upload/f_auto,q_auto/league/yjmtai1e4eqbsw2yk6mh"
00-0034782,2026,Harrison Phillips,NYJ,DL,"https://static.www.nfl.com/image/upload/f_auto,q_auto/league/znophhdzukalwuwsx6vx"
00-0029606,2026,Harrison Smith,MIN,DB,"https://static.www.nfl.com/image/upload/f_auto,q_auto/league/kadw1bk0cxsarjrwbdrq"
00-0041368,2026,Harrison Wallace III,ARI,WR,"https://static.www.nfl.com/image/upload/f_auto,q_auto/league/mxwpoysyvficq6vgvcdq"
00-0037617,2026,Hassan Haskins,NE,RB,"https://static.www.nfl.com/image/upload/f_auto,q_auto/league/n9jwsfxyo1xppmhscpik"
00-0040219,2026,Hayden Conner,ARI,OL,"https://static.www.nfl.com/image/upload/f_auto,q_auto/league/sc7uno5kkkxgosvjz18t"
00-0041170,2026,Hayden Large,CHI,TE,"https://static.www.nfl.com/image/upload/f_auto,q_auto/league/gbhffvvzh3nnzpno5hhw"
00-0039489,2026,Hayden Rucci,LAC,TE,"https://static.www.nfl.com/image/upload/f_auto,q_auto/league/vkscrzclmd0tboxpi8lk"
00-0041149,2026,Haynes King,CAR,QB,"https://static.www.nfl.com/image/upload/f_auto,q_auto/league/qcloyq4ahyh0hfzo6i0i"
00-0038550,2026,Hendon Hooker,TEN,QB,"https://static.www.nfl.com/image/upload/f_auto,q_auto/league/jq92ol8hm5n7byqhpcps"
00-0038785,2026,Henry Byrd,MIN,OL,"https://static.www.nfl.com/image/upload/f_auto,q_auto/league/x6i8ymo7tl6o19o7pmry"
00-0041255,2026,Henry Lutovsky,TB,OL,"https://static.www.nfl.com/image/upload/f_auto,q_auto/league/cctn8p66br2fainucxk3"
00-0038599,2026,Henry To'oTo'o,HOU,LB,"https://static.www.nfl.com/image/upload/f_auto,q_auto/league/epsdr0zqlm2vrhizwama"
00-0035258,2026,Hjalte Froholdt,ARI,OL,"https://static.www.nfl.com/image/upload/f_auto,q_auto/league/ylkuycgg5mlekrd0e7uy"
00-0039445,2026,Hogan Hatten,DET,LS,"https://static.www.nfl.com/image/upload/f_auto,q_auto/league/yzzbpxu7nqjl3crr1srw"
00-0040369,2026,Howard Cross III,CIN,DL,"https://static.www.nfl.com/image/upload/f_auto,q_auto/league/c14y9hq7dq3e6wfuiqi7"
00-0040479,2026,Hudson Clark,ARI,DB,"https://static.www.nfl.com/image/upload/f_auto,q_auto/league/mljmmhm13oo8pxc7reag"
00-0040656,2026,Hunter Dekkers,NO,QB,"https://static.www.nfl.com/image/upload/f_auto,q_auto/league/fcuzrfcbmtqlxksgmg7i"
00-0033090,2026,Hunter Henry,NE,TE,"https://static.www.nfl.com/image/upload/f_auto,q_auto/league/cvlunbqgztudbhjrug7l"
00-0037004,2026,Hunter Long,ARI,TE,"https://static.www.nfl.com/image/upload/f_auto,q_auto/league/wlj6sdfj5qcy8bt2qyxb"
00-0038738,2026,Hunter Luepke,DAL,RB,"https://static.www.nfl.com/image/upload/f_auto,q_auto/league/m28qafff4o5vb3aaumiv"
00-0039827,2026,Hunter Nourzad,KC,OL,"https://static.www.nfl.com/image/upload/f_auto,q_auto/league/r81y8mo3z0v6ts0jjnwh"
00-0040235,2026,Hunter Wohler,IND,DB,"https://static.www.nfl.com/image/upload/f_auto,q_auto/league/y131etrmbhponqhkoiwp"
00-0034365,2026,Ian Thomas,LV,TE,"https://static.www.nfl.com/image/upload/f_auto,q_auto/league/gvpwnq0mjefjlekgzxro"
00-0039466,2026,Ian Wheeler,BUF,RB,"https://static.www.nfl.com/image/upload/f_auto,q_auto/league/qxewapbjpqnku0yltsza"
00-0036993,2026,Ifeatu Melifonwu,TB,DB,"https://static.www.nfl.com/image/upload/f_auto,q_auto/league/ftt7jc1nr0hmf1xmzyh2"
00-0036635,2026,Ihmir Smith-Marsette,CAR,WR,"https://static.www.nfl.com/image/upload/f_auto,q_auto/league/mnfsun286mv5azpa8zaw"
00-0037229,2026,Ikem Ekwonu,CAR,OL,"https://static.www.nfl.com/image/upload/f_auto,q_auto/league/mpfy7ivhwvry6pjezemw"
00-0037156,2026,Irvin Charles,SEA,WR,"https://static.www.nfl.com/image/upload/f_auto,q_auto/league/heeyyjyf5prqas5tmwvk"
00-0036448,2026,Isaac Alarcon,SF,OL,"https://static.www.nfl.com/image/upload/f_auto,q_auto/league/tf80dmb1inreek7ijguw"
00-0039363,2026,Isaac Guerendo,SF,RB,"https://static.www.nfl.com/image/upload/f_auto,q_auto/league/uy1bdu0dokosyzl4ohmi"
00-0032954,2026,Isaac Seumalo,ARI,OL,"https://static.www.nfl.com/image/upload/f_auto,q_auto/league/ezvqcoqxojheotcoyinv"
00-0040669,2026,Isaac TeSlaa,DET,WR,"https://static.www.nfl.com/image/upload/f_auto,q_auto/league/ducfhbiy2a8loytcjymn"
00-0034780,2026,Isaac Yiadom,WAS,DB,"https://static.www.nfl.com/image/upload/f_auto,q_auto/league/yshnc3lfpcams5ropegx"
00-0041146,2026,Isaia Glass,CAR,OL,"https://static.www.nfl.com/image/upload/f_auto,q_auto/league/ydmxfwrctgc3wzrmi4rv"
00-0039808,2026,Isaiah Adams,ARI,OL,"https://static.www.nfl.com/image/upload/f_auto,q_auto/league/ule1nyboygcfxxc0qz8l"
00-0038641,2026,Isaiah Bolden,PHI,DB,"https://static.www.nfl.com/image/upload/f_auto,q_auto/league/at3zmsf7seu7exc1d4od"
00-0040782,2026,Isaiah Bond,CLE,WR,"https://static.www.nfl.com/image/upload/f_auto,q_auto/league/piv889pkizjvgrtpfkxm"
00-0039798,2026,Isaiah Davis,NYJ,RB,"https://static.www.nfl.com/image/upload/f_auto,q_auto/league/x6r9a5xhtaklbvnqmtw7"
00-0039143,2026,Isaiah Foskey,CIN,DL,"https://static.www.nfl.com/image/upload/f_auto,q_auto/league/etyericvmbufgeiwkcry"
00-0036165,2026,Isaiah Hodgins,PIT,WR,"https://static.www.nfl.com/image/upload/f_auto,q_auto/league/ywbemecs6xa8bsm3h7bb"
00-0039644,2026,Isaiah Iton,NE,DL,"https://static.www.nfl.com/image/upload/f_auto,q_auto/league/qa0ncvwwdi7zoutxpa9a"
00-0040999,2026,Isaiah Jatta,LV,OL,"https://static.www.nfl.com/image/upload/f_auto,q_auto/league/yvqd3lgm1wui3oyazbkw"
00-0038737,2026,Isaiah Land,DAL,LB,"https://static.www.nfl.com/image/upload/f_auto,q_auto/league/iwr8ph2nr9nczlbhylbl"
00-0037838,2026,Isaiah Likely,NYG,TE,"https://static.www.nfl.com/image/upload/f_auto,q_auto/league/b1pahldt9ixp9lssxi2d"
00-0036658,2026,Isaiah McDuffie,GB,LB,"https://static.www.nfl.com/image/upload/f_auto,q_auto/league/fjcqgmefc4u0plwp92mq"
00-0038574,2026,Isaiah McGuire,CLE,DL,"https://static.www.nfl.com/image/upload/f_auto,q_auto/league/bgay7c5onbqadb4qjguc"
00-0040558,2026,Isaiah Neyor,GB,WR,"https://static.www.nfl.com/image/upload/f_auto,q_auto/league/kpmodyntguke9pmvxeyw"
00-0034357,2026,Isaiah Oliver,TEN,DB,"https://static.www.nfl.com/image/upload/f_auto,q_auto/league/kkjrgyvwont6cdbhu9y2"
00-0037512,2026,Isaiah Pola-Mao,LV,DB,"https://static.www.nfl.com/image/upload/f_auto,q_auto/league/iv2fsbkqbciaglpqrlbd"
00-0036222,2026,Isaiah Rodgers,MIN,DB,"https://static.www.nfl.com/image/upload/f_auto,q_auto/league/ukadn9uyrajapqo6gxuj"
00-0036356,2026,Isaiah Simmons,CAR,DB,"https://static.www.nfl.com/image/upload/f_auto,q_auto/league/mf9tbatcc933o8rzfuy5"
00-0041154,2026,Isaiah Smith,CAR,LB,"https://static.www.nfl.com/image/upload/f_auto,q_auto/league/rkqgcreuuho9xykg7hm7"
00-0039622,2026,Isaiah Stalbird,NO,LB,"https://static.www.nfl.com/image/upload/f_auto,q_auto/league/g3vz4uuympfirjuvbr2r"
00-0039451,2026,Isaiah Williams,NYJ,WR,"https://static.www.nfl.com/image/upload/f_auto,q_auto/league/rj2etltwzmlxyz1cfkeo"
00-0041387,2026,Isaiah World,LAC,OL,"https://static.www.nfl.com/image/upload/f_auto,q_auto/league/owat1mlzs6ozrpqa1jfo"
00-0040065,2026,Isas Waxter,LAC,DB,"https://static.www.nfl.com/image/upload/f_auto,q_auto/league/t95edoropxwx1zlmwt9m"
00-0037197,2026,Isiah Pacheco,DET,RB,"https://static.www.nfl.com/image/upload/f_auto,q_auto/league/hkqb4imkum3vxxkwuetl"
00-0038389,2026,Israel Abanikanda,DAL,RB,"https://static.www.nfl.com/image/upload/f_auto,q_auto/league/mt7lgg9gbjcmb2wttxeg"
00-0037230,2026,Israel Antwine,DEN,DL,"https://static.www.nfl.com/image/private/f_auto,q_auto/league/pmger6bb28zubcy6qlvo"
00-0038807,2026,Ivan Pace Jr.,MIN,LB,"https://static.www.nfl.com/image/upload/f_auto,q_auto/league/til1eiumoueha3mnindj"
00-0041282,2026,Izavion Miller,CLE,OL,"https://static.www.nfl.com/image/upload/f_auto,q_auto/league/hjaegxsf2bz8om9lpq3q"
00-0041217,2026,J'Mari Taylor,JAX,RB,"https://static.www.nfl.com/image/upload/f_auto,q_auto/league/bllauluwnbc34h7uzuom"
00-0040948,2026,J. Michael Sturdivant,GB,WR,"https://static.www.nfl.com/image/upload/f_auto,q_auto/league/jpcewjixipg3iuu2ucyq"
00-0041101,2026,J.C. Davis,NYG,OL,"https://static.www.nfl.com/image/upload/f_auto,q_auto/league/t69il88b4wzuu69bxr2t"
00-0026027,2026,J.J. Jansen,CAR,LS,"https://static.www.nfl.com/image/upload/f_auto,q_auto/league/vmbidsuvur7zfmpt9xak"
00-0039923,2026,J.J. McCarthy,MIN,QB,"https://static.www.nfl.com/image/upload/f_auto,q_auto/league/omybnfokapjw6jwb5dd3"
00-0036158,2026,J.K. Dobbins,DEN,RB,"https://static.www.nfl.com/image/upload/f_auto,q_auto/league/cevotvl3ho5h1mioruyg"
00-0034162,2026,J.K. Scott,LAC,P,"https://static.www.nfl.com/image/upload/f_auto,q_auto/league/yayikawhfng99cqrosax"
00-0040063,2026,J.R. Singleton,SEA,DL,"https://static.www.nfl.com/image/upload/f_auto,q_auto/league/xj6kwzkuejml3io1x4qe"
00-0039731,2026,JC Latham,TEN,OL,"https://static.www.nfl.com/image/upload/f_auto,q_auto/league/smrxlm1rtszojndj3wvu"
00-0039370,2026,JD Bertrand,ATL,LB,"https://static.www.nfl.com/image/upload/f_auto,q_auto/league/pem7wfoxovov0cjuopjv"
00-0040528,2026,JJ Galbreath,IND,TE,"https://static.www.nfl.com/image/upload/f_auto,q_auto/league/rt28raaxljxinfm6vtmy"
00-0040199,2026,JJ Pegues,LV,DL,"https://static.www.nfl.com/image/upload/f_auto,q_auto/league/dvqvxiv0lmy8wyunoztu"
00-0040425,2026,JJ Roberts,TB,DB,"https://static.www.nfl.com/image/upload/f_auto,q_auto/league/bgwp7cyxeadn8uzkyitj"
00-0038605,2026,JL Skinner,DEN,DB,"https://static.www.nfl.com/image/upload/f_auto,q_auto/league/dvlcjuzhtjxgfnnbcxjv"
00-0040275,2026,JP Richardson,CHI,WR,"https://static.www.nfl.com/image/upload/f_auto,q_auto/league/wsnuaqx6jbadrinmo1z2"
00-0038091,2026,JT Woods,NYG,DB,"https://static.www.nfl.com/image/upload/f_auto,q_auto/league/c9yj9oh5pdja14fvmoub"
00-0040870,2026,Ja'Kobi Lane,BAL,WR,"https://static.www.nfl.com/image/upload/f_auto,q_auto/league/gjezd2a8imfrxyv16wuj"
00-0039907,2026,Ja'Lynn Polk,NO,WR,"https://static.www.nfl.com/image/upload/f_auto,q_auto/league/w4hcfpfjrpt0fchb0xmm"
00-0037661,2026,Ja'Marcus Ingram,HOU,DB,"https://static.www.nfl.com/image/upload/f_auto,q_auto/league/psqzuevupspatsrfianv"
00-0036900,2026,Ja'Marr Chase,CIN,WR,"https://static.www.nfl.com/image/upload/f_auto,q_auto/league/qya3dtjb5kgofcuj2tuw"
00-0041272,2026,Ja'Mori Maclin,BUF,WR,"https://static.www.nfl.com/image/upload/f_auto,q_auto/league/pzy27lpwlernu820cyfd"
00-0037384,2026,Ja'Quan McMillian,DEN,DB,"https://static.www.nfl.com/image/upload/f_auto,q_auto/league/kpgabuesfqci0swbrkem"
00-0040332,2026,Ja'Quinden Jackson,PHI,RB,"https://static.www.nfl.com/image/upload/f_auto,q_auto/league/zuxvf9yfajqwllmu06rh"
00-0040265,2026,Ja'Seem Reed,CAR,WR,"https://static.www.nfl.com/image/upload/f_auto,q_auto/league/uh29rkmiggnca0qq7vil"
00-0037307,2026,Ja'Sir Taylor,CIN,DB,"https://static.www.nfl.com/image/upload/f_auto,q_auto/league/lzlwu2xb6ohzqddbo7mi"
00-0039356,2026,Ja'Tavion Sanders,CAR,TE,"https://static.www.nfl.com/image/upload/f_auto,q_auto/league/le2akm1cbou170ioctxl"
00-0039722,2026,JaQuae Jackson,LAC,WR,"https://static.www.nfl.com/image/upload/f_auto,q_auto/league/wvxmupkflng8vn8bcjzj"
00-0039652,2026,Jabari Small,DET,RB,"https://static.www.nfl.com/image/upload/f_auto,q_auto/league/jevnypgyk9xm7tcfldvi"
00-0040336,2026,Jabbar Muhammad,JAX,DB,"https://static.www.nfl.com/image/upload/f_auto,q_auto/league/ik6uynmak0jbmwnjztd3"
00-0040067,2026,Jacardia Wright,SEA,RB,"https://static.www.nfl.com/image/upload/f_auto,q_auto/league/tp3d97gujpw7fkvn7gno"
00-0040729,2026,Jack Bech,LV,WR,"https://static.www.nfl.com/image/upload/f_auto,q_auto/league/feplgtl0x1svqen9szwv"
00-0039018,2026,Jack Campbell,DET,LB,"https://static.www.nfl.com/image/upload/f_auto,q_auto/league/gxyqaufhu1wgnomrm8ic"
00-0037208,2026,Jack Cochrane,KC,LB,"https://static.www.nfl.com/image/upload/f_auto,q_auto/league/oayygmhoisjcedhuqm23"
00-0040564,2026,Jack Conley,NE,OL,"https://static.www.nfl.com/image/upload/f_auto,q_auto/league/nkocajkdxqcb8nfolh79"
00-0041242,2026,Jack Dingle,CIN,LB,"https://static.www.nfl.com/image/upload/f_auto,q_auto/league/wese4fyhry5qgvtcgwy3"
00-0036396,2026,Jack Driscoll,PIT,OL,"https://static.www.nfl.com/image/upload/f_auto,q_auto/league/dpxtqqekpghx23t7gb4j"
00-0041116,2026,Jack Endries,CIN,TE,"https://static.www.nfl.com/image/upload/f_auto,q_auto/league/wxtev9zj048yzxk8ebfu"
00-0035156,2026,Jack Fox,DET,P,"https://static.www.nfl.com/image/upload/f_auto,q_auto/league/iwfepgslxhtx236z6faz"
00-0037596,2026,Jack Gibbens,ARI,LB,"https://static.www.nfl.com/image/upload/f_auto,q_auto/league/cbl2jymi5wc5wxctu1es"
00-0036788,2026,Jack Heflin,NYJ,DL,"https://static.www.nfl.com/image/upload/f_auto,q_auto/league/vyvratpseoqy4rqej7fm"
00-0040284,2026,Jack Henderson,PIT,DB,"https://static.www.nfl.com/image/upload/f_auto,q_auto/league/lak0d9wrhu5k70g9hqzb"
00-0038039,2026,Jack Jones,SF,DB,"https://static.www.nfl.com/image/upload/f_auto,q_auto/v1787861967/league/ah12ltwvgwl9few2ktqj"
00-0041102,2026,Jack Kelly,NYG,LB,"https://static.www.nfl.com/image/upload/f_auto,q_auto/league/mi3bzmy1yrml24fmqfbx"
00-0040723,2026,Jack Kiser,JAX,LB,"https://static.www.nfl.com/image/upload/f_auto,q_auto/league/sy2upcvt2tvupphxlasc"
00-0040224,2026,Jack Nelson,MIN,OL,"https://static.www.nfl.com/image/upload/f_auto,q_auto/league/lfq3fxdznxmhx59npsyt"
00-0041256,2026,Jack Pyburn,KC,LB,"https://static.www.nfl.com/image/upload/f_auto,q_auto/league/z9fvkrqzww2zmzwibvn9"
00-0037109,2026,Jack Sanborn,CHI,LB,"https://static.www.nfl.com/image/upload/f_auto,q_auto/league/uo386zqnsqbvqzqbm7t2"
00-0040160,2026,Jack Sawyer,PIT,LB,"https://static.www.nfl.com/image/upload/f_auto,q_auto/league/bsfaucfu7cawckhpr73k"
00-0036741,2026,Jack Stoll,SF,TE,"https://static.www.nfl.com/image/upload/f_auto,q_auto/league/vx5eqo8t1qvj0ijwmiwm"
00-0041194,2026,Jack Strand,ATL,QB,"https://static.www.nfl.com/image/upload/f_auto,q_auto/league/oadw9h9otuauaiv1vxvz"
00-0041195,2026,Jack Velling,ATL,TE,"https://static.www.nfl.com/image/upload/f_auto,q_auto/league/wotouog19khzog4kfwmq"
00-0039305,2026,Jack Westover,WAS,TE,"https://static.www.nfl.com/image/upload/f_auto,q_auto/league/zpo5vbntn8b9hih2fi66"
00-0040892,2026,Jackie Marshall,TEN,DL,"https://static.www.nfl.com/image/upload/f_auto,q_auto/league/ycbn8enhdwq312wu40jn"
00-0040194,2026,Jackson Hawes,BUF,TE,"https://static.www.nfl.com/image/upload/f_auto,q_auto/league/gl3easmpg7rn6e5siya2"
00-0041119,2026,Jackson Kuwatch,CAR,LB,"https://static.www.nfl.com/image/upload/f_auto,q_auto/league/ssizhdf9pbw2zxp3egcj"
00-0040390,2026,Jackson Meeks,DET,TE,"https://static.www.nfl.com/image/upload/f_auto,q_auto/league/ot3dsyhfhos9epmkqdip"
00-0039735,2026,Jackson Powers-Johnson,LV,OL,"https://static.www.nfl.com/image/upload/f_auto,q_auto/league/o2lpxcphdigzwbjr12jh"
00-0039288,2026,Jackson Sirmon,NO,LB,"https://static.www.nfl.com/image/upload/f_auto,q_auto/league/zyqgfn5klopemn3prpwc"
00-0040190,2026,Jackson Slater,TEN,OL,"https://static.www.nfl.com/image/upload/f_auto,q_auto/league/fqex24qmlgvs3yrcyzza"
00-0040066,2026,Jackson Woodard,MIA,LB,"https://static.www.nfl.com/image/upload/f_auto,q_auto/league/az85ciifheyqiga3yqot"
00-0040359,2026,Jacob Bayer,CIN,OL,"https://static.www.nfl.com/image/upload/f_auto,q_auto/league/d9wihiwdb5cskydg46dw"
00-0040996,2026,Jacob Clark,LV,QB,"https://static.www.nfl.com/image/upload/f_auto,q_auto/league/zw2yzeb5jhowboogfpki"
00-0039365,2026,Jacob Cowing,SF,WR,"https://static.www.nfl.com/image/upload/f_auto,q_auto/league/uarciagmnzmyzs102dv6"
00-0040967,2026,Jacob De Jesus,KC,WR,"https://static.www.nfl.com/image/upload/f_auto,q_auto/league/e2vu3nw6evgo0tfku7nt"
00-0037633,2026,Jacob Hummel,HOU,LB,"https://static.www.nfl.com/image/upload/f_auto,q_auto/league/merkvyg5qcq6ykgsqqyb"
00-0034163,2026,Jacob Martin,TEN,DL,"https://static.www.nfl.com/image/upload/f_auto,q_auto/league/iq7og8epwftb1wl8aghd"
00-0039817,2026,Jacob Monk,GB,OL,"https://static.www.nfl.com/image/upload/f_auto,q_auto/league/njxl8msuzdym9x8egkcl"
00-0040143,2026,Jacob Parrish,TB,DB,"https://static.www.nfl.com/image/upload/f_auto,q_auto/league/xspc6ojezhpflx0jorx4"
00-0041325,2026,Jacob Rizy,NE,OL,"https://static.www.nfl.com/image/upload/f_auto,q_auto/league/fioyvuz4qbdnm5b97zkf"
00-0040786,2026,Jacob Roberts,MIN,LB,"https://static.www.nfl.com/image/upload/f_auto,q_auto/league/r2xg8flrjhh47j9jawx6"
00-0041522,2026,Jacob Rodriguez,MIA,LB,"https://static.www.nfl.com/image/upload/f_auto,q_auto/league/yqhkilqqhuxelhiz40qv"
00-0038896,2026,Jacob Saylors,DET,RB,"https://static.www.nfl.com/image/upload/f_auto,q_auto/league/wunm6abfmikwaewmwkp7"
00-0041383,2026,Jacob Spomer,LAC,OL,"https://static.www.nfl.com/image/upload/f_auto,q_auto/league/t0sybcgjsmso9bxpggf1"
00-0041354,2026,Jacob Thomas,MIN,DB,"https://static.www.nfl.com/image/upload/f_auto,q_auto/league/xme4nohvydgpjnj6gpge"
00-0041378,2026,Jacobian Guillory,LAC,DL,"https://static.www.nfl.com/image/upload/f_auto,q_auto/league/tpek1xmrgperrhkn46n3"
00-0033119,2026,Jacoby Brissett,ARI,QB,"https://static.www.nfl.com/image/upload/f_auto,q_auto/league/qjswiunczrn5xmdiqhlz"
00-0040317,2026,Jacoby Jones,WAS,WR,"https://static.www.nfl.com/image/upload/f_auto,q_auto/league/bc74vque05mi8tg5xzxu"
00-0039457,2026,Jacoby Windmon,PIT,LB,"https://static.www.nfl.com/image/upload/f_auto,q_auto/league/ejvqgmzpnbiitpype3yt"
00-0040242,2026,Jacory Croskey-Merritt,WAS,RB,"https://static.www.nfl.com/image/upload/f_auto,q_auto/league/qew4qhlj4yuf50voko61"
00-0041512,2026,Jadarian Price,SEA,RB,"https://static.www.nfl.com/image/upload/f_auto,q_auto/league/toy90i08oumgbdlvctja"
00-0041176,2026,Jaden Bradley,WAS,WR,"https://static.www.nfl.com/image/upload/f_auto,q_auto/league/kr2pi6xguzj2ejtpvsnm"
00-0039402,2026,Jaden Crumedy,HOU,DL,"https://static.www.nfl.com/image/upload/f_auto,q_auto/league/xmbnm0swk4oqrrnslrn5"
00-0041078,2026,Jaden Dugger,SF,LB,"https://static.www.nfl.com/image/upload/f_auto,q_auto/league/qgqcvgbjx1yflrlwfltq"
00-0039825,2026,Jaden Hicks,KC,DB,"https://static.www.nfl.com/image/upload/f_auto,q_auto/league/kg90d5bciznpqbpafke4"
00-0041410,2026,Jaden Keller,NYJ,LB,"https://static.www.nfl.com/image/upload/f_auto,q_auto/league/uxfz8xexycjmemktijh6"
00-0040450,2026,Jaden Robinson,NYG,DB,"https://static.www.nfl.com/image/upload/f_auto,q_auto/league/pcbxvlolhujhr944iqxa"
00-0040769,2026,Jaden Smith,DAL,WR,"https://static.www.nfl.com/image/upload/f_auto,q_auto/league/igfff3jsx73vmtuldw6q"
00-0031364,2026,Jadeveon Clowney,HOU,DL,"https://static.www.nfl.com/image/upload/f_auto,q_auto/league/iururnv6x8iuzepggwvt"
00-0041497,2026,Jadon Canady,KC,DB,"https://static.www.nfl.com/image/upload/f_auto,q_auto/league/huudorks6t6jyqnytlcy"
00-0040924,2026,Jaeden Roberts,ATL,OL,"https://static.www.nfl.com/image/upload/f_auto,q_auto/league/mtxrunakd09n7irsauen"
00-0036934,2026,Jaelan Phillips,CAR,LB,"https://static.www.nfl.com/image/upload/f_auto,q_auto/league/mgufa4byoe8onfjsuiq1"
00-0040884,2026,Jager Burton,GB,OL,"https://static.www.nfl.com/image/upload/f_auto,q_auto/league/zidvccgdzgf3lwkfcg7v"
00-0040486,2026,Jah Joyner,SF,DL,"https://static.www.nfl.com/image/upload/f_auto,q_auto/league/nxkh78ej5pghzfeesfqz"
00-0037741,2026,Jahan Dotson,ATL,WR,"https://static.www.nfl.com/image/upload/f_auto,q_auto/league/gwuibfw7ljxudxtldcvh"
00-0040720,2026,Jahdae Barron,DEN,DB,"https://static.www.nfl.com/image/upload/f_auto,q_auto/league/ashvve6dr35gtgdyjo10"
00-0040277,2026,Jahdae Walker,CHI,WR,"https://static.www.nfl.com/image/upload/f_auto,q_auto/league/cr13mo2xrpdkksy8fveq"
00-0039420,2026,Jaheim Bell,PIT,TE,"https://static.www.nfl.com/image/upload/f_auto,q_auto/league/swxvhppaewwccieyx6ax"
00-0040604,2026,Jahfari Harvey,LV,LB,"https://static.www.nfl.com/image/upload/f_auto,q_auto/league/wku1t52bulqtrb9sscw0"
00-0035240,2026,Jahlani Tavai,JAX,LB,"https://static.www.nfl.com/image/upload/f_auto,q_auto/league/srlewkb9utcfby1x0bhh"
00-0041375,2026,Jahmeer Carter,LAC,DL,"https://static.www.nfl.com/image/upload/f_auto,q_auto/league/f4yaadlyfhuy3ubcx4bj"
00-0039139,2026,Jahmyr Gibbs,DET,RB,"https://static.www.nfl.com/image/upload/f_auto,q_auto/league/cursejnmmp1i9hnxihkj"
00-0040988,2026,Jahquez Robinson,BAL,DB,"https://static.www.nfl.com/image/upload/f_auto,q_auto/league/boo9iyw6uaduxtvzwgf6"
00-0040572,2026,Jahvaree Ritzie,MIN,DL,"https://static.www.nfl.com/image/upload/f_auto,q_auto/league/wc149d02t0sbougkceuk"
00-0041514,2026,Jai'Onte' McMillan,MIA,DB,"https://static.www.nfl.com/image/upload/f_auto,q_auto/league/mfuo1vpaqrnlwq1jzrx4"
00-0040872,2026,Jaishawn Barham,DAL,LB,"https://static.www.nfl.com/image/upload/f_auto,q_auto/league/h35ij5cb5g5a8av170ca"
00-0039030,2026,Jake Andrews,HOU,OL,"https://static.www.nfl.com/image/upload/f_auto,q_auto/league/u4ys7gxfabvumwdj9vgg"
00-0035280,2026,Jake Bailey,ATL,P,"https://static.www.nfl.com/image/upload/f_auto,q_auto/league/loghcplmv69wosiqlopr"
00-0039172,2026,Jake Bates,DET,K,"https://static.www.nfl.com/image/upload/f_auto,q_auto/league/umhfee7ax7r8gjdt8okb"
00-0038752,2026,Jake Bobo,SEA,WR,"https://static.www.nfl.com/image/upload/f_auto,q_auto/league/esyfp5hwdtepk2ypsru4"
00-0032701,2026,Jake Brendel,SF,OL,"https://static.www.nfl.com/image/upload/f_auto,q_auto/league/kmzgxqcnngnaoichwdm7"
00-0040081,2026,Jake Briningstool,KC,TE,"https://static.www.nfl.com/image/upload/f_auto,q_auto/league/q7n84oth87v1glz5a5sz"
00-0036795,2026,Jake Curhan,CAR,OL,"https://static.www.nfl.com/image/upload/f_auto,q_auto/league/sfcyxgyi8qkzafuqwbnl"
00-0033787,2026,Jake Elliott,PHI,K,"https://static.www.nfl.com/image/upload/f_auto,q_auto/league/gxy1mhbnz1p2nufkg8qz"
00-0038041,2026,Jake Ferguson,DAL,TE,"https://static.www.nfl.com/image/upload/f_auto,q_auto/league/xpykb0tbosfwsn6dqstb"
00-0041495,2026,Jake Golday,MIN,LB,"https://static.www.nfl.com/image/upload/f_auto,q_auto/league/xxquil9cdqnjwqiwrj4h"
00-0038998,2026,Jake Haener,NYG,QB,"https://static.www.nfl.com/image/upload/f_auto,q_auto/league/jfxyp1qkekty7jwh5kcr"
00-0037457,2026,Jake Hansen,HOU,LB,"https://static.www.nfl.com/image/upload/f_auto,q_auto/league/i0pe7wrwhctzokn1kurk"
00-0039508,2026,Jake Kubas,NE,OL,"https://static.www.nfl.com/image/upload/f_auto,q_auto/league/vnwldohyvr6jrx5yivqe"
00-0040422,2026,Jake Majors,PHI,OL,"https://static.www.nfl.com/image/upload/f_auto,q_auto/league/xtrvv63ccghpiwxwmsdh"
00-0031279,2026,Jake Matthews,ATL,OL,"https://static.www.nfl.com/image/upload/f_auto,q_auto/league/hoifz7uqrpjm5g2mlyaa"
00-0038562,2026,Jake Moody,BAL,K,"https://static.www.nfl.com/image/upload/f_auto,q_auto/league/apt7uakuwoxlpsjp5lp5"
00-0041392,2026,Jake Slaughter,LAC,OL,"https://static.www.nfl.com/image/upload/f_auto,q_auto/league/m3tbps2o5cuy8ueeygjy"
00-0037112,2026,Jake Tonges,SF,TE,"https://static.www.nfl.com/image/upload/f_auto,q_auto/league/z6goxhdhfc2m0rmwvtbl"
00-0040559,2026,Jakob Robinson,SF,DB,"https://static.www.nfl.com/image/upload/f_auto,q_auto/league/qlefsw8fylwrmbgtmez7"
00-0041054,2026,Jakobe Thomas,MIN,DB,"https://static.www.nfl.com/image/upload/f_auto,q_auto/league/lhdrccjr1nefeeqnuzo7"
00-0034960,2026,Jakobi Meyers,JAX,WR,"https://static.www.nfl.com/image/upload/f_auto,q_auto/league/zrs4ij8mvw7wr1uujwew"
00-0039072,2026,Jakorian Bennett,PHI,DB,"https://static.www.nfl.com/image/upload/f_auto,q_auto/league/xmacplimntxaq6aohzpb"
00-0040055,2026,Jalan Gaines,SEA,DL,"https://static.www.nfl.com/image/upload/f_auto,q_auto/league/lfkr6bkvrdgfyhdvbbon"
00-0038794,2026,Jaleel McLaughlin,CLE,RB,"https://static.www.nfl.com/image/upload/f_auto,q_auto/league/jlzkji7mfkcmkyz2tygj"
00-0038640,2026,Jalen Brooks,ARI,WR,"https://static.www.nfl.com/image/upload/f_auto,q_auto/league/xeg0tvg6klf0afgddkq6"
00-0038386,2026,Jalen Carter,PHI,DL,"https://static.www.nfl.com/image/upload/f_auto,q_auto/league/lzctlmzr184bc1mix5qs"
00-0039491,2026,Jalen Coker,CAR,WR,"https://static.www.nfl.com/image/upload/f_auto,q_auto/league/yynz8rxen6tsvhojggiv"
00-0034446,2026,Jalen Davis,CIN,DB,"https://static.www.nfl.com/image/upload/f_auto,q_auto/league/lspbj6tc3afry1certf6"
00-0041517,2026,Jalen Farmer,IND,OL,"https://static.www.nfl.com/image/upload/f_auto,q_auto/league/byzurpewdn5eqgulkwbt"
00-0038648,2026,Jalen Graham,SF,LB,"https://static.www.nfl.com/image/upload/f_auto,q_auto/league/yx3s8vah183b6x6jt8z8"
00-0041211,2026,Jalen Hunt,NE,DL,"https://static.www.nfl.com/image/upload/f_auto,q_auto/league/ktz6tlcwfjukgpkvsxxg"
00-0036389,2026,Jalen Hurts,PHI,QB,"https://static.www.nfl.com/image/upload/f_auto,q_auto/league/xow5yvxjeqa6witmofmp"
00-0041055,2026,Jalen Huskey,JAX,DB,"https://static.www.nfl.com/image/upload/f_auto,q_auto/league/jowxyw99dao1tfevtpxm"
00-0040518,2026,Jalen Kimber,CIN,DB,"https://static.www.nfl.com/image/upload/f_auto,q_auto/league/pmxu16quwd7dgslibnoj"
00-0040209,2026,Jalen McLeod,JAX,LB,"https://static.www.nfl.com/image/upload/f_auto,q_auto/league/kwm2mbjg8rmeeurzlrrr"
00-0039855,2026,Jalen McMillan,TB,WR,"https://static.www.nfl.com/image/upload/f_auto,q_auto/league/s8tlj5wsi6cq8kjhp06v"
00-0040917,2026,Jalen McMurray,TEN,DB,"https://static.www.nfl.com/image/upload/f_auto,q_auto/league/zrwgaig57cdohkvwneex"
00-0032803,2026,Jalen Mills,DET,DB,"https://static.www.nfl.com/image/upload/f_auto,q_auto/league/yc4745ngoppgf1syjghl"
00-0040673,2026,Jalen Milroe,SEA,QB,"https://static.www.nfl.com/image/upload/f_auto,q_auto/league/hohqoqpdyquxn1sr1fm2"
00-0038740,2026,Jalen Moreno-Cropper,NO,WR,"https://static.www.nfl.com/image/upload/f_auto,q_auto/league/key7qkukzlgva9oz7k2r"
00-0037291,2026,Jalen Nailor,LV,WR,"https://static.www.nfl.com/image/upload/f_auto,q_auto/league/nojopyt8hxuwycxyaokb"
00-0037246,2026,Jalen Pitre,HOU,DB,"https://static.www.nfl.com/image/upload/f_auto,q_auto/league/brjf4opiqlbzp5q0wjcj"
00-0033055,2026,Jalen Ramsey,PIT,DB,"https://static.www.nfl.com/image/upload/f_auto,q_auto/league/pjozgun3xstol72jfoow"
00-0036387,2026,Jalen Reagor,MIA,WR,"https://static.www.nfl.com/image/upload/f_auto,q_auto/league/r55ywr41a014zd9zmvc1"
00-0038778,2026,Jalen Redmond,MIN,DL,"https://static.www.nfl.com/image/upload/f_auto,q_auto/league/y4m9ssdlqb8i7zgmo7tl"
00-0040180,2026,Jalen Rivers,CIN,OL,"https://static.www.nfl.com/image/upload/f_auto,q_auto/league/nzqljh0uejitqvijarfw"
00-0040646,2026,Jalen Royals,KC,WR,"https://static.www.nfl.com/image/upload/f_auto,q_auto/league/sqrid1hnmwqymcp2vxfx"
00-0041362,2026,Jalen Stroman,SF,DB,"https://static.www.nfl.com/image/upload/f_auto,q_auto/league/qtlqtpbd1mmpyvcuoa4k"
00-0039926,2026,Jalen Sundell,SEA,OL,"https://static.www.nfl.com/image/upload/f_auto,q_auto/league/egojfsvdjkcu1tabsxbt"
00-0035705,2026,Jalen Thompson,DAL,DB,"https://static.www.nfl.com/image/upload/f_auto,q_auto/league/dlsbnnvfzsmnqh3c05ah"
00-0037666,2026,Jalen Tolbert,MIA,WR,"https://static.www.nfl.com/image/upload/f_auto,q_auto/league/dthrzudnyh1mcrh1det2"
00-0040163,2026,Jalen Travis,IND,OL,"https://static.www.nfl.com/image/upload/f_auto,q_auto/league/lamodmrvaqz9i3kpct0b"
00-0038938,2026,Jalin Hyatt,NYG,WR,"https://static.www.nfl.com/image/upload/f_auto,q_auto/league/fqgvjckxe03pr4eup6m7"
00-0041251,2026,Jalon Daniels,TB,QB,"https://static.www.nfl.com/image/upload/f_auto,q_auto/league/hwhfl6i5drktwjvslfpn"
00-0041086,2026,Jalon Kilgore,BUF,DB,"https://static.www.nfl.com/image/upload/f_auto,q_auto/league/viakfc7gsrfvu7mxhox6"
00-0040577,2026,Jalon Walker,ATL,LB,"https://static.www.nfl.com/image/upload/f_auto,q_auto/league/mmtinfxaeg8afpuwwudm"
00-0034264,2026,Jalyn Holmes,TEN,DL,"https://static.www.nfl.com/image/upload/f_auto,q_auto/league/hostnk8byovbecbtdea7"
00-0039740,2026,Jalyx Hunt,PHI,LB,"https://static.www.nfl.com/image/upload/f_auto,q_auto/league/uymi2mf5vbfkxopurlby"
00-0041129,2026,Jam Miller,NE,RB,"https://static.www.nfl.com/image/upload/f_auto,q_auto/league/zfxfycwnsyjtoj1n8j5e"
00-0040405,2026,Jamaal Pritchett,NYJ,WR,"https://static.www.nfl.com/image/upload/f_auto,q_auto/league/cskrvfgcpvpezccsdfky"
00-0033872,2026,Jamal Adams,MIN,LB,"https://static.www.nfl.com/image/upload/f_auto,q_auto/league/plodzh6kwjvhpo2mf3ie"
00-0041244,2026,Jamal Haynes,CIN,RB,"https://static.www.nfl.com/image/upload/f_auto,q_auto/league/ljbgtbvcogvbhjnmn7cx"
00-0039395,2026,Jamal Hill,HOU,LB,"https://static.www.nfl.com/image/upload/f_auto,q_auto/league/wmxibtpnomcoopmuv8fi"
00-0040144,2026,Jamaree Caldwell,LAC,DL,"https://static.www.nfl.com/image/upload/f_auto,q_auto/league/o6zilnte5jibvs84wshv"
00-0039379,2026,Jamari Thrash,CLE,WR,"https://static.www.nfl.com/image/upload/f_auto,q_auto/league/byihyhwwpltzyetas85a"
00-0031503,2026,Jameis Winston,NYG,QB,"https://static.www.nfl.com/image/upload/f_auto,q_auto/league/e5qyxnibbyawi0pvfpjl"
00-0035699,2026,Jamel Dean,PIT,DB,"https://static.www.nfl.com/image/upload/f_auto,q_auto/league/i14xz1t5kffhey7aas39"
00-0041186,2026,James Brockermeyer,ATL,OL,"https://static.www.nfl.com/image/upload/f_auto,q_auto/league/izljy0gycj4sz3pc5n8z"
00-0033553,2026,James Conner,ARI,RB,"https://static.www.nfl.com/image/upload/f_auto,q_auto/league/ka8wlhtteg8hsowsdofk"
00-0037248,2026,James Cook,BUF,RB,"https://static.www.nfl.com/image/upload/f_auto,q_auto/league/anjbznqb9i21wzcgrtbs"
00-0037310,2026,James Houston,DAL,LB,"https://static.www.nfl.com/image/upload/f_auto,q_auto/league/zmjl8vpdr8fjeefnsnec"
00-0036866,2026,James Hudson,TEN,OL,"https://static.www.nfl.com/image/upload/f_auto,q_auto/league/eayesw9mhrbe5g1ezoht"
00-0036337,2026,James Lynch,CHI,DL,"https://static.www.nfl.com/image/upload/f_auto,q_auto/league/mmgzvvsxc3nffzkzyidq"
00-0037282,2026,James Mitchell,DAL,TE,"https://static.www.nfl.com/image/upload/f_auto,q_auto/league/q8b9goebgmuwusl6vqdc"
00-0041306,2026,James Neal III,HOU,OL,"https://static.www.nfl.com/image/upload/f_auto,q_auto/league/xidnqx1gkgr7dtdbg3br"
00-0040578,2026,James Pearce Jr.,ATL,LB,"https://static.www.nfl.com/image/upload/f_auto,q_auto/league/iw7gq1kiprdcsomewxuh"
00-0035795,2026,James Pierre,MIN,DB,"https://static.www.nfl.com/image/upload/f_auto,q_auto/league/ejlisynlop21gglz3zbh"
00-0041363,2026,James Thompson Jr.,SF,DL,"https://static.www.nfl.com/image/upload/f_auto,q_auto/league/kaksxzzz2yoykrlsv0hc"
00-0039430,2026,James Williams,TEN,LB,"https://static.www.nfl.com/image/upload/f_auto,q_auto/league/r31rpfa1ju3bqddeuhom"
00-0030615,2026,James Winchester,KC,LS,"https://static.www.nfl.com/image/upload/f_auto,q_auto/league/kfojelzxr0gwaj9aaybm"
00-0041366,2026,Jameson Geers,ARI,TE,"https://static.www.nfl.com/image/upload/f_auto,q_auto/league/c8jeabzy38oouigdr214"
00-0037240,2026,Jameson Williams,DET,WR,"https://static.www.nfl.com/image/upload/f_auto,q_auto/league/byiptqggtglvy5qrw5wp"
00-0039944,2026,Jamie Sheriff,LAR,LB,"https://static.www.nfl.com/image/upload/f_auto,q_auto/league/f9uictgyzz37rjcnjzkd"
00-0036500,2026,Jamien Sherwood,NYJ,LB,"https://static.www.nfl.com/image/upload/f_auto,q_auto/league/mbax9jdlzp7cxh0hyuow"
00-0040594,2026,Jamil Muhammad,CLE,DL,"https://static.www.nfl.com/image/upload/f_auto,q_auto/league/wbzfffhzpxeqllass1cq"
00-0038587,2026,Jammie Robinson,ATL,DB,"https://static.www.nfl.com/image/upload/f_auto,q_auto/league/zixsq934w8yeksxuznvd"
00-0039461,2026,Jamree Kromah,CHI,DL,"https://static.www.nfl.com/image/upload/f_auto,q_auto/league/edifmo4lsx8wjr93b0i8"
00-0038135,2026,Jaquan Brisker,PIT,DB,"https://static.www.nfl.com/image/upload/f_auto,q_auto/league/ng47khcomgkkfrmelstp"
00-0040395,2026,Jared Bartlett,JAX,LB,"https://static.www.nfl.com/image/upload/f_auto,q_auto/league/xvtfeuh8yeeunr7duz6f"
00-0033106,2026,Jared Goff,DET,QB,"https://static.www.nfl.com/image/upload/f_auto,q_auto/league/kaicbot8qhzrvddilbtp"
00-0040283,2026,Jared Harrison-Hunte,ARI,DL,"https://static.www.nfl.com/image/upload/f_auto,q_auto/league/zlu1tvw0ethftax8vcfa"
00-0040056,2026,Jared Ivey,ATL,LB,"https://static.www.nfl.com/image/upload/f_auto,q_auto/league/rliaugoupzvspm3vdtcp"
00-0039852,2026,Jared Verse,CLE,DL,"https://static.www.nfl.com/image/upload/f_auto,q_auto/league/cpa5qqc59ndeg6timqmf"
00-0038728,2026,Jared Wayne,HOU,WR,"https://static.www.nfl.com/image/upload/f_auto,q_auto/league/ykhrjnmqsqyprplhy6pl"
00-0039824,2026,Jared Wiley,KC,TE,"https://static.www.nfl.com/image/upload/f_auto,q_auto/league/qbu14rgh4wchepqsrgb0"
00-0040147,2026,Jared Wilson,NE,OL,"https://static.www.nfl.com/image/upload/f_auto,q_auto/league/da4grsbnhp3i0pdon8ym"
00-0040901,2026,Jaren Kanak,TEN,TE,"https://static.www.nfl.com/image/upload/f_auto,q_auto/league/nbrbfq68ghrvt2dsieej"
00-0039285,2026,Jarius Monroe,NYJ,DB,"https://static.www.nfl.com/image/upload/f_auto,q_auto/league/b3txbatszz4qastkzivi"
00-0040692,2026,Jarquez Hunter,MIA,RB,"https://static.www.nfl.com/image/upload/f_auto,q_auto/league/pqqxp2q7mkpnqbahu25c"
00-0032387,2026,Jarran Reed,SEA,DL,"https://static.www.nfl.com/image/upload/f_auto,q_auto/league/td7umxhgwkswls8rutk0"
00-0039832,2026,Jarrett Kingston,MIA,OL,"https://static.www.nfl.com/image/upload/f_auto,q_auto/league/kxvhcqmyotwpjaphrtvw"
00-0038615,2026,Jarrett Patterson,SF,OL,"https://static.www.nfl.com/image/upload/f_auto,q_auto/league/tf57af5og2u6ybvb4vo1"
00-0035264,2026,Jarrett Stidham,DEN,QB,"https://static.www.nfl.com/image/upload/f_auto,q_auto/league/uzdn86skeienyyqxyiuw"
00-0039353,2026,Jarrian Jones,JAX,DB,"https://static.www.nfl.com/image/upload/f_auto,q_auto/league/zauu0tt26tt32qevyvtm"
00-0038401,2026,Jarrick Bernard-Converse,NYG,DB,"https://static.www.nfl.com/image/upload/f_auto,q_auto/league/qijokuz8ptkewjqktjm4"
00-0039372,2026,Jarvis Brownlee Jr.,NYJ,DB,"https://static.www.nfl.com/image/upload/f_auto,q_auto/league/u9vm18mpoxmzhukikjy2"
00-0037410,2026,Jashaun Corbin,DAL,RB,"https://static.www.nfl.com/image/upload/f_auto,q_auto/league/ovzlcbe1osd6ugfxu55d"
00-0038492,2026,Jason Brownlee,KC,WR,"https://static.www.nfl.com/image/upload/f_auto,q_auto/league/lxmpoub3eslnvevtpoqf"
00-0040178,2026,Jason Marshall Jr.,MIA,DB,"https://static.www.nfl.com/image/upload/f_auto,q_auto/league/chf1ow0awwha9hrcoqxc"
00-0031492,2026,Jason Myers,SEA,K,"https://static.www.nfl.com/image/upload/f_auto,q_auto/league/zcd7q9loflr0t5bsvzig"
00-0036502,2026,Jason Pinnock,NYG,DB,"https://static.www.nfl.com/image/upload/f_auto,q_auto/league/l8c9lidz6spvjrp1v831"
00-0034794,2026,Jason Sanders,NYJ,K,"https://static.www.nfl.com/image/upload/f_auto,q_auto/league/k3ldptfygihmqgl2eir6"
00-0039060,2026,Jason Taylor II,DET,DB,"https://static.www.nfl.com/image/upload/f_auto,q_auto/league/aozchrij1ghc0d9lpk86"
00-0036259,2026,Jauan Jennings,MIN,WR,"https://static.www.nfl.com/image/upload/f_auto,q_auto/league/ben8kbygzzlid6ltmdum"
00-0041424,2026,Javin Wright,TB,LB,"https://static.www.nfl.com/image/upload/f_auto,q_auto/league/fh2wh6vdhruwdgevzlbr"
00-0039867,2026,Javon Bullard,GB,DB,"https://static.www.nfl.com/image/upload/f_auto,q_auto/league/wmpfeci7b5hm44zkjgvb"
00-0039742,2026,Javon Foster,CIN,OL,"https://static.www.nfl.com/image/upload/f_auto,q_auto/league/u6kt89h2dkm1mzwqxhqj"
00-0033109,2026,Javon Hargrave,GB,DL,"https://static.www.nfl.com/image/upload/f_auto,q_auto/league/lfk4hghl74egnyztqxbn"
00-0036260,2026,Javon Kinlaw,WAS,DL,"https://static.www.nfl.com/image/upload/f_auto,q_auto/league/jxqkukux4rgfpp5eekyo"
00-0039879,2026,Javon Solomon,BUF,LB,"https://static.www.nfl.com/image/upload/f_auto,q_auto/league/sjftmvhxpsr0zvtqywnt"
00-0039412,2026,Javontae Jean-Baptiste,WAS,LB,"https://static.www.nfl.com/image/upload/f_auto,q_auto/league/bmal2stgfn8j8hdlrhe4"
00-0036997,2026,Javonte Williams,DAL,RB,"https://static.www.nfl.com/image/upload/f_auto,q_auto/league/xvwroirev2kie6oiphtz"
00-0035237,2026,Jawaan Taylor,ATL,OL,"https://static.www.nfl.com/image/upload/f_auto,q_auto/league/smerpaxet2i7btib2ce1"
00-0039405,2026,Jawhar Jordan,HOU,RB,"https://static.www.nfl.com/image/upload/f_auto,q_auto/league/mdov6nge0ui6pc3kx0l2"
00-0038543,2026,Jaxon Smith-Njigba,SEA,WR,"https://static.www.nfl.com/image/upload/f_auto,q_auto/league/yx1xjrupbqdknnjaq4a6"
00-0040691,2026,Jaxson Dart,NYG,QB,"https://static.www.nfl.com/image/upload/f_auto,q_auto/league/n6uymxssgiicjmxkzxoc"
00-0041428,2026,Jaxson Moi,LAR,DL,"https://static.www.nfl.com/image/upload/f_auto,q_auto/league/pu6btnmx6ypm4ybgvxa2"
00-0040100,2026,Jay Higgins,BAL,LB,"https://static.www.nfl.com/image/upload/f_auto,q_auto/league/zsbevehh3h4bsqiyga5q"
00-0040019,2026,Jay Toia,DAL,DL,"https://static.www.nfl.com/image/upload/f_auto,q_auto/league/wxmtornm7a5tavuw4rfk"
00-0038578,2026,Jay Ward,MIN,DB,"https://static.www.nfl.com/image/upload/f_auto,q_auto/league/dwljd5ukdc8pzy3l5vju"
00-0041335,2026,Jay'Viar Suggs,NO,DL,"https://static.www.nfl.com/image/upload/f_auto,q_auto/league/rxgaktmtqeqw7yvqbemt"
00-0036944,2026,Jaycee Horn,CAR,DB,"https://static.www.nfl.com/image/upload/f_auto,q_auto/league/fmqur86wgh5craixy3yd"
00-0039910,2026,Jayden Daniels,WAS,QB,"https://static.www.nfl.com/image/upload/f_auto,q_auto/league/gfz8k5onuqjrche9ogqc"
00-0040130,2026,Jayden Higgins,HOU,WR,"https://static.www.nfl.com/image/upload/f_auto,q_auto/league/s3zuo0ysm9ncxr9o4420"
00-0041171,2026,Jayden Loving,CHI,DL,"https://static.www.nfl.com/image/upload/f_auto,q_auto/league/cocsd3g9llyyzbt1qznb"
00-0039725,2026,Jayden Price,NO,DB,"https://static.www.nfl.com/image/upload/f_auto,q_auto/league/yfemio1ucnbfx2zmoopk"
00-0039146,2026,Jayden Reed,GB,WR,"https://static.www.nfl.com/image/upload/f_auto,q_auto/league/uhb95fij1uo92ymqxpmg"
00-0041113,2026,Jayden Williams,ARI,OL,"https://static.www.nfl.com/image/upload/f_auto,q_auto/league/y6ju7uixfyiuetnzraux"
00-0040959,2026,Jaydn Ott,KC,RB,"https://static.www.nfl.com/image/upload/f_auto,q_auto/league/ywfb4a8vkz1eubb43o8i"
00-0040586,2026,Jaydon Blue,PHI,RB,"https://static.www.nfl.com/image/upload/f_auto,q_auto/league/lscygdlqczomp0l9oykv"
00-0040744,2026,Jaylahn Tuimoloau,IND,DL,"https://static.www.nfl.com/image/upload/f_auto,q_auto/league/cxkxb1csogr9v773tdib"
00-0039388,2026,Jaylan Ford,NO,LB,"https://static.www.nfl.com/image/upload/f_auto,q_auto/league/yiecnvbih51buvodmmeg"
00-0039436,2026,Jaylen Harrell,TEN,LB,"https://static.www.nfl.com/image/upload/f_auto,q_auto/league/tlijnhz6kshuwcnjha1m"
00-0039697,2026,Jaylen Mahoney,PHI,DB,"https://static.www.nfl.com/image/upload/f_auto,q_auto/league/qoppi1wky18iwlespw07"
00-0039776,2026,Jaylen McCollough,LAR,DB,"https://static.www.nfl.com/image/upload/f_auto,q_auto/league/g4k2pwpoyaethnwwerpy"
00-0040204,2026,Jaylen Reed,NE,DB,"https://static.www.nfl.com/image/upload/f_auto,q_auto/league/xmnjyui1nzlnovrx54xn"
00-0036613,2026,Jaylen Waddle,DEN,WR,"https://static.www.nfl.com/image/upload/f_auto,q_auto/league/gkh7m1jedon9mwn5jlf1"
00-0037228,2026,Jaylen Warren,PIT,RB,"https://static.www.nfl.com/image/upload/f_auto,q_auto/league/dkiteytgnxar1mpaxcxv"
00-0037195,2026,Jaylen Watson,LAR,DB,"https://static.www.nfl.com/image/upload/f_auto,q_auto/league/k3ayxrquehkikudpu0e4"
00-0039874,2026,Jaylen Wright,MIA,RB,"https://static.www.nfl.com/image/upload/f_auto,q_auto/league/feeuommtlmpvuxvtb1zt"
00-0040164,2026,Jaylin Lane,WAS,WR,"https://static.www.nfl.com/image/upload/f_auto,q_auto/league/fa5ufxqxs3hzioih3cfb"
00-0040138,2026,Jaylin Noel,HOU,WR,"https://static.www.nfl.com/image/upload/f_auto,q_auto/league/ehlm8w4afdqoisx1e6as"
00-0039383,2026,Jaylin Simpson,MIA,DB,"https://static.www.nfl.com/image/upload/f_auto,q_auto/league/xy041ns1wwk60l85kpgh"
00-0040149,2026,Jaylin Smith,HOU,DB,"https://static.www.nfl.com/image/upload/f_auto,q_auto/league/pm4jhvtvmy4uvtcuxzpj"
00-0036302,2026,Jaylinn Hawkins,BAL,DB,"https://static.www.nfl.com/image/upload/f_auto,q_auto/league/wll7vcwwhv4izv6klkg6"
00-0039377,2026,Jaylon Carlies,IND,LB,"https://static.www.nfl.com/image/upload/f_auto,q_auto/league/vomau8la4suhjwkjwl7w"
00-0041147,2026,Jaylon Guilbeau,PIT,DB,"https://static.www.nfl.com/image/upload/f_auto,q_auto/league/fmacvoyzqgwibr3oltid"
00-0036292,2026,Jaylon Johnson,CHI,DB,"https://static.www.nfl.com/image/upload/f_auto,q_auto/league/ooazlgwwseozyduthxn6"
00-0037106,2026,Jaylon Jones,CHI,DB,"https://static.www.nfl.com/image/upload/f_auto,q_auto/league/wdcshvjrfqw2ocj3vtvj"
00-0038407,2026,Jaylon Jones,TEN,DB,"https://static.www.nfl.com/image/upload/f_auto,q_auto/league/y5qayiucpnco15btyppy"
00-0036557,2026,Jaylon Moore,KC,OL,"https://static.www.nfl.com/image/upload/f_auto,q_auto/league/cpsudx7fxgxdjmtfvahj"
00-0040105,2026,Jayson Jones,TB,DL,"https://static.www.nfl.com/image/upload/f_auto,q_auto/league/i5gbqapwffbs1dez8ami"
00-0036267,2026,Jedrick Wills,BUF,OL,"https://static.www.nfl.com/image/private/f_auto,q_auto/league/yb2yk8uqsoakf8yyrlf9"
00-0040953,2026,Jeff Caldwell,KC,WR,"https://static.www.nfl.com/image/upload/f_auto,q_auto/league/nc8rm1ko22poili6r2a8"
00-0035643,2026,Jeffery Simmons,TEN,DL,"https://static.www.nfl.com/image/upload/f_auto,q_auto/league/lt545qfibz7n9jlqyqov"
00-0040072,2026,Jeffrey Bassa,KC,LB,"https://static.www.nfl.com/image/upload/f_auto,q_auto/league/tckcuuegqdkzkglz6ywg"
00-0040864,2026,Jeffrey M'ba,WAS,DL,"https://static.www.nfl.com/image/upload/f_auto,q_auto/league/bgmpvzjizswc85pm5ykr"
00-0037755,2026,Jelani Woods,NYJ,TE,"https://static.www.nfl.com/image/upload/f_auto,q_auto/league/bnezem4laynlarqnpyc5"
00-0039906,2026,Jer'Zhan Newton,WAS,DL,"https://static.www.nfl.com/image/upload/f_auto,q_auto/league/hgrxkwfkaiozsegi9sbp"
00-0041373,2026,Jerand Bradley,LAC,WR,"https://static.www.nfl.com/image/upload/f_auto,q_auto/league/gjezjgrsmkngjzofmsu9"
00-0040380,2026,Jeremiah Byers,CLE,OL,"https://static.www.nfl.com/image/upload/f_auto,q_auto/league/soybc39yh5toxtma1d9h"
00-0038716,2026,Jeremiah Martin,CHI,DL,"https://static.www.nfl.com/image/upload/f_auto,q_auto/league/ekuhmi6hzm0np3nybzgg"
00-0037179,2026,Jeremiah Moon,CAR,LB,"https://static.www.nfl.com/image/upload/f_auto,q_auto/league/x2he3hockgnqfmxlxctw"
00-0036915,2026,Jeremiah Owusu-Koramoah,CLE,LB,"https://static.www.nfl.com/image/private/f_auto,q_auto/league/evmul3yfbefvmy1tc1ns"
00-0037711,2026,Jeremiah Pharms Jr.,NE,DL,"https://static.www.nfl.com/image/upload/f_auto,q_auto/league/bhm6towuahy7ztd8zkna"
00-0039826,2026,Jeremiah Trotter Jr.,PHI,LB,"https://static.www.nfl.com/image/upload/f_auto,q_auto/league/fbgpf6iqljasd4h1miw2"
00-0040570,2026,Jeremiah Webb,NE,WR,"https://static.www.nfl.com/image/upload/f_auto,q_auto/league/dfay1nwxlijuhxbqcids"
00-0041065,2026,Jeremiah Wright,NO,OL,"https://static.www.nfl.com/image/upload/f_auto,q_auto/league/s5b3bbmyxesu4kff2mci"
00-0041027,2026,Jeremiyah Love,ARI,RB,"https://static.www.nfl.com/image/upload/f_auto,q_auto/league/b12gtjsylmql5v7iyyla"
00-0036293,2026,Jeremy Chinn,LV,DB,"https://static.www.nfl.com/image/upload/f_auto,q_auto/league/qdvollzto5i4xs6q9gov"
00-0040223,2026,Jeremy Crawshaw,DEN,P,"https://static.www.nfl.com/image/upload/f_auto,q_auto/league/ybqasaukmya02ajzgoaz"
00-0033955,2026,Jeremy McNichols,WAS,RB,"https://static.www.nfl.com/image/upload/f_auto,q_auto/league/xcrgrtlk6ukrshtlnr5e"
00-0034465,2026,Jeremy Reaves,WAS,DB,"https://static.www.nfl.com/image/upload/f_auto,q_auto/league/kwmtxcogvel516q4ws86"
00-0037805,2026,Jeremy Ruckert,NYJ,TE,"https://static.www.nfl.com/image/upload/f_auto,q_auto/league/bcqcta7r1uee3rqhejdh"
00-0033290,2026,Jermaine Eluemunor,NYG,OL,"https://static.www.nfl.com/image/upload/f_auto,q_auto/league/xqlquhcisz9ykfedvele"
00-0037663,2026,Jermaine Johnson II,TEN,LB,"https://static.www.nfl.com/image/upload/f_auto,q_auto/league/jj3gmudznyutylbkkqbu"
00-0040457,2026,Jermaine Terry,CLE,TE,"https://static.www.nfl.com/image/upload/f_auto,q_auto/league/ftxn0lo1wuw7cw4jbqmr"
00-0036670,2026,Jermar Jefferson,MIN,RB,"https://static.www.nfl.com/image/upload/f_auto,q_auto/league/bkgrgirrdwlm05vqg74b"
00-0041563,2026,Jermod McCoy,LV,DB,"https://static.www.nfl.com/image/upload/f_auto,q_auto/league/dhihcvbhqkm7sqcmhhwr"
00-0038509,2026,Jerome Carvin,JAX,OL,"https://static.www.nfl.com/image/upload/f_auto,q_auto/league/zcbrrr2je6ahcsqqlk69"
00-0037267,2026,Jerome Ford,MIN,RB,"https://static.www.nfl.com/image/upload/f_auto,q_auto/league/rntmoum7ncnyo5j2bdei"
00-0038613,2026,Jerrick Reed II,ARI,DB,"https://static.www.nfl.com/image/upload/f_auto,q_auto/league/jdg6nd5cot2srdfixjnv"
00-0036407,2026,Jerry Jeudy,CLE,WR,"https://static.www.nfl.com/image/upload/f_auto,q_auto/league/szca1v9butuqkjs7ekpm"
00-0035674,2026,Jerry Tillery,IND,DL,"https://static.www.nfl.com/image/upload/f_auto,q_auto/league/cyu9a5fqoidiujclm8dy"
00-0039710,2026,Jeshaun Jones,MIN,WR,"https://static.www.nfl.com/image/upload/f_auto,q_auto/league/pwlziiyhd7ectylkejgc"
00-0034675,2026,Jessie Bates,ATL,DB,"https://static.www.nfl.com/image/upload/f_auto,q_auto/league/eego6d6svadhqg1dyacg"
00-0036998,2026,Jevon Holland,NYG,DB,"https://static.www.nfl.com/image/upload/f_auto,q_auto/league/z5pg2azijnijyvqexm4r"
00-0039392,2026,Jha'Quan Jackson,TB,WR,"https://static.www.nfl.com/image/upload/f_auto,q_auto/league/xzqucxk9wawtcmyocqr9"
00-0038554,2026,Ji'Ayir Brown,SF,DB,"https://static.www.nfl.com/image/upload/f_auto,q_auto/league/gmgewszcsvxdb63dmqby"
00-0040708,2026,Jihaad Campbell,PHI,LB,"https://static.www.nfl.com/image/upload/f_auto,q_auto/league/njvl2eabvfekcqqa4jmq"
00-0033046,2026,Jihad Ward,MIN,LB,"https://static.www.nfl.com/image/upload/f_auto,q_auto/league/btmkbywpoicg8fcgvfhc"
00-0039277,2026,Jimmy Ciarlo,TEN,LB,"https://static.www.nfl.com/image/upload/f_auto,q_auto/league/t0hjumfjcgkggvfe2rbp"
00-0040120,2026,Jimmy Holiday,KC,WR,"https://static.www.nfl.com/image/upload/f_auto,q_auto/league/yk1s0zu3wukxx2plsfpd"
00-0040218,2026,Jimmy Horn Jr.,CLE,WR,"https://static.www.nfl.com/image/upload/f_auto,q_auto/league/gggcgfbghcft0xwxtrhk"
00-0041322,2026,Jimmy Kibble,NE,WR,"https://static.www.nfl.com/image/upload/f_auto,q_auto/league/oqed2w9ukizullcgi22l"
00-0036859,2026,Jimmy Morrissey,IND,OL,"https://static.www.nfl.com/image/upload/f_auto,q_auto/league/jdstqkmytx1eycdnss8o"
00-0041442,2026,Jimmy Rolder,DET,LB,"https://static.www.nfl.com/image/upload/f_auto,q_auto/league/sivfbjxymtff2cumzr92"
00-0041214,2026,Jimto Obidegwu,JAX,OL,"https://static.www.nfl.com/image/upload/f_auto,q_auto/league/cedclw4zgcigzbgpmxti"
00-0039897,2026,Joe Alt,LAC,OL,"https://static.www.nfl.com/image/upload/f_auto,q_auto/league/hul7ydlbropij2fjhvvy"
00-0039763,2026,Joe Andreessen,BUF,LB,"https://static.www.nfl.com/image/upload/f_auto,q_auto/league/cj03pufi2spczomlja71"
00-0035895,2026,Joe Bachie,DET,LB,"https://static.www.nfl.com/image/upload/f_auto,q_auto/league/xnf2vrbsglhet5fkcb9i"
00-0036442,2026,Joe Burrow,CIN,QB,"https://static.www.nfl.com/image/upload/f_auto,q_auto/league/gnnvcgui1cijybukk2w7"
00-0032228,2026,Joe Cardona,LAR,LS,"https://static.www.nfl.com/image/upload/f_auto,q_auto/league/csekknezcx6bozjlcfc2"
00-0040981,2026,Joe Fagnano,BAL,QB,"https://static.www.nfl.com/image/upload/f_auto,q_auto/league/p8uqfsnpx153mn3gjtd3"
00-0026158,2026,Joe Flacco,CIN,QB,"https://static.www.nfl.com/image/upload/f_auto,q_auto/league/dre1d2f2d6dxqohzn5l2"
00-0035363,2026,Joe Giles-Harris,CIN,LB,"https://static.www.nfl.com/image/upload/f_auto,q_auto/league/y9vh7yn88tehcffsx90f"
00-0040500,2026,Joe Huber,MIN,OL,"https://static.www.nfl.com/image/upload/f_auto,q_auto/league/uyx7yhbqffwghbe517dy"
00-0039398,2026,Joe Milton III,DAL,QB,"https://static.www.nfl.com/image/upload/f_auto,q_auto/league/tsj9lobse1gxzanf39dt"
00-0032391,2026,Joe Thuney,CHI,OL,"https://static.www.nfl.com/image/upload/f_auto,q_auto/league/fstgjypwv8bcpfaae5mi"
00-0039145,2026,Joe Tippmann,NYJ,OL,"https://static.www.nfl.com/image/upload/f_auto,q_auto/league/q8sbzzwjkyb42gn9shb3"
00-0036967,2026,Joe Tryon,PHI,DL,"https://static.www.nfl.com/image/upload/f_auto,q_auto/league/it6wkxysejicc83azqkd"
00-0039023,2026,Joel Wilson,TEN,TE,"https://static.www.nfl.com/image/upload/f_auto,q_auto/league/cshaunf0zeexbjo7ofiv"
00-0041203,2026,Joey Aguilar,JAX,QB,"https://static.www.nfl.com/image/upload/f_auto,q_auto/league/ftafwh4qrzhpxp8kq0ca"
00-0037141,2026,Joey Blount,ARI,DB,"https://static.www.nfl.com/image/upload/f_auto,q_auto/league/uxh3ge9oyjyl6qjwzx5g"
00-0039167,2026,Joey Porter Jr.,PIT,DB,"https://static.www.nfl.com/image/upload/f_auto,q_auto/league/pcan3dqynqusx1ltmecf"
00-0035192,2026,Joey Slye,TEN,K,"https://static.www.nfl.com/image/upload/f_auto,q_auto/league/qyugyvvddildncveryob"
00-0036628,2026,John Bates,WAS,TE,"https://static.www.nfl.com/image/upload/f_auto,q_auto/league/sqaiwpind6kk4ns4acql"
00-0040416,2026,John Bullock,TB,LB,"https://static.www.nfl.com/image/upload/f_auto,q_auto/league/s1k4zct0clpt2rup9s0r"
00-0034805,2026,John Franklin-Myers,TEN,DL,"https://static.www.nfl.com/image/upload/f_auto,q_auto/league/ixfyxejxsfgffbgd7in2"
00-0030070,2026,John Jenkins,BAL,DL,"https://static.www.nfl.com/image/upload/f_auto,q_auto/league/l2na4hvtcq7nfp7svxar"
00-0037614,2026,John Metchie III,CAR,WR,"https://static.www.nfl.com/image/upload/f_auto,q_auto/league/nsjpnskeldxzbzckpfgg"
00-0039019,2026,John Michael Schmitz,NYG,OL,"https://static.www.nfl.com/image/private/f_auto,q_auto/league/viajsunbxleejrou46vu"
00-0038852,2026,John Ojukwu,PHI,OL,"https://static.www.nfl.com/image/upload/f_auto,q_auto/league/f7wqrjpfn7lqp2tr8awp"
00-0037283,2026,John Ridgeway,NO,DL,"https://static.www.nfl.com/image/upload/f_auto,q_auto/league/irpvoorgwwezk7qxrp0m"
00-0040310,2026,John Saunders Jr.,NYJ,DB,"https://static.www.nfl.com/image/upload/f_auto,q_auto/league/ftf10e6sdtxy6jumhfds"
00-0036369,2026,John Simpson,BAL,OL,"https://static.www.nfl.com/image/upload/f_auto,q_auto/league/avxt0i2490vqynqfd2qp"
00-0040023,2026,John Williams,GB,OL,"https://static.www.nfl.com/image/upload/f_auto,q_auto/league/s7uyk7rapujxri5eet9e"
00-0040033,2026,Johnathan Baldwin,GB,DB,"https://static.www.nfl.com/image/upload/f_auto,q_auto/league/us9ui2rbj5t4wr3wgyin"
00-0040347,2026,Johnathan Edwards,IND,DB,"https://static.www.nfl.com/image/upload/f_auto,q_auto/league/hvshzsyqwcqqtfdltrpu"
00-0033246,2026,Johnny Mundt,PHI,TE,"https://static.www.nfl.com/image/upload/f_auto,q_auto/league/gbsnomwbzavt5124vvaz"
00-0041452,2026,Johnny Pascuzzi,LAC,TE,"https://static.www.nfl.com/image/upload/f_auto,q_auto/league/rdczeascod0gltx8lbst"
00-0040452,2026,Johnny Walker Jr.,DEN,LB,"https://static.www.nfl.com/image/upload/f_auto,q_auto/league/j561gxyuezqwljey7wpn"
00-0039236,2026,Johnny Wilson,PHI,WR,"https://static.www.nfl.com/image/upload/f_auto,q_auto/league/azz7slr16byvcvbnaifa"
00-0038571,2026,Jon Gaines II,ARI,OL,"https://static.www.nfl.com/image/upload/f_auto,q_auto/league/fz0ka8wofw3dvqr6whnv"
00-0036246,2026,Jon Runyan,NYG,OL,"https://static.www.nfl.com/image/upload/f_auto,q_auto/league/kauh0olqkhebxe8gf1if"
00-0027224,2026,Jon Weeks,SF,LS,"https://static.www.nfl.com/image/upload/f_auto,q_auto/league/vfrborns4bhlqzcmvwip"
00-0041324,2026,JonDarius Morgan,NE,OL,"https://static.www.nfl.com/image/upload/f_auto,q_auto/league/vrfroiabhoeww6n50qm5"
00-0041496,2026,Jonah Coleman,DEN,RB,"https://static.www.nfl.com/image/upload/f_auto,q_auto/league/qbauucaxakkhtxihuvmr"
00-0039809,2026,Jonah Elliss,DEN,LB,"https://static.www.nfl.com/image/upload/f_auto,q_auto/league/f3dukr2ntse8qnsyhu3b"
00-0036258,2026,Jonah Jackson,CHI,OL,"https://static.www.nfl.com/image/upload/f_auto,q_auto/league/dd2w0xyfjzbj4ooxflls"
00-0039423,2026,Jonah Laulu,LV,DL,"https://static.www.nfl.com/image/upload/f_auto,q_auto/league/kxxw0cwdafdxbsvh5un9"
00-0040227,2026,Jonah Monheim,JAX,OL,"https://static.www.nfl.com/image/upload/f_auto,q_auto/league/h1fegs3rrlvyrkcdx4dy"
00-0040742,2026,Jonah Savaiinaea,MIA,OL,"https://static.www.nfl.com/image/upload/f_auto,q_auto/league/va8dirlxszzh3ufmfiti"
00-0035944,2026,Jonah Williams,NO,DL,"https://static.www.nfl.com/image/upload/f_auto,q_auto/league/z91cumnpgkedyfl29jk3"
00-0040643,2026,Jonas Sanker,NO,DB,"https://static.www.nfl.com/image/upload/f_auto,q_auto/league/pq0uzqjisndztl1ru3oa"
00-0033523,2026,Jonathan Allen,CIN,DL,"https://static.www.nfl.com/image/upload/f_auto,q_auto/league/pkrndcps9i443i4wyshq"
00-0033093,2026,Jonathan Bullard,DAL,DL,"https://static.www.nfl.com/image/upload/f_auto,q_auto/league/xbebftotzf6hrqfrfnah"
00-0037094,2026,Jonathan Ford,GB,DL,"https://static.www.nfl.com/image/upload/f_auto,q_auto/league/xvjepsl8u5unzc5qc8fu"
00-0036239,2026,Jonathan Garvin,CHI,LB,"https://static.www.nfl.com/image/upload/f_auto,q_auto/league/blnbflmdlqch2rkzxfr5"
00-0036224,2026,Jonathan Greenard,PHI,LB,"https://static.www.nfl.com/image/upload/f_auto,q_auto/league/z49ugsnmbfkldervsiws"
00-0032580,2026,Jonathan Jones,PHI,DB,"https://static.www.nfl.com/image/upload/f_auto,q_auto/league/dtvgbbw3jqdekkq155hl"
00-0039062,2026,Jonathan Mingo,DAL,WR,"https://static.www.nfl.com/image/upload/f_auto,q_auto/league/u2b8s2s0ix5hntyg3eog"
00-0034485,2026,Jonathan Owens,IND,DB,"https://static.www.nfl.com/image/upload/f_auto,q_auto/league/myxiqs2nqxdlw2pi8rbd"
00-0036223,2026,Jonathan Taylor,IND,RB,"https://static.www.nfl.com/image/upload/f_auto,q_auto/league/yw46ky6akdm7h7siofu8"
00-0035924,2026,Jonathan Ward,BAL,RB,"https://static.www.nfl.com/image/upload/f_auto,q_auto/league/yct3a4xznwcxjvn4iosk"
00-0039344,2026,Jonathon Brooks,CAR,RB,"https://static.www.nfl.com/image/upload/f_auto,q_auto/league/txl39rwjrs2fkm1shtxh"
00-0036952,2026,Jonathon Cooper,DEN,LB,"https://static.www.nfl.com/image/upload/f_auto,q_auto/league/rzjdnsaz0sfs9v4xetov"
00-0033858,2026,Jonnu Smith,GB,TE,"https://static.www.nfl.com/image/upload/f_auto,q_auto/league/egd6llghj3n5wfdrqacw"
00-0038994,2026,Jordan Addison,MIN,WR,"https://static.www.nfl.com/image/upload/f_auto,q_auto/league/mi4lzk9gvjrvo6rwdf1e"
00-0038560,2026,Jordan Battle,CIN,DB,"https://static.www.nfl.com/image/upload/f_auto,q_auto/league/iydwxwxig8e2godjx070"
00-0040137,2026,Jordan Burch,ARI,LB,"https://static.www.nfl.com/image/upload/f_auto,q_auto/league/e1l9bvbtlmy2ea7izknj"
00-0040397,2026,Jordan Clark,NYJ,DB,"https://static.www.nfl.com/image/upload/f_auto,q_auto/league/qiesv40i10bhxmfuf1md"
00-0037073,2026,Jordan Davis,PHI,DL,"https://static.www.nfl.com/image/upload/f_auto,q_auto/league/zkvksjepfrmpdwdph1ps"
00-0041269,2026,Jordan Dunbar,BUF,DB,"https://static.www.nfl.com/image/upload/f_auto,q_auto/league/a1yvdwzblvcjpmxpvlvy"
00-0036266,2026,Jordan Elliott,TEN,DL,"https://static.www.nfl.com/image/upload/f_auto,q_auto/league/zimdvramufcajq5c3noc"
00-0040192,2026,Jordan Hancock,BUF,DB,"https://static.www.nfl.com/image/upload/f_auto,q_auto/league/ursfrg83sovz52fo6oeh"
00-0038588,2026,Jordan Howden,NO,DB,"https://static.www.nfl.com/image/upload/f_auto,q_auto/league/x87djeswtkpxvuvyw5xh"
00-0040934,2026,Jordan Hudson,DAL,WR,"https://static.www.nfl.com/image/upload/f_auto,q_auto/league/uwgiczb8bnnacu2g7zln"
00-0037294,2026,Jordan Jackson,DEN,DL,"https://static.www.nfl.com/image/upload/f_auto,q_auto/league/hpu3u6cvmei1bulufxbp"
00-0040177,2026,Jordan James,SF,RB,"https://static.www.nfl.com/image/upload/f_auto,q_auto/league/un9cfqnwdzugrcy8caoh"
00-0039743,2026,Jordan Jefferson,LAC,DL,"https://static.www.nfl.com/image/upload/f_auto,q_auto/league/wt7ym1nrxza2qq9hzaux"
00-0036264,2026,Jordan Love,GB,QB,"https://static.www.nfl.com/image/upload/f_auto,q_auto/league/thz8stjkbjwddxqnozi5"
00-0039368,2026,Jordan Magee,WAS,LB,"https://static.www.nfl.com/image/upload/f_auto,q_auto/league/smdokbnjckcbpc9yfxwt"
00-0034429,2026,Jordan Mailata,PHI,OL,"https://static.www.nfl.com/image/upload/f_auto,q_auto/league/al7gzhilxxfwtflukyei"
00-0037525,2026,Jordan Mason,MIN,RB,"https://static.www.nfl.com/image/upload/f_auto,q_auto/league/qeeucinnxl8mpzaw23hc"
00-0038595,2026,Jordan McFadden,CHI,OL,"https://static.www.nfl.com/image/upload/f_auto,q_auto/league/qq6khttphfxwahgedbhu"
00-0036604,2026,Jordan Meredith,NYJ,OL,"https://static.www.nfl.com/image/upload/f_auto,q_auto/league/fqsieovgqhligt1y4o8l"
00-0039570,2026,Jordan Miller,MIA,DL,"https://static.www.nfl.com/image/upload/f_auto,q_auto/league/e8l6rshuotsekspofejs"
00-0038678,2026,Jordan Mims,PHI,RB,"https://static.www.nfl.com/image/upload/f_auto,q_auto/league/nvamfcrdqvkwtnpgmzdh"
00-0040375,2026,Jordan Moore,CIN,WR,"https://static.www.nfl.com/image/upload/f_auto,q_auto/league/mgod5tukhxuqm5kyy7zh"
00-0039904,2026,Jordan Morgan,GB,OL,"https://static.www.nfl.com/image/upload/f_auto,q_auto/league/sdes0pavbicaj47bfjis"
00-0040175,2026,Jordan Phillips,MIA,DL,"https://static.www.nfl.com/image/upload/f_auto,q_auto/league/mhntqo1e1uxl8uhqzqrk"
00-0038094,2026,Jordan Stout,NYG,P,"https://static.www.nfl.com/image/upload/f_auto,q_auto/league/eeftrwsh0aigc7r22goy"
00-0040634,2026,Jordan Turner,DEN,LB,"https://static.www.nfl.com/image/upload/f_auto,q_auto/league/pksjz8mnu6w6s3k3mh6c"
00-0040601,2026,Jordan Waters,LAR,RB,"https://static.www.nfl.com/image/upload/f_auto,q_auto/league/wszz5ts7eqzjgiuwep45"
00-0040172,2026,Jordan Watkins,SF,WR,"https://static.www.nfl.com/image/upload/f_auto,q_auto/league/agcwewjrj4dfssqkzksp"
00-0039751,2026,Jordan Whittington,LAR,WR,"https://static.www.nfl.com/image/upload/f_auto,q_auto/league/enqcg1lgjkuk0hqz3qjc"
00-0041110,2026,Jordan van den Berg,CHI,DL,"https://static.www.nfl.com/image/upload/f_auto,q_auto/league/q74hrt6lpzvxpuqrvzov"
00-0038506,2026,Jordon Riley,GB,DL,"https://static.www.nfl.com/image/upload/f_auto,q_auto/league/tr46ilf5hznzboea38ag"
00-0036409,2026,Jordyn Brooks,MIA,LB,"https://static.www.nfl.com/image/upload/f_auto,q_auto/league/mgg8dnwaoqrzpgmzyah7"
00-0041029,2026,Jordyn Tyson,NO,WR,"https://static.www.nfl.com/image/upload/f_auto,q_auto/league/al6fifxstyc6omsenzhd"
00-0040580,2026,Josaiah Stewart,LAR,LB,"https://static.www.nfl.com/image/upload/f_auto,q_auto/league/epzy8ucs3mt2qgxhuolw"
00-0039053,2026,Jose Ramirez,NE,LB,"https://static.www.nfl.com/image/upload/f_auto,q_auto/league/up8fwbhxwyg5zoqotcng"
00-0041294,2026,Joseph Manjack,DEN,WR,"https://static.www.nfl.com/image/upload/f_auto,q_auto/league/gcaf5glbypplos7a9hci"
00-0040446,2026,Joseph Michalski,NE,OL,"https://static.www.nfl.com/image/upload/f_auto,q_auto/league/yr70dbnp5tp5dzbdvnhz"
00-0036902,2026,Joseph Ossai,NYJ,LB,"https://static.www.nfl.com/image/upload/f_auto,q_auto/league/ornl2j2dyfvtma6eiozd"
00-0034857,2026,Josh Allen,BUF,QB,"https://static.www.nfl.com/image/upload/f_auto,q_auto/league/mjwbioajzldkq1vzoz2d"
00-0037129,2026,Josh Blackwell,CHI,DB,"https://static.www.nfl.com/image/upload/f_auto,q_auto/league/w95cwi511mgmeimkgzyg"
00-0038348,2026,Josh Butler,DAL,DB,"https://static.www.nfl.com/image/upload/f_auto,q_auto/league/mupdgai46euqd985yog0"
00-0041100,2026,Josh Cameron,JAX,WR,"https://static.www.nfl.com/image/upload/f_auto,q_auto/league/jwb3wyhoqqq52mfiyxxc"
00-0040686,2026,Josh Conerly Jr.,WAS,OL,"https://static.www.nfl.com/image/upload/f_auto,q_auto/league/q9vrq43u3qh6nw3rcajo"
00-0040887,2026,Josh Cuevas,BAL,TE,"https://static.www.nfl.com/image/upload/f_auto,q_auto/league/maktufaiogxfm5ewjsi9"
00-0038997,2026,Josh Downs,IND,WR,"https://static.www.nfl.com/image/upload/f_auto,q_auto/league/z3wahaxpmc6d5lcxgh60"
00-0040382,2026,Josh Fryar,ARI,OL,"https://static.www.nfl.com/image/upload/f_auto,q_auto/league/b9mitmbbavxycpafysqu"
00-0040943,2026,Josh Gesky,GB,OL,"https://static.www.nfl.com/image/upload/f_auto,q_auto/league/z88mhbcxa468vob6dc1c"
00-0028845,2026,Josh Harris,LAC,LS,"https://static.www.nfl.com/image/upload/f_auto,q_auto/league/zt5sauoxsfljsqyyc9u2"
00-0039051,2026,Josh Hayes,TB,DB,"https://static.www.nfl.com/image/upload/f_auto,q_auto/league/qytktb1ertsh8rzwq08k"
00-0035642,2026,Josh Hines-Allen,JAX,DL,"https://static.www.nfl.com/image/upload/f_auto,q_auto/league/q8vaxyizpzrlwlhsthvl"
00-0035700,2026,Josh Jacobs,GB,RB,"https://static.www.nfl.com/image/upload/f_auto,q_auto/league/uceokxeo0uqrqms3e3vl"
00-0037137,2026,Josh Jobe,SEA,DB,"https://static.www.nfl.com/image/upload/f_auto,q_auto/league/df0ybhz5czunkbhgdefc"
00-0026300,2026,Josh Johnson,CIN,QB,"https://static.www.nfl.com/image/upload/f_auto,q_auto/league/sijqkai2yy1cbw3rwndh"
00-0036363,2026,Josh Jones,SEA,OL,"https://static.www.nfl.com/image/upload/f_auto,q_auto/league/c5c4iuvcmlc7xrl8vp63"
00-0040467,2026,Josh Kaltenberger,LAC,OL,"https://static.www.nfl.com/image/upload/f_auto,q_auto/league/yrqrzkdqrkcftqx9f581"
00-0041246,2026,Josh Kattus,CIN,TE,"https://static.www.nfl.com/image/upload/f_auto,q_auto/league/brst2aehfeoku4g39ve0"
00-0040049,2026,Josh Kelly,HOU,WR,"https://static.www.nfl.com/image/upload/f_auto,q_auto/league/wkhsgcxyw5v9dtaqycui"
00-0041513,2026,Josh Kreutz,IND,OL,"https://static.www.nfl.com/image/upload/f_auto,q_auto/league/bkb8l5dwd8mfrqs7qjgr"
00-0036348,2026,Josh Metellus,MIN,DB,"https://static.www.nfl.com/image/upload/f_auto,q_auto/league/gmb2ahv4eq0jphammw2h"
00-0040576,2026,Josh Minkins,ARI,DB,"https://static.www.nfl.com/image/upload/f_auto,q_auto/league/ycuiofsxvlbphdmuln5k"
00-0036622,2026,Josh Myers,NYJ,OL,"https://static.www.nfl.com/image/upload/f_auto,q_auto/league/kx5vub7ru2srpow2dxnu"
00-0039375,2026,Josh Newton,CIN,DB,"https://static.www.nfl.com/image/upload/f_auto,q_auto/league/hhgmda9fcpjbpp2bhxng"
00-0035249,2026,Josh Oliver,MIN,TE,"https://static.www.nfl.com/image/upload/f_auto,q_auto/league/awdb5xedlbq0ebpptgzb"
00-0036988,2026,Josh Palmer,BUF,WR,"https://static.www.nfl.com/image/upload/f_auto,q_auto/league/woswdfrtxnsfgzsjvsxx"
00-0040307,2026,Josh Priebe,MIA,OL,"https://static.www.nfl.com/image/upload/f_auto,q_auto/league/z8bgbhmsahpeyrozqgpi"
00-0037184,2026,Josh Ross,MIN,LB,"https://static.www.nfl.com/image/upload/f_auto,q_auto/league/rytixi2fpdu0efr367yj"
00-0037138,2026,Josh Sills,IND,OL,"https://static.www.nfl.com/image/upload/f_auto,q_auto/league/mkkdzgfaz9a7gsdc8fip"
00-0040116,2026,Josh Simmons,KC,OL,"https://static.www.nfl.com/image/upload/f_auto,q_auto/league/r2dq0mc7dzhf0spg9iw6"
00-0034381,2026,Josh Sweat,ARI,LB,"https://static.www.nfl.com/image/upload/f_auto,q_auto/league/mfeq6gxl0uurxjsqdbos"
00-0040965,2026,Josh Thompson,ATL,OL,"https://static.www.nfl.com/image/upload/f_auto,q_auto/league/rfnfr7idjojws30ijl7e"
00-0033347,2026,Josh Tupou,NYG,DL,"https://static.www.nfl.com/image/upload/f_auto,q_auto/league/dlnemwulvmozmdwp0prp"
00-0039772,2026,Josh Wallace,LAR,DB,"https://static.www.nfl.com/image/upload/f_auto,q_auto/league/rl9xt27qup1xfmv1h1gc"
00-0038589,2026,Josh Whyle,GB,TE,"https://static.www.nfl.com/image/upload/f_auto,q_auto/league/an9hxzbzmg6kgkdai022"
00-0040429,2026,Josh Williams,TB,RB,"https://static.www.nfl.com/image/upload/f_auto,q_auto/league/c2zxbiz8153usfggosvv"
00-0034801,2026,Josh Woods,ATL,LB,"https://static.www.nfl.com/image/upload/f_auto,q_auto/league/p6wltly2bismav4hvfvb"
00-0033949,2026,Joshua Dobbs,DET,QB,"https://static.www.nfl.com/image/upload/f_auto,q_auto/league/twaqqjexyi0vgyfbvzis"
00-0037807,2026,Joshua Ezeudu,KC,OL,"https://static.www.nfl.com/image/upload/f_auto,q_auto/league/frliqpf1kehhiaiq8m2e"
00-0040171,2026,Joshua Farmer,NE,DL,"https://static.www.nfl.com/image/upload/f_auto,q_auto/league/euamsvbjrgz3i0difj1b"
00-0040548,2026,Joshua Gray,MIN,OL,"https://static.www.nfl.com/image/upload/f_auto,q_auto/league/k6rbkmqfazi6vs3m7gnm"
00-0041074,2026,Joshua Josephs,WAS,LB,"https://static.www.nfl.com/image/upload/f_auto,q_auto/league/l9c6njm2uvmgcshmfeiq"
00-0035317,2026,Joshua Miles,LV,OL,"https://static.www.nfl.com/image/upload/f_auto,q_auto/league/ykzlb5vdb8erowhjhelw"
00-0040552,2026,Joshua Simon,WAS,TE,"https://static.www.nfl.com/image/upload/f_auto,q_auto/league/odhcpm4qqmp9nn7b8j7v"
00-0036159,2026,Joshua Uche,MIA,LB,"https://static.www.nfl.com/image/upload/f_auto,q_auto/league/dtuiphmwezecyapeyefe"
00-0040926,2026,Joshua Weru,PHI,LB,"https://static.www.nfl.com/image/upload/f_auto,q_auto/league/b6nisweavm9tsv8phb8q"
00-0038043,2026,Joshua Williams,TEN,DB,"https://static.www.nfl.com/image/upload/f_auto,q_auto/league/w2nwt08uxz0owmctdyfu"
00-0036872,2026,Joshuah Bledsoe,WAS,DB,"https://static.www.nfl.com/image/private/f_auto,q_auto/league/axqzdifzsqejp1qzfmhw"
00-0036332,2026,Josiah Deguara,PHI,TE,"https://static.www.nfl.com/image/upload/f_auto,q_auto/league/wivlyvbmlm0aogcvl2yz"
00-0041254,2026,Josiah Green,TB,DL,"https://static.www.nfl.com/image/upload/f_auto,q_auto/league/iwx5ia2fgf7fafimf4ls"
00-0041502,2026,Josiah Trotter,TB,LB,"https://static.www.nfl.com/image/upload/f_auto,q_auto/league/sqikte2lgczxdun64akq"
00-0033928,2026,Jourdan Lewis,JAX,DB,"https://static.www.nfl.com/image/upload/f_auto,q_auto/league/pfd9esqxpi8xgedprdls"
00-0038629,2026,Jovaughn Gwyn,BAL,OL,"https://static.www.nfl.com/image/upload/f_auto,q_auto/league/tm2hlsk9mv702qczciho"
00-0039431,2026,Jowon Briggs,NYJ,DL,"https://static.www.nfl.com/image/upload/f_auto,q_auto/league/wbqozrnxtjjuf3nwv760"
00-0041548,2026,Jude Bowry,BUF,OL,"https://static.www.nfl.com/image/upload/f_auto,q_auto/league/xxt4s3hr2srnm4geikpp"
00-0038936,2026,Juice Scruggs,DET,OL,"https://static.www.nfl.com/image/upload/f_auto,q_auto/league/ni0rm2lbpplykzufmm5q"
00-0040246,2026,Julian Ashby,NE,LS,"https://static.www.nfl.com/image/upload/f_auto,q_auto/league/tylvcq7xqh6xtkirqyxd"
00-0036253,2026,Julian Blackmon,NO,DB,"https://static.www.nfl.com/image/upload/f_auto,q_auto/league/szgvamjf2lv2ggswkobd"
00-0035997,2026,Julian Good-Jones,WAS,OL,"https://static.www.nfl.com/image/upload/f_auto,q_auto/league/cqjdjlrofv0yr0azp0to"
00-0039329,2026,Julian Hicks,SEA,WR,"https://static.www.nfl.com/image/upload/f_auto,q_auto/league/knvt0zhyvozokeadswgf"
00-0038720,2026,Julian Hill,NE,TE,"https://static.www.nfl.com/image/upload/f_auto,q_auto/league/idjirwpxilfybc74zhwr"
00-0034974,2026,Julian Love,SEA,DB,"https://static.www.nfl.com/image/upload/f_auto,q_auto/league/l2tncxut7ssqo0ilamxq"
00-0040873,2026,Julian Neal,SEA,DB,"https://static.www.nfl.com/image/upload/f_auto,q_auto/league/izqce9eijr3fgtuhifbp"
00-0036249,2026,Julian Okwara,CLE,DL,"https://static.www.nfl.com/image/upload/f_auto,q_auto/league/bneqayiahajlquy1dxcc"
00-0039156,2026,Julius Brents,MIA,DB,"https://static.www.nfl.com/image/upload/f_auto,q_auto/league/chqdioyasofpjnu25iqi"
00-0037594,2026,Julius Chestnut,TEN,RB,"https://static.www.nfl.com/image/upload/f_auto,q_auto/league/bkhv6hpjogvs5b31wwrs"
00-0039931,2026,Julius Welschof,PIT,LB,"https://static.www.nfl.com/image/upload/f_auto,q_auto/league/lf5uheuobwt4ysekvqvk"
00-0039532,2026,Julius Wood,MIA,DB,"https://static.www.nfl.com/image/upload/f_auto,q_auto/league/e50jl0exy2q6atfsh34o"
00-0040247,2026,Junior Bergen,NYJ,WR,"https://static.www.nfl.com/image/upload/f_auto,q_auto/league/k8itazswvewvavt8ibpj"
00-0039346,2026,Junior Colson,LAC,LB,"https://static.www.nfl.com/image/upload/f_auto,q_auto/league/ub3hkpifora1vkrgula4"
00-0040414,2026,Junior Tafuna,HOU,DL,"https://static.www.nfl.com/image/upload/f_auto,q_auto/league/ezsa7ijhjnbirieoi6ud"
00-0034975,2026,Justice Hill,BAL,RB,"https://static.www.nfl.com/image/upload/f_auto,q_auto/league/fuodbrwvianete2gy5ag"
00-0040043,2026,Justin Barron,DAL,LB,"https://static.www.nfl.com/image/upload/f_auto,q_auto/league/lnrgjwbxfkbfgsgtsgta"
00-0039784,2026,Justin Dedich,LAR,OL,"https://static.www.nfl.com/image/upload/f_auto,q_auto/league/lkjtnkp4ooxnycdusrul"
00-0039835,2026,Justin Eboigbe,LAC,DL,"https://static.www.nfl.com/image/upload/f_auto,q_auto/league/vayynevqkczp1ziitvkm"
00-0036945,2026,Justin Fields,KC,QB,"https://static.www.nfl.com/image/upload/f_auto,q_auto/league/npjrombgxkc5vjkctcgy"
00-0036355,2026,Justin Herbert,LAC,QB,"https://static.www.nfl.com/image/upload/f_auto,q_auto/league/jnkspnntgebegzp4ghve"
00-0036322,2026,Justin Jefferson,MIN,WR,"https://static.www.nfl.com/image/upload/f_auto,q_auto/league/htjevkugzk6ietrjysny"
00-0041077,2026,Justin Joly,MIA,TE,"https://static.www.nfl.com/image/upload/f_auto,q_auto/league/vglffv5obtvktndulobu"
00-0041003,2026,Justin Pickett,LV,OL,"https://static.www.nfl.com/image/upload/f_auto,q_auto/league/m9se6qsdmcgaf9lucm2d"
00-0034361,2026,Justin Reid,NO,DB,"https://static.www.nfl.com/image/upload/f_auto,q_auto/league/ysi7vrkwfhei6adamgb3"
00-0038590,2026,Justin Shorter,LV,WR,"https://static.www.nfl.com/image/upload/f_auto,q_auto/league/htymyxoyw1hh52zoo3lb"
00-0034989,2026,Justin Skule,TB,OL,"https://static.www.nfl.com/image/upload/f_auto,q_auto/league/kij3ym32lb7c7utwrs4j"
00-0036428,2026,Justin Strnad,DEN,LB,"https://static.www.nfl.com/image/upload/f_auto,q_auto/league/mlrmzoeod0ocotxp2nam"
00-0040139,2026,Justin Walley,IND,DB,"https://static.www.nfl.com/image/upload/f_auto,q_auto/league/ytqmfgiex6eiihbhhh1y"
00-0036040,2026,Juwan Johnson,NO,TE,"https://static.www.nfl.com/image/upload/f_auto,q_auto/league/ahzqkvhjot6lygwr4ccb"
00-0036286,2026,K'Lavon Chaisson,WAS,LB,"https://static.www.nfl.com/image/upload/f_auto,q_auto/league/gc9qqj4piwlwse4spobk"
00-0036395,2026,K'Von Wallace,BAL,DB,"https://static.www.nfl.com/image/upload/f_auto,q_auto/league/ytpbcdbdwwlysnjj6uwb"
00-0040413,2026,K.C. Ossai,HOU,LB,"https://static.www.nfl.com/image/upload/f_auto,q_auto/league/wuteil048xz2di0jui4x"
00-0036643,2026,K.J. Britt,NE,LB,"https://static.www.nfl.com/image/upload/f_auto,q_auto/league/q3jwsdcnxx1sqbuetd26"
00-0036345,2026,K.J. Osborn,TEN,WR,"https://static.www.nfl.com/image/upload/f_auto,q_auto/league/ytgf9lftpnc3hqg81vhj"
00-0041547,2026,KC Concepcion,CLE,WR,"https://static.www.nfl.com/image/upload/f_auto,q_auto/league/ztdyzyngqr1pexyghlt3"
00-0039755,2026,KT Leveston,CLE,OL,"https://static.www.nfl.com/image/upload/f_auto,q_auto/league/ocrjwcpavgunq64dlcgj"
00-0041365,2026,Ka'ena Decambra,HOU,OL,"https://static.www.nfl.com/image/upload/f_auto,q_auto/league/pdijxigyrdfxvuk1r2vm"
00-0032726,2026,Ka'imi Fairbairn,HOU,K,"https://static.www.nfl.com/image/upload/f_auto,q_auto/league/nbrs7doetqydf2rzhjjl"
00-0037801,2026,KaVontae Turpin,DAL,WR,"https://static.www.nfl.com/image/upload/f_auto,q_auto/league/tayjlp1hgmm6rewgl1k4"
00-0037380,2026,Kaden Davis,CHI,WR,"https://static.www.nfl.com/image/upload/f_auto,q_auto/league/j4pxqpw02oztmctolcdr"
00-0035316,2026,Kaden Elliss,NO,LB,"https://static.www.nfl.com/image/upload/f_auto,q_auto/league/lndj0awmhdulawkcjgua"
00-0040239,2026,Kaden Prather,GB,WR,"https://static.www.nfl.com/image/upload/f_auto,q_auto/league/vuben0ncqttl4wjxityh"
00-0041397,2026,Kaden Wetjen,PIT,WR,"https://static.www.nfl.com/image/upload/f_auto,q_auto/league/s44clgjdvd1tuslyqimk"
00-0037353,2026,Kader Kohou,KC,DB,"https://static.www.nfl.com/image/upload/f_auto,q_auto/league/bf60hryk7uooskpxjhuz"
00-0041521,2026,Kadyn Proctor,MIA,OL,"https://static.www.nfl.com/image/upload/f_auto,q_auto/league/drkcektwmef11cd6pojk"
00-0041052,2026,Kaelon Black,SF,RB,"https://static.www.nfl.com/image/upload/f_auto,q_auto/league/nwgkzr1ysr32jc79zfnt"
00-0038823,2026,Kaevon Merriweather,JAX,DB,"https://static.www.nfl.com/image/upload/f_auto,q_auto/league/f0eu5qpulyo3hzh4524f"
00-0038523,2026,Kahlef Hailassie,GB,DB,"https://static.www.nfl.com/image/upload/f_auto,q_auto/league/jfgdmued5u7dszjnao85"
00-0041019,2026,Kahlil Benson,KC,OL,"https://static.www.nfl.com/image/upload/f_auto,q_auto/league/mglqsgzaszlg8qbiuagw"
00-0041163,2026,Kahlil Saunders,NO,DL,"https://static.www.nfl.com/image/upload/f_auto,q_auto/league/qwjuw7qtnntckiynyw7l"
00-0040654,2026,Kai Kroeger,HOU,P,"https://static.www.nfl.com/image/upload/f_auto,q_auto/league/jujimmrfpazu360znwfe"
00-0037242,2026,Kaiir Elam,LAC,DB,"https://static.www.nfl.com/image/upload/f_auto,q_auto/league/ye7stldje2waxyyjukvw"
00-0040658,2026,Kaimon Rucker,BAL,LB,"https://static.www.nfl.com/image/upload/f_auto,q_auto/league/ayai0zgfxwglyzrjkmmx"
00-0040216,2026,Kain Medrano,WAS,LB,"https://static.www.nfl.com/image/upload/f_auto,q_auto/league/xdizkco6f8wg8jxsgy9j"
00-0041444,2026,Kaleb Elarms-Orr,BUF,LB,"https://static.www.nfl.com/image/upload/f_auto,q_auto/league/uagxpthu9yavvnupay9y"
00-0040142,2026,Kaleb Johnson,GB,RB,"https://static.www.nfl.com/image/upload/f_auto,q_auto/league/zpzc4oobxi8nr5dyonob"
00-0035235,2026,Kaleb McGary,ATL,OL,"https://static.www.nfl.com/image/upload/f_auto,q_auto/league/qomzib0zc5muqcj4yeuh"
00-0041555,2026,Kaleb Proctor,ARI,DL,"https://static.www.nfl.com/image/upload/f_auto,q_auto/league/poc14gh4dkx2uqoronkr"
00-0040205,2026,Kalel Mullings,TEN,RB,"https://static.www.nfl.com/image/upload/f_auto,q_auto/league/jv2phcl7aihai00wkqgb"
00-0039239,2026,Kalen King,ARI,DB,"https://static.www.nfl.com/image/upload/f_auto,q_auto/league/ioicfjbnscvcn1hlzvxl"
00-0037832,2026,Kalia Davis,CLE,DL,"https://static.www.nfl.com/image/upload/f_auto,q_auto/league/bqad9jqdvg5tis5i3vgu"
00-0032464,2026,Kalif Raymond,CHI,WR,"https://static.www.nfl.com/image/upload/f_auto,q_auto/league/dpdv6dm0almcbjdppizx"
00-0040313,2026,Kam Arnold,KC,LB,"https://static.www.nfl.com/image/upload/f_auto,q_auto/league/kkemyzx6bdkmpkbtkhek"
00-0036349,2026,Kam Curl,LAR,DB,"https://static.www.nfl.com/image/upload/f_auto,q_auto/league/b57yoekpyop58abtiilz"
00-0041276,2026,Kam Dewberry,ATL,OL,"https://static.www.nfl.com/image/upload/f_auto,q_auto/league/ai9tsdkibbku98tzbedb"
00-0039831,2026,Kamal Hadden,GB,DB,"https://static.www.nfl.com/image/upload/f_auto,q_auto/league/j3ty1m9rac4bqcysjwqp"
00-0041017,2026,Kamar Missouri,LV,OL,"https://static.www.nfl.com/image/upload/f_auto,q_auto/league/nfk7fdkn8sljhdr7gpw7"
00-0039343,2026,Kamari Lassiter,HOU,DB,"https://static.www.nfl.com/image/upload/f_auto,q_auto/league/uu606e3mutdzuzclkl7w"
00-0041466,2026,Kamari Ramsey,HOU,DB,"https://static.www.nfl.com/image/upload/f_auto,q_auto/league/h13havquctbz0yop4hlr"
00-0039589,2026,Kameron Johnson,TB,WR,"https://static.www.nfl.com/image/upload/f_auto,q_auto/league/ms7auybbkq1nwbd2ev0d"
00-0039834,2026,Kamren Kinchens,LAR,DB,"https://static.www.nfl.com/image/upload/f_auto,q_auto/league/fnxdjnzzmmihkv0p2efc"
00-0041275,2026,Kani Walker,BUF,DB,"https://static.www.nfl.com/image/upload/f_auto,q_auto/league/ygzyjhm5detd5jmkogv2"
00-0041582,2026,Kansei Matsuzawa,LV,K,"https://static.www.nfl.com/image/upload/f_auto,q_auto/league/juovdeicuriiauham1my"
00-0040928,2026,Kapena Gushiken,IND,DB,"https://static.www.nfl.com/image/upload/f_auto,q_auto/league/lckatmectwiyz6w9chhw"
00-0040449,2026,Karene Reid,DEN,LB,"https://static.www.nfl.com/image/upload/f_auto,q_auto/league/gx65fgbnmrzc51w1hfav"
00-0038398,2026,Karl Brooks,GB,DL,"https://static.www.nfl.com/image/upload/f_auto,q_auto/league/ymjmzn6ayhfpkdrtydyd"
00-0041088,2026,Karon Prunty,NE,DB,"https://static.www.nfl.com/image/upload/f_auto,q_auto/league/ys7zvtbqlaobsxgtigxu"
00-0041093,2026,Karson Sharar,ARI,LB,"https://static.www.nfl.com/image/upload/f_auto,q_auto/league/pn4rwj6bnv1z3xykee5f"
00-0041440,2026,Kayden McDonald,HOU,DL,"https://static.www.nfl.com/image/upload/f_auto,q_auto/league/s9qpl2hid4ydacfgnkkj"
00-0036736,2026,Kayode Awosika,LAC,OL,"https://static.www.nfl.com/image/upload/f_auto,q_auto/league/gk8c2nrg4czmvjy2by3a"
00-0038608,2026,Kayshon Boutte,HOU,WR,"https://static.www.nfl.com/image/upload/f_auto,q_auto/league/mg4icjqhwhnc5uobmau5"
00-0041096,2026,Kaytron Allen,WAS,RB,"https://static.www.nfl.com/image/upload/f_auto,q_auto/league/vbhwkqty94alwjyz8cin"
00-0037611,2026,Kayvon Thibodeaux,NYG,LB,"https://static.www.nfl.com/image/upload/f_auto,q_auto/league/zva5gqbt2nauteuxlcao"
00-0040534,2026,Ke'Shawn Williams,CIN,WR,"https://static.www.nfl.com/image/upload/f_auto,q_auto/league/r7enwgccqv93feuoeurz"
00-0040184,2026,KeAndre Lambert-Smith,LAC,WR,"https://static.www.nfl.com/image/upload/f_auto,q_auto/league/xhhzgylwh0ptvpaghnuu"
00-0041394,2026,Keagen Trost,LAR,OL,"https://static.www.nfl.com/image/upload/f_auto,q_auto/league/yu1xi1tsm8my89xiefte"
00-0038454,2026,Keaton Mitchell,LAC,RB,"https://static.www.nfl.com/image/upload/f_auto,q_auto/league/ztciwwpbyaffmckwrzdk"
00-0039577,2026,Kedon Slovis,GB,QB,"https://static.www.nfl.com/image/upload/f_auto,q_auto/league/hkvrcpwl9tm41jr3b0x3"
00-0039110,2026,Keeanu Benton,PIT,DL,"https://static.www.nfl.com/image/upload/f_auto,q_auto/league/gmc2bdwzpvi0bkklmpjw"
00-0041266,2026,Keelan Marion,ATL,WR,"https://static.www.nfl.com/image/upload/f_auto,q_auto/league/pv8xxfhthq0i3sjtl3wr"
00-0030279,2026,Keenan Allen,IND,WR,"https://static.www.nfl.com/image/upload/f_auto,q_auto/league/ri267r6lzfwarh89hsn6"
00-0040499,2026,Keenan Garber,NYJ,DB,"https://static.www.nfl.com/image/upload/f_auto,q_auto/league/auto543j7dfxhjf2us0j"
00-0038984,2026,Kei'Trel Clark,ARI,DB,"https://static.www.nfl.com/image/upload/f_auto,q_auto/league/mcmz4ef4fvvoqapbf8rf"
00-0038696,2026,Keidron Smith,CHI,DB,"https://static.www.nfl.com/image/upload/f_auto,q_auto/league/bmidsctpakth58pe4axu"
00-0039148,2026,Keion White,SF,DL,"https://static.www.nfl.com/image/upload/f_auto,q_auto/league/wkq3kmgtrqxsndffclam"
00-0041057,2026,Keionte Scott,TB,DB,"https://static.www.nfl.com/image/upload/f_auto,q_auto/league/vysxl6mkg0xgfjdgscj1"
00-0037057,2026,Keir Thomas,LAR,LB,"https://static.www.nfl.com/image/upload/f_auto,q_auto/league/wtzpz7bs64wypd4sgrya"
00-0035133,2026,Keisean Nixon,GB,DB,"https://static.www.nfl.com/image/upload/f_auto,q_auto/league/ousxob0dqjxxmcalq8aa"
00-0041445,2026,Keith Abney II,DET,DB,"https://static.www.nfl.com/image/upload/f_auto,q_auto/league/pnryzkihoi17eq91ibag"
00-0040655,2026,Keith Cooper Jr.,MIA,DL,"https://static.www.nfl.com/image/upload/f_auto,q_auto/league/tsr4nvxl1xnbcds25pof"
00-0040338,2026,Keivie Rose,JAX,DL,"https://static.www.nfl.com/image/upload/f_auto,q_auto/league/vdbiqrxfo6ulwo9eqkdt"
00-0041508,2026,Keldric Faulk,TEN,LB,"https://static.www.nfl.com/image/upload/f_auto,q_auto/league/yn8hrjyo5q5kcmriamnb"
00-0039140,2026,Kelee Ringo,PHI,DB,"https://static.www.nfl.com/image/upload/f_auto,q_auto/league/tyuosakaiefa1pruil40"
00-0040363,2026,Keleki Latu,BUF,TE,"https://static.www.nfl.com/image/upload/f_auto,q_auto/league/vebjjfyrrrbwaqjlyvun"
00-0037349,2026,Kellen Diesch,SEA,OL,"https://static.www.nfl.com/image/private/f_auto,q_auto/league/pryvpnkqsrry7mtdgbsx"
00-0040125,2026,Kelvin Banks Jr.,NO,OL,"https://static.www.nfl.com/image/upload/f_auto,q_auto/league/pwjfoqwm1af7cjkw7pnr"
00-0040933,2026,Kelvin Gilliam,DAL,DL,"https://static.www.nfl.com/image/upload/f_auto,q_auto/league/yrwhq9jxcrlarnfzjcfm"
00-0041066,2026,Kendal Daniels,ATL,LB,"https://static.www.nfl.com/image/upload/f_auto,q_auto/league/y0dplhsrdng9momqwilu"
00-0031921,2026,Kendall Lamm,BAL,OL,"https://static.www.nfl.com/image/upload/f_auto,q_auto/league/ppp9mcm3mqiymtwtmhmx"
00-0039266,2026,Kendall Milton,CIN,RB,"https://static.www.nfl.com/image/upload/f_auto,q_auto/league/zz9yrqh5ep6o5hvtwzkq"
00-0038414,2026,Kendall Williamson,LAC,DB,"https://static.www.nfl.com/image/upload/f_auto,q_auto/league/p8tf7gkxcdl46exymyaj"
00-0038703,2026,Kendell Brooks,TEN,DB,"https://static.www.nfl.com/image/upload/f_auto,q_auto/league/ophgu4atah9skksi1kws"
00-0038551,2026,Kendre Miller,NO,RB,"https://static.www.nfl.com/image/upload/f_auto,q_auto/league/vclaomtslw55smksopku"
00-0037422,2026,Kendric Pryor,CIN,WR,"https://static.www.nfl.com/image/upload/f_auto,q_auto/league/fpklza3pwkzdiqjqlene"
00-0033307,2026,Kendrick Bourne,ARI,WR,"https://static.www.nfl.com/image/upload/f_auto,q_auto/league/yzfa94cmhpcqamrwzdzk"
00-0036983,2026,Kendrick Green,CLE,OL,"https://static.www.nfl.com/image/upload/f_auto,q_auto/league/b8rtjagcsjnnwczsin7u"
00-0041446,2026,Kendrick Law,DET,WR,"https://static.www.nfl.com/image/upload/f_auto,q_auto/league/progttkuaumows8eeqsq"
00-0036842,2026,Kene Nwangwu,NYJ,RB,"https://static.www.nfl.com/image/upload/f_auto,q_auto/league/rlnqgz517fsohrndgjrb"
00-0040127,2026,Kenneth Grant,MIA,DL,"https://static.www.nfl.com/image/upload/f_auto,q_auto/league/toglmqxy3ymqzkcef11y"
00-0041320,2026,Kenneth Harris,IND,DB,"https://static.www.nfl.com/image/upload/f_auto,q_auto/league/hnfpjatae3feakzaa7oo"
00-0036441,2026,"Kenneth Murray, Jr.",HOU,LB,"https://static.www.nfl.com/image/upload/f_auto,q_auto/league/up14o9gpznxgcvc5xtqh"
00-0038134,2026,Kenneth Walker III,KC,RB,"https://static.www.nfl.com/image/upload/f_auto,q_auto/league/vk6nruaqdewdglofcwwg"
00-0033120,2026,Kenny Clark,DAL,DL,"https://static.www.nfl.com/image/upload/f_auto,q_auto/league/nigxygewltiq49894pkt"
00-0039494,2026,Kenny Dyson,MIN,LB,"https://static.www.nfl.com/image/upload/f_auto,q_auto/league/ikgxg2vrumhdez3bu0w9"
00-0041252,2026,Kenny Fletcher Jr.,IND,TE,"https://static.www.nfl.com/image/upload/f_auto,q_auto/league/bkvuyl1uu3e21tet01iz"
00-0036919,2026,Kenny Gainwell,TB,RB,"https://static.www.nfl.com/image/upload/f_auto,q_auto/league/eo62l8ec8e3lzt86ihth"
00-0038102,2026,Kenny Pickett,CAR,QB,"https://static.www.nfl.com/image/upload/f_auto,q_auto/league/gw6lyiuevyuspfkglnmj"
00-0034320,2026,Kentavius Street,CHI,DL,"https://static.www.nfl.com/image/upload/f_auto,q_auto/league/svrbvbjq34qrfuqohfkf"
00-0041241,2026,Kentrel Bullock,CIN,RB,"https://static.www.nfl.com/image/upload/f_auto,q_auto/league/knfwlw5u1poz75qfyuy5"
00-0041032,2026,Kenyon Sadiq,NYJ,TE,"https://static.www.nfl.com/image/upload/f_auto,q_auto/league/mnswulwto4yqkgmugoiq"
00-0039901,2026,Keon Coleman,BUF,WR,"https://static.www.nfl.com/image/upload/f_auto,q_auto/league/cm7g87waetksjouyjgvg"
00-0040104,2026,Keondre Jackson,BAL,DB,"https://static.www.nfl.com/image/upload/f_auto,q_auto/league/nseq4vwhoakwfp7ytpp0"
00-0040362,2026,Keonta Jenkins,BUF,LB,"https://static.www.nfl.com/image/upload/f_auto,q_auto/league/ss0czp5cbgns7jmngkpf"
00-0037667,2026,Kerby Joseph,DET,DB,"https://static.www.nfl.com/image/upload/f_auto,q_auto/league/jairg6uh8wzsvw6fmtpx"
00-0038462,2026,Keshawn Banks,ATL,DL,"https://static.www.nfl.com/image/upload/f_auto,q_auto/league/psqcg6omspml02ur6jlf"
00-0037231,2026,Kevin Austin Jr.,NO,WR,"https://static.www.nfl.com/image/upload/f_auto,q_auto/league/fh2yaqaxkornxeb7d9ie"
00-0033132,2026,Kevin Byard,NE,DB,"https://static.www.nfl.com/image/upload/f_auto,q_auto/league/b11d1p9hvxgvobcqaiud"
00-0041137,2026,Kevin Cline,MIA,OL,"https://static.www.nfl.com/image/upload/f_auto,q_auto/league/fbb9hzryqz5xyfm4b2kj"
00-0041529,2026,Kevin Coleman Jr.,MIA,WR,"https://static.www.nfl.com/image/upload/f_auto,q_auto/league/nqqd4zjnxephjb4qziww"
00-0036339,2026,Kevin Dotson,LAR,OL,"https://static.www.nfl.com/image/upload/f_auto,q_auto/league/bpsw4ieqbgop8jnqalw9"
00-0035026,2026,Kevin Givens,SF,DL,"https://static.www.nfl.com/image/upload/f_auto,q_auto/league/dpbmpsyvi88lpb4xebly"
00-0041261,2026,Kevin Jobity Jr.,PIT,DL,"https://static.www.nfl.com/image/upload/f_auto,q_auto/league/frofsca3oys8er9sm1jo"
00-0040089,2026,Kevin Knowles,TB,DB,"https://static.www.nfl.com/image/upload/f_auto,q_auto/league/xkgx12iv1iqeygpifh9l"
00-0040141,2026,Kevin Winston Jr.,TEN,DB,"https://static.www.nfl.com/image/upload/f_auto,q_auto/league/zeai9xuvlquhwkzztbua"
00-0041532,2026,Keylan Rutledge,HOU,OL,"https://static.www.nfl.com/image/upload/f_auto,q_auto/league/qzt4txsu9hhjgy9yiwej"
00-0040636,2026,Keyon Martin,BAL,DB,"https://static.www.nfl.com/image/upload/f_auto,q_auto/league/kuvtqhos7jfzxbvykdrh"
00-0041553,2026,Keyron Crawford,LV,LB,"https://static.www.nfl.com/image/upload/f_auto,q_auto/league/es2d7bq7qj5xestutdk2"
00-0041085,2026,Keyshaun Elliott,CHI,LB,"https://static.www.nfl.com/image/upload/f_auto,q_auto/league/szvuxrjdio44gh3y6h5q"
00-0040908,2026,Keyshawn James-Newby,PHI,LB,"https://static.www.nfl.com/image/upload/f_auto,q_auto/league/dhu2y8agagcv0nixplkj"
00-0034854,2026,KhaDarel Hodge,SF,WR,"https://static.www.nfl.com/image/upload/f_auto,q_auto/league/mozew14dow474cun5eqp"
00-0036341,2026,Khalid Kareem,SF,DL,"https://static.www.nfl.com/image/upload/f_auto,q_auto/league/nwpg39gki6cqnwtl2s39"
00-0041357,2026,Khalil Dinkins,SF,TE,"https://static.www.nfl.com/image/upload/f_auto,q_auto/league/txukjdrzl6um3k3t0t31"
00-0036124,2026,Khalil Dorsey,DET,DB,"https://static.www.nfl.com/image/upload/f_auto,q_auto/league/fuzzcdksr4hobrl1rdhv"
00-0036906,2026,Khalil Herbert,ATL,RB,"https://static.www.nfl.com/image/upload/f_auto,q_auto/league/gjwksf9ygntjmtceeerh"
00-0041321,2026,Khalil Jacobs,NE,LB,"https://static.www.nfl.com/image/upload/f_auto,q_auto/league/qszmbux0k3qezu12mrs4"
00-0031040,2026,Khalil Mack,LAC,LB,"https://static.www.nfl.com/image/upload/f_auto,q_auto/league/t9j95jylmjpevgbkvmqn"
00-0037261,2026,Khalil Shakir,BUF,WR,"https://static.www.nfl.com/image/upload/f_auto,q_auto/league/syvp3hficobwcsim3i9v"
00-0039401,2026,Khristian Boyd,NO,DL,"https://static.www.nfl.com/image/upload/f_auto,q_auto/league/gfxf6dacaxsu6buessre"
00-0036909,2026,Khyiris Tonga,KC,DL,"https://static.www.nfl.com/image/upload/f_auto,q_auto/league/qawteneplarbtnworkic"
00-0038729,2026,Kilian Zierer,JAX,OL,"https://static.www.nfl.com/image/upload/f_auto,q_auto/league/ihrfeerkholmjmfmje3u"
00-0039391,2026,Kimani Vidal,LAC,RB,"https://static.www.nfl.com/image/upload/f_auto,q_auto/league/tqdctdun0bv60d5ziwtl"
00-0036307,2026,Kindle Vildor,NE,DB,"https://static.www.nfl.com/image/upload/f_auto,q_auto/league/ep3iocz1qboqkcj16aoc"
00-0039442,2026,Kingsley Eguakun,NYG,OL,"https://static.www.nfl.com/image/upload/f_auto,q_auto/league/tybhcfzdfccvnxz4labx"
00-0037083,2026,Kingsley Enagbare,NYJ,LB,"https://static.www.nfl.com/image/upload/f_auto,q_auto/league/rvftdj3wurrbmoaikpxd"
00-0037431,2026,Kingsley Jonathan,NYJ,DL,"https://static.www.nfl.com/image/upload/f_auto,q_auto/league/ippwcl86bpdf0ztu1w10"
00-0039844,2026,Kingsley Suamataia,KC,OL,"https://static.www.nfl.com/image/upload/f_auto,q_auto/league/qsrtrpvdbnrhjgoqck5x"
00-0039822,2026,Kiran Amegadjie,PHI,OL,"https://static.www.nfl.com/image/upload/f_auto,q_auto/league/qngoqfnhfh7zgjeqk9vw"
00-0029604,2026,Kirk Cousins,LV,QB,"https://static.www.nfl.com/image/upload/f_auto,q_auto/league/za7cynvpwlsro1tsaijk"
00-0040616,2026,Kisean Johnson,GB,WR,"https://static.www.nfl.com/image/upload/f_auto,q_auto/league/eagyx2phlssmmdczurx3"
00-0040230,2026,Kitan Crawford,ARI,DB,"https://static.www.nfl.com/image/upload/f_auto,q_auto/league/puy0uqictbwcojpkmmrr"
00-0039818,2026,Kitan Oladapo,GB,DB,"https://static.www.nfl.com/image/upload/f_auto,q_auto/league/m3bxo3bhxk2d601bhjs0"
00-0037311,2026,Ko Kieft,TB,TE,"https://static.www.nfl.com/image/upload/f_auto,q_auto/league/whd4f9mav6qqckqltqwu"
00-0041152,2026,Kobe Prentice,NYG,WR,"https://static.www.nfl.com/image/upload/f_auto,q_auto/league/n0zgkpti7qrcphmtuani"
00-0040252,2026,Kobee Minor,NE,DB,"https://static.www.nfl.com/image/upload/f_auto,q_auto/league/yvfkscl6izjkimkmhi1j"
00-0039138,2026,Kobie Turner,LAR,DL,"https://static.www.nfl.com/image/upload/f_auto,q_auto/league/lallpvcrevuemqxzmyuu"
00-0038194,2026,Kohl Levao,NYJ,OL,"https://static.www.nfl.com/image/upload/f_auto,q_auto/league/f16d2isapl5nje5kli1q"
00-0041292,2026,Kolbe Katsis,DEN,WR,"https://static.www.nfl.com/image/upload/f_auto,q_auto/league/u3bhwno76vnuflla9jjg"
00-0041287,2026,Kole Wilson,CLE,WR,"https://static.www.nfl.com/image/upload/f_auto,q_auto/league/zjc32vqzdoq9n5uk90uf"
00-0034759,2026,Kolton Miller,LV,OL,"https://static.www.nfl.com/image/upload/f_auto,q_auto/league/jaq8p0tiipizksjbt3aa"
00-0040590,2026,Konata Mumpfield,LAR,WR,"https://static.www.nfl.com/image/upload/f_auto,q_auto/league/cehkowkvb4aujslmppbj"
00-0039860,2026,Kool-Aid McKinstry,NO,DB,"https://static.www.nfl.com/image/upload/f_auto,q_auto/league/n0yip0zx9i25jbwugzmo"
00-0040243,2026,Korie Black,NYG,DB,"https://static.www.nfl.com/image/upload/f_auto,q_auto/league/dz0nqspvvzxslk9lxji6"
00-0039371,2026,Kris Abrams-Draine,DEN,DB,"https://static.www.nfl.com/image/upload/f_auto,q_auto/league/hc2oebsxs7vx7ydwiozy"
00-0039908,2026,Kris Jenkins,CIN,DL,"https://static.www.nfl.com/image/upload/f_auto,q_auto/league/nuyy0laahr8mf5dojflu"
00-0036416,2026,Kristian Fulton,KC,DB,"https://static.www.nfl.com/image/upload/f_auto,q_auto/league/p2mzp2kljdubgj6sgzau"
00-0036157,2026,Kristian Welch,GB,LB,"https://static.www.nfl.com/image/upload/f_auto,q_auto/league/iqibbhzklifflirfqvoq"
00-0040454,2026,Kristian Williams,DEN,DL,"https://static.www.nfl.com/image/upload/f_auto,q_auto/league/do89t8vuxwz1grgsouet"
00-0035961,2026,Krys Barnes,CLE,LB,"https://static.www.nfl.com/image/upload/f_auto,q_auto/league/xgq5wwfuk5s2frsx0ha0"
00-0040589,2026,Kurtis Rourke,SF,QB,"https://static.www.nfl.com/image/upload/f_auto,q_auto/league/rq4swf5c2ar45ljuc0w2"
00-0036479,2026,Kwity Paye,LV,DL,"https://static.www.nfl.com/image/upload/f_auto,q_auto/league/ejgftgdqggikc5u1xqme"
00-0034577,2026,Kyle Allen,BUF,QB,"https://static.www.nfl.com/image/upload/f_auto,q_auto/league/s3vbqdcoc6oc6yh460v9"
00-0041318,2026,Kyle Dixon,NE,WR,"https://static.www.nfl.com/image/upload/f_auto,q_auto/league/obg1mz6j2ax8fqhig1uj"
00-0036231,2026,Kyle Dugger,CIN,DB,"https://static.www.nfl.com/image/upload/f_auto,q_auto/league/azhrudd22sxdaxaiwy2k"
00-0038038,2026,Kyle Hamilton,BAL,DB,"https://static.www.nfl.com/image/upload/f_auto,q_auto/league/cshtattblpge9ngjve9a"
00-0039624,2026,Kyle Hergel,CHI,OL,"https://static.www.nfl.com/image/upload/f_auto,q_auto/league/hevy4dtaz6yzw9anebpk"
00-0036354,2026,Kyle Hinton,ATL,OL,"https://static.www.nfl.com/image/upload/f_auto,q_auto/league/zlhwbmhosrjogu9uwruv"
00-0029892,2026,Kyle Juszczyk,SF,RB,"https://static.www.nfl.com/image/upload/f_auto,q_auto/league/tsejiiddtouukwyyqr9q"
00-0040161,2026,Kyle Kennard,LAC,LB,"https://static.www.nfl.com/image/upload/f_auto,q_auto/league/enodzm0fwoad2afpbuns"
00-0041527,2026,Kyle Louis,MIA,LB,"https://static.www.nfl.com/image/upload/f_auto,q_auto/league/dhnmmaa0fa4qevmfjez0"
00-0040014,2026,Kyle McCord,MIA,QB,"https://static.www.nfl.com/image/upload/f_auto,q_auto/league/smdh2mmu457aammcblth"
00-0040236,2026,Kyle Monangai,CHI,RB,"https://static.www.nfl.com/image/upload/f_auto,q_auto/league/bkkk3uuouhcobydqawro"
00-0036970,2026,Kyle Pitts,ATL,TE,"https://static.www.nfl.com/image/upload/f_auto,q_auto/league/xczipzxvytnmvgznhhb4"
00-0031360,2026,Kyle Van Noy,MIN,LB,"https://static.www.nfl.com/image/upload/f_auto,q_auto/league/kxj2hipcguahh4l60vaa"
00-0040131,2026,Kyle Williams,NE,WR,"https://static.www.nfl.com/image/upload/f_auto,q_auto/league/xkicyhizq6sm86wr5osk"
00-0036876,2026,Kylen Granson,TEN,TE,"https://static.www.nfl.com/image/upload/f_auto,q_auto/league/ysbxmdw4da30q3kjb571"
00-0039609,2026,Kyler Baugh,PIT,DL,"https://static.www.nfl.com/image/upload/f_auto,q_auto/league/eudnrort6lravlzivtxo"
00-0038111,2026,Kyler Gordon,CHI,DB,"https://static.www.nfl.com/image/upload/f_auto,q_auto/league/u5s17tjtzqebsl5yicln"
00-0035228,2026,Kyler Murray,MIN,QB,"https://static.www.nfl.com/image/upload/f_auto,q_auto/league/btfruyf33adgnjzpcuen"
00-0040229,2026,Kyonte Hamilton,HOU,DL,"https://static.www.nfl.com/image/upload/f_auto,q_auto/league/kef04vtxlfpuijyeotgg"
00-0037840,2026,Kyren Williams,LAR,RB,"https://static.www.nfl.com/image/upload/f_auto,q_auto/league/xti3pek6rmojqchakxpy"
00-0036374,2026,L'Jarius Sneed,KC,DB,"https://static.www.nfl.com/image/upload/f_auto,q_auto/league/nsynaztffdtywelcfch2"
00-0035636,2026,L.J. Collier,ARI,DL,"https://static.www.nfl.com/image/private/f_auto,q_auto/league/i39nt3smr30rgznvlal3"
00-0040880,2026,LT Overton,DAL,DL,"https://static.www.nfl.com/image/upload/f_auto,q_auto/league/f7qnzlq019tmi9o6f1ld"
00-0037203,2026,LaBryan Ray,CAR,DL,"https://static.www.nfl.com/image/upload/f_auto,q_auto/league/hvculodfnj1jv595t4xw"
00-0036204,2026,LaCale London,ATL,DL,"https://static.www.nfl.com/image/upload/f_auto,q_auto/league/lnztywmpyzddwtm0tymo"
00-0040075,2026,LaJohntay Wester,BAL,WR,"https://static.www.nfl.com/image/upload/f_auto,q_auto/league/t6cyhtqoihm88xppswud"
00-0040993,2026,Ladarius Webb Jr.,BAL,DB,"https://static.www.nfl.com/image/upload/f_auto,q_auto/league/txaaincujcsnquwtzeyc"
00-0039915,2026,Ladd McConkey,LAC,WR,"https://static.www.nfl.com/image/upload/f_auto,q_auto/league/q2sk7yforrkiusvruo1o"
00-0039932,2026,Laekin Vakalahi,LAC,OL,"https://static.www.nfl.com/image/upload/f_auto,q_auto/league/z1maog4gsfzgtg69tgur"
00-0039340,2026,Laiatu Latu,IND,DL,"https://static.www.nfl.com/image/upload/f_auto,q_auto/league/xiuokdmqrzzfn0dseqxw"
00-0041263,2026,Lake McRee,PIT,TE,"https://static.www.nfl.com/image/upload/f_auto,q_auto/league/z44mxfva1mljsixo7c2l"
00-0032234,2026,Laken Tomlinson,DAL,OL,"https://static.www.nfl.com/image/upload/f_auto,q_auto/league/thhrfc9q38r0m1qvfctv"
00-0040762,2026,Laki Tasi,TEN,DL,"https://static.www.nfl.com/image/upload/f_auto,q_auto/league/pyfigo2gax99vjgmcyhs"
00-0034796,2026,Lamar Jackson,BAL,QB,"https://static.www.nfl.com/image/upload/f_auto,q_auto/league/eno6s5qzl9grbfbfwhoa"
00-0040568,2026,Lan Larison,NE,RB,"https://static.www.nfl.com/image/upload/f_auto,q_auto/league/dfvjypx4regh68bhrrlt"
00-0040974,2026,Lance Mason,PIT,TE,"https://static.www.nfl.com/image/upload/f_auto,q_auto/league/e0rzvcajpcfosxnmxj2j"
00-0037055,2026,Lance McCutcheon,TEN,WR,"https://static.www.nfl.com/image/upload/f_auto,q_auto/league/mbesuisbtobyu5hozclc"
00-0041372,2026,Lander Barton,LAC,LB,"https://static.www.nfl.com/image/upload/f_auto,q_auto/league/hqmemqmhk4bnpdaynlf3"
00-0037002,2026,Landon Dickerson,PHI,OL,"https://static.www.nfl.com/image/upload/f_auto,q_auto/league/zkgccdubnxvforo1xaqt"
00-0040132,2026,Landon Jackson,BUF,DL,"https://static.www.nfl.com/image/upload/f_auto,q_auto/league/q388glnv5me6fniielsz"
00-0041118,2026,Landon Robinson,CIN,DL,"https://static.www.nfl.com/image/upload/f_auto,q_auto/league/zhqov0z3vzufg9rkcaxd"
00-0030561,2026,Lane Johnson,PHI,OL,"https://static.www.nfl.com/image/upload/f_auto,q_auto/league/xanvacjbb9x1hcslyvsl"
00-0040935,2026,Langston Patterson,DAL,LB,"https://static.www.nfl.com/image/upload/f_auto,q_auto/league/asszhgk9tzfpchykiqjg"
00-0032951,2026,Laquon Treadwell,IND,WR,"https://static.www.nfl.com/image/upload/f_auto,q_auto/league/xspi3oy2wlnszorzn6vk"
00-0032380,2026,Laremy Tunsil,WAS,OL,"https://static.www.nfl.com/image/upload/f_auto,q_auto/league/gxoga8rszlaaewu5hh0x"
00-0036237,2026,Larrell Murchison,LAR,DL,"https://static.www.nfl.com/image/upload/f_auto,q_auto/league/selpjbonlchfv4krusrd"
00-0036905,2026,Larry Borom,DET,OL,"https://static.www.nfl.com/image/upload/f_auto,q_auto/league/xc2m1opfa6lte7bg0ir6"
00-0041406,2026,Larry Worth,SF,DB,"https://static.www.nfl.com/image/upload/f_auto,q_auto/league/dh5rnvlxzwcsxfua2ekp"
00-0040159,2026,Lathan Ransom,CAR,DB,"https://static.www.nfl.com/image/upload/f_auto,q_auto/league/gg0ztjfsso4y7yx4fxfb"
00-0040792,2026,Layne Pryor,HOU,TE,"https://static.www.nfl.com/image/upload/f_auto,q_auto/league/w5iwcg7kfl3qunbng23t"
00-0040238,2026,LeQuint Allen Jr.,JAX,RB,"https://static.www.nfl.com/image/upload/f_auto,q_auto/league/i0utigksuuvo2njb9wtk"
00-0041478,2026,Lee Hunter,CAR,DL,"https://static.www.nfl.com/image/upload/f_auto,q_auto/league/h3dk22cisv0hv6dpvd6a"
00-0040003,2026,Lenny Krieg,GB,K,"https://static.www.nfl.com/image/upload/f_auto,q_auto/league/gxhpy5ntqhgmcwwzn9do"
00-0037819,2026,Leo Chenal,WAS,LB,"https://static.www.nfl.com/image/upload/f_auto,q_auto/league/vjl1lsaotcqcxkhm2std"
00-0039289,2026,Leonard Taylor III,NE,DL,"https://static.www.nfl.com/image/upload/f_auto,q_auto/league/id0gc6aoq3qfokpcu9os"
00-0031933,2026,Leonard Williams,SEA,DL,"https://static.www.nfl.com/image/upload/f_auto,q_auto/league/jhaogtinjeyrwbjsvbl4"
00-0039565,2026,Levelle Bailey,DEN,LB,"https://static.www.nfl.com/image/upload/f_auto,q_auto/league/bh2dnmiacue2xuedzqdc"
00-0039421,2026,Levi Drake Rodriguez,MIN,DL,"https://static.www.nfl.com/image/upload/f_auto,q_auto/league/omsedg4telmr0fvhhegj"
00-0036954,2026,Levi Onwuzurike,DET,DL,"https://static.www.nfl.com/image/upload/f_auto,q_auto/league/eogdbsiu9aikjofafp7s"
00-0038409,2026,Lew Nichols III,PIT,RB,"https://static.www.nfl.com/image/upload/f_auto,q_auto/league/plqg1yngo8vvs8ths7aw"
00-0041467,2026,Lewis Bond,HOU,WR,"https://static.www.nfl.com/image/upload/f_auto,q_auto/league/qm5q5iilnctaitwwscst"
00-0038429,2026,Liam Anderson,MIA,LB,"https://static.www.nfl.com/image/upload/f_auto,q_auto/league/qvbfvhlmnbuuyccpdwsv"
00-0041240,2026,Liam Brown,CIN,OL,"https://static.www.nfl.com/image/upload/f_auto,q_auto/league/hrswej73mch1v6ntvm2b"
00-0038223,2026,Liam Fornadel,NYJ,OL,"https://static.www.nfl.com/image/upload/f_auto,q_auto/league/yeqvjixqpc5h4u4tn0wz"
00-0036082,2026,Liam McCullough,ATL,LS,"https://static.www.nfl.com/image/upload/f_auto,q_auto/league/pwnde23o1r6jmi0kvwqk"
00-0035406,2026,Lil'Jordan Humphrey,DEN,WR,"https://static.www.nfl.com/image/upload/f_auto,q_auto/league/otxrvkflhixz9akhmfqq"
00-0036391,2026,Lloyd Cushenberry III,BUF,OL,"https://static.www.nfl.com/image/upload/f_auto,q_auto/league/hjpczqlfnmsx0s3ii4bj"
00-0040495,2026,Logan Brown,SEA,OL,"https://static.www.nfl.com/image/upload/f_auto,q_auto/league/lebjztgitjbfjryhkcu1"
00-0034437,2026,Logan Cooke,JAX,P,"https://static.www.nfl.com/image/upload/f_auto,q_auto/league/qy2pmeevxy1jndpdq1ai"
00-0038127,2026,Logan Hall,HOU,DL,"https://static.www.nfl.com/image/upload/f_auto,q_auto/league/k96urywunaosfsjayoyk"
00-0041539,2026,Logan Jones,CHI,OL,"https://static.www.nfl.com/image/upload/f_auto,q_auto/league/xln1vy146svhdcpqn643"
00-0039389,2026,Logan Lee,PIT,DL,"https://static.www.nfl.com/image/upload/f_auto,q_auto/league/py0b0ngp7hcrt4asr9fr"
00-0041105,2026,Logan Taylor,LAC,OL,"https://static.www.nfl.com/image/upload/f_auto,q_auto/league/qn3dbs3bez8c60bgsamt"
00-0038426,2026,Lorenz Metz,NE,OL,"https://static.www.nfl.com/image/upload/f_auto,q_auto/league/si2p0txmdqyal15mlhki"
00-0041089,2026,Lorenzo Styles Jr.,NO,DB,"https://static.www.nfl.com/image/upload/f_auto,q_auto/league/zlsfss0kuhsnrzxlbmpw"
00-0041535,2026,Louis Hansen,HOU,TE,"https://static.www.nfl.com/image/upload/f_auto,q_auto/league/epg5liuuraoragcupwgi"
00-0041160,2026,Louis Moore,MIA,DB,"https://static.www.nfl.com/image/upload/f_auto,q_auto/league/xpjh2oupwazqhbmvbk2b"
00-0037539,2026,Lucas Krull,DEN,TE,"https://static.www.nfl.com/image/upload/f_auto,q_auto/league/eolvpkk5jjmipuqmf5v6"
00-0033082,2026,Lucas Patrick,WAS,OL,"https://static.www.nfl.com/image/upload/f_auto,q_auto/league/mq2p8pmy1hyciogyzcs9"
00-0040637,2026,Lucas Scott,BAL,RB,"https://static.www.nfl.com/image/upload/f_auto,q_auto/league/fczsn4gxvqg2a99hlkdy"
00-0038181,2026,Lucky Jackson,DET,WR,"https://static.www.nfl.com/image/upload/f_auto,q_auto/league/xa9o8zlctwgga8wh5apl"
00-0039112,2026,Lukas Van Ness,GB,LB,"https://static.www.nfl.com/image/upload/f_auto,q_auto/league/qxrs2r7nvy9k6hlkqvyb"
00-0041453,2026,Luke Altmyer,DET,QB,"https://static.www.nfl.com/image/upload/f_auto,q_auto/league/eriopmdwcfjude1cptvi"
00-0041290,2026,Luke Basso,MIA,LS,"https://static.www.nfl.com/image/upload/f_auto,q_auto/league/eknn0fchozcc6unfylpd"
00-0036887,2026,Luke Farrell,SF,TE,"https://static.www.nfl.com/image/upload/f_auto,q_auto/league/kdq2zratulrdsv4ykugy"
00-0040617,2026,Luke Floriea,CLE,WR,"https://static.www.nfl.com/image/upload/f_auto,q_auto/league/boxgpizulptcax2vb0pw"
00-0037814,2026,Luke Fortner,CAR,OL,"https://static.www.nfl.com/image/upload/f_auto,q_auto/league/lir08woankvv1ri6vpdr"
00-0035413,2026,Luke Gifford,SF,LB,"https://static.www.nfl.com/image/upload/f_auto,q_auto/league/w1bg0aqsnbulotbxfstd"
00-0037835,2026,Luke Goedeke,TB,OL,"https://static.www.nfl.com/image/upload/f_auto,q_auto/league/sqxcnkcippzfz3mx2thm"
00-0038818,2026,Luke Haggard,TB,OL,"https://static.www.nfl.com/image/upload/f_auto,q_auto/league/qgucw8h7i34exiqtqunr"
00-0039355,2026,Luke McCaffrey,WAS,WR,"https://static.www.nfl.com/image/upload/f_auto,q_auto/league/xtxiwlkniuldrqg65n3q"
00-0039144,2026,Luke Musgrave,GB,TE,"https://static.www.nfl.com/image/upload/f_auto,q_auto/league/jchchyfhiycpvm5zzn2y"
00-0040210,2026,Luke Newman,CHI,OL,"https://static.www.nfl.com/image/upload/f_auto,q_auto/league/xlgbkr42buzxzwulzblx"
00-0032753,2026,Luke Rhodes,IND,LS,"https://static.www.nfl.com/image/upload/f_auto,q_auto/league/pvnnjrqgkwh2bq2pqvsj"
00-0038547,2026,Luke Schoonmaker,DAL,TE,"https://static.www.nfl.com/image/upload/f_auto,q_auto/league/g1slhy5joxxfeudlzrh9"
00-0037305,2026,Luke Tenuta,IND,OL,"https://static.www.nfl.com/image/upload/f_auto,q_auto/league/kfhb0ihfu23aybocl7oh"
00-0037278,2026,Luke Wattenberg,DEN,OL,"https://static.www.nfl.com/image/upload/f_auto,q_auto/league/auqegcdovmpcz6pw5arq"
00-0038609,2026,Luke Wypler,CLE,OL,"https://static.www.nfl.com/image/upload/f_auto,q_auto/league/alkthyatyuxkudodqhke"
00-0040735,2026,Luther Burden III,CHI,WR,"https://static.www.nfl.com/image/upload/f_auto,q_auto/league/iyuwdz7pbowdkwzq2tg5"
00-0034355,2026,M.J. Stewart,HOU,DB,"https://static.www.nfl.com/image/upload/f_auto,q_auto/league/ks5w5s7jghanmslipbfs"
00-0039418,2026,MJ Devonshire,GB,DB,"https://static.www.nfl.com/image/upload/f_auto,q_auto/league/qrzh5s3kuqkluuxfpfgy"
00-0039889,2026,Maason Smith,ATL,DL,"https://static.www.nfl.com/image/upload/f_auto,q_auto/league/eskiw0i3z6cashics66w"
00-0036972,2026,Mac Jones,SF,QB,"https://static.www.nfl.com/image/upload/f_auto,q_auto/league/mbdwfwiuhl0ib5ajtmzq"
00-0040071,2026,Mac McWilliams,PHI,DB,"https://static.www.nfl.com/image/upload/f_auto,q_auto/league/jhw6ibfy1x4ahomjbg3q"
00-0033555,2026,Mack Hollins,NE,WR,"https://static.www.nfl.com/image/upload/f_auto,q_auto/league/qbz7whjzsittudcecezw"
00-0035144,2026,Mack Wilson,ARI,LB,"https://static.www.nfl.com/image/upload/f_auto,q_auto/league/zjazfilpr7k2agiwqpxn"
00-0039637,2026,Maema Njongmeta,CAR,LB,"https://static.www.nfl.com/image/upload/f_auto,q_auto/league/xilgtxzojnxouajl01uc"
00-0040268,2026,Major Burns,MIA,DB,"https://static.www.nfl.com/image/upload/f_auto,q_auto/league/vhrh8vnf5uhvfwuogjgx"
00-0040867,2026,Makai Lemon,PHI,WR,"https://static.www.nfl.com/image/upload/f_auto,q_auto/league/ys2i2o7c0bl36xvlrojz"
00-0039920,2026,Malachi Corley,CLE,WR,"https://static.www.nfl.com/image/upload/f_auto,q_auto/league/lay1p8pvwrglmqorc6ev"
00-0041042,2026,Malachi Fields,NYG,WR,"https://static.www.nfl.com/image/upload/f_auto,q_auto/league/tpls1aptxx9x8xaqvjtj"
00-0041537,2026,Malachi Lawrence,DAL,LB,"https://static.www.nfl.com/image/upload/f_auto,q_auto/league/fyhju3zbedckstcoufxp"
00-0040165,2026,Malachi Moore,NYJ,DB,"https://static.www.nfl.com/image/upload/f_auto,q_auto/league/ftgqzch3vvsodlhud39f"
00-0040688,2026,Malaki Starks,BAL,DB,"https://static.www.nfl.com/image/upload/f_auto,q_auto/league/lqdlc7railysoycjeny9"
00-0041188,2026,Malcolm DeWalt IV,ATL,DB,"https://static.www.nfl.com/image/upload/f_auto,q_auto/league/tjpmrufhkvsxdfmqchgw"
00-0036989,2026,Malcolm Koonce,LV,DL,"https://static.www.nfl.com/image/upload/f_auto,q_auto/league/cujkqhjibrywjodwgfyp"
00-0035763,2026,Malcolm Roach,DEN,DL,"https://static.www.nfl.com/image/upload/f_auto,q_auto/league/oxcd8veodm7hkiualglu"
00-0037289,2026,Malcolm Rodriguez,DET,LB,"https://static.www.nfl.com/image/upload/f_auto,q_auto/league/sovw0sc0bm1xltqv2zmb"
00-0033131,2026,Maliek Collins,CLE,DL,"https://static.www.nfl.com/image/upload/f_auto,q_auto/league/tjyv74ytq62fprrfnjrv"
00-0040894,2026,Malik Benson,LV,WR,"https://static.www.nfl.com/image/upload/f_auto,q_auto/league/tndlq4zmq6r9nsvmzih6"
00-0038911,2026,Malik Cunningham,DET,WR,"https://static.www.nfl.com/image/upload/f_auto,q_auto/league/b1zs666er20onzjnff8h"
00-0037563,2026,Malik Davis,DAL,RB,"https://static.www.nfl.com/image/upload/f_auto,q_auto/league/zvranxxyt8qeihn8c2q9"
00-0036280,2026,Malik Harrison,NYG,LB,"https://static.www.nfl.com/image/upload/f_auto,q_auto/league/kzsfzm1m9ekyqtulq9ot"
00-0036682,2026,Malik Herring,MIA,DL,"https://static.www.nfl.com/image/upload/f_auto,q_auto/league/dnbfwozdcnftk7agxywc"
00-0033877,2026,Malik Hooker,DAL,DB,"https://static.www.nfl.com/image/upload/f_auto,q_auto/league/qxcbwkhiboobkz1xj68c"
00-0041267,2026,Malik McClain,NYJ,WR,"https://static.www.nfl.com/image/upload/f_auto,q_auto/league/ekh5mirge1jmayln4tfe"
00-0041060,2026,Malik Muhammad,CHI,DB,"https://static.www.nfl.com/image/upload/f_auto,q_auto/league/rs98wyp3t1ipacwqtvbz"
00-0039360,2026,Malik Mustapha,SF,DB,"https://static.www.nfl.com/image/upload/f_auto,q_auto/league/pufbixooejmh540h5qhi"
00-0039337,2026,Malik Nabers,NYG,WR,"https://static.www.nfl.com/image/upload/f_auto,q_auto/league/w3edoyyuomqlovvp9ixc"
00-0041181,2026,Malik Spencer,WAS,DB,"https://static.www.nfl.com/image/upload/f_auto,q_auto/league/wiopxrhywlhy4lsjvkod"
00-0040554,2026,Malik Verdon,ATL,LB,"https://static.www.nfl.com/image/upload/f_auto,q_auto/league/p8azvlhqxurwe6k1tr9b"
00-0039880,2026,Malik Washington,MIA,WR,"https://static.www.nfl.com/image/upload/f_auto,q_auto/league/dmaiwnmaal9nrwfskl28"
00-0038128,2026,Malik Willis,MIA,QB,"https://static.www.nfl.com/image/upload/f_auto,q_auto/league/txvgdbwbryzyyqq6gfet"
00-0040920,2026,Mani Powell,TEN,LB,"https://static.www.nfl.com/image/upload/f_auto,q_auto/league/m7c9h4uhxtkcsi6zipfc"
00-0041543,2026,Mansoor Delane,KC,DB,"https://static.www.nfl.com/image/upload/f_auto,q_auto/league/tw9nfj4gxwqjvqfencwo"
00-0040763,2026,Mapalo Mwansa,CAR,LB,"https://static.www.nfl.com/image/upload/f_auto,q_auto/league/pygjjbgebf2mezvwopa5"
00-0039811,2026,MarShawn Lloyd,GB,RB,"https://static.www.nfl.com/image/upload/f_auto,q_auto/league/xp8sd4enimuk4zd0aqgu"
00-0037526,2026,Marcelino McCrary-Ball,NYJ,LB,"https://static.www.nfl.com/image/upload/f_auto,q_auto/league/fs8k5b7zyglt1zg9q5zd"
00-0039390,2026,Marcellas Dial Jr.,MIA,DB,"https://static.www.nfl.com/image/upload/f_auto,q_auto/league/f7gahvkgajai22d7ndqh"
00-0039507,2026,Marcellus Johnson,DAL,OL,"https://static.www.nfl.com/image/upload/f_auto,q_auto/league/jylkjrizz0obuohdua0a"
00-0041340,2026,Marcus Allen,MIN,DB,"https://static.www.nfl.com/image/upload/f_auto,q_auto/league/fqbqj831k8dqzmrlejjx"
00-0040226,2026,Marcus Bryant,NE,OL,"https://static.www.nfl.com/image/upload/f_auto,q_auto/league/xbljgrxlkw6i8xn9a7xr"
00-0034344,2026,Marcus Davenport,CHI,DL,"https://static.www.nfl.com/image/upload/f_auto,q_auto/league/hauze2vwdskhaiqjifk1"
00-0034993,2026,Marcus Epps,PHI,DB,"https://static.www.nfl.com/image/upload/f_auto,q_auto/league/mlmepu3ng2uaqlo4sqhx"
00-0039433,2026,Marcus Harris,KC,DL,"https://static.www.nfl.com/image/upload/f_auto,q_auto/league/uekrrvgronz3fkb957hf"
00-0040201,2026,Marcus Harris,TEN,DB,"https://static.www.nfl.com/image/upload/f_auto,q_auto/league/xwb7yigex1r2dne7yelm"
00-0037253,2026,Marcus Jones,NE,DB,"https://static.www.nfl.com/image/upload/f_auto,q_auto/league/eteesniqc4caawrpbfuh"
00-0032268,2026,Marcus Mariota,WAS,QB,"https://static.www.nfl.com/image/upload/f_auto,q_auto/league/grx6m1fmu1odltjo3y31"
00-0040181,2026,Marcus Mbow,NYG,OL,"https://static.www.nfl.com/image/upload/f_auto,q_auto/league/tcuix9kjptef9xrgpdoz"
00-0041352,2026,Marcus Sanders Jr.,MIN,WR,"https://static.www.nfl.com/image/upload/f_auto,q_auto/league/zu39csnwn4ahfyvipdog"
00-0032265,2026,Mario Edwards,HOU,DL,"https://static.www.nfl.com/image/upload/f_auto,q_auto/league/cia50revbealvw5biusr"
00-0037136,2026,Mario Goodrich,TEN,DB,"https://static.www.nfl.com/image/upload/f_auto,q_auto/league/uap7tsrlmrnvb8ptf02n"
00-0039352,2026,Marist Liufau,DAL,LB,"https://static.www.nfl.com/image/upload/f_auto,q_auto/league/i81dbzylyw2mv7odmdck"
00-0034753,2026,Mark Andrews,BAL,TE,"https://static.www.nfl.com/image/upload/f_auto,q_auto/league/u4xzz7tclch0tpzm9hhz"
00-0041156,2026,Mark Gronowski,HOU,QB,"https://static.www.nfl.com/image/upload/f_auto,q_auto/league/yqbrulccgmwxaboyy3dx"
00-0039488,2026,Mark Perry,GB,DB,"https://static.www.nfl.com/image/upload/f_auto,q_auto/league/brg1bcmlylgd5ucjiydw"
00-0040598,2026,Mark Redman,GB,TE,"https://static.www.nfl.com/image/upload/f_auto,q_auto/league/m20wrukxvkgbvs70qpai"
00-0038958,2026,Markees Watts,CLE,LB,"https://static.www.nfl.com/image/upload/f_auto,q_auto/league/hwxh3ps9lwnj0qu4mw8v"
00-0041554,2026,Markel Bell,PHI,OL,"https://static.www.nfl.com/image/upload/f_auto,q_auto/league/zbm6pz0vpqq5jup2s0ky"
00-0037561,2026,Markquese Bell,DAL,DB,"https://static.www.nfl.com/image/upload/f_auto,q_auto/league/wdantov1g2bbtjf4chpx"
00-0041472,2026,Marlin Klein,HOU,TE,"https://static.www.nfl.com/image/upload/f_auto,q_auto/league/ek2nzhrwqxl6psbm2iic"
00-0033281,2026,Marlon Humphrey,BAL,DB,"https://static.www.nfl.com/image/upload/f_auto,q_auto/league/zru6ellib9fzob6zq5c3"
00-0041493,2026,Marlon Jones,GB,DB,"https://static.www.nfl.com/image/upload/f_auto,q_auto/league/pd1gsbwhqekfnw2rk137"
00-0040460,2026,Marlowe Wax,LAC,LB,"https://static.www.nfl.com/image/upload/f_auto,q_auto/league/jolfhevlffwbwy6xbmu3"
00-0040442,2026,Marques Cox,MIA,OL,"https://static.www.nfl.com/image/upload/f_auto,q_auto/league/lynhjb6lsnjdwqb0oimb"
00-0040185,2026,Marques Sigle,SF,DB,"https://static.www.nfl.com/image/upload/f_auto,q_auto/league/cr3ojzklas5uqwc2vbfh"
00-0034272,2026,Marquez Valdes-Scantling,LAC,WR,"https://static.www.nfl.com/image/upload/f_auto,q_auto/league/xkdli55uvkkffiq6fwnu"
00-0037748,2026,Marquis Hayes,NYJ,OL,"https://static.www.nfl.com/image/upload/f_auto,q_auto/league/auuwluzhdqthflbvwxsu"
00-0035662,2026,Marquise Brown,PHI,WR,"https://static.www.nfl.com/image/upload/f_auto,q_auto/league/shkjxggufymydgp6wk3p"
00-0040112,2026,Marquise Robinson,BAL,DB,"https://static.www.nfl.com/image/upload/f_auto,q_auto/league/cf3dpp4joq3qzbnkb7ku"
00-0040349,2026,Marshall Foerner,TB,OL,"https://static.www.nfl.com/image/upload/f_auto,q_auto/league/nkpnrika58h6vpwj9fi7"
00-0040060,2026,Marshall Lang,MIN,TE,"https://static.www.nfl.com/image/upload/f_auto,q_auto/league/eavb7c8qiuvtsqv3qrwe"
00-0039054,2026,Marte Mapu,HOU,LB,"https://static.www.nfl.com/image/upload/f_auto,q_auto/league/iulfjo62qs1q2uec0rxu"
00-0037250,2026,Martin Emerson,NO,DB,"https://static.www.nfl.com/image/upload/f_auto,q_auto/league/va7yfx0xoniri3fuxr0u"
00-0039849,2026,Marvin Harrison Jr.,ARI,WR,"https://static.www.nfl.com/image/upload/f_auto,q_auto/league/hwpoo1icpnh8emjvqaii"
00-0040973,2026,Marvin Jones Jr.,WAS,LB,"https://static.www.nfl.com/image/upload/f_auto,q_auto/league/mmfgizaxy53ouygcdpql"
00-0038976,2026,Marvin Mims Jr.,DEN,WR,"https://static.www.nfl.com/image/upload/f_auto,q_auto/league/zbdjtph5xplbf4yocz0l"
00-0040685,2026,Mason Graham,CLE,DL,"https://static.www.nfl.com/image/upload/f_auto,q_auto/league/fizf7lkmgqhpg9o8vu92"
00-0039358,2026,Mason McCormick,PIT,OL,"https://static.www.nfl.com/image/upload/f_auto,q_auto/league/n1uswojof42rbcsvdcld"
00-0040391,2026,Mason Miller,DET,OL,"https://static.www.nfl.com/image/upload/f_auto,q_auto/league/uedrxx3xea6rhq5vjdic"
00-0041173,2026,Mason Murphy,NO,OL,"https://static.www.nfl.com/image/upload/f_auto,q_auto/league/kqptv02lvnfxzk6iy7y7"
00-0039702,2026,Mason Pline,KC,TE,"https://static.www.nfl.com/image/upload/f_auto,q_auto/league/wnd0lmuy6bd5kwvejkyo"
00-0041162,2026,Mason Reiger,PHI,LB,"https://static.www.nfl.com/image/upload/f_auto,q_auto/league/l0onarptlshevpa3bba1"
00-0040652,2026,Mason Richman,SEA,OL,"https://static.www.nfl.com/image/upload/f_auto,q_auto/league/m8ihmpvqxsn2d7nfmrkb"
00-0034771,2026,Mason Rudolph,PIT,QB,"https://static.www.nfl.com/image/upload/f_auto,q_auto/league/oadtxde6hxz1jgrs618o"
00-0040736,2026,Mason Taylor,NYJ,TE,"https://static.www.nfl.com/image/upload/f_auto,q_auto/league/xittx9gih104lw1atfiv"
00-0039623,2026,Mason Tipton,NO,WR,"https://static.www.nfl.com/image/upload/f_auto,q_auto/league/jcloxjivlxbcveled5lr"
00-0037284,2026,Matt Araiza,KC,P,"https://static.www.nfl.com/image/upload/f_auto,q_auto/league/tmtvevrgg8lziqewdhtv"
00-0034657,2026,Matt Dickerson,JAX,DL,"https://static.www.nfl.com/image/upload/f_auto,q_auto/league/gtdzbosdflkvbsm8rwiv"
00-0035269,2026,Matt Gay,LV,K,"https://static.www.nfl.com/image/upload/f_auto,q_auto/league/opglxpqmhu21eydoyvg2"
00-0039736,2026,Matt Goncalves,IND,OL,"https://static.www.nfl.com/image/upload/f_auto,q_auto/league/polgp6qzghy6tzyxumof"
00-0041108,2026,Matt Gulbin,WAS,OL,"https://static.www.nfl.com/image/upload/f_auto,q_auto/league/g7geoaea7asrtvfvni9r"
00-0036295,2026,Matt Hennessy,DAL,OL,"https://static.www.nfl.com/image/upload/f_auto,q_auto/league/iruohug4gurmckekn4zs"
00-0037303,2026,Matt Henningsen,DEN,DL,"https://static.www.nfl.com/image/upload/f_auto,q_auto/league/nz9uyvuwvedqcru4hhqj"
00-0036392,2026,Matt Peart,DEN,OL,"https://static.www.nfl.com/image/upload/f_auto,q_auto/league/tpnzapj9mxuegpvji22w"
00-0034417,2026,Matt Pryor,ARI,OL,"https://static.www.nfl.com/image/upload/f_auto,q_auto/league/vtt6isfbfk59jtxbma2l"
00-0037266,2026,Matt Waletzko,KC,OL,"https://static.www.nfl.com/image/upload/f_auto,q_auto/league/asqlemwjq8njytpjgnnr"
00-0039048,2026,Matthew Bergeron,ATL,OL,"https://static.www.nfl.com/image/upload/f_auto,q_auto/league/hy3t6flxp3ryvd3ntoum"
00-0040667,2026,Matthew Golden,GB,WR,"https://static.www.nfl.com/image/upload/f_auto,q_auto/league/dbjki6b0swksr7mk17wk"
00-0040879,2026,Matthew Hibner,BAL,TE,"https://static.www.nfl.com/image/upload/f_auto,q_auto/league/kkkia0wl2sqsjiwecde0"
00-0040983,2026,Matthew McDoom,CIN,DB,"https://static.www.nfl.com/image/upload/f_auto,q_auto/league/gznvyfsjddcy4iaxxx8s"
00-0035118,2026,Matthew Orzech,GB,LS,"https://static.www.nfl.com/image/upload/f_auto,q_auto/league/kfuljmbcfkwx1quqoklv"
00-0026498,2026,Matthew Stafford,LAR,QB,"https://static.www.nfl.com/image/upload/f_auto,q_auto/league/jwpkjfrkzufdyh8u1mg7"
00-0037708,2026,Maurice Alexander,CHI,WR,"https://static.www.nfl.com/image/upload/f_auto,q_auto/league/yzohmksbod2i5sslcndw"
00-0041081,2026,Max Bredeson,MIN,RB,"https://static.www.nfl.com/image/upload/f_auto,q_auto/league/fl3inwpzgb7fgzpaezw1"
00-0040494,2026,Max Brosmer,MIN,QB,"https://static.www.nfl.com/image/upload/f_auto,q_auto/league/fpveluufmy7buwrhpiny"
00-0040618,2026,Max Hurleman,PIT,WR,"https://static.www.nfl.com/image/upload/f_auto,q_auto/league/axybwbw7inp1vu7xxf0t"
00-0041482,2026,Max Iheanachor,PIT,OL,"https://static.www.nfl.com/image/upload/f_auto,q_auto/league/jwaks17icukbwjeshhnf"
00-0041531,2026,Max Llewellyn,MIA,DL,"https://static.www.nfl.com/image/upload/f_auto,q_auto/league/kelqyicfaaxoabstgwrr"
00-0039807,2026,Max Melton,ARI,DB,"https://static.www.nfl.com/image/upload/f_auto,q_auto/league/xaapgpd73nebdqnztyp1"
00-0038114,2026,Max Mitchell,NYJ,OL,"https://static.www.nfl.com/image/upload/f_auto,q_auto/league/v7nuncuycdg3jpjkr0hz"
00-0036605,2026,Max Pircher,HOU,OL,"https://static.www.nfl.com/image/upload/f_auto,q_auto/league/ehhmidbkeblltbw6vzhm"
00-0041274,2026,Max Tomczak,BUF,WR,"https://static.www.nfl.com/image/upload/f_auto,q_auto/league/ajbrniyekvuia9kmnewk"
00-0040026,2026,Maxen Hook,SEA,DB,"https://static.www.nfl.com/image/upload/f_auto,q_auto/league/jsp0hmkbpzpc5emdgfgf"
00-0040923,2026,Maximus Pulley,PHI,DB,"https://static.www.nfl.com/image/upload/f_auto,q_auto/league/o3d6yyimonbtgnszaq0z"
00-0040709,2026,Maxwell Hairston,BUF,DB,"https://static.www.nfl.com/image/upload/f_auto,q_auto/league/we3enqymnmzrfabz8srg"
00-0034973,2026,Maxx Crosby,LV,DL,"https://static.www.nfl.com/image/upload/f_auto,q_auto/league/r9gqe3lrjstj55ydljhk"
00-0038545,2026,Mazi Smith,MIA,DL,"https://static.www.nfl.com/image/upload/f_auto,q_auto/league/kgoofjfxbyjfjgcr5bcz"
00-0039263,2026,McCallan Castles,GB,TE,"https://static.www.nfl.com/image/upload/f_auto,q_auto/league/r3amk2t7xokcd4rsohns"
00-0039354,2026,McKinnley Jackson,SF,DL,"https://static.www.nfl.com/image/upload/f_auto,q_auto/league/bxrqtpwrbcvzxcekerxf"
00-0040593,2026,Mehki Butler,NE,OL,"https://static.www.nfl.com/image/upload/f_auto,q_auto/league/ybglujklleo4mjd4wio9"
00-0038565,2026,Mekhi Blackmon,CLE,DB,"https://static.www.nfl.com/image/upload/f_auto,q_auto/league/wrzakzdbmugca60xbidc"
00-0039396,2026,Mekhi Wingo,DET,DL,"https://static.www.nfl.com/image/upload/f_auto,q_auto/league/pcsyefxgb6i24o0dm3l0"
00-0041460,2026,Melvin Priestly,DET,OL,"https://static.www.nfl.com/image/upload/f_auto,q_auto/league/egbonjjjo7vjxkgr7c4w"
00-0040093,2026,Melvin Smith Jr.,KC,DB,"https://static.www.nfl.com/image/upload/f_auto,q_auto/league/ks6nnexhp5jftsjlt1ah"
00-0039275,2026,Messiah Swinson,CLE,TE,"https://static.www.nfl.com/image/upload/f_auto,q_auto/league/xmkhcrh5fbfetx1wxk2z"
00-0037259,2026,Micah McFadden,NYG,LB,"https://static.www.nfl.com/image/upload/f_auto,q_auto/league/nxlztsejsflkplpgq0jn"
00-0040897,2026,Micah Morris,PHI,OL,"https://static.www.nfl.com/image/upload/f_auto,q_auto/league/qk8qyqk1doklwy7xdgfh"
00-0036932,2026,Micah Parsons,GB,LB,"https://static.www.nfl.com/image/upload/f_auto,q_auto/league/euivq1hqslszdxjo9xyr"
00-0040020,2026,Micah Robinson,TEN,DB,"https://static.www.nfl.com/image/upload/f_auto,q_auto/league/dxjhrwbtwvdqfqc3kecf"
00-0036959,2026,Michael Bandy,DEN,WR,"https://static.www.nfl.com/image/upload/f_auto,q_auto/league/bcashgwve9ean9pq8egb"
00-0039429,2026,Michael Barrett,BAL,LB,"https://static.www.nfl.com/image/upload/f_auto,q_auto/league/ybfsxk9ojuyjvv6t6zh0"
00-0040970,2026,Michael Briscoe,MIN,WR,"https://static.www.nfl.com/image/upload/f_auto,q_auto/league/rrnmno7nkn0o4kilp7je"
00-0031595,2026,Michael Burton,CLE,RB,"https://static.www.nfl.com/image/upload/f_auto,q_auto/league/ibyeabk3yu68mgipxklr"
00-0036924,2026,Michael Carter,TEN,RB,"https://static.www.nfl.com/image/upload/f_auto,q_auto/league/cwqrxzouk4gkhfziyqre"
00-0036501,2026,Michael Carter II,PHI,DB,"https://static.www.nfl.com/image/upload/f_auto,q_auto/league/a7yskzasxy1hjvyqql1t"
00-0036378,2026,Michael Danna,BUF,LB,"https://static.www.nfl.com/image/upload/f_auto,q_auto/league/brbpgu0xj2w0egcy5pid"
00-0040910,2026,Michael Dansby,SEA,DB,"https://static.www.nfl.com/image/upload/f_auto,q_auto/league/oxlhvcgepqjwzulh7yvz"
00-0035686,2026,Michael Deiter,DEN,OL,"https://static.www.nfl.com/image/upload/f_auto,q_auto/league/lzops7z8etdwzembbdws"
00-0034160,2026,Michael Dickson,SEA,P,"https://static.www.nfl.com/image/upload/f_auto,q_auto/league/apjm64xahlm5hjmoxul7"
00-0041329,2026,Michael Heldman,KC,LB,"https://static.www.nfl.com/image/upload/f_auto,q_auto/league/jehzyru8z7dlh4ws4fqx"
00-0035933,2026,Michael Hoecht,BUF,LB,"https://static.www.nfl.com/image/upload/f_auto,q_auto/league/jc7u6udenysloew1b4sx"
00-0039842,2026,Michael Jerrell,ATL,OL,"https://static.www.nfl.com/image/upload/f_auto,q_auto/league/j4ccmkx7sv3yjjt8ymzy"
00-0039419,2026,Michael Jurgens,MIN,OL,"https://static.www.nfl.com/image/upload/f_auto,q_auto/league/mnsvfstbdld5dvpfjphk"
00-0039066,2026,Michael Mayer,LV,TE,"https://static.www.nfl.com/image/upload/f_auto,q_auto/league/twnkr9uq1phvukxb5jmh"
00-0037385,2026,Michael Niese,DET,OL,"https://static.www.nfl.com/image/upload/f_auto,q_auto/league/lftjd1todj0qfpubrsgv"
00-0039917,2026,Michael Penix Jr.,ATL,QB,"https://static.www.nfl.com/image/upload/f_auto,q_auto/league/mip4kogkqxwkkya6mvmh"
00-0036252,2026,Michael Pittman,PIT,WR,"https://static.www.nfl.com/image/upload/f_auto,q_auto/league/q1ythn05kwcmdr4mwzll"
00-0040293,2026,Michael Reid,NO,DB,"https://static.www.nfl.com/image/upload/f_auto,q_auto/league/bz5c5movgdjx8e0ba7is"
00-0040939,2026,Michael Trigg,DAL,TE,"https://static.www.nfl.com/image/upload/f_auto,q_auto/league/raym87favdz33uhkgvv2"
00-0038559,2026,Michael Wilson,ARI,WR,"https://static.www.nfl.com/image/upload/f_auto,q_auto/league/hm2b9z4zujjmbiyldh8n"
00-0041220,2026,Michael Wortham,JAX,WR,"https://static.www.nfl.com/image/upload/f_auto,q_auto/league/vu5tb8rwe3rwu9vlpzvj"
00-0038107,2026,Micheal Clemons,IND,DL,"https://static.www.nfl.com/image/upload/f_auto,q_auto/league/kzhxrfgymul56cld8omq"
00-0041360,2026,Mikail Kamara,SF,DL,"https://static.www.nfl.com/image/upload/f_auto,q_auto/league/drg6jegxm6gywk2sfxhe"
00-0037493,2026,Mike Brown,NE,DB,"https://static.www.nfl.com/image/upload/f_auto,q_auto/league/vufbgfg96s4jt3tlxdiw"
00-0037207,2026,Mike Caliendo,KC,OL,"https://static.www.nfl.com/image/upload/f_auto,q_auto/league/ayqrrcjh4woocxmc7lgs"
00-0031408,2026,Mike Evans,SF,WR,"https://static.www.nfl.com/image/upload/f_auto,q_auto/league/zc4ujpmndyxrbiyyjomz"
00-0034639,2026,Mike Ford,ATL,DB,"https://static.www.nfl.com/image/upload/f_auto,q_auto/league/b3k1q0kl0mc7d0t8xkka"
00-0034829,2026,Mike Gesicki,CIN,TE,"https://static.www.nfl.com/image/upload/f_auto,q_auto/league/dykckg6we3cnw9yhpggi"
00-0040722,2026,Mike Green,BAL,LB,"https://static.www.nfl.com/image/upload/f_auto,q_auto/league/dh7h3ratc2xd1xed7efh"
00-0039895,2026,Mike Hall Jr.,CLE,DL,"https://static.www.nfl.com/image/upload/f_auto,q_auto/league/ykpxjvmielzqpguubka1"
00-0034843,2026,Mike Hughes,ATL,DB,"https://static.www.nfl.com/image/upload/f_auto,q_auto/league/tncrybucqelrcrsgumds"
00-0035277,2026,Mike Jackson,CAR,DB,"https://static.www.nfl.com/image/upload/f_auto,q_auto/league/ohcl41cpchr9fjoktlj6"
00-0034847,2026,Mike McGlinchey,DEN,OL,"https://static.www.nfl.com/image/upload/f_auto,q_auto/league/fddsmma8dpk7kqufb6f1"
00-0038591,2026,Mike Morris,SEA,DL,"https://static.www.nfl.com/image/upload/f_auto,q_auto/league/m1zqwqvge656lwucmx5h"
00-0036198,2026,Mike Onwenu,NE,OL,"https://static.www.nfl.com/image/upload/f_auto,q_auto/league/rysmeqmb2gtomqgl8jnb"
00-0039898,2026,Mike Sainristil,WAS,DB,"https://static.www.nfl.com/image/upload/f_auto,q_auto/league/eftoaweovfwayhiyjg6q"
00-0040878,2026,Mike Washington Jr.,LV,RB,"https://static.www.nfl.com/image/upload/f_auto,q_auto/league/ocdjq5ohmtgdghqdh5m4"
00-0039312,2026,Miles Battle,MIA,DB,"https://static.www.nfl.com/image/upload/f_auto,q_auto/league/fzkus5rkxdqeys6rq5dn"
00-0041485,2026,Miles Davis,CAR,RB,"https://static.www.nfl.com/image/upload/f_auto,q_auto/league/htvohdxsq6qwts6k3cfb"
00-0040193,2026,Miles Frazier,DET,OL,"https://static.www.nfl.com/image/upload/f_auto,q_auto/league/picu4brr7vqypp3fdxtf"
00-0032399,2026,Miles Killebrew,TB,DB,"https://static.www.nfl.com/image/upload/f_auto,q_auto/league/mhgwr5y6ibs53msnm2gt"
00-0041130,2026,Miles Scott,DEN,DB,"https://static.www.nfl.com/image/upload/f_auto,q_auto/league/pncxuddkqd2csgmxzkfm"
00-0041172,2026,Miller Moss,CHI,QB,"https://static.www.nfl.com/image/upload/f_auto,q_auto/league/p86kdskm2q45zetkrx03"
00-0036511,2026,Milo Eifler,TEN,LB,"https://static.www.nfl.com/image/upload/f_auto,q_auto/league/rfmdcyim9q0prw56mzgw"
00-0036916,2026,Milton Williams,NE,DL,"https://static.www.nfl.com/image/upload/f_auto,q_auto/league/z9vmyi95sty3i0u6uwld"
00-0034789,2026,Minkah Fitzpatrick,NYJ,DB,"https://static.www.nfl.com/image/upload/f_auto,q_auto/league/z733r4dwebhrqeeihy0e"
00-0034941,2026,Mitch Wishnowsky,NE,P,"https://static.www.nfl.com/image/upload/f_auto,q_auto/league/kjifuyh2rm6dygczcv4f"
00-0040187,2026,Mitchell Evans,CAR,TE,"https://static.www.nfl.com/image/upload/f_auto,q_auto/league/yruhsxdnyfaa7iswn1dp"
00-0036943,2026,Mitchell Fraboni,DEN,LS,"https://static.www.nfl.com/image/upload/f_auto,q_auto/league/csvbeqtitr9ixpgdt0fu"
00-0041230,2026,Mitchell Melton,IND,DL,"https://static.www.nfl.com/image/upload/f_auto,q_auto/league/tpedch0htpw3i47jrj7t"
00-0038839,2026,Mitchell Tinsley,HOU,WR,"https://static.www.nfl.com/image/upload/f_auto,q_auto/league/t4h8qtzndtvf6is6naew"
00-0033869,2026,Mitchell Trubisky,TEN,QB,"https://static.www.nfl.com/image/upload/f_auto,q_auto/league/yxs7ix2pmcfv5k1qn1sk"
00-0033217,2026,Mo Alie-Cox,IND,TE,"https://static.www.nfl.com/image/upload/f_auto,q_auto/league/ivdxijcqlhfwsydxh6ox"
00-0039877,2026,Mohamed Kamara,TB,LB,"https://static.www.nfl.com/image/upload/f_auto,q_auto/league/eejqngskhpqk7dalz9cq"
00-0038711,2026,Mohamoud Diabate,TEN,LB,"https://static.www.nfl.com/image/upload/f_auto,q_auto/league/to8prswizs9iqvpqqbay"
00-0040244,2026,Moliki Matavao,NO,TE,"https://static.www.nfl.com/image/upload/f_auto,q_auto/league/sloxqlvfyoufh2bb3zku"
00-0041034,2026,Monroe Freeling,CAR,OL,"https://static.www.nfl.com/image/upload/f_auto,q_auto/league/ljukgocjxwgzy7pdf6rv"
00-0037313,2026,Montaric Brown,JAX,DB,"https://static.www.nfl.com/image/upload/f_auto,q_auto/league/jslgwquwwlbotxr8f1jz"
00-0035647,2026,Montez Sweat,CHI,DL,"https://static.www.nfl.com/image/upload/f_auto,q_auto/league/lmaq9dyixaolzxleqb5e"
00-0040621,2026,Montorie Foster Jr,SEA,WR,"https://static.www.nfl.com/image/upload/f_auto,q_auto/league/qkyl0pfhi4pmzdtodu9k"
00-0027557,2026,Morgan Cox,TEN,LS,"https://static.www.nfl.com/image/upload/f_auto,q_auto/league/iqsbwgh7v6yyabnz8m2a"
00-0031330,2026,Morgan Moses,NE,OL,"https://static.www.nfl.com/image/upload/f_auto,q_auto/league/xuuf1lrkv3altipbgfjk"
00-0038412,2026,Moro Ojomo,PHI,DL,"https://static.www.nfl.com/image/upload/f_auto,q_auto/league/pifqoqquxxvoqwah8khm"
00-0041196,2026,Mory Bamba,NYJ,DB,"https://static.www.nfl.com/image/upload/f_auto,q_auto/league/wjft7vvf0zougklyuctc"
00-0040968,2026,Murvin Kenion,GB,DB,"https://static.www.nfl.com/image/upload/f_auto,q_auto/league/vkjpef4y643t5ocedi9b"
00-0036300,2026,Mykal Walker,NYJ,LB,"https://static.www.nfl.com/image/upload/f_auto,q_auto/league/s6dyb5vuiaeb0oppcf8q"
00-0040660,2026,Mykel Williams,SF,DL,"https://static.www.nfl.com/image/upload/f_auto,q_auto/league/jas5em3i7xswbtoqr6qz"
00-0036087,2026,Myles Bryant,CLE,DB,"https://static.www.nfl.com/image/upload/f_auto,q_auto/league/mslszzwcbmt6hafvvu7r"
00-0039425,2026,Myles Cole,NO,DL,"https://static.www.nfl.com/image/upload/f_auto,q_auto/league/o5lyqgakz6zpshdrk7wu"
00-0033868,2026,Myles Garrett,LAR,LB,"https://static.www.nfl.com/image/upload/f_auto,q_auto/league/y2d1lvpgfarfv76hjcqm"
00-0039417,2026,Myles Harden,CLE,DB,"https://static.www.nfl.com/image/upload/f_auto,q_auto/league/ycg3egdmvp3kelvkiqrl"
00-0040015,2026,Myles Hinton,CIN,OL,"https://static.www.nfl.com/image/upload/f_auto,q_auto/league/ezvt74uuqfngggrsijvu"
00-0041323,2026,Myles Montgomery,NE,RB,"https://static.www.nfl.com/image/upload/f_auto,q_auto/league/x2iwklhxz7it7m1hsdwy"
00-0038546,2026,Myles Murphy,CIN,DL,"https://static.www.nfl.com/image/upload/f_auto,q_auto/league/byrxunn2xpvxelbxlnh5"
00-0040506,2026,Myles Price,MIN,WR,"https://static.www.nfl.com/image/upload/f_auto,q_auto/league/yi2pgwujy0lv9l3m3sig"
00-0040473,2026,Myles Purchase,LAC,DB,"https://static.www.nfl.com/image/upload/f_auto,q_auto/league/uxkfbbm77urszedpjbxd"
00-0041385,2026,Nadame Tucker,CLE,DL,"https://static.www.nfl.com/image/upload/f_auto,q_auto/league/tq22imtngjpu2fn8su5g"
00-0036986,2026,Nahshon Wright,NYJ,DB,"https://static.www.nfl.com/image/upload/f_auto,q_auto/league/pma5y3ixotctzzyqxygd"
00-0036893,2026,Najee Harris,NYG,RB,"https://static.www.nfl.com/image/upload/f_auto,q_auto/league/grfxgbvqnzz40r7rdtvk"
00-0037615,2026,Nakobe Dean,LV,LB,"https://static.www.nfl.com/image/upload/f_auto,q_auto/league/cyowdu41yhyzblsz2aam"
00-0041109,2026,Namdi Obiazor,NE,LB,"https://static.www.nfl.com/image/upload/f_auto,q_auto/league/mjc4ip1xcg0rse1lrn1n"
00-0036695,2026,Naquan Jones,MIN,DL,"https://static.www.nfl.com/image/upload/f_auto,q_auto/league/iavprngmsf7pftvw0bsv"
00-0040420,2026,Nash Hutmacher,TB,OL,"https://static.www.nfl.com/image/upload/f_auto,q_auto/league/c86vhmlp4y152bbgy8jw"
00-0038783,2026,Nate Adkins,DEN,TE,"https://static.www.nfl.com/image/upload/f_auto,q_auto/league/hedaw0ksq5qdzp9uhe3w"
00-0041503,2026,Nate Boerkircher,JAX,TE,"https://static.www.nfl.com/image/upload/f_auto,q_auto/league/bxglkvzpx2y40u25xaso"
00-0040547,2026,Nate Carter,KC,RB,"https://static.www.nfl.com/image/upload/f_auto,q_auto/league/c7wg2qvjvd8diaaujwpt"
00-0036871,2026,Nate Hobbs,SF,DB,"https://static.www.nfl.com/image/upload/f_auto,q_auto/league/qewuemdrhzwzc9hluywm"
00-0037587,2026,Nate Landman,LAR,LB,"https://static.www.nfl.com/image/upload/f_auto,q_auto/league/w44rpubxjijvxv0pkfnh"
00-0039447,2026,Nate Lynn,NYJ,LB,"https://static.www.nfl.com/image/upload/f_auto,q_auto/league/knnvuw8oxhlads0vfpep"
00-0040600,2026,Nate Valcarcel,LAR,DB,"https://static.www.nfl.com/image/upload/f_auto,q_auto/league/dpxsxb6f7s8hymgvpfin"
00-0039232,2026,Nate Wiggins,BAL,DB,"https://static.www.nfl.com/image/upload/f_auto,q_auto/league/fz9g7jofrkejlgowugfk"
00-0034760,2026,Nathan Shepherd,NO,DL,"https://static.www.nfl.com/image/upload/f_auto,q_auto/league/sl9b2jgyvmo5yn0vglok"
00-0039422,2026,Nathan Thomas,HOU,OL,"https://static.www.nfl.com/image/upload/f_auto,q_auto/league/eqezy9smygtojjoshtgt"
00-0039406,2026,Nathaniel Watson,CLE,LB,"https://static.www.nfl.com/image/upload/f_auto,q_auto/league/imp6cipge01zacx6g4tr"
00-0038966,2026,Natrone Brooks,DET,DB,"https://static.www.nfl.com/image/upload/f_auto,q_auto/league/swxxv6yxfspw2vyrjxgv"
00-0040041,2026,Nazir Stackhouse,TEN,DL,"https://static.www.nfl.com/image/upload/f_auto,q_auto/league/vokytmju8zhlte70ss9a"
00-0039795,2026,Nehemiah Pritchett,SEA,DB,"https://static.www.nfl.com/image/upload/f_auto,q_auto/league/zxtribbeeejhqlt43dmj"
00-0037544,2026,Nephi Sewell,CHI,LB,"https://static.www.nfl.com/image/upload/f_auto,q_auto/league/whfernvrrhmopmxfucso"
00-0036366,2026,Neville Gallimore,CHI,DL,"https://static.www.nfl.com/image/upload/f_auto,q_auto/league/py87zsmepp3roc7eytqf"
00-0038986,2026,Nic Jones,NYG,DB,"https://static.www.nfl.com/image/upload/f_auto,q_auto/league/ph6swp4bcjab60k3zlmw"
00-0040746,2026,Nic Scourton,CAR,LB,"https://static.www.nfl.com/image/upload/f_auto,q_auto/league/urx4ncr2up987hovqjlr"
00-0037754,2026,Nicholas Petit-Frere,WAS,OL,"https://static.www.nfl.com/image/upload/f_auto,q_auto/league/pbfr1pfxbihhuarcuqjz"
00-0040886,2026,Nicholas Singleton,TEN,RB,"https://static.www.nfl.com/image/upload/f_auto,q_auto/league/ztwqbc0s69cbz5ow0r0q"
00-0035149,2026,Nick Allegretti,WAS,OL,"https://static.www.nfl.com/image/upload/f_auto,q_auto/league/vblrphfqfohxa2hycuue"
00-0041413,2026,Nick Andersen,LAR,DB,"https://static.www.nfl.com/image/upload/f_auto,q_auto/league/fptjz8akstlgldroj4sm"
00-0041072,2026,Nick Barrett,LAC,DL,"https://static.www.nfl.com/image/upload/f_auto,q_auto/league/q50al52f5lmwzulxqqtl"
00-0028292,2026,Nick Bellore,WAS,LB,"https://static.www.nfl.com/image/upload/f_auto,q_auto/league/wlj7zdf6h9p9dnhdtmih"
00-0036621,2026,Nick Bolton,KC,LB,"https://static.www.nfl.com/image/upload/f_auto,q_auto/league/pgkezol12laags229maz"
00-0035717,2026,Nick Bosa,SF,DL,"https://static.www.nfl.com/image/upload/f_auto,q_auto/league/c7grjmvod7lnrfz4ordx"
00-0038633,2026,Nick Broeker,BUF,OL,"https://static.www.nfl.com/image/upload/f_auto,q_auto/league/ho1hflkakgdwhwzj7eyu"
00-0037616,2026,Nick Cross,WAS,DB,"https://static.www.nfl.com/image/upload/f_auto,q_auto/league/kk6rwopeqnomepo0lc9f"
00-0040979,2026,Nick Dawkins,BAL,OL,"https://static.www.nfl.com/image/upload/f_auto,q_auto/league/xkbtkrrvbb04xp0dqig3"
00-0041317,2026,Nick DeGennaro,NE,WR,"https://static.www.nfl.com/image/upload/f_auto,q_auto/league/vc9uhlgxs79dhcza4qp2"
00-0040733,2026,Nick Emmanwori,SEA,DB,"https://static.www.nfl.com/image/upload/f_auto,q_auto/league/pmy1sehsvo596a7si0i0"
00-0025565,2026,Nick Folk,ATL,K,"https://static.www.nfl.com/image/upload/f_auto,q_auto/league/qf6vaghxuoxqw0pyrvg3"
00-0039438,2026,Nick Gargiulo,DEN,OL,"https://static.www.nfl.com/image/upload/f_auto,q_auto/league/al11sdwqz5mci8hhypkl"
00-0038577,2026,Nick Herbig,PIT,LB,"https://static.www.nfl.com/image/upload/f_auto,q_auto/league/ox9fpvzppbe9uyqvnp2q"
00-0040625,2026,Nick Jackson,TB,LB,"https://static.www.nfl.com/image/upload/f_auto,q_auto/league/v70vlurxo9qr6hv1ehsy"
00-0040058,2026,Nick Kallerup,SEA,TE,"https://static.www.nfl.com/image/upload/f_auto,q_auto/league/eetx8ba2ztsmk9wabbzp"
00-0036105,2026,Nick Leverett,DAL,OL,"https://static.www.nfl.com/image/upload/f_auto,q_auto/league/p9zmjyfrrp61aj3i7lbj"
00-0040135,2026,Nick Martin,SF,LB,"https://static.www.nfl.com/image/upload/f_auto,q_auto/league/znqnmy0xdk331ma8h7xa"
00-0036589,2026,Nick McCloud,CHI,DB,"https://static.www.nfl.com/image/upload/f_auto,q_auto/league/tktqsmdus8y1alse43j5"
00-0035408,2026,Nick Moore,BAL,LS,"https://static.www.nfl.com/image/upload/f_auto,q_auto/league/jq66k7xnacmthlcx6kqx"
00-0033319,2026,Nick Mullens,JAX,QB,"https://static.www.nfl.com/image/upload/f_auto,q_auto/league/haxwyajgngz6quuyqg19"
00-0037317,2026,Nick Muse,ATL,TE,"https://static.www.nfl.com/image/upload/f_auto,q_auto/league/cdidnsvt1we5d7ffnjbo"
00-0040551,2026,Nick Nash,WAS,WR,"https://static.www.nfl.com/image/upload/f_auto,q_auto/league/skgrkbcrfxdtraru3l6d"
00-0036648,2026,Nick Niemann,GB,LB,"https://static.www.nfl.com/image/upload/f_auto,q_auto/league/bstd7dnklbftscfbhskq"
00-0038566,2026,Nick Saldiveri,NO,OL,"https://static.www.nfl.com/image/upload/f_auto,q_auto/league/m8klsckbapwh7m82tinf"
00-0039237,2026,Nick Samac,MIN,OL,"https://static.www.nfl.com/image/upload/f_auto,q_auto/league/asndmhzpbeviehlnuxgl"
00-0035669,2026,Nick Scott,CAR,DB,"https://static.www.nfl.com/image/upload/f_auto,q_auto/league/rxmve4vvejz6looxumrw"
00-0032394,2026,Nick Vannett,BAL,TE,"https://static.www.nfl.com/image/upload/f_auto,q_auto/league/srrlkx2mydsb8gfco6fp"
00-0036182,2026,Nick Westbrook-Ikhine,IND,WR,"https://static.www.nfl.com/image/upload/f_auto,q_auto/league/cyczwxlgfksrmurbb1ez"
00-0038841,2026,Nick Whiteside,DET,DB,"https://static.www.nfl.com/image/upload/f_auto,q_auto/league/xb8o17bhvobonozefq7n"
00-0037831,2026,Nick Zakelj,SF,OL,"https://static.www.nfl.com/image/upload/f_auto,q_auto/league/cun4v40dnqifysuu9oxf"
00-0036554,2026,Nico Collins,HOU,WR,"https://static.www.nfl.com/image/upload/f_auto,q_auto/league/fguybjrn1kwflxm5szwq"
00-0037249,2026,Nik Bonitto,DEN,LB,"https://static.www.nfl.com/image/upload/f_auto,q_auto/league/azxinmsmz9kacbwfdfex"
00-0039567,2026,Nik Constantinou,CLE,P,"https://static.www.nfl.com/image/upload/f_auto,q_auto/league/rq9muxbc5q6jlcwvsmf2"
00-0040471,2026,Nikko Reed,NYG,DB,"https://static.www.nfl.com/image/upload/f_auto,q_auto/league/kwrqouczwfh7xtyhlzgl"
00-0038519,2026,Nikko Remigio,KC,WR,"https://static.www.nfl.com/image/upload/f_auto,q_auto/league/n6b1tsy32fswbd0xgsim"
00-0041014,2026,Niklas Henning,LV,OL,"https://static.www.nfl.com/image/upload/f_auto,q_auto/league/quyamjtpggvzd3chh4tt"
00-0037031,2026,Nikola Kalinic,CHI,TE,"https://static.www.nfl.com/image/upload/f_auto,q_auto/league/monk9ruop1ec5bfysiwl"
00-0036130,2026,Nnamdi Madubuike,BAL,DL,"https://static.www.nfl.com/image/upload/f_auto,q_auto/league/zvqf4b2ks5pwfkzynt5d"
00-0041371,2026,Noah Avinger,LAC,DB,"https://static.www.nfl.com/image/upload/f_auto,q_auto/league/wwgamb8sy49qhna4amcj"
00-0035644,2026,Noah Fant,NO,TE,"https://static.www.nfl.com/image/upload/f_auto,q_auto/league/lijnonbrcmplvkcb5kqv"
00-0036637,2026,Noah Gray,KC,TE,"https://static.www.nfl.com/image/upload/f_auto,q_auto/league/bpmlguml8jth2rbdfyp5"
00-0036287,2026,Noah Igbinoghene,CLE,DB,"https://static.www.nfl.com/image/upload/f_auto,q_auto/league/gnhpvwecmtmrv3clqwi1"
00-0038390,2026,Noah Sewell,CHI,LB,"https://static.www.nfl.com/image/upload/f_auto,q_auto/league/sw5wea1zlc1drxoisej0"
00-0041248,2026,Noah Thomas,CIN,WR,"https://static.www.nfl.com/image/upload/f_auto,q_auto/league/kafm8ce25xilrai8zsrz"
00-0041312,2026,Noah Whittington,HOU,RB,"https://static.www.nfl.com/image/upload/f_auto,q_auto/league/ofifs3fbgpnv6qtcjain"
00-0040670,2026,Nohl Williams,KC,DB,"https://static.www.nfl.com/image/upload/f_auto,q_auto/league/pf22yjk2vhk7gc6ogh8z"
00-0041232,2026,Nolan Rucci,IND,OL,"https://static.www.nfl.com/image/upload/f_auto,q_auto/league/ckdp3a3c02je29nzrptb"
00-0039013,2026,Nolan Smith,PHI,LB,"https://static.www.nfl.com/image/upload/f_auto,q_auto/league/mutic3dzmrlfruwqlgcb"
00-0040944,2026,Nyjalik Kelly,GB,LB,"https://static.www.nfl.com/image/upload/f_auto,q_auto/league/rlgk5vtxruzwzjptpjdw"
00-0041416,2026,Nyzier Fourqurean,LAR,DB,"https://static.www.nfl.com/image/upload/f_auto,q_auto/league/qqbmr0tzkjo6v9dmmf9t"
00-0038548,2026,O'Cyrus Torrence,BUF,OL,"https://static.www.nfl.com/image/upload/f_auto,q_auto/league/bkbuobkm9dwoyprlaasp"
00-0037440,2026,Obinna Eze,CLE,OL,"https://static.www.nfl.com/image/upload/f_auto,q_auto/league/osxcesk1syo3wl63pl3u"
00-0040989,2026,Octavian Smith,BAL,WR,"https://static.www.nfl.com/image/upload/f_auto,q_auto/league/qtsrzczmff6p97bc2rzo"
00-0036940,2026,Odafe Oweh,WAS,LB,"https://static.www.nfl.com/image/upload/f_auto,q_auto/league/lxeaoe3u7srngnwlyyon"
00-0031235,2026,Odell Beckham Jr.,NYG,WR,"https://static.www.nfl.com/image/upload/f_auto,q_auto/league/ffmalg3wr7lwnsz59i7v"
00-0034807,2026,Ogbo Okoronkwo,SF,DL,"https://static.www.nfl.com/image/upload/f_auto,q_auto/league/qbhwpvb59fmyguz8ttg0"
00-0040866,2026,Olaivavega Ioane,BAL,OL,"https://static.www.nfl.com/image/upload/f_auto,q_auto/league/x3z8asowfyyrhgc0nujw"
00-0035208,2026,Olamide Zaccheaus,ATL,WR,"https://static.www.nfl.com/image/upload/f_auto,q_auto/league/zsnzd30ysrewgufbv06y"
00-0040198,2026,Ollie Gordon II,MIA,RB,"https://static.www.nfl.com/image/upload/f_auto,q_auto/league/bv33rgypaauv7sealwkr"
00-0038593,2026,Olu Oluwatimi,SEA,OL,"https://static.www.nfl.com/image/upload/f_auto,q_auto/league/lwz6dcsfrwdlxeprtinn"
00-0039790,2026,Olumuyiwa Fashanu,NYJ,OL,"https://static.www.nfl.com/image/upload/f_auto,q_auto/league/clf1wkkpzzsrnffv8wew"
00-0040752,2026,Oluwafemi Oladejo,TEN,LB,"https://static.www.nfl.com/image/upload/f_auto,q_auto/league/koxindt0qvandhu8otrf"
00-0041511,2026,Omar Cooper Jr.,NYJ,WR,"https://static.www.nfl.com/image/upload/f_auto,q_auto/league/lmua2lbg0m77ibvydvaq"
00-0039774,2026,Omar Speights,LAR,LB,"https://static.www.nfl.com/image/upload/f_auto,q_auto/league/tbz3cgrfkc8yjsxkjhxe"
00-0040954,2026,Omari Evans,KC,WR,"https://static.www.nfl.com/image/upload/f_auto,q_auto/league/q5szmdmukkkusqpfj9m5"
00-0041168,2026,Omari Kelly,CHI,WR,"https://static.www.nfl.com/image/upload/f_auto,q_auto/league/oz0rxxhvfnjrsc1zdsdc"
00-0040666,2026,Omarion Hampton,LAC,RB,"https://static.www.nfl.com/image/upload/f_auto,q_auto/league/lf2jxvxnbexlinoydbej"
00-0040748,2026,Omarr Norman-Lott,KC,DL,"https://static.www.nfl.com/image/upload/f_auto,q_auto/league/jp69jatihj5oqc37g9gv"
00-0034754,2026,Oren Burks,CIN,LB,"https://static.www.nfl.com/image/upload/f_auto,q_auto/league/uicl91cysjtnfqev9mjt"
00-0034752,2026,Orlando Brown,CIN,OL,"https://static.www.nfl.com/image/private/f_auto,q_auto/league/icuytojhzdm0dqxoebo4"
00-0040189,2026,Oronde Gadsden II,LAC,TE,"https://static.www.nfl.com/image/upload/f_auto,q_auto/league/r8b4oghjwhw8x9nv1wbs"
00-0036942,2026,Osa Odighizuwa,SF,DL,"https://static.www.nfl.com/image/upload/f_auto,q_auto/league/qselmahxlopzx8spnchw"
00-0041041,2026,Oscar Delp,NO,TE,"https://static.www.nfl.com/image/upload/f_auto,q_auto/league/a7tu8cb3rnd5ncgbtok5"
00-0038853,2026,Otis Reese,BUF,LB,"https://static.www.nfl.com/image/upload/f_auto,q_auto/league/ep7viam10hnxhva90fbl"
00-0037270,2026,Otito Ogbonnia,DAL,DL,"https://static.www.nfl.com/image/upload/f_auto,q_auto/league/oyayc8mxpu7grfwqgzrz"
00-0038600,2026,Owen Pappoe,TEN,LB,"https://static.www.nfl.com/image/upload/f_auto,q_auto/league/zv35eeyd3oxxkecrvqra"
00-0038458,2026,Owen Wright,HOU,RB,"https://static.www.nfl.com/image/upload/f_auto,q_auto/league/nig1vy9k1asfhkanvlki"
00-0040740,2026,Ozzy Trapilo,CHI,OL,"https://static.www.nfl.com/image/upload/f_auto,q_auto/league/xjnksmbwipltv0hxz4qj"
00-0035227,2026,P.J. Locke,DAL,DB,"https://static.www.nfl.com/image/upload/f_auto,q_auto/league/fzkqg3cd4aa4sfjy4rlx"
00-0039632,2026,PJ Jules,CIN,DB,"https://static.www.nfl.com/image/upload/f_auto,q_auto/league/ypmhoannzlvxolhoalkc"
00-0038540,2026,Paris Johnson Jr.,ARI,OL,"https://static.www.nfl.com/image/upload/f_auto,q_auto/league/fto9oiuqts9esmpl7dxf"
00-0041127,2026,Parker Hughes,JAX,LB,"https://static.www.nfl.com/image/upload/f_auto,q_auto/league/sgynne35cxl9y5fyzurs"
00-0041151,2026,Parker Petersen,CAR,DL,"https://static.www.nfl.com/image/upload/f_auto,q_auto/league/cwfe0yumsk0ydn3b6bq8"
00-0041298,2026,Parker Robertson,DEN,DB,"https://static.www.nfl.com/image/upload/f_auto,q_auto/league/zsddrqraoywnrrejhli5"
00-0038606,2026,Parker Washington,JAX,WR,"https://static.www.nfl.com/image/upload/f_auto,q_auto/league/yn0hc5xrz5nqeccg8two"
00-0035639,2026,Parris Campbell,DAL,WR,"https://static.www.nfl.com/image/upload/f_auto,q_auto/league/pmb3ypquiy5a2qzzmio4"
00-0040793,2026,Paschal Ekeji,NYJ,LB,"https://static.www.nfl.com/image/upload/f_auto,q_auto/league/tpq98s8c2d42cyctwnsp"
00-0040134,2026,Pat Bryant,DEN,WR,"https://static.www.nfl.com/image/upload/f_auto,q_auto/league/n91hznzkfpftxhqt1qd9"
00-0040893,2026,Pat Coogan,TEN,OL,"https://static.www.nfl.com/image/upload/f_auto,q_auto/league/tomgqsqha9cv0duwsrov"
00-0036894,2026,Pat Freiermuth,PIT,TE,"https://static.www.nfl.com/image/upload/f_auto,q_auto/league/pyrdsypgggjshiaygkr7"
00-0036874,2026,Pat Surtain II,DEN,DB,"https://static.www.nfl.com/image/upload/f_auto,q_auto/league/soec8zk3n5jvxvywq1gm"
00-0041016,2026,Patrick Gurd,LV,TE,"https://static.www.nfl.com/image/upload/f_auto,q_auto/league/agjazc5duhqepvcd82yf"
00-0040331,2026,Patrick Herbert,LAC,TE,"https://static.www.nfl.com/image/upload/f_auto,q_auto/league/ozp6mlkzvpqbvuldsm32"
00-0040684,2026,Patrick Jenkins,CLE,DL,"https://static.www.nfl.com/image/upload/f_auto,q_auto/league/kcf9vitwxtf3rlujrb2q"
00-0036922,2026,Patrick Johnson,LV,LB,"https://static.www.nfl.com/image/upload/f_auto,q_auto/league/qtngv13hh6rm4kfc52jt"
00-0037007,2026,Patrick Jones II,CAR,LB,"https://static.www.nfl.com/image/upload/f_auto,q_auto/league/yj0r18rgx7oishozdalv"
00-0033873,2026,Patrick Mahomes,KC,QB,"https://static.www.nfl.com/image/upload/f_auto,q_auto/league/wdckwtob1lybvkmxnf7p"
00-0039881,2026,Patrick McMorris,SF,DB,"https://static.www.nfl.com/image/upload/f_auto,q_auto/league/eu9mwmih3oosm64ainr8"
00-0035112,2026,Patrick Mekari,JAX,OL,"https://static.www.nfl.com/image/upload/f_auto,q_auto/league/zexcgdqu1lea3ecum5vl"
00-0038764,2026,Patrick O'Connell,SEA,LB,"https://static.www.nfl.com/image/upload/f_auto,q_auto/league/s5wok0ocqr8yc86xhucm"
00-0039899,2026,Patrick Paul,MIA,OL,"https://static.www.nfl.com/image/upload/f_auto,q_auto/league/gjp4mxqdh4gs2cyktdva"
00-0036323,2026,Patrick Queen,PIT,LB,"https://static.www.nfl.com/image/upload/f_auto,q_auto/league/hvbmd1y24q3eoky2jl8i"
00-0033376,2026,Patrick Ricard,NYG,RB,"https://static.www.nfl.com/image/upload/f_auto,q_auto/league/nm7ezh46zd5bdxaxz6a9"
00-0041583,2026,Paul Rubelt,TB,OL,"https://static.www.nfl.com/image/upload/f_auto,q_auto/league/nhfkvrykdx4zk8wkek5b"
00-0036937,2026,Paulson Adebo,NYG,DB,"https://static.www.nfl.com/image/upload/f_auto,q_auto/league/yft8adxhq7go3eqd8d9k"
00-0039050,2026,Payne Durham,TB,TE,"https://static.www.nfl.com/image/upload/f_auto,q_auto/league/emibbexzjbzvopbvo1at"
00-0040404,2026,Payton Page,NYJ,DL,"https://static.www.nfl.com/image/upload/f_auto,q_auto/league/lv2k8zefcvbgpgl5j6k1"
00-0036926,2026,Payton Turner,DET,DL,"https://static.www.nfl.com/image/upload/f_auto,q_auto/league/chmbnron2iipzbjggg7y"
00-0039741,2026,Payton Wilson,PIT,LB,"https://static.www.nfl.com/image/upload/f_auto,q_auto/league/zgvgobg9xpibsa2sofyw"
00-0041423,2026,Payton Zdroik,LAR,DL,"https://static.www.nfl.com/image/upload/f_auto,q_auto/league/lfn9bstmbeqlioweaynh"
00-0036880,2026,Penei Sewell,DET,OL,"https://static.www.nfl.com/image/upload/f_auto,q_auto/league/g1g0qefvafsm8hxjpiyy"
00-0037984,2026,Pepe Williams,TB,DB,"https://static.www.nfl.com/image/upload/f_auto,q_auto/league/vmakhsdcrjdtw0psgslj"
00-0038100,2026,Percy Butler,WAS,DB,"https://static.www.nfl.com/image/upload/f_auto,q_auto/league/uqx9zb1asrcvsenbus1p"
00-0040958,2026,Pete Nygra,KC,OL,"https://static.www.nfl.com/image/upload/f_auto,q_auto/league/dj0eulexg2b8q60qqx7s"
00-0036927,2026,Pete Werner,NO,LB,"https://static.www.nfl.com/image/upload/f_auto,q_auto/league/uhwx126ajhgmovxxlphm"
00-0039268,2026,Peter Bowden,LAC,LS,"https://static.www.nfl.com/image/upload/f_auto,q_auto/league/b3iznql1penceotrgne5"
00-0041405,2026,Peter Manuma,NE,DB,"https://static.www.nfl.com/image/upload/f_auto,q_auto/league/zdqep82dbwapltzfvj9g"
00-0039034,2026,Peter Skoronski,TEN,OL,"https://static.www.nfl.com/image/upload/f_auto,q_auto/league/jprsrsbaerno6elsex52"
00-0041545,2026,Peter Woods,KC,DL,"https://static.www.nfl.com/image/upload/f_auto,q_auto/league/faer3odluhui4euszouu"
00-0033439,2026,Pharaoh Brown,IND,TE,"https://static.www.nfl.com/image/upload/f_auto,q_auto/league/hfgg6gr7aiyzmdzh4iww"
00-0038099,2026,Phidarian Mathis,BUF,DL,"https://static.www.nfl.com/image/upload/f_auto,q_auto/league/dtyx342zos6eqmy7tpfe"
00-0040021,2026,Phil Mafah,NYG,RB,"https://static.www.nfl.com/image/upload/f_auto,q_auto/league/r91conel40ilon72blzb"
00-0038098,2026,Pierre Strong,GB,RB,"https://static.www.nfl.com/image/upload/f_auto,q_auto/league/aa0nufst85vutgor1fqv"
00-0040588,2026,Pooh Paul Jr.,SEA,LB,"https://static.www.nfl.com/image/upload/f_auto,q_auto/league/psmpytneuttddqhfswhj"
00-0034234,2026,Poona Ford,LAR,DL,"https://static.www.nfl.com/image/upload/f_auto,q_auto/league/emckafsx5psbs9pjhhpe"
00-0040270,2026,Power Echols,SEA,LB,"https://static.www.nfl.com/image/upload/f_auto,q_auto/league/ptq9m3ohqianoex14gzx"
00-0041210,2026,Preston Hodge,JAX,DB,"https://static.www.nfl.com/image/upload/f_auto,q_auto/league/nshicasbyvt1r0p626q2"
00-0040136,2026,Princely Umanmielen,CAR,LB,"https://static.www.nfl.com/image/upload/f_auto,q_auto/league/rqdqyoypjti8cg2weguu"
00-0038735,2026,Princeton Fant,DAL,TE,"https://static.www.nfl.com/image/upload/f_auto,q_auto/league/dh67wj7xhek86nhyucig"
00-0039075,2026,Puka Nacua,LAR,WR,"https://static.www.nfl.com/image/upload/f_auto,q_auto/league/ipy6qw7hdygdfc8k86ba"
00-0039843,2026,Qadir Ismail,CHI,TE,"https://static.www.nfl.com/image/upload/f_auto,q_auto/league/j8bnryrjhs5ojoxmeson"
00-0039149,2026,Quan Martin,WAS,DB,"https://static.www.nfl.com/image/upload/f_auto,q_auto/league/mqvepjtbymevlwn2c7qj"
00-0037074,2026,Quay Walker,LV,LB,"https://static.www.nfl.com/image/upload/f_auto,q_auto/league/bqhumgranhitojob30mp"
00-0040168,2026,Que Robinson,DEN,LB,"https://static.www.nfl.com/image/upload/f_auto,q_auto/league/quvadleyknwh31c7acza"
00-0038544,2026,Quentin Johnston,LAC,WR,"https://static.www.nfl.com/image/upload/f_auto,q_auto/league/lyvsrjh4mjb4dqwp6shm"
00-0037841,2026,Quentin Lake,LAR,DB,"https://static.www.nfl.com/image/upload/f_auto,q_auto/league/qktbfevtbxiyrw9ekk72"
00-0041180,2026,Quentin Moore,WAS,TE,"https://static.www.nfl.com/image/upload/f_auto,q_auto/league/uavxcxg6tgw0pchu2osh"
00-0040406,2026,Quentin Skinner,BUF,WR,"https://static.www.nfl.com/image/upload/f_auto,q_auto/league/s7ln3ugfuknhx2tedii2"
00-0034342,2026,Quenton Nelson,IND,OL,"https://static.www.nfl.com/image/upload/f_auto,q_auto/league/wltd0vj7zlzbprlshf2d"
00-0040166,2026,Quincy Riley,NO,DB,"https://static.www.nfl.com/image/upload/f_auto,q_auto/league/q4qlahpfgvbren4xt0pj"
00-0040553,2026,Quincy Skinner Jr.,GB,WR,"https://static.www.nfl.com/image/upload/f_auto,q_auto/league/ni8qfwwvpyklvxqseorj"
00-0035680,2026,Quincy Williams,CLE,LB,"https://static.www.nfl.com/image/upload/f_auto,q_auto/league/ukxxxlah4iappss0ro9e"
00-0041209,2026,Quindarius Dunnigan,JAX,DL,"https://static.www.nfl.com/image/upload/f_auto,q_auto/league/c8xnptquu7o8bp80ujmh"
00-0038368,2026,Quindell Johnson,WAS,DB,"https://static.www.nfl.com/image/upload/f_auto,q_auto/league/uga90lawcfxjcqna7opb"
00-0040234,2026,Quinn Ewers,JAX,QB,"https://static.www.nfl.com/image/upload/f_auto,q_auto/league/bbcwyjuhyijtqe7jo274"
00-0037001,2026,Quinn Meinerz,DEN,OL,"https://static.www.nfl.com/image/upload/f_auto,q_auto/league/e6erzvgu9dsqzec0gfpk"
00-0035718,2026,Quinnen Williams,DAL,DL,"https://static.www.nfl.com/image/upload/f_auto,q_auto/league/lijqxjhytjakehnusgmn"
00-0040784,2026,Quinshon Judkins,CLE,RB,"https://static.www.nfl.com/image/upload/f_auto,q_auto/league/ojtce2im0wp2ltyel0vc"
00-0041402,2026,Quintayvious Hutchins,NE,LB,"https://static.www.nfl.com/image/upload/f_auto,q_auto/league/whetlplnqownwubrmaxe"
00-0036590,2026,Quintin Morris,JAX,TE,"https://static.www.nfl.com/image/upload/f_auto,q_auto/league/auqtvapzdtpdxg6myw6b"
00-0039767,2026,Quinton Newsome,ARI,DB,"https://static.www.nfl.com/image/upload/f_auto,q_auto/league/lszsh2ohujsuvqil5zsf"
00-0039888,2026,Quinyon Mitchell,PHI,DB,"https://static.www.nfl.com/image/upload/f_auto,q_auto/league/hfhzawkrobxrfuohtp50"
00-0039789,2026,Qwan'tez Stiggers,NYJ,DB,"https://static.www.nfl.com/image/upload/f_auto,q_auto/league/yiiqa5sbaclz4bvnpvul"
00-0037522,2026,Qwuantrezz Knight,WAS,DB,"https://static.www.nfl.com/image/upload/f_auto,q_auto/league/ebcmhvdawy6mnljilrxz"
00-0041501,2026,R Mason Thomas,KC,DL,"https://static.www.nfl.com/image/upload/f_auto,q_auto/league/kyj9zy752wgq6nnn4ui6"
00-0040221,2026,R.J. Mickens,LAC,DB,"https://static.www.nfl.com/image/upload/f_auto,q_auto/league/ukzfqydyiezmemut0zoe"
00-0040730,2026,RJ Harvey,DEN,RB,"https://static.www.nfl.com/image/upload/f_auto,q_auto/league/szxmro5enrxlscvv67xg"
00-0037256,2026,Rachaad White,WAS,RB,"https://static.www.nfl.com/image/upload/f_auto,q_auto/league/wtdhs50gcl2p6vngsnre"
00-0037468,2026,Raheem Layne,NYG,DB,"https://static.www.nfl.com/image/upload/f_auto,q_auto/league/z3fhkczvsef6tqspduap"
00-0040466,2026,Raheim Sanders,CLE,RB,"https://static.www.nfl.com/image/upload/f_auto,q_auto/league/bopoof9uczgpvpggeahp"
00-0031957,2026,Rakeem Nunez-Roches,TB,DL,"https://static.www.nfl.com/image/upload/f_auto,q_auto/league/udm7hafj1u08xj2blkta"
00-0041476,2026,Rashad Rochelle,SEA,WR,"https://static.www.nfl.com/image/upload/f_auto,q_auto/league/ylbnhgy33itvtgb5j5gk"
00-0039596,2026,Rashad Wisdom,TB,DB,"https://static.www.nfl.com/image/upload/f_auto,q_auto/league/zqseximyfbxl2h4bqxyw"
00-0034967,2026,Rashan Gary,DAL,LB,"https://static.www.nfl.com/image/upload/f_auto,q_auto/league/ew8xw9vqpcmeily0m3fk"
00-0037009,2026,Rashawn Slater,LAC,OL,"https://static.www.nfl.com/image/upload/f_auto,q_auto/league/tnryoyowiu6amxx3zthf"
00-0039067,2026,Rashee Rice,KC,WR,"https://static.www.nfl.com/image/upload/f_auto,q_auto/league/qhkbqrydjeur8zvrrmfl"
00-0040918,2026,Rasheed Miller,TEN,OL,"https://static.www.nfl.com/image/upload/f_auto,q_auto/league/wcrnlcq6doix61fwoxgk"
00-0037196,2026,Rasheed Walker,CAR,OL,"https://static.www.nfl.com/image/upload/f_auto,q_auto/league/w2jnttphyffiuxov70o3"
00-0039796,2026,Rasheen Ali,BAL,RB,"https://static.www.nfl.com/image/upload/f_auto,q_auto/league/zwjrkzu3ia3cfrwgotqt"
00-0037545,2026,Rashid Shaheed,SEA,WR,"https://static.www.nfl.com/image/upload/f_auto,q_auto/league/ku2naisfbxmzgagxojnm"
00-0036550,2026,Rashod Bateman,BAL,WR,"https://static.www.nfl.com/image/upload/f_auto,q_auto/league/gtktmsfcxc1eijwpwzyq"
00-0033551,2026,Rasul Douglas,WAS,DB,"https://static.www.nfl.com/image/upload/f_auto,q_auto/league/f2ac9dmdbhc6rvgllcbt"
00-0039875,2026,Ray Davis,BUF,RB,"https://static.www.nfl.com/image/upload/f_auto,q_auto/league/xibwzhrl6q5xkgh3utug"
00-0034407,2026,Ray-Ray McCloud,CHI,WR,"https://static.www.nfl.com/image/upload/f_auto,q_auto/league/nvwn3sdihyyd2itjt7vy"
00-0041233,2026,Raylen Sharpe,IND,WR,"https://static.www.nfl.com/image/upload/f_auto,q_auto/league/vvlwqrvwwum3bjtpribs"
00-0040907,2026,Rayshaun Benny,BAL,DL,"https://static.www.nfl.com/image/upload/f_auto,q_auto/league/ewfiiqrz7qysxydw5zwn"
00-0033941,2026,Rayshawn Jenkins,PIT,DB,"https://static.www.nfl.com/image/upload/f_auto,q_auto/league/e3tppqrhd6bpipfn2k4z"
00-0040213,2026,Rayuan Lane III,JAX,DB,"https://static.www.nfl.com/image/upload/f_auto,q_auto/league/emzamsuwuuxtpw4natjw"
00-0041134,2026,Red Murdock,DEN,LB,"https://static.www.nfl.com/image/upload/f_auto,q_auto/league/nmlusx7gpecv6trobnjh"
00-0039465,2026,Reddy Steward,DAL,DB,"https://static.www.nfl.com/image/upload/f_auto,q_auto/league/e7fvszuuhvqn17ruftl0"
00-0037130,2026,Reed Blankenship,HOU,DB,"https://static.www.nfl.com/image/upload/f_auto,q_auto/league/qbrxcx1jmwabwtdwco3o"
00-0038521,2026,Reese Taylor,MIA,DB,"https://static.www.nfl.com/image/upload/f_auto,q_auto/league/sgzl6u9ggxuea9qcbveg"
00-0036187,2026,Reggie Gilliam,NE,RB,"https://static.www.nfl.com/image/upload/f_auto,q_auto/league/jjntivnnkczvlclkiwwm"
00-0041070,2026,Reggie Virgil,ARI,WR,"https://static.www.nfl.com/image/upload/f_auto,q_auto/league/hmaylhc9nc2zmqjdw1ib"
00-0041492,2026,Reid Carrico,TEN,LB,"https://static.www.nfl.com/image/upload/f_auto,q_auto/league/ws33qmb09cnf4tyuvj4s"
00-0032497,2026,Reid Ferguson,BUF,LS,"https://static.www.nfl.com/image/upload/f_auto,q_auto/league/oxhx0mgsaax31qsyjwiv"
00-0040101,2026,Reid Holskey,IND,OL,"https://static.www.nfl.com/image/upload/f_auto,q_auto/league/vageavd8s8byl8vzpfzx"
00-0038781,2026,Rejzohn Wright,NO,DB,"https://static.www.nfl.com/image/upload/f_auto,q_auto/league/yrq9uabvv4pfbc0terbp"
00-0039345,2026,Renardo Green,SF,DB,"https://static.www.nfl.com/image/upload/f_auto,q_auto/league/g1au1f2gkeo8wbexmvpk"
00-0041136,2026,Rene Konga,MIA,DL,"https://static.www.nfl.com/image/upload/f_auto,q_auto/league/qn7lj4k9kkklluhifocz"
00-0040106,2026,Reuben Lowery,IND,DB,"https://static.www.nfl.com/image/upload/f_auto,q_auto/league/izccmtei81rlnzdahwgb"
00-0036443,2026,Rex Sunahara,CLE,LS,"https://static.www.nfl.com/image/upload/f_auto,q_auto/league/lf7vil8wv3cqyumtczbr"
00-0036875,2026,Rhamondre Stevenson,NE,RB,"https://static.www.nfl.com/image/upload/f_auto,q_auto/league/zmpuirvuw4r04inxth5i"
00-0040314,2026,Ricky Barber,WAS,DL,"https://static.www.nfl.com/image/upload/f_auto,q_auto/league/updqursgjxdp8zsjelp2"
00-0038776,2026,Ricky Lee,JAX,OL,"https://static.www.nfl.com/image/upload/f_auto,q_auto/league/erw0rosxtjkqvjzbh92x"
00-0039916,2026,Ricky Pearsall,SF,WR,"https://static.www.nfl.com/image/upload/f_auto,q_auto/league/rrv2qhkjqagb8ibzwakv"
00-0040653,2026,Ricky White III,SEA,WR,"https://static.www.nfl.com/image/upload/f_auto,q_auto/league/sgtcxvsg5m0s6rdizjfb"
00-0036139,2026,Rico Dowdle,PIT,RB,"https://static.www.nfl.com/image/upload/f_auto,q_auto/league/mx2bxccuzmdvzbksypws"
00-0039620,2026,Rico Payton,NYG,DB,"https://static.www.nfl.com/image/upload/f_auto,q_auto/league/fhtldemepl6yeuqvepdj"
00-0033269,2026,Rigoberto Sanchez,IND,P,"https://static.www.nfl.com/image/upload/f_auto,q_auto/league/i3hjsasd97k3y3z0inc6"
00-0032943,2026,Riley Dixon,TB,P,"https://static.www.nfl.com/image/upload/f_auto,q_auto/league/wcwfdojcfj0i6y1rb5jn"
00-0040206,2026,Riley Leonard,IND,QB,"https://static.www.nfl.com/image/upload/f_auto,q_auto/league/okxcrf19ylc0hwfefmwl"
00-0041192,2026,Riley Mahlman,ATL,OL,"https://static.www.nfl.com/image/upload/f_auto,q_auto/league/ccdfmnjjfph73wxaflts"
00-0038552,2026,Riley Moss,DEN,DB,"https://static.www.nfl.com/image/upload/f_auto,q_auto/league/o8jxuxi7vqa9kxt0rawn"
00-0041398,2026,Riley Nowakowski,PIT,RB,"https://static.www.nfl.com/image/upload/f_auto,q_auto/league/nhyd8plaetjoosbq1btb"
00-0036816,2026,Riley Patterson,MIA,K,"https://static.www.nfl.com/image/upload/f_auto,q_auto/league/xjg7x98iyq5hlgjc62ot"
00-0037079,2026,Riq Woolen,PHI,DB,"https://static.www.nfl.com/image/upload/f_auto,q_auto/league/aodr0vp93fzhdsff9fzj"
00-0040046,2026,Rivaldo Fairweather,ARI,TE,"https://static.www.nfl.com/image/upload/f_auto,q_auto/league/dlfhb5iydthvgpx1jhfv"
00-0038603,2026,Rob Beal Jr.,MIA,DL,"https://static.www.nfl.com/image/upload/f_auto,q_auto/league/clzzji0rtncdzzxhtpux"
00-0040790,2026,Rob Carter Jr.,IND,DB,"https://static.www.nfl.com/image/upload/f_auto,q_auto/league/kgjxvzpxjyg3qsl1oedq"
00-0040649,2026,Robbie Ouzts,SEA,RB,"https://static.www.nfl.com/image/upload/f_auto,q_auto/league/kdykjwqk5xcnrfbtp47o"
00-0036985,2026,Robert Hainsey,JAX,OL,"https://static.www.nfl.com/image/upload/f_auto,q_auto/league/umagumf4xf5ubalpckut"
00-0041178,2026,Robert Henry Jr.,WAS,RB,"https://static.www.nfl.com/image/upload/f_auto,q_auto/league/aehybugrdkpwoegwc10v"
00-0036325,2026,Robert Hunt,CAR,OL,"https://static.www.nfl.com/image/upload/f_auto,q_auto/league/ra3z68izmkp21mgbr6a2"
00-0040077,2026,Robert Longerbeam,PHI,DB,"https://static.www.nfl.com/image/upload/f_auto,q_auto/league/trntqnyxey3vjzredean"
00-0040319,2026,Robert McDaniel,TB,DB,"https://static.www.nfl.com/image/upload/f_auto,q_auto/league/wcffl9rrsuj9xvhiqr8f"
00-0041401,2026,Robert Spears-Jennings,PIT,DB,"https://static.www.nfl.com/image/upload/f_auto,q_auto/league/e0h7triczbebvcoqdgnx"
00-0034720,2026,Robert Spillane,NE,LB,"https://static.www.nfl.com/image/upload/f_auto,q_auto/league/xdchysme8chq50omxcui"
00-0033757,2026,Robert Tonyan,PIT,TE,"https://static.www.nfl.com/image/upload/f_auto,q_auto/league/m8h8rzmxq4sjywitqnyb"
00-0040531,2026,Roc Taylor,CAR,WR,"https://static.www.nfl.com/image/upload/f_auto,q_auto/league/jeido54r1gfedjcqftyb"
00-0040925,2026,Rocco Underwood,PHI,LS,"https://static.www.nfl.com/image/upload/f_auto,q_auto/league/mjupt0sbxzpgr71e9oy3"
00-0035637,2026,Rock Ya-Sin,DET,DB,"https://static.www.nfl.com/image/upload/f_auto,q_auto/league/llibqv3euvevt5m4ftnj"
00-0041159,2026,Rodney McGraw,MIA,DL,"https://static.www.nfl.com/image/upload/f_auto,q_auto/league/rzwunvxmj9ztdfe1xi2l"
00-0041381,2026,Rodney Shelley,LAC,DB,"https://static.www.nfl.com/image/upload/f_auto,q_auto/league/h81syaexfnoma3efhimz"
00-0037323,2026,Rodney Thomas,SEA,DB,"https://static.www.nfl.com/image/upload/f_auto,q_auto/league/rmch7ilcol08gczhpwp6"
00-0038125,2026,Roger McCreary,DET,DB,"https://static.www.nfl.com/image/upload/f_auto,q_auto/league/elq9ou82mtnczfos63em"
00-0039233,2026,Roger Rosengarten,BAL,OL,"https://static.www.nfl.com/image/upload/f_auto,q_auto/league/r8abyo2ewvwlbcvm5qry"
00-0040998,2026,Roman Hemby,LV,RB,"https://static.www.nfl.com/image/upload/f_auto,q_auto/league/n8js64cgcfhkllrvxw5x"
00-0040423,2026,Roman Parodie,TB,DB,"https://static.www.nfl.com/image/upload/f_auto,q_auto/league/h2y6lewccwsex4pqvx6s"
00-0039739,2026,Roman Wilson,PIT,WR,"https://static.www.nfl.com/image/upload/f_auto,q_auto/league/xuhjoscmhmmsutbvfmrs"
00-0039919,2026,Rome Odunze,CHI,WR,"https://static.www.nfl.com/image/upload/f_auto,q_auto/league/niewdl2p2325kpohbw9v"
00-0041556,2026,Romello Height,SF,DL,"https://static.www.nfl.com/image/upload/f_auto,q_auto/league/l3arvnk3oxjzzglzvnps"
00-0037816,2026,Romeo Doubs,NE,WR,"https://static.www.nfl.com/image/upload/f_auto,q_auto/league/yxvzijmgwyyigljxfmyb"
00-0038647,2026,Ronnie Bell,LV,WR,"https://static.www.nfl.com/image/upload/f_auto,q_auto/league/oc0bqykntgi6uiczr7zc"
00-0034779,2026,Ronnie Harrison,MIA,LB,"https://static.www.nfl.com/image/upload/f_auto,q_auto/league/uhybqeoqkzjgcogc3s9y"
00-0038715,2026,Ronnie Hickman Jr.,CLE,DB,"https://static.www.nfl.com/image/upload/f_auto,q_auto/league/ds24p7j86p9mwshsjvbu"
00-0037557,2026,Ronnie Rivers,LAR,RB,"https://static.www.nfl.com/image/upload/f_auto,q_auto/league/t9l7jhs1jw1joy8jpxee"
00-0032965,2026,Ronnie Stanley,BAL,OL,"https://static.www.nfl.com/image/upload/f_auto,q_auto/league/j91t0jvkrdhfmeoeeryr"
00-0034874,2026,Roquan Smith,BAL,LB,"https://static.www.nfl.com/image/upload/f_auto,q_auto/league/hfsdx9xzvyknsdm7bysy"
00-0039021,2026,Roschon Johnson,CHI,RB,"https://static.www.nfl.com/image/upload/f_auto,q_auto/league/xbham6uvckkshpntb8oj"
00-0035827,2026,Ross Matiscik,JAX,LS,"https://static.www.nfl.com/image/upload/f_auto,q_auto/league/xpeopg39g2uqbfu71hai"
00-0036568,2026,Roy Lopez,ARI,DL,"https://static.www.nfl.com/image/upload/f_auto,q_auto/league/xpaoovz7dmco8nzhtxh4"
00-0037040,2026,Roy Mbaeteka,IND,OL,"https://static.www.nfl.com/image/upload/f_auto,q_auto/league/kfh7fdl1vthjzntlwfyf"
00-0032667,2026,Roy Robertson-Harris,NYG,DL,"https://static.www.nfl.com/image/upload/f_auto,q_auto/league/gpsdbmoistqbc4dfdsak"
00-0040167,2026,Ruben Hyppolite II,CHI,LB,"https://static.www.nfl.com/image/upload/f_auto,q_auto/league/vnw1vo7so5m4xfhhckc4"
00-0041031,2026,Rueben Bain Jr.,TB,LB,"https://static.www.nfl.com/image/upload/f_auto,q_auto/league/iim0v0qnfmkeonr7qkjr"
00-0039733,2026,Ruke Orhorhoro,JAX,DL,"https://static.www.nfl.com/image/upload/f_auto,q_auto/league/oeufrmiwlvyce7vggwrx"
00-0037844,2026,Russ Yeast,CIN,DB,"https://static.www.nfl.com/image/upload/f_auto,q_auto/league/zojmeuz1wcm1tlfewvxe"
00-0039245,2026,Ryan Cooper Jr.,DET,DB,"https://static.www.nfl.com/image/upload/f_auto,q_auto/league/hhmo6ua6elic9utx0vsl"
00-0040898,2026,Ryan Eckley,BAL,P,"https://static.www.nfl.com/image/upload/f_auto,q_auto/league/tnfndcjg7g14q1mscr5e"
00-0040279,2026,Ryan Fitzgerald,CAR,K,"https://static.www.nfl.com/image/upload/f_auto,q_auto/league/giy8qnq6njxzwtqvqdsm"
00-0039410,2026,Ryan Flournoy,DAL,WR,"https://static.www.nfl.com/image/upload/f_auto,q_auto/league/tqwq3cgpqu7j9hzoyicx"
00-0039042,2026,Ryan Hayes,CAR,OL,"https://static.www.nfl.com/image/upload/f_auto,q_auto/league/zzvbipvjpudojugcxjre"
00-0036783,2026,Ryan McCollum,PIT,OL,"https://static.www.nfl.com/image/upload/f_auto,q_auto/league/xcq2izkd1ulmlwgiefv3"
00-0038824,2026,Ryan Miller,MIA,WR,"https://static.www.nfl.com/image/upload/f_auto,q_auto/league/cyn2sjaozsadlvgarg6p"
00-0036833,2026,Ryan Neuzil,ATL,OL,"https://static.www.nfl.com/image/upload/f_auto,q_auto/league/xsnsake68lxw3hqilezf"
00-0039323,2026,Ryan Rehkow,CIN,P,"https://static.www.nfl.com/image/upload/f_auto,q_auto/league/c0eiplwe2c9m46zhmcq8"
00-0041144,2026,Ryan Schernecke,NYG,OL,"https://static.www.nfl.com/image/upload/f_auto,q_auto/league/kwyianyrtbidf3yjwbup"
00-0037404,2026,Ryan Van Demark,MIN,OL,"https://static.www.nfl.com/image/upload/f_auto,q_auto/league/gcnwaxoqw1ys3dpxs6xf"
00-0037500,2026,Ryan Wright,NO,P,"https://static.www.nfl.com/image/upload/f_auto,q_auto/league/g8j6r8d2ut2a2ln6i3c6"
00-0040647,2026,Rylie Mills,SEA,DL,"https://static.www.nfl.com/image/upload/f_auto,q_auto/league/st6tr9jhr7kn6apkycp3"
00-0041305,2026,Sabastian Harsh,HOU,DL,"https://static.www.nfl.com/image/upload/f_auto,q_auto/league/lfw9jpcytz9nzrz3irxa"
00-0041228,2026,Sahmir Hagans,IND,WR,"https://static.www.nfl.com/image/upload/f_auto,q_auto/league/srzam5krmqqt3n5kn9as"
00-0040153,2026,Sai'vion Jones,DEN,DL,"https://static.www.nfl.com/image/upload/f_auto,q_auto/league/jjgdpeo20czi30cxjza9"
00-0036020,2026,Salvon Ahmed,CHI,RB,"https://static.www.nfl.com/image/upload/f_auto,q_auto/league/nbqkon8x1bkphihywnkw"
00-0036618,2026,Sam Cosmi,WAS,OL,"https://static.www.nfl.com/image/upload/f_auto,q_auto/league/hje3hb60snyi7oworbbi"
00-0034869,2026,Sam Darnold,SEA,QB,"https://static.www.nfl.com/image/upload/f_auto,q_auto/league/fyay8vruj0cqmhopufzk"
00-0036879,2026,Sam Ehlinger,DEN,QB,"https://static.www.nfl.com/image/upload/f_auto,q_auto/league/imtb2ia03w2ujrl9dprs"
00-0036037,2026,Sam Franklin Jr.,BUF,DB,"https://static.www.nfl.com/image/upload/f_auto,q_auto/league/djoisg0rjwm8t8dlskvn"
00-0041303,2026,Sam Hagen,HOU,OL,"https://static.www.nfl.com/image/upload/f_auto,q_auto/league/zhkw7gmxfbcebcpoms2j"
00-0039677,2026,Sam Hartman,WAS,QB,"https://static.www.nfl.com/image/upload/f_auto,q_auto/league/mvpbrqp3o04zla5lzf7u"
00-0041071,2026,Sam Hecht,CAR,OL,"https://static.www.nfl.com/image/upload/f_auto,q_auto/league/a5xw6zbvi2yy5mh4hgcg"
00-0037077,2026,Sam Howell,DAL,QB,"https://static.www.nfl.com/image/upload/f_auto,q_auto/league/sx77bippywnl0dx6m8q9"
00-0036705,2026,Sam Kamara,CLE,DL,"https://static.www.nfl.com/image/private/f_auto,q_auto/league/aakuha494hvtrja3dwjn"
00-0039065,2026,Sam LaPorta,DET,TE,"https://static.www.nfl.com/image/upload/f_auto,q_auto/league/wxlk7ysg2nfq6h6ntdcu"
00-0030092,2026,Sam Martin,CAR,P,"https://static.www.nfl.com/image/upload/f_auto,q_auto/league/edhegnq9rbphynrogxzh"
00-0035062,2026,Sam Mustipher,JAX,OL,"https://static.www.nfl.com/image/upload/f_auto,q_auto/league/qk1zzlke1gkuerfe8kc4"
00-0037602,2026,Sam Okuayinonu,SF,DL,"https://static.www.nfl.com/image/upload/f_auto,q_auto/league/nbng6hhjkazvx3four5d"
00-0041558,2026,Sam Roush,CHI,TE,"https://static.www.nfl.com/image/upload/f_auto,q_auto/league/jqkmmguw4934lyjgvuip"
00-0037665,2026,Sam Williams,CLE,DL,"https://static.www.nfl.com/image/upload/f_auto,q_auto/league/dffnhnfk8qloazleesuj"
00-0033526,2026,Samaje Perine,CIN,RB,"https://static.www.nfl.com/image/upload/f_auto,q_auto/league/fllwhcdovol5i7xxahf6"
00-0037098,2026,Samori Toure,PHI,WR,"https://static.www.nfl.com/image/upload/f_auto,q_auto/league/tkjitxda1ufeev3tzpuk"
00-0033945,2026,Samson Ebukam,ATL,DL,"https://static.www.nfl.com/image/upload/f_auto,q_auto/league/cmoytuhhkqslhcpulq5e"
00-0037830,2026,Samuel Womack,NYJ,DB,"https://static.www.nfl.com/image/upload/f_auto,q_auto/league/rjvnnjizl2wtqrava83i"
00-0034844,2026,Saquon Barkley,PHI,RB,"https://static.www.nfl.com/image/upload/f_auto,q_auto/league/qcayrzjpura2zydszonh"
00-0037190,2026,Sauce Gardner,IND,DB,"https://static.www.nfl.com/image/upload/f_auto,q_auto/league/h89jaonhmvvdoitmldkq"
00-0040009,2026,Savion Williams,GB,WR,"https://static.www.nfl.com/image/upload/f_auto,q_auto/league/snmedlu4ra62snufe1qg"
00-0034067,2026,Scott Daly,CHI,LS,"https://static.www.nfl.com/image/upload/f_auto,q_auto/league/icxbupl2lmn9ffjfu6xm"
00-0038614,2026,Scott Matlock,LAC,RB,"https://static.www.nfl.com/image/upload/f_auto,q_auto/league/biif35k2hwpqmhlxn0sa"
00-0035298,2026,Scott Miller,CHI,WR,"https://static.www.nfl.com/image/upload/f_auto,q_auto/league/mlx2xhjvzt6pqwgoloqa"
00-0038391,2026,Sean Clifford,CIN,QB,"https://static.www.nfl.com/image/upload/f_auto,q_auto/league/v0tmzl4x5qf2fo2yimqf"
00-0035239,2026,Sean Murphy-Bunting,TB,DB,"https://static.www.nfl.com/image/upload/f_auto,q_auto/league/gzvlxusjbfstklwec0ti"
00-0037076,2026,Sean Rhyan,GB,OL,"https://static.www.nfl.com/image/upload/f_auto,q_auto/league/mvgxrodidjbgfh5reaig"
00-0038951,2026,Sean Tucker,TB,RB,"https://static.www.nfl.com/image/upload/f_auto,q_auto/league/wiarwjvy8p6bojlratp4"
00-0040527,2026,Sebastian Castro,PIT,DB,"https://static.www.nfl.com/image/upload/f_auto,q_auto/league/df4sh5ddoseg7d5bbl6q"
00-0037381,2026,Sebastian Gutierrez,DAL,OL,"https://static.www.nfl.com/image/upload/f_auto,q_auto/league/kr1elh1r5d8yb99vmsxj"
00-0034810,2026,Sebastian Joseph-Day,PIT,DL,"https://static.www.nfl.com/image/upload/f_auto,q_auto/league/y9ic1jqwhgcy75hdnptt"
00-0040560,2026,Sebastian Valdez,SF,DL,"https://static.www.nfl.com/image/upload/f_auto,q_auto/league/cnb82o0pkp0k2ng5mrrp"
00-0039876,2026,Sedrick Van Pran-Granger,IND,OL,"https://static.www.nfl.com/image/upload/f_auto,q_auto/league/o6ayso1ks19s4n2te2n9"
00-0037527,2026,Segun Olubi,LV,LB,"https://static.www.nfl.com/image/upload/f_auto,q_auto/league/wdbdm4wqfnxyot962sco"
00-0040054,2026,Seth Coleman-Lyles,MIA,DL,"https://static.www.nfl.com/image/upload/f_auto,q_auto/league/ab8tuoqehvauffbkqmuc"
00-0041125,2026,Seth McGowan,IND,RB,"https://static.www.nfl.com/image/upload/f_auto,q_auto/league/qkwvvygwu9pan88sivzb"
00-0040374,2026,Seth McLaughlin,DET,OL,"https://static.www.nfl.com/image/upload/f_auto,q_auto/league/yiahyzi741suhypixaiu"
00-0041579,2026,Seydou Traore,MIA,TE,"https://static.www.nfl.com/image/upload/f_auto,q_auto/league/kzpmm2zoctywb276zqt4"
00-0038890,2026,Shaka Heyward,CIN,LB,"https://static.www.nfl.com/image/upload/f_auto,q_auto/league/ygoj2vwazi6dsg2bnwpt"
00-0036679,2026,Shane Buechele,BUF,QB,"https://static.www.nfl.com/image/upload/f_auto,q_auto/league/kmbuzxucmmytpuoy8yfc"
00-0036534,2026,Shane Zylstra,NE,TE,"https://static.www.nfl.com/image/upload/f_auto,q_auto/league/jxq0fpgw6dzavqabgl1j"
00-0031550,2026,Shaq Thompson,BUF,LB,"https://static.www.nfl.com/image/upload/f_auto,q_auto/league/rk9qairtsyrzdoznvmen"
00-0040613,2026,Shaun Dolac,LAR,LB,"https://static.www.nfl.com/image/upload/f_auto,q_auto/league/hqgtyx8usody1lywex4a"
00-0040008,2026,Shavon Revel Jr.,DAL,DB,"https://static.www.nfl.com/image/upload/f_auto,q_auto/league/af84hncoicg65gvvainl"
00-0039550,2026,Shawn Bowman,ARI,TE,"https://static.www.nfl.com/image/upload/f_auto,q_auto/league/fsmfihfrlibes4ihhauy"
00-0040668,2026,Shedeur Sanders,CLE,QB,"https://static.www.nfl.com/image/upload/f_auto,q_auto/league/joe08hz6to2madpko8zl"
00-0038891,2026,Shedrick Jackson,BAL,WR,"https://static.www.nfl.com/image/upload/f_auto,q_auto/league/pimh65yyziduaq7vbmi5"
00-0031270,2026,Shelby Harris,NYG,DL,"https://static.www.nfl.com/image/upload/f_auto,q_auto/league/r1lxhltzhpkmfdocupum"
00-0032759,2026,Sheldon Rankins,HOU,DL,"https://static.www.nfl.com/image/upload/f_auto,q_auto/league/fql7vunf3y9uladcpt4r"
00-0039292,2026,Shemar Bartholomew,TEN,DB,"https://static.www.nfl.com/image/upload/f_auto,q_auto/league/oehvtzmh4uhwwsfliskq"
00-0040011,2026,Shemar James,DAL,LB,"https://static.www.nfl.com/image/upload/f_auto,q_auto/league/bpuq0wagps3hcsl0clff"
00-0040756,2026,Shemar Stewart,CIN,DL,"https://static.www.nfl.com/image/upload/f_auto,q_auto/league/cxyzfhkxg3ydlilhyunr"
00-0040741,2026,Shemar Turner,CHI,DL,"https://static.www.nfl.com/image/upload/f_auto,q_auto/league/gj6rxglwrkzwgvvq0z1q"
00-0040936,2026,Shiyazh Pete,DAL,OL,"https://static.www.nfl.com/image/upload/f_auto,q_auto/league/npaggoeufaacnhv9ywyb"
00-0035409,2026,Shy Tuttle,WAS,DL,"https://static.www.nfl.com/image/upload/f_auto,q_auto/league/lcio402os2qzxmchbvvw"
00-0040992,2026,Silas Walters,TB,DB,"https://static.www.nfl.com/image/upload/f_auto,q_auto/league/z1jpdueha9gojh6czrzo"
00-0036646,2026,Simi Fehoko,ARI,WR,"https://static.www.nfl.com/image/upload/f_auto,q_auto/league/eep30drknwucjdj6tivh"
00-0041374,2026,Sincere Brown,LAC,WR,"https://static.www.nfl.com/image/upload/f_auto,q_auto/league/tczbze6iof5vyvxp9omu"
00-0039612,2026,Sincere Haynesworth,BUF,OL,"https://static.www.nfl.com/image/upload/f_auto,q_auto/league/inwsjivq2x6ksw2tuq0v"
00-0037509,2026,Sincere McCormick,SF,RB,"https://static.www.nfl.com/image/upload/f_auto,q_auto/league/t2e5ffjyc1iimyxufxjs"
00-0039364,2026,Sione Vaki,DET,RB,"https://static.www.nfl.com/image/upload/f_auto,q_auto/league/abqcluf2gbejhiyjjtoz"
00-0039049,2026,SirVocea Dennis,TB,LB,"https://static.www.nfl.com/image/upload/f_auto,q_auto/league/jcqpqpizmzp5fotauj38"
00-0034391,2026,Siran Neal,SF,DB,"https://static.www.nfl.com/image/upload/f_auto,q_auto/league/bwesbjwrbjpycetidb2q"
00-0037327,2026,Skylar Thompson,BAL,QB,"https://static.www.nfl.com/image/upload/f_auto,q_auto/league/estx7utxpnqif0lto9cq"
00-0041443,2026,Skyler Bell,BUF,WR,"https://static.www.nfl.com/image/upload/f_auto,q_auto/league/oac3geuuhazbznztufzk"
00-0041447,2026,Skyler Gill-Howard,DET,DL,"https://static.www.nfl.com/image/upload/f_auto,q_auto/league/noftllzrysprcx9tktdb"
00-0041175,2026,Skyler Thomas,CHI,DB,"https://static.www.nfl.com/image/upload/f_auto,q_auto/league/ojgmea3dm5nvck8lasx6"
00-0038090,2026,Skyy Moore,GB,WR,"https://static.www.nfl.com/image/upload/f_auto,q_auto/league/id9k0aylvgyq8lulabe3"
00-0040013,2026,Smael Mondon Jr.,PHI,LB,"https://static.www.nfl.com/image/upload/f_auto,q_auto/league/tbyyduioarpumchzmfdj"
00-0041432,2026,Smith Vilbert,MIN,DL,"https://static.www.nfl.com/image/upload/f_auto,q_auto/league/xjf4s0gzx6wvkccbo1mn"
00-0039427,2026,Solomon Byrd,HOU,DL,"https://static.www.nfl.com/image/upload/f_auto,q_auto/league/obotfel6wfs49qectgfh"
00-0033870,2026,Solomon Thomas,TEN,DL,"https://static.www.nfl.com/image/upload/f_auto,q_auto/league/zgn4b0p7ezoqdqpto9lb"
00-0041028,2026,Sonny Styles,WAS,LB,"https://static.www.nfl.com/image/upload/f_auto,q_auto/league/wxufyrsnbie0gyq9piyf"
00-0038645,2026,Spencer Anderson,PIT,OL,"https://static.www.nfl.com/image/upload/f_auto,q_auto/league/gtpey4tnh0dkqjlux3gz"
00-0036976,2026,Spencer Brown,BUF,OL,"https://static.www.nfl.com/image/upload/f_auto,q_auto/league/q2lsfuxunzzgso9rtldu"
00-0037829,2026,Spencer Burford,LV,OL,"https://static.www.nfl.com/image/upload/f_auto,q_auto/league/wtff3ynyk6usevyirayk"
00-0041030,2026,Spencer Fano,CLE,OL,"https://static.www.nfl.com/image/upload/f_auto,q_auto/league/xbh3gk38au7vprlbh6hb"
00-0039376,2026,Spencer Rattler,NO,QB,"https://static.www.nfl.com/image/upload/f_auto,q_auto/league/gcgmcf4kex3jsl4rlrng"
00-0039576,2026,Spencer Shrader,IND,K,"https://static.www.nfl.com/image/upload/f_auto,q_auto/league/upbporhm1frqfpgalfrk"
00-0038663,2026,Starling Thomas V,ARI,DB,"https://static.www.nfl.com/image/upload/f_auto,q_auto/league/wep63sxqoqc3yyyo8hds"
00-0031588,2026,Stefon Diggs,WAS,WR,"https://static.www.nfl.com/image/upload/f_auto,q_auto/league/cemcexmscsarpvwhafln"
00-0035039,2026,Stephen Carlson,CHI,TE,"https://static.www.nfl.com/image/upload/f_auto,q_auto/league/i54p7n9yfpyytifzv7rz"
00-0040361,2026,Stephen Gosnell,BUF,WR,"https://static.www.nfl.com/image/upload/f_auto,q_auto/league/csh3lsy1zg3c5z2o5evs"
00-0041304,2026,Stephen Hall,HOU,DB,"https://static.www.nfl.com/image/upload/f_auto,q_auto/league/qa7ibhagtbb2o8wkciex"
00-0032385,2026,Sterling Shepard,NYJ,WR,"https://static.www.nfl.com/image/upload/f_auto,q_auto/league/l47czwi8aaznnit0se5h"
00-0039107,2026,Stetson Bennett,LAR,QB,"https://static.www.nfl.com/image/upload/f_auto,q_auto/league/s0eo3fstv6rkitzbefzu"
00-0039058,2026,Steve Avila,LAR,OL,"https://static.www.nfl.com/image/upload/f_auto,q_auto/league/gftgxclwwznxdrxc15gy"
00-0038655,2026,Steven Gilmore,LAR,DB,"https://static.www.nfl.com/image/upload/f_auto,q_auto/league/hbqoalib7vqrtnulwxz9"
00-0039555,2026,Steven Jones,PIT,OL,"https://static.www.nfl.com/image/upload/f_auto,q_auto/league/ahielgnveyyymgeql5gp"
00-0036653,2026,Stone Forsythe,CAR,OL,"https://static.www.nfl.com/image/upload/f_auto,q_auto/league/gsok8muncvvgwztjewhn"
00-0037475,2026,Stone Smartt,NO,TE,"https://static.www.nfl.com/image/upload/f_auto,q_auto/league/g8mtiyojkmj8vwzmg0ez"
00-0039481,2026,Storm Duck,MIA,DB,"https://static.www.nfl.com/image/upload/f_auto,q_auto/league/xupbuoy2lyb6bqyjvuso"
00-0033752,2026,Storm Norton,ATL,OL,"https://static.www.nfl.com/image/upload/f_auto,q_auto/league/l7ndyhi69vax0acgs1kw"
00-0039313,2026,Swayze Bozeman,CIN,LB,"https://static.www.nfl.com/image/upload/f_auto,q_auto/league/r2307pspo2ove0hhocvd"
00-0039002,2026,Sydney Brown,ATL,DB,"https://static.www.nfl.com/image/upload/f_auto,q_auto/league/c9jtw4rbs1inmf2mwjlc"
00-0039886,2026,T'Vondre Sweat,NYJ,DL,"https://static.www.nfl.com/image/upload/f_auto,q_auto/league/hmlpzjhnttorvhshijgn"
00-0041204,2026,T.J. Bollers,JAX,DL,"https://static.www.nfl.com/image/upload/f_auto,q_auto/league/uq2bnnr2iea1gjvi0p3z"
00-0035386,2026,T.J. Edwards,CHI,LB,"https://static.www.nfl.com/image/upload/f_auto,q_auto/league/tqu3uz4nzkcq4crcepj3"
00-0035229,2026,T.J. Hockenson,MIN,TE,"https://static.www.nfl.com/image/upload/f_auto,q_auto/league/rs8o65x0u0n9xzde0fd6"
00-0040004,2026,T.J. Maguranyanga,WAS,LB,"https://static.www.nfl.com/image/upload/f_auto,q_auto/league/gzwkqtfyk6wukjkpil64"
00-0040724,2026,T.J. Sanders,BUF,DL,"https://static.www.nfl.com/image/upload/f_auto,q_auto/league/wxkk01nfridtywdbl86z"
00-0039234,2026,T.J. Tampa,BAL,DB,"https://static.www.nfl.com/image/upload/f_auto,q_auto/league/poanrufasprugy1q1ulq"
00-0033886,2026,T.J. Watt,PIT,LB,"https://static.www.nfl.com/image/upload/f_auto,q_auto/league/aywegy4gpj1d32vrl67u"
00-0038731,2026,TJ Bass,DAL,OL,"https://static.www.nfl.com/image/upload/f_auto,q_auto/league/hnmg3ncfxso056ybw5zz"
00-0041114,2026,TJ Hall,NO,DB,"https://static.www.nfl.com/image/upload/f_auto,q_auto/league/u02f7hqvc5rubwbl9itk"
00-0041036,2026,TJ Parker,BUF,LB,"https://static.www.nfl.com/image/upload/f_auto,q_auto/league/oayz0zuvip1soobdidga"
00-0040947,2026,TJ Quinn,GB,LB,"https://static.www.nfl.com/image/upload/f_auto,q_auto/league/hzdxb0jmdmqzlrrkyqfz"
00-0041464,2026,Tacario Davis,CIN,DB,"https://static.www.nfl.com/image/upload/f_auto,q_auto/league/l4vgk9lz1y81pm89hxf7"
00-0040208,2026,Tahj Brooks,CIN,RB,"https://static.www.nfl.com/image/upload/f_auto,q_auto/league/s89clgkij0ytcmrkdydt"
00-0041227,2026,Tahj Chambers,IND,LB,"https://static.www.nfl.com/image/upload/f_auto,q_auto/league/ctykt0vp405vb6pzrh4t"
00-0039884,2026,Tahj Washington,PHI,WR,"https://static.www.nfl.com/image/upload/f_auto,q_auto/league/voyr5ajdxwydmp6cc1bw"
00-0040154,2026,Tai Felton,MIN,WR,"https://static.www.nfl.com/image/upload/f_auto,q_auto/league/pyritorbaz2enqayclln"
00-0039720,2026,Taki Taimani,MIN,DL,"https://static.www.nfl.com/image/upload/f_auto,q_auto/league/xezoml4ot45e6lgvncal"
00-0036564,2026,Talanoa Hufanga,DEN,DB,"https://static.www.nfl.com/image/upload/f_auto,q_auto/league/i1jjyltv64sihzzrr04t"
00-0039339,2026,Taliese Fuaga,NO,OL,"https://static.www.nfl.com/image/upload/f_auto,q_auto/league/syucyosjtbmjzwqjuemd"
00-0038555,2026,Tank Bigsby,PHI,RB,"https://static.www.nfl.com/image/upload/f_auto,q_auto/league/vfkdjfpiyrcuzahrmfvn"
00-0038977,2026,Tank Dell,HOU,WR,"https://static.www.nfl.com/image/upload/f_auto,q_auto/league/dzjep37g7fqdweqtncso"
00-0041314,2026,Tanner Arkin,NE,TE,"https://static.www.nfl.com/image/upload/f_auto,q_auto/league/vgc4lne9seywphzadlav"
00-0038354,2026,Tanner Brown,NO,K,"https://static.www.nfl.com/image/upload/f_auto,q_auto/league/urrsg5etku9rfbsdgmui"
00-0037348,2026,Tanner Conner,NE,TE,"https://static.www.nfl.com/image/upload/f_auto,q_auto/league/hya7vfgtuyx5k4tnhmic"
00-0034613,2026,Tanner Hudson,CIN,TE,"https://static.www.nfl.com/image/upload/f_auto,q_auto/league/pyl2bpjw0vy4idcseama"
00-0038366,2026,Tanner Ingle,LAR,DB,"https://static.www.nfl.com/image/upload/f_auto,q_auto/league/vzeuylllstdp5udwxgzq"
00-0041084,2026,Tanner Koziol,JAX,TE,"https://static.www.nfl.com/image/upload/f_auto,q_auto/league/yx0na9fufgv3snuyecbd"
00-0038717,2026,Tanner McCalister,KC,DB,"https://static.www.nfl.com/image/upload/f_auto,q_auto/league/c9jj95kbpqkultyasp1c"
00-0038400,2026,Tanner McKee,PHI,QB,"https://static.www.nfl.com/image/upload/f_auto,q_auto/league/oveivzhzv13jrfvkp8zg"
00-0041010,2026,Tanner Wall,NYJ,DB,"https://static.www.nfl.com/image/upload/f_auto,q_auto/league/ll5krtaao8j1gletynbl"
00-0041183,2026,Tanoa Togiai,WAS,OL,"https://static.www.nfl.com/image/upload/f_auto,q_auto/league/fpqkhar4pwwp8wc6hrcb"
00-0033902,2026,Tanoh Kpassagnon,TEN,DL,"https://static.www.nfl.com/image/private/f_auto,q_auto/league/ilr1bs7qesfq7fryeetc"
00-0039744,2026,Tanor Bortolini,IND,OL,"https://static.www.nfl.com/image/upload/f_auto,q_auto/league/m2gbuydcsxpusvpfcmxk"
00-0039366,2026,Tarheeb Still,LAC,DB,"https://static.www.nfl.com/image/upload/f_auto,q_auto/league/q1y35mhd4laqikbiuq5e"
00-0036491,2026,Tarik Black,DET,WR,"https://static.www.nfl.com/image/upload/f_auto,q_auto/league/nwu8axcyqw8yk3i300ob"
00-0034376,2026,Taron Johnson,LV,DB,"https://static.www.nfl.com/image/upload/f_auto,q_auto/league/ga88tpaiiaafgcecjboi"
00-0040728,2026,Tate Ratledge,DET,OL,"https://static.www.nfl.com/image/upload/f_auto,q_auto/league/oqps48sgef7jgn67tvzf"
00-0039435,2026,Tatum Bethune,SF,LB,"https://static.www.nfl.com/image/upload/f_auto,q_auto/league/l2s0tyb8yoet0rohrik5"
00-0041301,2026,Taurean York,DEN,LB,"https://static.www.nfl.com/image/upload/f_auto,q_auto/league/ik6sh0hlkligds2vdmo7"
00-0034488,2026,Tavierre Thomas,MIN,DB,"https://static.www.nfl.com/image/upload/f_auto,q_auto/league/uhnxkxxitwkhjwgf2egu"
00-0038505,2026,Tavius Robinson,BAL,LB,"https://static.www.nfl.com/image/upload/f_auto,q_auto/league/mmvqyuqlg73zp0jwydxr"
00-0037524,2026,Tay Martin,DET,WR,"https://static.www.nfl.com/image/upload/f_auto,q_auto/league/ttdp5v9tl0zqmb0dmmuv"
00-0041092,2026,Taylen Green,CLE,QB,"https://static.www.nfl.com/image/upload/f_auto,q_auto/league/ybylky9uitivzresfzt3"
00-0033284,2026,Taylor Moton,CAR,OL,"https://static.www.nfl.com/image/upload/f_auto,q_auto/league/cstvf3qy5mqwd9nxa1sz"
00-0035663,2026,Taylor Rapp,DEN,DB,"https://static.www.nfl.com/image/upload/f_auto,q_auto/league/olasn9vezmd1uvomkpws"
00-0039469,2026,Te'Cory Couch,BUF,DB,"https://static.www.nfl.com/image/upload/f_auto,q_auto/league/vzh2dirtk77zm4vig1lx"
00-0040458,2026,TeRah Edwards,CAR,DL,"https://static.www.nfl.com/image/upload/f_auto,q_auto/league/kmlrbebwbksnogrboyo0"
00-0037277,2026,Teagan Quitoriano,ARI,TE,"https://static.www.nfl.com/image/upload/f_auto,q_auto/league/adwepaexueevxdcqjhyf"
00-0036181,2026,Teair Tart,LAC,DL,"https://static.www.nfl.com/image/upload/f_auto,q_auto/league/jwqcxtrsle2q9edshwsx"
00-0041048,2026,Ted Hurst III,TB,WR,"https://static.www.nfl.com/image/upload/f_auto,q_auto/league/mmf6qmo6a2evw4feupcm"
00-0032445,2026,Ted Karras,CIN,OL,"https://static.www.nfl.com/image/upload/f_auto,q_auto/league/jhxynr5fgpdtmkygyp4z"
00-0036642,2026,Tedarrell Slaton,CIN,DL,"https://static.www.nfl.com/image/upload/f_auto,q_auto/league/oktzavt6whxgvr6ukmhl"
00-0031237,2026,Teddy Bridgewater,DET,QB,"https://static.www.nfl.com/image/upload/f_auto,q_auto/league/vwtggtoroccnjv3h0niq"
00-0040069,2026,Teddye Buchanan,BAL,LB,"https://static.www.nfl.com/image/upload/f_auto,q_auto/league/ktowwliocunqxlxfznev"
00-0036410,2026,Tee Higgins,CIN,WR,"https://static.www.nfl.com/image/upload/f_auto,q_auto/league/gpwtyv3viwy9q4ewderl"
00-0039397,2026,Tejhaun Palmer,NE,WR,"https://static.www.nfl.com/image/upload/f_auto,q_auto/league/al9fpqmjmybys0iedi9c"
00-0038395,2026,Terell Smith,WAS,DB,"https://static.www.nfl.com/image/upload/f_auto,q_auto/league/azhrgsawgwgxed3z2dke"
00-0036036,2026,Terence Steele,DAL,OL,"https://static.www.nfl.com/image/upload/f_auto,q_auto/league/ezmoh6joqsserp3ogcqc"
00-0040737,2026,Terrance Ferguson,LAR,TE,"https://static.www.nfl.com/image/upload/f_auto,q_auto/league/w5o0s5yf6j5dsmiwdtfg"
00-0037254,2026,Terrel Bernard,BUF,LB,"https://static.www.nfl.com/image/upload/f_auto,q_auto/league/rhs6gmpfig52ziimyzls"
00-0036421,2026,Terrell Burgess,TEN,DB,"https://static.www.nfl.com/image/upload/f_auto,q_auto/league/fx86rlxeudmniz1btxrq"
00-0041481,2026,Terrill Davis,MIN,WR,"https://static.www.nfl.com/image/upload/f_auto,q_auto/league/lxbfttot7wcd80sxs54o"
00-0039903,2026,Terrion Arnold,SEA,DB,"https://static.www.nfl.com/image/upload/f_auto,q_auto/league/h3rbtalyoblh2szat9qc"
00-0035659,2026,Terry McLaurin,WAS,WR,"https://static.www.nfl.com/image/upload/f_auto,q_auto/league/tmfl2zruajmkrtcg4zxp"
00-0041386,2026,Terry Webb,LAC,DL,"https://static.www.nfl.com/image/upload/f_auto,q_auto/league/eqjhmsh9desuuzsaemrj"
00-0035890,2026,Tershawn Wharton,CAR,DL,"https://static.www.nfl.com/image/upload/f_auto,q_auto/league/mj9xqaj2jvv5unjgxomd"
00-0040124,2026,Tetairoa McMillan,CAR,WR,"https://static.www.nfl.com/image/upload/f_auto,q_auto/league/gilgvjemumd6kpc9eiku"
00-0036953,2026,Teven Jenkins,CLE,OL,"https://static.www.nfl.com/image/upload/f_auto,q_auto/league/i0oiehuaelpnrtrlfmfl"
00-0040237,2026,Tez Johnson,TB,WR,"https://static.www.nfl.com/image/upload/f_auto,q_auto/league/ajbnpagviw0glrhf5a2e"
00-0039459,2026,Theo Benedet,CHI,OL,"https://static.www.nfl.com/image/upload/f_auto,q_auto/league/jar87gerxyz6bhf3xezu"
00-0037301,2026,Theo Jackson,MIN,DB,"https://static.www.nfl.com/image/upload/f_auto,q_auto/league/bn0zvntbfmhw7yki2xr4"
00-0039847,2026,Theo Johnson,NYG,TE,"https://static.www.nfl.com/image/upload/f_auto,q_auto/league/fv2jbzlocr1o3ahkru43"
00-0040311,2026,Theo Wease Jr.,LAC,WR,"https://static.www.nfl.com/image/upload/f_auto,q_auto/league/iykujtgwn2x1ymy7jdxw"
00-0041223,2026,Theron Gaines,BUF,LB,"https://static.www.nfl.com/image/upload/f_auto,q_auto/league/yvdxgr34oofhvnd0q7b1"
00-0037262,2026,Thomas Booker,LV,DL,"https://static.www.nfl.com/image/upload/f_auto,q_auto/league/awrlnfwnvv3ehlnbe4cp"
00-0040225,2026,Thomas Fidone II,NYG,TE,"https://static.www.nfl.com/image/upload/f_auto,q_auto/league/vbaqpkcxcfwh9dhzescy"
00-0040697,2026,Thomas Gordon,DET,TE,"https://static.www.nfl.com/image/upload/f_auto,q_auto/league/xjwwmrgezlioppxjmkod"
00-0039660,2026,Thomas Harper,DET,DB,"https://static.www.nfl.com/image/upload/f_auto,q_auto/league/gndkodhyidctgvcqy1bk"
00-0033260,2026,Thomas Hennessy,NYJ,LS,"https://static.www.nfl.com/image/upload/f_auto,q_auto/league/dzwef96yf2ovfdcppbmo"
00-0038791,2026,Thomas Incoom,CAR,LB,"https://static.www.nfl.com/image/upload/f_auto,q_auto/league/rcrh2zr9mxex16czv1eo"
00-0038145,2026,Thomas Odukoya,KC,TE,"https://static.www.nfl.com/image/upload/f_auto,q_auto/league/q1orevkdiqpclldhtauj"
00-0039936,2026,Thomas Yassmin,GB,TE,"https://static.www.nfl.com/image/upload/f_auto,q_auto/league/dojmdkrk14lr14g8wr3o"
00-0036497,2026,Tim Jones,JAX,WR,"https://static.www.nfl.com/image/upload/f_auto,q_auto/league/rgthh35tnl9dbi7jshxv"
00-0041534,2026,Tim Keenan III,LV,DL,"https://static.www.nfl.com/image/upload/f_auto,q_auto/league/qasbqd0pea2nnfgtg9fj"
00-0033375,2026,Tim Patrick,NYJ,WR,"https://static.www.nfl.com/image/upload/f_auto,q_auto/league/hw06t7n00cfpt7euljza"
00-0034397,2026,Tim Settle,WAS,DL,"https://static.www.nfl.com/image/upload/f_auto,q_auto/league/pfxye4tf9lojvyeud1d9"
00-0040207,2026,Tim Smith,IND,DL,"https://static.www.nfl.com/image/upload/f_auto,q_auto/league/tx60aulznnos1t0ezghe"
00-0037585,2026,Timmy Horne,TEN,DL,"https://static.www.nfl.com/image/upload/f_auto,q_auto/league/vuyddfbh4sapogzrxyqv"
00-0040320,2026,Timothy McKay,JAX,OL,"https://static.www.nfl.com/image/upload/f_auto,q_auto/league/nlrhrxjzxlhe6nxsazpi"
00-0039737,2026,Tip Reiman,ARI,TE,"https://static.www.nfl.com/image/upload/f_auto,q_auto/league/yfi3fqch6kzqrcvuptal"
00-0035544,2026,Tom Kennedy,DET,WR,"https://static.www.nfl.com/image/upload/f_auto,q_auto/league/cbpuzvde5zqalmkjo0dv"
00-0041351,2026,Tomas Rimac,MIN,OL,"https://static.www.nfl.com/image/upload/f_auto,q_auto/league/edo1ygt7jjtde5jn7kjd"
00-0040022,2026,Tommy Akingbesote,JAX,DL,"https://static.www.nfl.com/image/upload/f_auto,q_auto/league/waesn6rqjex6oa1v5nl1"
00-0038476,2026,Tommy DeVito,NE,QB,"https://static.www.nfl.com/image/upload/f_auto,q_auto/league/hb3m2zbfb5aprw6vdqx8"
00-0041126,2026,Tommy Doman Jr.,BUF,P,"https://static.www.nfl.com/image/upload/f_auto,q_auto/league/kqtedpbw8nmmvnp5vomj"
00-0040931,2026,Tommy Dunn,DAL,DL,"https://static.www.nfl.com/image/upload/f_auto,q_auto/league/kteecx9slnkk4th3wwut"
00-0039374,2026,Tommy Eichenberg,LV,LB,"https://static.www.nfl.com/image/upload/f_auto,q_auto/league/nzujkx5ycu6leuz2ctie"
00-0036883,2026,Tommy Togiai,HOU,DL,"https://static.www.nfl.com/image/upload/f_auto,q_auto/league/wwcsyhxr0fsthd6g7yyo"
00-0035889,2026,Tommy Townsend,TEN,P,"https://static.www.nfl.com/image/upload/f_auto,q_auto/league/zwolwrghzfucwck0bwld"
00-0037005,2026,Tommy Tremble,CAR,TE,"https://static.www.nfl.com/image/upload/f_auto,q_auto/league/t7wjikfv09d3o1q7wjdx"
00-0040169,2026,Tonka Hemingway,LV,DL,"https://static.www.nfl.com/image/upload/f_auto,q_auto/league/naoeqgrcfxdgtdrimc6v"
00-0037155,2026,Tony Adams,TEN,DB,"https://static.www.nfl.com/image/upload/f_auto,q_auto/league/bhgovss7uhkszgbrfxd6"
00-0036634,2026,Tony Fields II,CHI,LB,"https://static.www.nfl.com/image/upload/f_auto,q_auto/league/dwjp5xpbs6yiekcfjxkx"
00-0030294,2026,Tony Jefferson,LAC,DB,"https://static.www.nfl.com/image/upload/f_auto,q_auto/league/frazimtiuk4fsvlghusz"
00-0035261,2026,Tony Pollard,TEN,RB,"https://static.www.nfl.com/image/upload/f_auto,q_auto/league/mb2xdrqiys6ktlcuah2n"
00-0041115,2026,Toriano Pride Jr.,CLE,DB,"https://static.www.nfl.com/image/upload/f_auto,q_auto/league/a8l2hp04k2ek5hx3j50b"
00-0040541,2026,Torricelli Simpkins III,CAR,OL,"https://static.www.nfl.com/image/upload/f_auto,q_auto/league/xhof0hsbncovhmhhvifd"
00-0040648,2026,Tory Horton,SEA,WR,"https://static.www.nfl.com/image/upload/f_auto,q_auto/league/lmsun4qzmk1rkgt4kw76"
00-0039745,2026,Tory Taylor,CHI,P,"https://static.www.nfl.com/image/upload/f_auto,q_auto/league/fvmwdsbi4nkpw9hfm4qj"
00-0040434,2026,Trace Ford,NYG,LB,"https://static.www.nfl.com/image/upload/f_auto,q_auto/league/wfwaqxn21kdhpybvhqih"
00-0038405,2026,Travis Bell,CLE,DL,"https://static.www.nfl.com/image/upload/f_auto,q_auto/league/ksv16zbbjgmiqjrwfydq"
00-0041058,2026,Travis Burke,LAC,OL,"https://static.www.nfl.com/image/upload/f_auto,q_auto/league/yoigcukgefvk61ojqqba"
00-0039930,2026,Travis Clayton,BUF,DL,"https://static.www.nfl.com/image/upload/f_auto,q_auto/league/kq4lpqi59mjywh5mfmwo"
00-0036973,2026,Travis Etienne,NO,RB,"https://static.www.nfl.com/image/upload/f_auto,q_auto/league/pwko5dybmjie8qqo4qz2"
00-0039819,2026,Travis Glover,GB,OL,"https://static.www.nfl.com/image/upload/f_auto,q_auto/league/oe6xejpueu02brdqjke1"
00-0035594,2026,Travis Homer,PIT,RB,"https://static.www.nfl.com/image/upload/f_auto,q_auto/league/dyyclvfaagspov2ydf3i"
00-0040718,2026,Travis Hunter,JAX,WR,"https://static.www.nfl.com/image/upload/f_auto,q_auto/league/absw1gfqoiztajjagmf6"
00-0037756,2026,Travis Jones,BAL,DL,"https://static.www.nfl.com/image/upload/f_auto,q_auto/league/wm1f5uddgq3xmivgmrkz"
00-0030506,2026,Travis Kelce,KC,TE,"https://static.www.nfl.com/image/upload/f_auto,q_auto/league/dpxovcfku6ud2aohgf6a"
00-0041500,2026,Travis Shaw,TB,DL,"https://static.www.nfl.com/image/upload/f_auto,q_auto/league/af1z7kzxhrg5vlmz3ic7"
00-0037235,2026,Travon Walker,JAX,DL,"https://static.www.nfl.com/image/upload/f_auto,q_auto/league/hqxxsws12bmy1jyw6ocj"
00-0036885,2026,Tre Brown,NYJ,DB,"https://static.www.nfl.com/image/upload/f_auto,q_auto/league/qmxy8q4nrxr2ascsrs2m"
00-0040727,2026,Tre Harris,LAC,WR,"https://static.www.nfl.com/image/upload/f_auto,q_auto/league/v5ofh8jggzo8rygtpwl7"
00-0038403,2026,Tre Hawkins III,MIN,DB,"https://static.www.nfl.com/image/upload/f_auto,q_auto/league/n957q4ljgtif6f9ncqfm"
00-0040526,2026,Tre Stewart,ARI,RB,"https://static.www.nfl.com/image/upload/f_auto,q_auto/league/uqxyyn0fclnobbreyzod"
00-0038563,2026,Tre Tucker,LV,WR,"https://static.www.nfl.com/image/upload/f_auto,q_auto/league/hazzk3hrcequzosdgzgv"
00-0040094,2026,Tre Watson,MIA,TE,"https://static.www.nfl.com/image/upload/f_auto,q_auto/league/ugdci6mdpfinji42u1om"
00-0037011,2026,Tre' McKitty,WAS,TE,"https://static.www.nfl.com/image/upload/f_auto,q_auto/league/hcsuglnch88wtxp9emcv"
00-0036962,2026,Tre'von Moehrig,CAR,DB,"https://static.www.nfl.com/image/upload/f_auto,q_auto/league/cyprwi2vzj1a3oitgseo"
00-0040734,2026,TreVeyon Henderson,NE,RB,"https://static.www.nfl.com/image/upload/f_auto,q_auto/league/ebcjvwytgu2y4kqm8ihv"
00-0041216,2026,Trebor Pena,JAX,WR,"https://static.www.nfl.com/image/upload/f_auto,q_auto/league/odtp8h91i2q8mjwbtypa"
00-0034673,2026,Tremaine Edmunds,NYG,LB,"https://static.www.nfl.com/image/upload/f_auto,q_auto/league/oel5uugavzbyitnjlw7f"
00-0034278,2026,Tremon Smith,HOU,DB,"https://static.www.nfl.com/image/upload/f_auto,q_auto/league/pva3iicdybaabrrws0sg"
00-0032071,2026,Trent Brown,HOU,OL,"https://static.www.nfl.com/image/upload/f_auto,q_auto/league/cszhfhjysj4e5hm4vbwk"
00-0037191,2026,Trent McDuffie,LAR,DB,"https://static.www.nfl.com/image/upload/f_auto,q_auto/league/xaq30zfwnliekwqzoank"
00-0034571,2026,Trent Scott,WAS,OL,"https://static.www.nfl.com/image/upload/f_auto,q_auto/league/lezvaysssxuvaprswxyk"
00-0034487,2026,Trent Sherfield,BUF,WR,"https://static.www.nfl.com/image/upload/f_auto,q_auto/league/iiig88xbj5zeau59ifvv"
00-0034198,2026,Trent Sieg,DAL,LS,"https://static.www.nfl.com/image/upload/f_auto,q_auto/league/ikhujd70ky9ymcrvpjm5"
00-0027857,2026,Trent Williams,SF,OL,"https://static.www.nfl.com/image/upload/f_auto,q_auto/league/esqu9k1my3po3yxxkcjs"
00-0038504,2026,Trenton Simpson,BAL,LB,"https://static.www.nfl.com/image/upload/f_auto,q_auto/league/hoi5uajg40os0xa1odi9"
00-0030140,2026,Tress Way,WAS,P,"https://static.www.nfl.com/image/upload/f_auto,q_auto/league/u61eijcazx9o4lb0lwp3"
00-0040487,2026,Treven Ma'ae,LV,DL,"https://static.www.nfl.com/image/upload/f_auto,q_auto/league/rjorj8cbnvardimhwjcl"
00-0040295,2026,Trevian Thomas,JAX,DB,"https://static.www.nfl.com/image/upload/f_auto,q_auto/league/ldmirlh7kh1rt4ezqgdo"
00-0039347,2026,Trevin Wallace,NYJ,LB,"https://static.www.nfl.com/image/upload/f_auto,q_auto/league/qzhtopwswjprt2marbaa"
00-0036305,2026,Trevis Gipson,CAR,LB,"https://static.www.nfl.com/image/upload/f_auto,q_auto/league/p5qxxhu4ecnzjcfva9b0"
00-0036361,2026,Trevon Diggs,SEA,DB,"https://static.www.nfl.com/image/upload/f_auto,q_auto/league/ktdcor3rnkwpgehtwldn"
00-0040644,2026,Trevor Etienne,CAR,RB,"https://static.www.nfl.com/image/upload/f_auto,q_auto/league/pcuzq84x7ia5yvmikltb"
00-0039310,2026,Trevor Keegan,MIN,OL,"https://static.www.nfl.com/image/upload/f_auto,q_auto/league/op65y3hhnmtpcdumopmt"
00-0036971,2026,Trevor Lawrence,JAX,QB,"https://static.www.nfl.com/image/upload/f_auto,q_auto/league/k9uzdernqkx7oquy7dkg"
00-0038660,2026,Trevor Nowaske,DET,LB,"https://static.www.nfl.com/image/upload/f_auto,q_auto/league/m65qtbao0n91lg4gprrp"
00-0037241,2026,Trevor Penning,LAC,OL,"https://static.www.nfl.com/image/upload/f_auto,q_auto/league/tr9e0yl1esqawnieqogh"
00-0040731,2026,Trey Amos,WAS,DB,"https://static.www.nfl.com/image/upload/f_auto,q_auto/league/cxabcu8nz9p6k6sqsw4t"
00-0039921,2026,Trey Benson,ARI,RB,"https://static.www.nfl.com/image/upload/f_auto,q_auto/league/liruc5jotnsi4ue9p9yx"
00-0038494,2026,Trey Dean III,GB,DB,"https://static.www.nfl.com/image/private/f_auto,q_auto/league/egycpb5zv75wp0ytluhl"
00-0033935,2026,Trey Hendrickson,BAL,LB,"https://static.www.nfl.com/image/upload/f_auto,q_auto/league/ck1pofe4hwbbowzhb8uh"
00-0037012,2026,Trey Lance,LAC,QB,"https://static.www.nfl.com/image/upload/f_auto,q_auto/league/j3psmvvxo13kmbgi60ej"
00-0037744,2026,Trey McBride,ARI,TE,"https://static.www.nfl.com/image/upload/f_auto,q_auto/league/psasp10nn5pcvkli9kil"
00-0041526,2026,Trey Moore,MIA,LB,"https://static.www.nfl.com/image/upload/f_auto,q_auto/league/kezibcnrkdwepbbkaqfq"
00-0039052,2026,Trey Palmer,NO,WR,"https://static.www.nfl.com/image/upload/f_auto,q_auto/league/cdtzofb5u510xjh08qr4"
00-0035688,2026,Trey Pipkins,LAC,OL,"https://static.www.nfl.com/image/upload/f_auto,q_auto/league/nhze2mywnxrcmwyck0x4"
00-0036984,2026,Trey Sermon,ATL,RB,"https://static.www.nfl.com/image/upload/f_auto,q_auto/league/eqhl3xiczodsyqlmsxvr"
00-0040899,2026,Trey Smack,GB,K,"https://static.www.nfl.com/image/upload/f_auto,q_auto/league/zierx6p09ilfe0o0ckj7"
00-0036660,2026,Trey Smith,KC,OL,"https://static.www.nfl.com/image/upload/f_auto,q_auto/league/skoecv9k14idjai4ok42"
00-0040357,2026,Trey Washington,IND,DB,"https://static.www.nfl.com/image/upload/f_auto,q_auto/league/ace4vjl3mefeypjbb5hc"
00-0040602,2026,Trey Wedig,IND,OL,"https://static.www.nfl.com/image/upload/f_auto,q_auto/league/j9w4zu4vdw6jihn1fbvk"
00-0040871,2026,Trey Zuhn III,LV,OL,"https://static.www.nfl.com/image/upload/f_auto,q_auto/league/k2qgtsvaic93xeu4jqhh"
00-0040868,2026,Treydan Stukes,LV,DB,"https://static.www.nfl.com/image/upload/f_auto,q_auto/league/uhljscop4d7yxtanrwop"
00-0037742,2026,Treylon Burks,WAS,WR,"https://static.www.nfl.com/image/upload/f_auto,q_auto/league/bmozbzdxgnnwdniuvgnn"
00-0039518,2026,Treyton Welch,NO,TE,"https://static.www.nfl.com/image/upload/f_auto,q_auto/league/rutsetwerjfsym9ohqrs"
00-0041308,2026,Treyvhon Saunders,HOU,WR,"https://static.www.nfl.com/image/upload/f_auto,q_auto/league/gwouh69b2usqxmfhqxmz"
00-0040251,2026,Trikweze Bridges,CIN,DB,"https://static.www.nfl.com/image/upload/f_auto,q_auto/league/vmjfea3sm8cg0hrlibgj"
00-0041348,2026,Tristan Leigh,MIN,OL,"https://static.www.nfl.com/image/upload/f_auto,q_auto/league/j83wdb6jj6ubxexc0e0w"
00-0036406,2026,Tristan Wirfs,TB,OL,"https://static.www.nfl.com/image/upload/f_auto,q_auto/league/j1gwbrodzkkdaqlpyqml"
00-0037461,2026,Tristin McCollum,LV,DB,"https://static.www.nfl.com/image/upload/f_auto,q_auto/league/lob4yulcbxvkweblc0dg"
00-0036338,2026,Troy Dye,LAC,LB,"https://static.www.nfl.com/image/upload/f_auto,q_auto/league/gfdhupqzscbwdyhvowq4"
00-0039871,2026,Troy Fautanu,PIT,OL,"https://static.www.nfl.com/image/upload/f_auto,q_auto/league/zdtvqdenhcfetm9tpmwh"
00-0039868,2026,Troy Franklin,DEN,WR,"https://static.www.nfl.com/image/upload/f_auto,q_auto/league/wgfbgxjntyqzojpizgaj"
00-0035617,2026,Troy Reeder,NYJ,LB,"https://static.www.nfl.com/image/upload/f_auto,q_auto/league/laiuwnorvmneuwvav61k"
00-0040609,2026,Tru Edwards,LAR,WR,"https://static.www.nfl.com/image/upload/f_auto,q_auto/league/xhstos22n8zl6qe6v2zn"
00-0038514,2026,Truman Jones,TEN,DL,"https://static.www.nfl.com/image/upload/f_auto,q_auto/league/zhhugc4ahcrbbpbsufqr"
00-0035992,2026,Trystan Colon,JAX,OL,"https://static.www.nfl.com/image/upload/f_auto,q_auto/league/qbh3ipmfn5vfxd8a3cis"
00-0036212,2026,Tua Tagovailoa,ATL,QB,"https://static.www.nfl.com/image/upload/f_auto,q_auto/league/tmm4ohds7qci0vqoobhm"
00-0037686,2026,Tucker Addington,MIA,LS,"https://static.www.nfl.com/image/upload/f_auto,q_auto/league/weswfyqcc51q4zgjtgmq"
00-0038996,2026,Tucker Kraft,GB,TE,"https://static.www.nfl.com/image/upload/f_auto,q_auto/league/n6vu44jbq31rydoaadaq"
00-0040929,2026,Tucker Large,PHI,DB,"https://static.www.nfl.com/image/upload/f_auto,q_auto/league/dmz6ddx6fylrcum4afpp"
00-0039111,2026,Tuli Tuipulotu,LAC,LB,"https://static.www.nfl.com/image/upload/f_auto,q_auto/league/u2qqrqzzi3yawzxmbrxs"
00-0036849,2026,Tutu Atwell,LAR,WR,"https://static.www.nfl.com/image/upload/f_auto,q_auto/league/tl2aa9ucbtcwhr1yk3tf"
00-0037276,2026,Ty Chandler,NO,RB,"https://static.www.nfl.com/image/upload/f_auto,q_auto/league/dmprsfd75phecgmbkf4l"
00-0040585,2026,Ty Hamilton,LAR,DL,"https://static.www.nfl.com/image/upload/f_auto,q_auto/league/gtriftz4gtmqpetxqp9o"
00-0035537,2026,Ty Johnson,BUF,RB,"https://static.www.nfl.com/image/upload/f_auto,q_auto/league/zruhihypizhtgpvsaj3c"
00-0038765,2026,Ty Okada,SEA,DB,"https://static.www.nfl.com/image/upload/f_auto,q_auto/league/dpnc6udwdhtrsq898nec"
00-0040662,2026,Ty Robinson,PHI,DL,"https://static.www.nfl.com/image/upload/f_auto,q_auto/league/wzfhauuzpt28giuk4dxt"
00-0041568,2026,Ty Simpson,LAR,QB,"https://static.www.nfl.com/image/upload/f_auto,q_auto/league/lbvqgmsidrpxh1jyyey6"
00-0039812,2026,Ty'Ron Hopper,GB,LB,"https://static.www.nfl.com/image/upload/f_auto,q_auto/league/taqdlsfufqh99ucbl5zm"
00-0037752,2026,Tycen Anderson,DEN,DB,"https://static.www.nfl.com/image/upload/f_auto,q_auto/league/bcj31sdowvuw6gqh5zzj"
00-0039032,2026,Tyjae Spears,TEN,RB,"https://static.www.nfl.com/image/upload/f_auto,q_auto/league/pkly3nkohty1tuijtwty"
00-0039846,2026,Tykee Smith,TB,DB,"https://static.www.nfl.com/image/upload/f_auto,q_auto/league/thib1riuixa3whhe6ohv"
00-0039882,2026,Tylan Grable,BUF,OL,"https://static.www.nfl.com/image/upload/f_auto,q_auto/league/t5xdmbxo9c5juinczvdb"
00-0036630,2026,Tylan Wallace,CLE,WR,"https://static.www.nfl.com/image/upload/f_auto,q_auto/league/rifnnpeub6okv41offnd"
00-0040672,2026,Tyleik Williams,DET,DL,"https://static.www.nfl.com/image/upload/f_auto,q_auto/league/emppyzljgfew4i1qmdhb"
00-0037263,2026,Tyler Allgeier,ARI,RB,"https://static.www.nfl.com/image/upload/f_auto,q_auto/league/sp9lhhmpv4qy3xy2msxd"
00-0037085,2026,Tyler Badie,DEN,RB,"https://static.www.nfl.com/image/upload/f_auto,q_auto/league/ghhul5piv9vzeih6atsj"
00-0040196,2026,Tyler Baron,NYJ,LB,"https://static.www.nfl.com/image/upload/f_auto,q_auto/league/v9mbzoaeie7jm6jt4gdx"
00-0036162,2026,Tyler Bass,BUF,K,"https://static.www.nfl.com/image/upload/f_auto,q_auto/league/rwidgp7jp8vxhssi7und"
00-0040492,2026,Tyler Batty,MIN,LB,"https://static.www.nfl.com/image/upload/f_auto,q_auto/league/xur5y3juva1uila1vszk"
00-0036376,2026,Tyler Biadasz,LAC,OL,"https://static.www.nfl.com/image/upload/f_auto,q_auto/league/svoue4oh6lyx1ykgavgv"
00-0040007,2026,Tyler Booker,DAL,OL,"https://static.www.nfl.com/image/upload/f_auto,q_auto/league/rcqpeq8ahdoqt1xejjjp"
00-0034270,2026,Tyler Conklin,DET,TE,"https://static.www.nfl.com/image/upload/f_auto,q_auto/league/knjuzxnzsfjxwcjxp5en"
00-0039749,2026,Tyler Davis,LAR,DL,"https://static.www.nfl.com/image/upload/f_auto,q_auto/league/ych0dv47y4jomyxybenf"
00-0040997,2026,Tyler Duzansky,LV,LS,"https://static.www.nfl.com/image/upload/f_auto,q_auto/league/e7iggmlhoyuge8vriory"
00-0037120,2026,Tyler Goodson,DAL,RB,"https://static.www.nfl.com/image/upload/f_auto,q_auto/league/zqmesi6fwv82lhfzlht6"
00-0039341,2026,Tyler Guyton,DAL,OL,"https://static.www.nfl.com/image/upload/f_auto,q_auto/league/jtc2bw2l1dzdzziigieq"
00-0033110,2026,Tyler Higbee,LAR,TE,"https://static.www.nfl.com/image/upload/f_auto,q_auto/league/x1d4osiefibd04df6gow"
00-0035993,2026,Tyler Huntley,BAL,QB,"https://static.www.nfl.com/image/upload/f_auto,q_auto/league/fxyjf9d5qkwqjdd8ypvv"
00-0036427,2026,Tyler Johnson,NYJ,WR,"https://static.www.nfl.com/image/upload/f_auto,q_auto/league/wvdkhxotikdvohhaypee"
00-0038940,2026,Tyler Lacy,DET,DL,"https://static.www.nfl.com/image/upload/f_auto,q_auto/league/k0vshmovqi55f4nwuiaf"
00-0037825,2026,Tyler Linderbaum,LV,OL,"https://static.www.nfl.com/image/upload/f_auto,q_auto/league/fh4i4wf9f4nslburymqu"
00-0040074,2026,Tyler Loop,BAL,K,"https://static.www.nfl.com/image/upload/f_auto,q_auto/league/kbwixtntqevptepedhll"
00-0041296,2026,Tyler Miller,DEN,OL,"https://static.www.nfl.com/image/upload/f_auto,q_auto/league/mawpqz9m0qcjwcrlabzt"
00-0039861,2026,Tyler Nubin,NYG,DB,"https://static.www.nfl.com/image/upload/f_auto,q_auto/league/wu3phjekllc6yybgarbl"
00-0041552,2026,Tyler Onyedim,DEN,DL,"https://static.www.nfl.com/image/upload/f_auto,q_auto/league/d2ttkvv1veffjciazekv"
00-0031156,2026,Tyler Ott,WAS,LS,"https://static.www.nfl.com/image/upload/f_auto,q_auto/league/qlrzepni32ykh7rjkdcy"
00-0039681,2026,Tyler Owens,WAS,DB,"https://static.www.nfl.com/image/upload/f_auto,q_auto/league/rxf3jhkiysfn1vi91kvv"
00-0038941,2026,Tyler Scott,LAR,WR,"https://static.www.nfl.com/image/upload/f_auto,q_auto/league/lmtqp0nnsglmo6ypp1ec"
00-0040743,2026,Tyler Shough,NO,QB,"https://static.www.nfl.com/image/upload/f_auto,q_auto/league/toiafc7qighw86geo7jf"
00-0037243,2026,Tyler Smith,DAL,OL,"https://static.www.nfl.com/image/upload/f_auto,q_auto/league/gdosyozck6qewvzmpag2"
00-0039001,2026,Tyler Steen,PHI,OL,"https://static.www.nfl.com/image/upload/f_auto,q_auto/league/vql0qqvuq0eqkaolcqep"
00-0040128,2026,Tyler Warren,IND,TE,"https://static.www.nfl.com/image/upload/f_auto,q_auto/league/f1mfwwrr3qvnxuiackgq"
00-0038104,2026,Tyquan Thornton,KC,WR,"https://static.www.nfl.com/image/upload/f_auto,q_auto/league/bjqzuempyiwxe0hl7e5a"
00-0041448,2026,Tyre West,DET,DL,"https://static.www.nfl.com/image/upload/f_auto,q_auto/league/ko4qcsvsalp1y0cptmie"
00-0041288,2026,Tyreak Sapp,CLE,DL,"https://static.www.nfl.com/image/upload/f_auto,q_auto/league/yqndrntpjen13kuxq1p0"
00-0038541,2026,Tyree Wilson,NO,LB,"https://static.www.nfl.com/image/upload/f_auto,q_auto/league/ildmh1dcqbamtixdpgse"
00-0041344,2026,Tyreek Chappell,MIN,DB,"https://static.www.nfl.com/image/upload/f_auto,q_auto/league/itludydyhonkxtz5sebd"
00-0039586,2026,Tyrek Funderburk,CAR,DB,"https://static.www.nfl.com/image/upload/f_auto,q_auto/league/tzkkwtxovny5ufixvvoq"
00-0037080,2026,Tyreke Smith,KC,DL,"https://static.www.nfl.com/image/upload/f_auto,q_auto/league/ty7bslavrkn5iqziogvf"
00-0035352,2026,Tyrel Dodson,CAR,LB,"https://static.www.nfl.com/image/upload/f_auto,q_auto/league/ssfyc6yarlegh112xeoa"
00-0038679,2026,Tyrell Shavers,BUF,WR,"https://static.www.nfl.com/image/upload/f_auto,q_auto/league/r9nabownt8mbqlj730su"
00-0040919,2026,Tyren Montgomery,TEN,WR,"https://static.www.nfl.com/image/upload/f_auto,q_auto/league/f9zykws54i2prkwxw3ee"
00-0039815,2026,Tyrice Knight,SEA,LB,"https://static.www.nfl.com/image/upload/f_auto,q_auto/league/xqi0rvphhoj5tca0wod2"
00-0040173,2026,Tyrion Ingram-Dawkins,MIN,DL,"https://static.www.nfl.com/image/upload/f_auto,q_auto/league/lkpgbo1ftwfrp18wrbxv"
00-0039071,2026,Tyrique Stevenson,CHI,DB,"https://static.www.nfl.com/image/upload/f_auto,q_auto/league/l0xpg0hpxsepfootn0sq"
00-0028118,2026,Tyrod Taylor,GB,QB,"https://static.www.nfl.com/image/upload/f_auto,q_auto/league/whpztm9akd7yefplp37r"
00-0039384,2026,Tyrone Tracy Jr.,NYG,RB,"https://static.www.nfl.com/image/upload/f_auto,q_auto/league/b9nje50lohbprf06xoom"
00-0038742,2026,Tyrus Wheat,DAL,LB,"https://static.www.nfl.com/image/upload/f_auto,q_auto/league/krmcu6sltcvyy6ddisn7"
00-0040273,2026,Tysheem Johnson,SEA,DB,"https://static.www.nfl.com/image/upload/f_auto,q_auto/league/srmw7o53eercpt8548jh"
00-0038416,2026,Tyson Bagent,CHI,QB,"https://static.www.nfl.com/image/upload/f_auto,q_auto/league/ymimvligfyrucu0v3p6a"
00-0036974,2026,Tyson Campbell,CLE,DB,"https://static.www.nfl.com/image/upload/f_auto,q_auto/league/qhtmkkoqakioplm2vfrw"
00-0035234,2026,Tytus Howard,CLE,OL,"https://static.www.nfl.com/image/upload/f_auto,q_auto/league/dsxhasekno62of0prulo"
00-0041487,2026,Tywone Malone,CAR,DL,"https://static.www.nfl.com/image/upload/f_auto,q_auto/league/zydyn07jyaembj8djyie"
00-0041580,2026,Uar Bernard,PHI,DL,"https://static.www.nfl.com/image/upload/f_auto,q_auto/league/xrr9qhsppukv53ilfpkp"
00-0034350,2026,Uchenna Nwosu,SEA,LB,"https://static.www.nfl.com/image/upload/f_auto,q_auto/league/eovri4ccfixdbtikxbyg"
00-0040476,2026,Ulysses Bentley IV,IND,RB,"https://static.www.nfl.com/image/upload/f_auto,q_auto/league/iw8g8cngrmp4ipcrdpwi"
00-0040152,2026,Upton Stout,SF,DB,"https://static.www.nfl.com/image/upload/f_auto,q_auto/league/k5fypo0f9ctrs9dfvcyw"
00-0040975,2026,Uso Seumalo,SEA,DL,"https://static.www.nfl.com/image/upload/f_auto,q_auto/league/orfcyc0to5mxcxkc86d6"
00-0041120,2026,VJ Payne,NYJ,DB,"https://static.www.nfl.com/image/upload/f_auto,q_auto/league/mr1fz0yd8pvfjzis5ell"
00-0040765,2026,Valentin Senn,ARI,OL,"https://static.www.nfl.com/image/upload/f_auto,q_auto/league/h95afg0gtx3x6ik2fgmp"
00-0036415,2026,Van Jefferson,WAS,WR,"https://static.www.nfl.com/image/upload/f_auto,q_auto/league/inwxk1xlvzculj8m3pah"
00-0037287,2026,Vederian Lowe,SF,OL,"https://static.www.nfl.com/image/upload/f_auto,q_auto/league/ihqeka8g0xhjacqhkj0i"
00-0037745,2026,Velus Jones Jr.,SEA,RB,"https://static.www.nfl.com/image/upload/f_auto,q_auto/league/d4y5fxivhcxk34q7stpb"
00-0038570,2026,Ventrell Miller,JAX,LB,"https://static.www.nfl.com/image/upload/f_auto,q_auto/league/gmxgq1mjnbdjjpcggamn"
00-0040642,2026,Vernon Broughton,NO,DL,"https://static.www.nfl.com/image/upload/f_auto,q_auto/league/jij1yqsdhelakkptqz9k"
00-0040712,2026,Vershon Lee,ARI,OL,"https://static.www.nfl.com/image/upload/f_auto,q_auto/league/yygtmj3azqkxi1est3eq"
00-0036896,2026,Victor Dimukeje,SF,DL,"https://static.www.nfl.com/image/upload/f_auto,q_auto/league/timanef1mpwuc1cqmptm"
00-0038575,2026,Viliami Fehoko Jr.,SF,DL,"https://static.www.nfl.com/image/upload/f_auto,q_auto/league/s5ok9ad5e51tqij3vpsp"
00-0040950,2026,Vincent Anthony Jr.,SF,DL,"https://static.www.nfl.com/image/upload/f_auto,q_auto/league/lxdpxwvakeifd0yjoqt9"
00-0041185,2026,Vinny Anthony II,ATL,WR,"https://static.www.nfl.com/image/upload/f_auto,q_auto/league/za7sl8mdnvpy1lvo7gva"
00-0034773,2026,Vita Vea,TB,DL,"https://static.www.nfl.com/image/upload/f_auto,q_auto/league/dbumwcqqltdqv9pxkno0"
00-0027940,2026,Von Miller,DAL,LB,"https://static.www.nfl.com/image/upload/f_auto,q_auto/league/cqkgo6uw5ha7bjajkewf"
00-0041465,2026,Wade Woodaz,HOU,LB,"https://static.www.nfl.com/image/upload/f_auto,q_auto/league/pwnisqesajtuhmgkfhjq"
00-0036975,2026,Walker Little,JAX,OL,"https://static.www.nfl.com/image/upload/f_auto,q_auto/league/qcwaedluzb9hvdtd1uxy"
00-0040706,2026,Walter Nolen,ARI,DL,"https://static.www.nfl.com/image/upload/f_auto,q_auto/league/jr8karjanloyyas4erxt"
00-0039828,2026,Walter Rouse,NE,OL,"https://static.www.nfl.com/image/upload/f_auto,q_auto/league/r28h1pou7qbvw9hcjpgr"
00-0038117,2026,Wan'Dale Robinson,TEN,WR,"https://static.www.nfl.com/image/upload/f_auto,q_auto/league/yzcvyhmilvxedfjfjglc"
00-0040364,2026,Wande Owens,BUF,DB,"https://static.www.nfl.com/image/upload/f_auto,q_auto/league/scgwqpustwfmfouwk8u5"
00-0038981,2026,Wanya Morris,DAL,OL,"https://static.www.nfl.com/image/upload/f_auto,q_auto/league/y2bvxkfybapdxszjuhju"
00-0040016,2026,Warren Brinson,GB,DL,"https://static.www.nfl.com/image/upload/f_auto,q_auto/league/lv56fxgmoabt9ecuu8eb"
00-0039077,2026,Warren McClendon Jr.,LAR,OL,"https://static.www.nfl.com/image/private/f_auto,q_auto/league/v6l1ydwiawpfcldcb7if"
00-0041404,2026,Wesley Bailey,LAR,LB,"https://static.www.nfl.com/image/upload/f_auto,q_auto/league/roysfq0w8zqapiaxl5ef"
00-0040951,2026,Wesley Bissainthe,KC,LB,"https://static.www.nfl.com/image/upload/f_auto,q_auto/league/j8swqxmlcnkjxyujqnwf"
00-0041359,2026,Wesley Grimes,SF,WR,"https://static.www.nfl.com/image/upload/f_auto,q_auto/league/n5hfuzuaxausgstr3cp8"
00-0041059,2026,Wesley Williams,JAX,DL,"https://static.www.nfl.com/image/upload/f_auto,q_auto/league/celtgaqzzg1pgqky5yju"
00-0041236,2026,West Weeks,IND,LB,"https://static.www.nfl.com/image/upload/f_auto,q_auto/league/hcmqnw4vsoxbiju2poyb"
00-0032569,2026,Wil Lutz,DEN,K,"https://static.www.nfl.com/image/upload/f_auto,q_auto/league/vcglg5vsgbiyggwibgy0"
00-0039108,2026,Will Anderson Jr.,HOU,DL,"https://static.www.nfl.com/image/upload/f_auto,q_auto/league/ar9k2r2btzzb10zc0xja"
00-0040699,2026,Will Campbell,NE,OL,"https://static.www.nfl.com/image/upload/f_auto,q_auto/league/mqfqwcdx3l4437twzxhm"
00-0036483,2026,Will Fries,MIN,OL,"https://static.www.nfl.com/image/upload/f_auto,q_auto/league/o1mom4lvhbd7yltnneyh"
00-0035251,2026,Will Grier,CAR,QB,"https://static.www.nfl.com/image/upload/f_auto,q_auto/league/c8cmoyu2wemjpl6ctk9g"
00-0040203,2026,Will Howard,PIT,QB,"https://static.www.nfl.com/image/upload/f_auto,q_auto/league/wzt7xj9ownxfit5igpcd"
00-0040751,2026,Will Johnson,ARI,DB,"https://static.www.nfl.com/image/upload/f_auto,q_auto/league/dq3zeuqbbnztptdeas6i"
00-0041524,2026,Will Kacmarek,MIA,TE,"https://static.www.nfl.com/image/upload/f_auto,q_auto/league/erqascuieblamkhf2vbs"
00-0041063,2026,Will Lee III,CAR,DB,"https://static.www.nfl.com/image/upload/f_auto,q_auto/league/wurwgex2escrqdqmyaeg"
00-0039152,2026,Will Levis,NYJ,QB,"https://static.www.nfl.com/image/upload/f_auto,q_auto/league/npovrxpll0gqlkptsn6r"
00-0038394,2026,Will Mallory,IND,TE,"https://static.www.nfl.com/image/upload/f_auto,q_auto/league/sl1pkiox1hucg9sxttfi"
00-0039142,2026,Will McDonald IV,NYJ,LB,"https://static.www.nfl.com/image/private/f_auto,q_auto/league/nw8aiicw9bjhxaqwbeo9"
00-0041361,2026,Will Pauling,SF,WR,"https://static.www.nfl.com/image/upload/f_auto,q_auto/league/hk2txxjkjk1ycmluu2kn"
00-0039544,2026,Will Putnam,LV,OL,"https://static.www.nfl.com/image/upload/f_auto,q_auto/league/clwvsywtoyawl9dhn7gv"
00-0039404,2026,Will Reichard,MIN,K,"https://static.www.nfl.com/image/upload/f_auto,q_auto/league/wv1h4umuddkfss96uutw"
00-0040753,2026,Will Sheppard,MIA,WR,"https://static.www.nfl.com/image/upload/f_auto,q_auto/league/vwyhqfyyxngoljurvrjx"
00-0036535,2026,Will Sherman,NO,OL,"https://static.www.nfl.com/image/upload/f_auto,q_auto/league/jyrcmwhuedomgnd34qff"
00-0039746,2026,Will Shipley,PHI,RB,"https://static.www.nfl.com/image/upload/f_auto,q_auto/league/pvpaepncsdfgzdubkuhg"
00-0040379,2026,William Wagner,CIN,LS,"https://static.www.nfl.com/image/upload/f_auto,q_auto/league/mlpqnycrpna1gurrpzr5"
00-0036362,2026,Willie Gay Jr.,MIA,LB,"https://static.www.nfl.com/image/upload/f_auto,q_auto/league/vf0j6vpgfr1vg5wsd7uh"
00-0040631,2026,Willie Lampkin,PHI,OL,"https://static.www.nfl.com/image/upload/f_auto,q_auto/league/dvfolbczklyzblzpztct"
00-0039515,2026,Winston Reid,CLE,LB,"https://static.www.nfl.com/image/upload/f_auto,q_auto/league/pdh6lfhfcihybfqdrodo"
00-0040583,2026,Woody Marks,HOU,RB,"https://static.www.nfl.com/image/upload/f_auto,q_auto/league/y5ntpcenhhhv98uz2fys"
00-0040064,2026,Wy'Kevious Thomas,SEA,DL,"https://static.www.nfl.com/image/upload/f_auto,q_auto/league/oze4dwftg5cerptvolzb"
00-0040611,2026,Wyatt Bowles,LAR,OL,"https://static.www.nfl.com/image/upload/f_auto,q_auto/league/b0lgpmv2mgdvxhvgpagn"
00-0040146,2026,Wyatt Milum,JAX,OL,"https://static.www.nfl.com/image/upload/f_auto,q_auto/league/g2oqodrisukyvsy0ktdq"
00-0034399,2026,Wyatt Teller,HOU,OL,"https://static.www.nfl.com/image/upload/f_auto,q_auto/league/g8mhl0gz8akc6k5hb06i"
00-0041370,2026,Wydett Williams Jr.,ARI,DB,"https://static.www.nfl.com/image/upload/f_auto,q_auto/league/yehplfdaudjovmu77qbe"
00-0041008,2026,Xavian Sorey Jr.,LV,LB,"https://static.www.nfl.com/image/upload/f_auto,q_auto/league/fiiv9rjxf1mxeqtucdkc"
00-0038496,2026,Xavier Gipson,PHI,WR,"https://static.www.nfl.com/image/upload/f_auto,q_auto/league/o81mvslx374ouca313mw"
00-0040099,2026,Xavier Guillory,BAL,WR,"https://static.www.nfl.com/image/upload/f_auto,q_auto/league/p9cbbzkdpk6nrhamjntb"
00-0041238,2026,Xavier Hill,NYJ,OL,"https://static.www.nfl.com/image/upload/f_auto,q_auto/league/ofbtbfdgqmsmr8dlko7a"
00-0041412,2026,Xavier Holmes,NE,LB,"https://static.www.nfl.com/image/upload/f_auto,q_auto/league/u005l47kqbf4w8futftr"
00-0038618,2026,Xavier Hutchinson,HOU,WR,"https://static.www.nfl.com/image/upload/f_auto,q_auto/league/n5baiu6sg9wh3xhhewkd"
00-0039473,2026,Xavier Johnson,CIN,WR,"https://static.www.nfl.com/image/upload/f_auto,q_auto/league/vgowznjwdokzsl7qiyiq"
00-0039342,2026,Xavier Legette,CAR,WR,"https://static.www.nfl.com/image/upload/f_auto,q_auto/league/yoyxkitrdqbkhyqncy5p"
00-0041020,2026,Xavier Loyd,KC,WR,"https://static.www.nfl.com/image/upload/f_auto,q_auto/league/wmm4lgxorw9cf5towgpl"
00-0036388,2026,Xavier McKinney,GB,DB,"https://static.www.nfl.com/image/upload/f_auto,q_auto/league/qhxnlik9ekqnbuxqbvpz"
00-0037601,2026,Xavier Newman-Johnson,NE,OL,"https://static.www.nfl.com/image/upload/f_auto,q_auto/league/ltlojovue9gzntpaubjn"
00-0040957,2026,Xavier Nwankpa,KC,DB,"https://static.www.nfl.com/image/upload/f_auto,q_auto/league/gu44x9mtkglhai90wudx"
00-0040522,2026,Xavier Restrepo,TEN,WR,"https://static.www.nfl.com/image/upload/f_auto,q_auto/league/w4onu90fxjmlkmkchcg1"
00-0038359,2026,Xavier Smith,LAR,WR,"https://static.www.nfl.com/image/upload/f_auto,q_auto/league/hqvwpitewijx8bjrcofe"
00-0040451,2026,Xavier Truss,CLE,OL,"https://static.www.nfl.com/image/upload/f_auto,q_auto/league/fsk6ca96kv4go2hcihxi"
00-0040148,2026,Xavier Watts,ATL,DB,"https://static.www.nfl.com/image/upload/f_auto,q_auto/league/kfq1ekzcnannihp8qatc"
00-0039521,2026,Xavier Weaver,ARI,WR,"https://static.www.nfl.com/image/upload/f_auto,q_auto/league/kubeuin8fuw75xuxnhli"
00-0033579,2026,Xavier Woods,CHI,DB,"https://static.www.nfl.com/image/upload/f_auto,q_auto/league/of7kdkfale5fnuz6u8gr"
00-0039894,2026,Xavier Worthy,KC,WR,"https://static.www.nfl.com/image/upload/f_auto,q_auto/league/u6fmnffwteccoxn3uguq"
00-0040188,2026,Yahya Black,PIT,DL,"https://static.www.nfl.com/image/upload/f_auto,q_auto/league/ndy8wevnmpdrin3espb5"
00-0038580,2026,Yasir Abdullah,ATL,LB,"https://static.www.nfl.com/image/upload/f_auto,q_auto/league/ok0dts6vzdwn8owisv08"
00-0041434,2026,Yasir Holmes,TB,LB,"https://static.www.nfl.com/image/upload/f_auto,q_auto/league/ixyolsbhodr71dqhnacb"
00-0039068,2026,Yaya Diaby,TB,LB,"https://static.www.nfl.com/image/upload/f_auto,q_auto/league/bwd4lm9x9djpggqdyyhr"
00-0031576,2026,Za'Darius Smith,ATL,LB,"https://static.www.nfl.com/image/upload/f_auto,q_auto/league/l5t51lcflhhfvxhr1sx3"
00-0038937,2026,Zacch Pickens,ATL,DL,"https://static.www.nfl.com/image/upload/f_auto,q_auto/league/dsqdomywsgl8x4bqqcie"
00-0035248,2026,Zach Allen,DEN,DL,"https://static.www.nfl.com/image/upload/f_auto,q_auto/league/ywtnmev7mxnkh1yhbrgx"
00-0037817,2026,Zach Bako-Bewele,GB,OL,"https://static.www.nfl.com/image/upload/f_auto,q_auto/league/rciezth8ldzcpq7yqbde"
00-0039165,2026,Zach Charbonnet,SEA,RB,"https://static.www.nfl.com/image/upload/f_auto,q_auto/league/cuuyog0lpxfaj0y0huvp"
00-0041122,2026,Zach Durfee,JAX,DL,"https://static.www.nfl.com/image/upload/f_auto,q_auto/league/gcjqllkpo5cx41ocdvbt"
00-0030061,2026,Zach Ertz,PHI,TE,"https://static.www.nfl.com/image/upload/f_auto,q_auto/league/xktmmeumuoglbuam75iz"
00-0039896,2026,Zach Frazier,PIT,OL,"https://static.www.nfl.com/image/upload/f_auto,q_auto/league/fsycb8xgssegoyy1rrrv"
00-0038980,2026,Zach Harrison,ATL,DL,"https://static.www.nfl.com/image/upload/f_auto,q_auto/league/jph76ryj7fn3yqi5c2yg"
00-0040387,2026,Zach Horton,DET,TE,"https://static.www.nfl.com/image/upload/f_auto,q_auto/league/tqaayllxofboypamcusj"
00-0034285,2026,Zach Sieler,MIA,DL,"https://static.www.nfl.com/image/upload/f_auto,q_auto/league/s5sel5udu4qvmi9jgryz"
00-0037618,2026,Zach Thomas,TEN,OL,"https://static.www.nfl.com/image/upload/f_auto,q_auto/league/b6vrvm3sbykrka1mr9jp"
00-0037013,2026,Zach Wilson,NO,QB,"https://static.www.nfl.com/image/upload/f_auto,q_auto/league/i17xpbsar7evcypbhtel"
00-0033063,2026,Zach Wood,NO,LS,"https://static.www.nfl.com/image/upload/f_auto,q_auto/league/vldx7g9vu0boohxmhs48"
00-0041044,2026,Zachariah Branch,ATL,WR,"https://static.www.nfl.com/image/upload/f_auto,q_auto/league/qwbo8lgyd85dlwnbznsc"
00-0037804,2026,Zachary Carter,ARI,DL,"https://static.www.nfl.com/image/upload/f_auto,q_auto/league/qvq8wnz7ssbxxuxxo9mn"
00-0036418,2026,Zack Baun,PHI,LB,"https://static.www.nfl.com/image/upload/f_auto,q_auto/league/dhostt4bqph1utq56oxc"
00-0038406,2026,Zack Kuntz,DAL,TE,"https://static.www.nfl.com/image/upload/f_auto,q_auto/league/snmajpxpwgxwzo5sfrsx"
00-0038399,2026,Zaire Barnes,NYG,LB,"https://static.www.nfl.com/image/upload/f_auto,q_auto/league/jnyarp6uvues6avvg9xa"
00-0034431,2026,Zaire Franklin,GB,LB,"https://static.www.nfl.com/image/upload/f_auto,q_auto/league/k59qf7qnigqhlxw2652h"
00-0037340,2026,Zaire Mitchell-Paden,HOU,TE,"https://static.www.nfl.com/image/upload/f_auto,q_auto/league/kx728asxtg6ykmh1yblc"
00-0039350,2026,Zak Zinter,CLE,OL,"https://static.www.nfl.com/image/upload/f_auto,q_auto/league/oazl3mefjy66qacgf5ry"
00-0041076,2026,Zakee Wheatley,CAR,DB,"https://static.www.nfl.com/image/upload/f_auto,q_auto/league/qvujxg50a70hzrg4luzm"
00-0038040,2026,Zamir White,NO,RB,"https://static.www.nfl.com/image/upload/f_auto,q_auto/league/jzthyqk2ld52f31ka1ir"
00-0041091,2026,Zane Durant,BUF,DL,"https://static.www.nfl.com/image/upload/f_auto,q_auto/league/nsnvwr7nu8pvfgneooy6"
00-0036933,2026,Zaven Collins,ARI,LB,"https://static.www.nfl.com/image/upload/f_auto,q_auto/league/jmd2hu4swlzcpuqsln69"
00-0038440,2026,Zavier Scott,CHI,RB,"https://static.www.nfl.com/image/upload/f_auto,q_auto/league/z8sqpgdoyuv5rask15vn"
00-0041051,2026,Zavion Thomas,CHI,WR,"https://static.www.nfl.com/image/upload/f_auto,q_auto/league/lhodk54zsmznu4yxjoux"
00-0039064,2026,Zay Flowers,BAL,WR,"https://static.www.nfl.com/image/upload/f_auto,q_auto/league/xzhto2dejy2pflkfx40c"
00-0036677,2026,Zayne Anderson,MIA,DB,"https://static.www.nfl.com/image/upload/f_auto,q_auto/league/j8agcdgo4ezgvn4vhw7u"
00-0036917,2026,Zech McPhearson,LAR,DB,"https://static.www.nfl.com/image/private/f_auto,q_auto/league/ih4tfn9t1fujcyiw9a83"
00-0040248,2026,Zeek Biggers,MIA,DL,"https://static.www.nfl.com/image/upload/f_auto,q_auto/league/etcgr7pzpzk17xfjeqeb"
00-0040497,2026,Zeke Correll,PHI,OL,"https://static.www.nfl.com/image/upload/f_auto,q_auto/league/tcq76f8tbfdygvvtwxgs"
00-0040966,2026,Zelmar Vedder,KC,DB,"https://static.www.nfl.com/image/upload/f_auto,q_auto/league/j9r5h7h9dy8rp2u5zb9s"
00-0040507,2026,Zemaiah Vaughn,MIN,DB,"https://static.www.nfl.com/image/upload/f_auto,q_auto/league/ko8yku7d4usn5sm0nuf9"
00-0040044,2026,Zion Childress,CAR,DB,"https://static.www.nfl.com/image/upload/f_auto,q_auto/league/rfj8pmex9tjxqayn0maz"
00-0037818,2026,Zion Johnson,CLE,OL,"https://static.www.nfl.com/image/upload/f_auto,q_auto/league/no0uoh39lwbf4kzp4zfj"
00-0039400,2026,Zion Logue,CLE,DL,"https://static.www.nfl.com/image/upload/f_auto,q_auto/league/yvkguckrkwcvlzmx3txz"
00-0041540,2026,Zion Wilson,PHI,DL,"https://static.www.nfl.com/image/upload/f_auto,q_auto/league/fg1wjmh4v2x4nptp0mlb"
00-0041494,2026,Zion Young,BAL,LB,"https://static.www.nfl.com/image/upload/f_auto,q_auto/league/hnutmew9xs7czug8ujne"
00-0037268,2026,Zyon McCollum,TB,DB,"https://static.www.nfl.com/image/upload/f_auto,q_auto/league/tx9thnuxhb2uqzbl0dgb"
