player_id,player_display_name,position,team,week,def_tackles_solo,def_tackle_assists,def_tackles_for_loss,def_fumbles_forced,def_sacks,def_qb_hits,def_interceptions,def_pass_defended,def_tds,def_fumble_recovery_opp
00-0026190,Calais Campbell,DE,ARI,1,3,2,0,0,0.0,0,0,0,0,0
00-0027940,Von Miller,OLB,WAS,1,1,0,0,0,0.0,1,0,0,0,0
00-0027962,Cameron Jordan,LB,NO,1,2,1,2,0,1.5,2,0,1,0,0
00-0027969,Cameron Heyward,DE,PIT,1,2,0,1,0,0.0,0,0,1,0,0
00-0028292,Nick Bellore,LB,WAS,1,1,1,0,0,0.0,0,0,0,0,0
00-0028872,Johnny Hekker,P,TEN,1,1,0,0,0,0.0,0,0,0,0,0
00-0029255,Bobby Wagner,MLB,WAS,1,4,5,1,0,0.0,0,0,0,0,0
00-0029562,Lavonte David,OLB,TB,1,3,6,1,0,0.0,0,0,0,0,0
00-0029592,Kevin Zeitler,G,TEN,1,1,0,0,0,0.0,0,0,0,0,0
00-0029607,Demario Davis,OLB,NO,1,6,3,2,0,0.0,0,0,0,0,0
00-0029714,Andrew DePaola,LS,MIN,1,0,1,0,0,0.0,0,0,0,0,0
00-0029892,Kyle Juszczyk,FB,SF,1,0,1,0,0,0.0,0,0,0,0,0
00-0030062,Darius Slay,CB,PIT,1,5,0,0,0,0.0,0,0,0,0,0
00-0030757,Mike Pennel,DT,CIN,1,0,3,1,0,0.0,0,0,0,0,0
00-0031040,Khalil Mack,OLB,LAC,1,1,0,0,0,0.0,1,0,0,0,0
00-0031054,DaQuan Jones,DT,BUF,1,1,0,1,0,0.0,0,0,0,0,0
00-0031270,Shelby Harris,DE,CLE,1,0,1,0,0,0.0,0,0,0,0,0
00-0031360,Kyle Van Noy,MLB,BAL,1,1,2,0,0,0.0,1,0,0,0,0
00-0031411,DeMarcus Lawrence,LB,SEA,1,1,4,2,0,0.0,1,0,0,0,0
00-0031550,Shaq Thompson,OLB,BUF,1,1,0,0,0,0.0,0,0,0,0,0
00-0031551,Eddie Goldman,NT,WAS,1,1,0,1,0,0.0,0,0,0,0,0
00-0031565,Danielle Hunter,DE,HOU,1,1,2,0,0,0.0,0,0,0,0,0
00-0031583,Grady Jarrett,DT,CHI,1,1,2,0,0,0.0,0,0,0,0,0
00-0031588,Stefon Diggs,WR,NE,1,1,0,0,0,0.0,0,0,0,0,0
00-0031608,Quandre Diggs,S,TEN,1,2,1,0,0,0.0,0,0,0,0,0
00-0031898,Alex Singleton,LB,DEN,1,1,4,0,0,0.0,0,0,1,0,0
00-0031933,Leonard Williams,DE,SEA,1,3,4,1,0,0.0,1,0,0,0,0
00-0031957,Rakeem Nunez-Roches,DT,NYG,1,0,1,0,0,0.0,0,0,0,0,0
00-0032052,Dante Fowler Jr.,DE,DAL,1,0,0,0,0,0.0,1,0,0,0,0
00-0032065,Bradley Pinion,P,ATL,1,1,0,0,0,0.0,0,0,0,0,0
00-0032146,Bud Dupree,OLB,LAC,1,0,0,0,0,0.0,0,0,1,0,0
00-0032164,Arik Armstead,DE,JAX,1,0,1,0,0,0.0,1,0,0,0,0
00-0032378,DeForest Buckner,DT,IND,1,0,3,0,0,0.0,0,0,0,0,0
00-0032387,Jarran Reed,DT,SEA,1,2,3,0,0,0.0,2,0,0,0,0
00-0032388,Deion Jones,LB,TB,1,0,1,0,0,0.0,0,0,0,0,0
00-0032399,Miles Killebrew,SAF,PIT,1,1,0,0,0,0.0,0,0,0,0,0
00-0032415,Matthew Judon,OLB,MIA,1,1,1,0,0,0.0,0,0,0,0,0
00-0032442,Elandon Roberts,OLB,LV,1,1,0,0,0,0.0,0,0,0,0,0
00-0032667,Roy Robertson-Harris,DE,NYG,1,0,2,0,0,0.0,0,0,0,0,0
00-0032726,Ka'imi Fairbairn,K,HOU,1,1,0,0,0,0.0,0,0,0,0,0
00-0032759,Sheldon Rankins,DT,HOU,1,1,1,0,0,0.0,2,0,0,0,0
00-0032762,Chris Jones,DE,KC,1,0,2,0,0,0.0,0,0,0,0,0
00-0032763,Austin Johnson,NT,JAX,1,0,0,0,0,0.0,0,0,1,0,0
00-0032889,A'Shawn Robinson,DT,CAR,1,4,2,0,0,0.0,1,0,0,0,0
00-0033038,Eric Murray,S,JAX,1,3,4,0,0,0.0,1,0,2,0,0
00-0033046,Jihad Ward,LB,TEN,1,0,1,0,0,0.0,0,0,0,0,0
00-0033055,Jalen Ramsey,CB,PIT,1,2,1,0,0,0.0,1,0,2,0,0
00-0033073,Emmanuel Ogbah,DE,JAX,1,0,1,0,0,0.0,0,0,0,0,0
00-0033077,Dak Prescott,QB,DAL,1,1,0,0,0,0.0,0,0,0,0,0
00-0033109,Javon Hargrave,NT,MIN,1,3,2,2,0,2.0,1,0,0,0,0
00-0033120,Kenny Clark,NT,DAL,1,2,3,0,0,0.0,0,0,0,0,0
00-0033132,Kevin Byard,FS,CHI,1,5,0,0,0,0.0,0,0,0,0,0
00-0033156,Joey Bosa,DE,BUF,1,2,0,0,1,0.0,0,0,0,0,0
00-0033246,Johnny Mundt,TE,JAX,1,1,0,0,0,0.0,0,0,0,0,0
00-0033280,Christian McCaffrey,RB,SF,1,0,1,0,0,0.0,0,0,0,0,0
00-0033281,Marlon Humphrey,CB,BAL,1,4,0,0,0,0.0,0,0,0,0,0
00-0033294,Chuck Clark,SAF,PIT,1,4,2,1,0,0.0,0,0,0,0,0
00-0033297,D.J. Jones,DT,DEN,1,1,0,0,0,0.0,1,0,0,0,0
00-0033336,Eric Wilson,LB,MIN,1,3,2,1,0,0.0,0,0,0,0,0
00-0033381,Adam Butler,DT,LV,1,0,3,0,0,0.0,1,0,0,0,0
00-0033393,Kenny Moore II,CB,IND,1,2,2,0,1,1.0,1,0,1,0,0
00-0033523,Jonathan Allen,DE,MIN,1,1,2,0,0,0.0,0,0,0,0,0
00-0033526,Samaje Perine,RB,CIN,1,0,2,0,0,0.0,0,0,0,0,0
00-0033548,Chidobe Awuzie,CB,BAL,1,2,4,0,0,0.0,0,0,0,0,0
00-0033551,Rasul Douglas,CB,MIA,1,1,0,0,0,0.0,0,0,1,0,0
00-0033571,Matt Milano,OLB,BUF,1,4,0,0,0,1.0,1,0,0,0,0
00-0033576,Eric Saubert,TE,SEA,1,1,1,0,0,0.0,0,0,0,0,0
00-0033579,Xavier Woods,FS,TEN,1,0,2,0,0,0.0,0,1,1,0,0
00-0033702,Younghoe Koo,K,ATL,1,1,0,0,0,0.0,0,0,0,0,0
00-0033783,Ahkello Witherspoon,CB,LAR,1,2,0,0,0,0.0,0,0,1,0,0
00-0033854,Dare Ogunbowale,RB,HOU,1,1,0,0,0,0.0,0,0,0,0,0
00-0033860,Davon Godchaux,DT,NO,1,1,2,0,0,0.0,0,0,0,0,0
00-0033868,Myles Garrett,DE,CLE,1,5,0,4,0,2.0,3,0,0,0,0
00-0033870,Solomon Thomas,DE,DAL,1,2,2,1,0,0.0,0,0,0,0,0
00-0033872,Jamal Adams,LB,LV,1,2,0,0,0,0.0,1,0,0,0,0
00-0033874,Marshon Lattimore,CB,WAS,1,1,2,0,0,0.0,0,0,2,0,0
00-0033875,Haason Reddick,OLB,TB,1,1,2,1,0,1.0,1,0,0,0,0
00-0033876,Derek Barnett,DE,HOU,1,0,1,0,0,0.0,0,0,0,0,0
00-0033877,Malik Hooker,FS,DAL,1,4,5,0,0,0.0,0,0,0,0,0
00-0033878,Adoree' Jackson,CB,PHI,1,5,2,0,0,0.0,0,0,1,0,0
00-0033886,T.J. Watt,OLB,PIT,1,1,2,2,0,0.0,0,0,1,0,0
00-0033890,Budda Baker,S,ARI,1,5,5,1,0,0.0,0,0,1,0,0
00-0033902,Tanoh Kpassagnon,DE,CHI,1,1,1,1,0,1.0,2,0,0,0,0
00-0033907,Dawuane Smoot,DE,JAX,1,1,1,1,0,1.0,1,0,0,0,0
00-0033914,Alex Anzalone,MLB,DET,1,1,3,0,0,0.0,0,0,0,0,0
00-0033928,Jourdan Lewis,CB,JAX,1,3,2,0,0,0.0,1,1,3,0,0
00-0033935,Trey Hendrickson,DE,CIN,1,3,0,1,0,1.0,3,0,0,0,0
00-0033945,Samson Ebukam,DE,IND,1,1,0,1,0,1.0,3,0,0,0,0
00-0033947,Deatrich Wise,DE,WAS,1,2,1,1,0,0.0,1,0,0,0,0
00-0033952,Grover Stewart,DT,IND,1,0,2,0,0,0.0,1,0,0,0,0
00-0033964,Al-Quadin Muhammad,LB,DET,1,0,0,0,0,0.0,1,0,0,0,0
00-0034067,Scott Daly,LS,CHI,1,0,1,0,0,0.0,0,0,0,0,0
00-0034163,Jacob Martin,DE,WAS,1,0,1,0,0,0.0,0,0,0,0,0
00-0034234,Poona Ford,DT,LAR,1,0,0,0,0,0.0,1,0,0,0,0
00-0034251,Daniel Ekuale,DT,PIT,1,1,0,0,0,0.0,0,0,0,0,0
00-0034275,Foley Fatukasi,DT,HOU,1,2,1,1,0,1.0,1,0,0,0,0
00-0034277,DeShon Elliott,SAF,PIT,1,5,1,0,0,0.0,0,0,0,0,0
00-0034285,Zach Sieler,DE,MIA,1,3,0,0,0,0.0,0,0,0,0,0
00-0034302,Frankie Luvu,LB,WAS,1,1,6,0,0,0.0,0,0,0,0,0
00-0034333,Daron Payne,NT,WAS,1,2,3,1,0,1.0,1,0,2,0,0
00-0034344,Marcus Davenport,DE,DET,1,1,1,0,0,0.0,0,0,0,0,0
00-0034348,Courtland Sutton,WR,DEN,1,1,0,0,0,0.0,0,0,0,0,0
00-0034356,Donte Jackson,CB,LAC,1,3,0,0,0,0.0,0,0,1,0,0
00-0034359,Tyquan Lewis,DE,IND,1,0,1,0,0,0.0,0,0,0,0,0
00-0034361,Justin Reid,S,NO,1,3,3,0,0,0.0,0,0,0,0,0
00-0034371,Da'Shawn Hand,DE,LAC,1,1,1,1,0,1.0,2,0,0,0,0
00-0034373,Dorance Armstrong,DE,WAS,1,4,0,1,0,1.0,1,0,0,0,0
00-0034376,Taron Johnson,CB,BUF,1,2,0,0,0,0.0,0,0,0,0,0
00-0034377,Avonte Maddox,FS,DET,1,1,0,0,0,0.0,0,0,0,0,0
00-0034381,Josh Sweat,LB,ARI,1,0,1,0,0,0.0,1,0,0,0,0
00-0034384,D.J. Reed,CB,DET,1,3,1,0,0,0.0,0,0,0,0,0
00-0034397,Tim Settle,DT,HOU,1,0,1,0,0,0.0,0,0,0,0,0
00-0034413,Foye Oluokun,LB,JAX,1,5,5,0,1,0.0,0,1,1,0,0
00-0034431,Zaire Franklin,OLB,IND,1,2,2,0,0,0.0,0,0,0,0,0
00-0034465,Jeremy Reaves,DB,WAS,1,0,0,0,0,0.0,0,0,1,0,0
00-0034473,Dennis Gardeck,LB,JAX,1,2,0,0,0,0.0,0,0,0,0,0
00-0034485,Jonathan Owens,SAF,CHI,1,2,0,0,0,0.0,0,0,0,0,0
00-0034487,Trent Sherfield,WR,DEN,1,1,0,0,0,0.0,0,0,0,0,0
00-0034488,Tavierre Thomas,SAF,MIN,1,0,2,0,1,0.0,0,0,0,0,0
00-0034573,Charvarius Ward,CB,IND,1,4,2,0,0,0.0,0,0,0,0,0
00-0034673,Tremaine Edmunds,MLB,CHI,1,2,4,0,0,0.0,0,0,1,0,0
00-0034675,Jessie Bates,FS,ATL,1,2,5,0,0,0.0,0,0,0,0,0
00-0034720,Robert Spillane,LB,NE,1,3,0,0,0,0.0,0,0,0,0,0
00-0034728,Jaire Alexander,CB,BAL,1,2,1,0,0,0.0,0,0,0,0,0
00-0034754,Oren Burks,ILB,CIN,1,1,1,1,0,0.0,0,0,0,0,0
00-0034760,Nathan Shepherd,DE,NO,1,1,2,0,0,0.0,0,0,0,0,0
00-0034773,Vita Vea,DT,TB,1,1,1,0,0,0.0,0,0,0,0,0
00-0034778,Carlton Davis III,CB,NE,1,2,2,0,0,0.0,0,0,2,0,0
00-0034780,Isaac Yiadom,CB,NO,1,2,2,0,0,0.0,0,0,0,0,0
00-0034782,Harrison Phillips,DT,NYJ,1,2,0,0,0,0.0,0,0,0,0,0
00-0034789,Minkah Fitzpatrick,FS,MIA,1,5,3,0,0,0.0,0,0,1,0,0
00-0034790,Derwin James,FS,LAC,1,5,2,1,0,0.0,2,0,0,0,0
00-0034797,Jerome Baker,OLB,CLE,1,0,1,0,0,0.0,0,0,0,0,0
00-0034800,B.J. Hill,DE,CIN,1,3,4,1,0,1.0,1,0,0,0,0
00-0034805,John Franklin-Myers,DE,DEN,1,0,1,0,0,0.0,0,0,0,0,0
00-0034810,Sebastian Joseph-Day,DT,TEN,1,1,3,0,0,0.0,0,0,0,0,0
00-0034815,Fred Warner,MLB,SF,1,4,4,1,0,0.0,0,0,0,0,0
00-0034818,Derrick Nnadi,NT,KC,1,1,0,0,0,0.0,0,0,0,0,0
00-0034825,Arden Key,DE,TEN,1,1,0,0,0,0.0,0,0,0,0,0
00-0034828,Harold Landry III,LB,NE,1,3,1,3,0,2.5,4,0,0,0,0
00-0034832,Bradley Chubb,OLB,MIA,1,1,0,1,0,1.0,1,0,0,0,0
00-0034843,Mike Hughes,CB,ATL,1,0,2,0,0,0.0,0,0,1,0,0
00-0034847,Mike McGlinchey,OT,DEN,1,1,0,0,0,0.0,0,0,0,0,0
00-0034856,Denzel Ward,CB,CLE,1,2,0,0,0,0.0,0,0,1,0,0
00-0034874,Roquan Smith,ILB,BAL,1,8,2,0,0,0.0,0,0,0,0,0
00-0034967,Rashan Gary,LB,GB,1,3,4,1,0,1.5,3,0,0,0,0
00-0034973,Maxx Crosby,DE,LV,1,1,1,1,0,1.0,2,0,1,0,0
00-0034974,Julian Love,SAF,SEA,1,8,2,1,0,1.0,1,0,0,0,0
00-0035021,Ashton Dulin,WR,IND,1,1,0,0,0,0.0,0,0,0,0,0
00-0035133,Keisean Nixon,DB,GB,1,5,1,1,0,0.0,0,0,0,0,0
00-0035144,Mack Wilson,LB,ARI,1,3,4,1,0,0.0,0,0,1,0,0
00-0035166,Azeez Al-Shaair,LB,HOU,1,3,4,0,1,0.0,0,0,0,0,0
00-0035202,Del'Shawn Phillips,LB,LAC,1,0,3,0,0,0.0,0,0,0,0,0
00-0035230,Ed Oliver,DT,BUF,1,6,0,3,1,1.0,2,0,0,0,0
00-0035236,Byron Murphy,CB,MIN,1,4,0,0,0,0.0,0,0,0,0,0
00-0035248,Zach Allen,DE,DEN,1,1,0,1,0,1.0,5,0,0,0,0
00-0035253,C.J. Gardner-Johnson,SAF,HOU,1,2,2,0,0,0.0,0,0,0,0,0
00-0035254,Anthony Nelson,LB,TB,1,1,2,0,0,0.0,0,0,0,0,0
00-0035262,Drue Tranquill,LB,KC,1,4,1,2,0,2.0,2,0,0,0,0
00-0035272,Andrew Van Ginkel,OLB,MIN,1,3,2,1,0,0.0,0,0,2,0,0
00-0035276,Blake Cashman,LB,MIN,1,2,1,0,0,0.0,0,0,0,0,0
00-0035277,Mike Jackson,CB,CAR,1,4,0,1,0,0.0,0,0,1,0,0
00-0035279,Charles Omenihu,DE,KC,1,2,0,0,0,0.0,1,0,0,0,0
00-0035301,Donovan Wilson,SAF,DAL,1,0,1,0,0,0.0,0,0,0,0,0
00-0035316,Kaden Elliss,LB,ATL,1,3,2,0,0,0.0,0,0,1,0,0
00-0035330,Anthony Pittman,LB,DET,1,1,0,0,0,0.0,0,0,0,0,0
00-0035352,Tyrel Dodson,LB,MIA,1,6,7,1,0,0.0,0,0,0,0,0
00-0035357,Cam Lewis,CB,BUF,1,2,0,0,0,0.0,0,0,0,0,0
00-0035378,Andrew Wingard,SAF,JAX,1,3,6,0,0,0.0,0,0,0,0,0
00-0035402,Carl Granderson,DE,NO,1,4,1,1,0,1.5,1,0,2,0,0
00-0035413,Luke Gifford,LB,SF,1,1,3,0,0,0.0,0,0,0,0,0
00-0035500,Greg Dortch,WR,ARI,1,0,1,0,0,0.0,0,0,0,0,0
00-0035525,Devin Bush,LB,CLE,1,3,3,1,0,0.0,1,0,1,0,0
00-0035567,Craig Reynolds,RB,DET,1,1,0,0,0,0.0,0,0,0,0,0
00-0035602,Alex Bachman,WR,LV,1,0,1,0,0,0.0,0,0,0,0,0
00-0035617,Troy Reeder,LB,LAR,1,1,0,0,0,0.0,0,0,0,0,0
00-0035625,Juan Thornhill,SAF,PIT,1,4,5,0,0,0.0,0,0,0,0,0
00-0035632,Amani Hooker,SAF,TEN,1,3,2,0,0,0.0,0,0,1,0,0
00-0035633,Corey Ballentine,DB,NE,1,0,1,0,0,0.0,0,0,0,0,0
00-0035636,L.J. Collier,DE,ARI,1,1,0,0,0,0.0,0,0,0,0,0
00-0035642,Josh Hines-Allen,DE,JAX,1,0,0,0,0,0.0,1,0,0,0,0
00-0035643,Jeffery Simmons,DT,TEN,1,3,1,1,1,1.0,4,0,0,0,0
00-0035647,Montez Sweat,DE,CHI,1,0,0,2,0,0.0,0,0,1,0,0
00-0035655,Will Harris,SAF,WAS,1,3,1,0,1,0.0,0,0,0,0,0
00-0035656,Khalen Saunders,DT,JAX,1,0,2,0,0,0.0,0,0,0,0,0
00-0035663,Taylor Rapp,SAF,BUF,1,4,2,0,0,0.0,0,0,0,0,0
00-0035667,Greg Gaines,DT,TB,1,0,1,0,0,0.0,0,0,0,0,0
00-0035669,Nick Scott,SAF,CAR,1,2,3,0,0,0.0,0,0,1,0,0
00-0035672,Cody Barton,LB,TEN,1,5,4,1,0,0.0,0,0,0,0,0
00-0035674,Jerry Tillery,DT,KC,1,1,0,1,0,0.0,0,0,0,0,0
00-0035678,Dre'Mont Jones,DE,TEN,1,0,2,0,0,0.0,0,0,0,0,0
00-0035680,Quincy Williams,LB,NYJ,1,4,2,1,0,1.0,1,0,0,0,0
00-0035683,Dexter Lawrence,DT,NYG,1,0,3,0,0,0.0,0,0,0,0,0
00-0035687,Bobby Okereke,ILB,NYG,1,7,9,0,0,0.0,0,0,0,0,0
00-0035697,Germaine Pratt,LB,LV,1,1,7,0,0,0.0,0,0,0,0,0
00-0035699,Jamel Dean,CB,TB,1,6,0,0,0,0.0,0,0,3,0,0
00-0035705,Jalen Thompson,DB,ARI,1,4,4,0,0,0.0,0,0,1,0,0
00-0035707,Devin White,LB,LV,1,7,3,1,0,0.0,0,0,0,0,0
00-0035713,Brian Burns,LB,NYG,1,2,4,2,0,2.0,2,0,0,0,0
00-0035717,Nick Bosa,DE,SF,1,6,0,3,1,1.0,1,0,0,0,0
00-0035718,Quinnen Williams,DT,NYJ,1,4,1,2,1,1.0,3,0,0,0,0
00-0035757,Jacob Bobenmoyer,LS,LV,1,0,1,0,0,0.0,0,0,0,0,0
00-0035857,Chris Williams,DT,CHI,1,1,0,0,0,0.0,0,0,0,0,0
00-0035890,Tershawn Wharton,DE,CAR,1,1,3,0,0,0.0,0,0,0,0,0
00-0035895,Joe Bachie,LB,IND,1,1,5,0,0,0.0,0,0,0,0,0
00-0035942,Christian Rozeboom,LB,CAR,1,7,1,0,0,0.0,0,0,0,0,0
00-0035944,Jonah Williams,DE,NO,1,0,1,0,0,0.0,0,0,0,0,0
00-0036037,Sam Franklin Jr.,SAF,BUF,1,1,0,0,0,0.0,0,0,0,0,0
00-0036081,Broderick Washington,DT,BAL,1,0,0,0,0,0.0,0,0,1,0,0
00-0036124,Khalil Dorsey,CB,DET,1,1,0,0,0,0.0,0,0,0,0,0
00-0036130,Nnamdi Madubuike,DT,BAL,1,4,2,1,0,1.0,1,0,0,0,0
00-0036139,Rico Dowdle,RB,CAR,1,1,0,0,0,0.0,0,0,0,0,0
00-0036159,Joshua Uche,LB,PHI,1,0,1,0,0,0.0,0,0,0,0,0
00-0036181,Teair Tart,DT,LAC,1,1,0,0,0,0.0,0,0,2,0,0
00-0036192,A.J. Epenesa,DE,BUF,1,1,0,0,0,0.0,0,0,0,0,0
00-0036199,Geno Stone,SAF,CIN,1,1,4,0,0,0.0,0,0,0,0,0
00-0036220,Derrick Brown,DT,CAR,1,3,1,0,0,0.0,0,0,0,0,0
00-0036221,Brandon Jones,SAF,DEN,1,1,5,0,0,0.0,0,0,0,0,0
00-0036222,Isaiah Rodgers,CB,MIN,1,3,2,1,0,0.0,0,0,0,0,0
00-0036224,Jonathan Greenard,LB,MIN,1,2,0,0,0,0.0,2,0,0,0,0
00-0036231,Kyle Dugger,SAF,NE,1,0,2,0,0,0.0,0,0,0,0,0
00-0036253,Julian Blackmon,SAF,NO,1,4,3,0,0,0.0,0,0,1,0,0
00-0036256,Colton McKivitz,OT,SF,1,1,0,0,0,0.0,0,0,0,0,0
00-0036260,Javon Kinlaw,DT,WAS,1,1,2,1,0,0.0,2,0,0,0,0
00-0036266,Jordan Elliott,DT,SF,1,0,3,0,0,0.0,0,0,0,0,0
00-0036274,Jeff Okudah,CB,MIN,1,2,0,0,0,0.0,0,0,0,0,0
00-0036280,Malik Harrison,LB,PIT,1,1,1,0,0,0.0,0,0,0,0,0
00-0036282,Grant Delpit,SAF,CLE,1,1,2,0,0,0.0,0,0,0,0,0
00-0036285,A.J. Terrell,CB,ATL,1,6,0,0,0,0.0,0,0,2,0,0
00-0036286,K'Lavon Chaisson,LB,NE,1,0,2,0,0,0.5,1,0,0,0,0
00-0036287,Noah Igbinoghene,CB,WAS,1,1,0,0,0,0.0,0,0,1,0,0
00-0036288,Yetur Gross-Matos,DE,SF,1,0,0,0,0,0.0,1,0,0,0,0
00-0036293,Jeremy Chinn,SAF,LV,1,3,1,0,0,0.0,0,0,0,0,0
00-0036294,Logan Wilson,LB,CIN,1,4,3,0,0,0.0,0,0,2,0,0
00-0036298,Akeem Davis-Gaither,LB,ARI,1,3,4,0,0,0.0,0,0,1,0,0
00-0036302,Jaylinn Hawkins,SAF,NE,1,4,0,2,0,1.0,1,1,1,0,0
00-0036323,Patrick Queen,LB,PIT,1,5,3,0,0,0.0,1,0,0,0,0
00-0036329,Ashtyn Davis,SAF,MIA,1,0,0,1,0,0.0,0,0,0,0,0
00-0036333,Alex Highsmith,LB,PIT,1,5,3,1,0,1.0,3,0,0,0,0
00-0036335,D.J. Wonnum,LB,CAR,1,0,0,0,0,0.0,0,0,1,0,0
00-0036337,James Lynch,DT,TEN,1,1,1,0,0,0.0,0,0,0,0,0
00-0036338,Troy Dye,LB,LAC,1,3,2,0,0,0.0,0,0,0,0,0
00-0036348,Josh Metellus,SAF,MIN,1,3,2,0,0,0.0,0,0,0,0,0
00-0036349,Kam Curl,SAF,LAR,1,7,2,0,0,0.0,0,0,0,0,0
00-0036361,Trevon Diggs,CB,DAL,1,1,0,0,0,0.0,0,0,0,0,0
00-0036366,Neville Gallimore,DT,IND,1,0,0,0,0,0.0,0,0,1,0,0
00-0036374,L'Jarius Sneed,SAF,TEN,1,3,0,0,0,0.0,0,0,1,0,0
00-0036375,Amik Robertson,CB,DET,1,3,0,0,0,0.0,0,0,0,0,0
00-0036378,Michael Danna,LB,KC,1,0,1,1,0,0.0,0,0,0,0,0
00-0036380,Alohi Gilman,SAF,LAC,1,4,5,0,0,0.0,0,0,0,0,0
00-0036388,Xavier McKinney,SAF,GB,1,2,3,0,0,0.0,0,0,0,0,0
00-0036394,Darnay Holmes,CB,LV,1,1,1,0,0,0.0,0,0,0,0,0
00-0036407,Jerry Jeudy,WR,CLE,1,1,0,0,0,0.0,0,0,0,0,0
00-0036409,Jordyn Brooks,LB,MIA,1,5,9,1,0,0.0,0,0,0,0,0
00-0036411,Antoine Winfield Jr.,SAF,TB,1,1,3,0,0,0.0,1,0,1,0,0
00-0036413,Darrell Taylor,DE,HOU,1,1,0,0,0,0.0,0,0,0,0,0
00-0036416,Kristian Fulton,CB,KC,1,1,0,0,0,0.0,0,0,0,0,0
00-0036418,Zack Baun,LB,PHI,1,6,3,1,0,0.0,0,0,1,0,0
00-0036428,Justin Strnad,LB,DEN,1,2,2,1,0,1.0,2,0,0,0,0
00-0036441,"Kenneth Murray, Jr.",LB,DAL,1,4,5,0,0,0.0,0,0,0,0,0
00-0036479,Kwity Paye,DE,IND,1,0,0,1,0,0.0,0,0,0,0,0
00-0036480,Dayo Odeyingbo,DE,CHI,1,1,1,1,0,1.0,2,0,1,0,0
00-0036500,Jamien Sherwood,LB,NYJ,1,3,3,1,0,0.0,0,0,0,0,0
00-0036501,Michael Carter II,CB,NYJ,1,3,1,1,0,0.0,0,0,1,0,0
00-0036502,Jason Pinnock,SAF,SF,1,4,0,0,0,0.0,0,0,0,0,0
00-0036504,Brandin Echols,CB,PIT,1,2,0,0,0,0.0,0,0,0,0,0
00-0036563,Deommodore Lenoir,CB,SF,1,2,0,0,0,0.0,0,0,0,0,0
00-0036564,Talanoa Hufanga,SAF,DEN,1,7,4,0,1,0.0,0,0,0,0,0
00-0036568,Roy Lopez,DT,DET,1,0,1,0,0,0.0,0,0,0,0,0
00-0036620,Dee Eskridge,WR,MIA,1,1,0,0,0,0.0,0,0,0,0,0
00-0036621,Nick Bolton,LB,KC,1,6,2,0,0,0.0,0,0,0,0,0
00-0036625,Benjamin St-Juste,CB,LAC,1,1,1,0,0,0.0,0,0,0,0,0
00-0036629,Camryn Bynum,SAF,IND,1,1,2,0,0,0.0,0,1,2,0,0
00-0036630,Tylan Wallace,WR,BAL,1,1,0,0,0,0.0,0,0,0,0,0
00-0036642,Tedarrell Slaton,DT,CIN,1,0,3,0,0,0.0,1,0,0,0,0
00-0036644,Cameron McGrone,LB,IND,1,1,0,0,0,0.0,0,0,0,0,0
00-0036648,Nick Niemann,LB,GB,1,1,3,0,0,0.0,0,0,0,0,0
00-0036658,Isaiah McDuffie,LB,GB,1,1,3,0,0,0.0,0,0,0,0,0
00-0036683,Devon Key,SAF,DEN,1,1,0,0,0,0.0,0,0,0,0,0
00-0036711,Charles Snowden,LB,LV,1,1,1,0,0,0.0,0,0,0,0,0
00-0036741,Jack Stoll,TE,NO,1,1,0,0,0,0.0,0,0,0,0,0
00-0036813,Christian Elliss,LB,NE,1,5,3,0,0,0.0,0,0,0,0,0
00-0036825,Feleipe Franks,TE,ATL,1,1,0,0,0,0.0,0,0,0,0,0
00-0036862,Ben Skowronek,WR,PIT,1,1,0,0,0,0.0,0,0,0,0,0
00-0036867,Chris Rumph II,LB,NO,1,1,2,0,0,0.0,0,0,0,0,0
00-0036874,Pat Surtain II,CB,DEN,1,0,0,0,0,0.0,0,0,1,0,0
00-0036876,Kylen Granson,TE,PHI,1,1,0,0,0,0.0,0,0,0,0,0
00-0036881,Jay Tufele,DT,NYJ,1,2,1,0,0,0.0,0,0,0,0,0
00-0036901,Eric Stokes,CB,LV,1,3,2,1,0,0.0,0,0,0,0,0
00-0036903,Bobby Brown III,DT,CAR,1,1,2,0,0,0.0,0,0,0,0,0
00-0036909,Khyiris Tonga,DT,NE,1,2,1,0,0,0.0,1,0,0,0,0
00-0036914,Greg Rousseau,LB,BUF,1,3,0,0,0,0.0,0,0,1,0,0
00-0036916,Milton Williams,DT,NE,1,1,2,1,0,0.0,2,0,0,0,0
00-0036919,Kenny Gainwell,RB,PIT,1,1,0,0,1,0.0,0,0,0,0,0
00-0036927,Pete Werner,LB,NO,1,7,2,0,0,1.0,1,0,0,0,0
00-0036932,Micah Parsons,LB,GB,1,1,0,1,0,1.0,1,0,0,0,0
00-0036933,Zaven Collins,LB,ARI,1,2,4,0,0,0.0,0,0,0,0,0
00-0036934,Jaelan Phillips,LB,MIA,1,1,1,0,0,0.0,0,0,0,0,0
00-0036937,Paulson Adebo,CB,NYG,1,6,1,0,0,0.0,0,0,1,0,0
00-0036940,Odafe Oweh,LB,BAL,1,0,1,0,0,0.0,1,0,0,0,0
00-0036941,Andre Cisco,SAF,NYJ,1,2,3,0,0,0.0,0,0,0,0,0
00-0036942,Osa Odighizuwa,DT,DAL,1,1,2,0,0,0.0,1,0,0,0,0
00-0036944,Jaycee Horn,CB,CAR,1,1,1,0,0,0.0,0,1,1,0,0
00-0036952,Jonathon Cooper,LB,DEN,1,1,0,1,0,1.0,1,0,0,0,0
00-0036962,Tre'von Moehrig,SAF,CAR,1,7,4,0,0,0.0,0,0,0,0,0
00-0036963,Amon-Ra St. Brown,WR,DET,1,1,0,0,0,0.0,0,0,0,0,0
00-0036964,Derrick Barnes,LB,DET,1,4,2,1,0,0.0,0,0,0,0,0
00-0036974,Tyson Campbell,CB,JAX,1,4,2,1,0,0.0,0,0,1,0,0
00-0036981,Christian Barmore,DT,NE,1,1,4,0,0,0.0,0,0,0,0,0
00-0036986,Nahshon Wright,CB,CHI,1,2,1,1,0,0.0,0,1,1,1,0
00-0036987,Brandon Stephens,CB,NYJ,1,3,1,0,0,0.0,0,0,1,0,0
00-0036989,Malcolm Koonce,DE,LV,1,1,2,1,1,1.0,2,0,0,0,0
00-0036990,Divine Deablo,LB,ATL,1,1,5,1,0,0.5,1,0,1,0,0
00-0036992,Elijah Molden,CB,LAC,1,4,0,0,0,0.0,0,0,0,0,0
00-0036993,Ifeatu Melifonwu,SAF,MIA,1,6,0,0,0,0.0,0,0,0,0,0
00-0036994,Ernest Jones,LB,SEA,1,2,5,1,0,0.0,0,1,2,0,0
00-0036995,Baron Browning,LB,ARI,1,1,3,1,0,1.0,1,0,0,0,0
00-0036996,Greg Newsome II,CB,CLE,1,3,0,0,0,0.0,0,0,2,0,0
00-0036998,Jevon Holland,SAF,NYG,1,3,5,0,0,0.0,0,0,1,0,0
00-0037001,Quinn Meinerz,C,DEN,1,0,1,0,0,0.0,0,0,0,0,0
00-0037003,Chazz Surratt,LB,SEA,1,0,1,0,0,0.0,0,0,0,0,0
00-0037007,Patrick Jones II,LB,CAR,1,1,0,0,0,0.0,0,0,0,0,0
00-0037051,Elijah Garcia,DE,NYG,1,1,0,0,0,0.0,0,0,0,0,0
00-0037073,Jordan Davis,DT,PHI,1,3,3,1,0,0.0,0,0,1,0,0
00-0037074,Quay Walker,LB,GB,1,5,3,2,0,0.0,0,0,1,0,0
00-0037075,Devonte Wyatt,DT,GB,1,1,2,1,0,1.0,3,0,0,0,0
00-0037079,Riq Woolen,CB,SEA,1,3,1,0,0,0.0,0,0,1,0,0
00-0037083,Kingsley Enagbare,LB,GB,1,0,3,0,0,0.0,0,0,0,0,0
00-0037096,Elijah Hicks,SAF,CHI,1,1,1,0,0,0.0,0,0,0,0,0
00-0037106,Jaylon Jones,DB,CHI,1,0,2,0,0,0.0,0,0,0,0,0
00-0037109,Jack Sanborn,LB,DAL,1,1,4,1,0,0.0,0,0,0,0,0
00-0037130,Reed Blankenship,SAF,PHI,1,3,0,0,0,0.0,0,0,0,0,0
00-0037137,Josh Jobe,CB,SEA,1,1,1,0,0,0.0,0,1,1,0,0
00-0037155,Tony Adams,SAF,NYJ,1,3,3,0,0,0.0,0,0,0,0,0
00-0037190,Sauce Gardner,CB,NYJ,1,0,2,0,0,0.0,0,0,2,0,0
00-0037191,Trent McDuffie,CB,KC,1,4,1,0,0,0.0,0,0,1,0,0
00-0037192,George Karlaftis,DE,KC,1,1,1,2,0,1.0,1,0,0,0,0
00-0037193,Bryan Cook,SAF,KC,1,2,1,0,0,0.0,0,0,0,0,0
00-0037195,Jaylen Watson,CB,KC,1,5,1,0,0,0.0,0,0,1,0,0
00-0037208,Jack Cochrane,LB,KC,1,0,1,0,0,0.0,0,0,0,0,0
00-0037235,Travon Walker,DE,JAX,1,1,1,0,0,0.0,0,0,0,0,0
00-0037236,Aidan Hutchinson,DE,DET,1,0,0,0,0,0.0,1,0,0,0,0
00-0037237,Derek Stingley Jr.,CB,HOU,1,4,1,0,0,0.0,0,0,0,0,0
00-0037242,Kaiir Elam,CB,DAL,1,4,2,0,0,0.0,0,0,0,0,0
00-0037244,Devin Lloyd,LB,JAX,1,0,4,0,0,0.0,0,0,0,0,0
00-0037246,Jalen Pitre,SAF,HOU,1,4,1,0,0,0.0,0,0,0,0,0
00-0037249,Nik Bonitto,LB,DEN,1,2,0,2,0,1.0,3,0,0,0,0
00-0037251,Alex Wright,DE,CLE,1,0,1,0,0,0.0,0,0,0,0,0
00-0037253,Marcus Jones,CB,NE,1,2,1,1,0,0.0,0,0,1,0,0
00-0037254,Terrel Bernard,LB,BUF,1,2,1,1,0,0.0,0,0,0,0,0
00-0037259,Micah McFadden,LB,NYG,1,2,1,0,0,0.0,1,0,0,0,0
00-0037262,Thomas Booker,DT,LV,1,1,2,0,0,0.0,1,0,1,0,0
00-0037267,Jerome Ford,RB,CLE,1,1,0,0,0,0.0,0,0,0,0,0
00-0037268,Zyon McCollum,CB,TB,1,7,3,1,0,0.0,0,0,0,0,0
00-0037269,Eric Johnson,DT,IND,1,1,0,0,0,0.0,0,0,0,0,0
00-0037275,DaRon Bland,CB,DAL,1,2,1,0,0,0.0,0,0,0,0,0
00-0037278,Luke Wattenberg,C,DEN,1,0,1,0,0,0.0,0,0,0,0,0
00-0037280,Matthew Butler,DT,MIA,1,2,0,0,0,0.0,0,0,0,0,0
00-0037281,Damone Clark,LB,DAL,1,3,3,0,0,0.0,0,0,0,0,0
00-0037288,Christian Benford,CB,BUF,1,5,2,0,0,0.0,0,0,0,0,0
00-0037292,Andrew Ogletree,TE,IND,1,1,0,0,0,0.0,0,0,0,0,0
00-0037294,Jordan Jackson,DT,DEN,1,0,1,0,0,0.0,0,0,0,0,0
00-0037301,Theo Jackson,DB,MIN,1,3,1,0,0,0.0,0,0,0,0,0
00-0037307,Ja'Sir Taylor,CB,LAC,1,1,1,0,0,0.0,0,0,0,0,0
00-0037310,James Houston,DE,DAL,1,2,0,1,0,0.0,0,0,0,0,0
00-0037311,Ko Kieft,TE,TB,1,1,0,0,0,0.0,0,0,0,0,0
00-0037316,Mark Robinson,LB,NE,1,0,1,0,0,0.0,0,0,0,0,0
00-0037321,Chase Lucas,CB,SF,1,1,0,0,0,0.0,0,0,0,0,0
00-0037323,Rodney Thomas,SAF,IND,1,2,0,1,0,0.0,0,0,0,0,0
00-0037384,Ja'Quan McMillian,CB,DEN,1,1,1,1,1,1.0,1,0,0,0,0
00-0037512,Isaiah Pola-Mao,SAF,LV,1,5,2,1,0,0.0,0,1,1,0,0
00-0037526,Marcelino McCrary-Ball,LB,NYJ,1,4,1,0,1,0.0,0,0,0,0,0
00-0037527,Segun Olubi,LB,IND,1,1,0,0,0,0.0,0,0,0,0,0
00-0037549,Darrell Baker Jr.,CB,TEN,1,3,1,0,0,0.0,0,0,0,0,0
00-0037587,Nate Landman,LB,LAR,1,6,4,0,1,0.0,1,0,0,0,0
00-0037596,Jack Gibbens,LB,NE,1,1,1,0,0,0.0,0,0,0,0,0
00-0037602,Sam Okuayinonu,DT,SF,1,2,0,0,1,0.0,0,0,0,0,0
00-0037611,Kayvon Thibodeaux,LB,NYG,1,0,1,1,0,0.5,1,0,0,0,0
00-0037614,John Metchie III,WR,PHI,1,1,0,0,0,0.0,0,0,0,0,0
00-0037616,Nick Cross,SAF,IND,1,4,2,1,0,1.0,1,0,0,0,0
00-0037633,Jacob Hummel,LB,BAL,1,1,0,0,0,0.0,0,0,0,0,0
00-0037663,Jermaine Johnson II,DE,NYJ,1,0,3,0,0,0.0,0,0,0,0,0
00-0037665,Sam Williams,DE,DAL,1,3,2,1,0,0.0,1,0,0,0,0
00-0037667,Kerby Joseph,SAF,DET,1,1,0,0,0,0.0,0,0,0,0,0
00-0037743,Daxton Hill,DB,CIN,1,4,4,0,0,0.0,0,0,0,0,0
00-0037752,Tycen Anderson,SAF,CIN,1,2,2,0,0,0.0,0,0,0,0,0
00-0037753,Cam Taylor-Britt,CB,CIN,1,0,1,0,0,0.0,0,0,0,0,0
00-0037756,Travis Jones,DT,BAL,1,1,1,1,0,0.0,0,0,0,0,0
00-0037758,Cordale Flott,CB,NYG,1,1,1,0,0,0.0,0,0,1,0,0
00-0037799,Dondrea Tillman,LB,DEN,1,0,1,0,0,0.0,0,0,0,0,0
00-0037819,Leo Chenal,LB,KC,1,1,1,0,0,0.0,0,0,0,0,0
00-0037823,Christian Harris,LB,HOU,1,1,0,0,0,0.0,0,0,0,0,0
00-0037832,Kalia Davis,DT,SF,1,1,0,1,0,0.0,0,0,0,0,0
00-0037839,Cobie Durant,CB,LAR,1,2,0,0,0,0.0,0,1,1,0,0
00-0037841,Quentin Lake,SAF,LAR,1,1,1,0,0,0.0,0,0,0,0,0
00-0037843,Daniel Hardy,DE,CHI,1,1,2,0,0,0.0,0,0,0,0,0
00-0038038,Kyle Hamilton,SAF,BAL,1,6,3,0,1,0.0,0,0,2,0,0
00-0038039,Jack Jones,CB,MIA,1,3,5,0,0,0.0,0,0,1,0,0
00-0038100,Percy Butler,SAF,WAS,1,1,2,0,0,0.0,0,0,0,0,0
00-0038101,Akayleb Evans,CB,CAR,1,1,0,0,0,0.0,0,0,0,0,0
00-0038106,Eyioma Uwazurike,DT,DEN,1,0,3,0,0,0.0,0,0,0,0,0
00-0038116,Arnold Ebiketie,LB,ATL,1,3,2,1,0,0.0,0,0,0,0,0
00-0038121,Alontae Taylor,CB,NO,1,1,1,1,0,1.0,1,0,0,0,0
00-0038123,Dane Belton,SAF,NYG,1,2,2,0,0,0.0,0,0,0,0,0
00-0038125,Roger McCreary,CB,TEN,1,4,1,0,0,0.0,0,1,1,0,0
00-0038127,Logan Hall,DE,TB,1,1,0,0,0,0.0,0,0,0,0,0
00-0038133,Boye Mafe,DE,SEA,1,1,1,0,0,0.0,0,0,0,0,0
00-0038135,Jaquan Brisker,SAF,CHI,1,4,1,0,0,0.0,0,0,0,0,0
00-0038136,Coby Bryant,CB,SEA,1,6,2,0,0,0.0,0,0,0,0,0
00-0038381,Kyu Blu Kelly,CB,LV,1,7,2,0,0,0.0,0,0,1,0,0
00-0038387,Colby Wooden,DE,GB,1,1,3,2,0,0.0,1,0,0,0,0
00-0038390,Noah Sewell,LB,CHI,1,7,2,0,0,0.0,0,0,0,0,0
00-0038408,Carrington Valentine,DB,GB,1,1,0,0,0,0.0,0,0,0,0,0
00-0038412,Moro Ojomo,DT,PHI,1,0,1,0,0,0.0,1,0,0,0,0
00-0038414,Kendall Williamson,SAF,LAC,1,0,1,0,0,0.0,0,0,0,0,0
00-0038496,Xavier Gipson,WR,NYJ,1,1,0,0,0,0.0,0,0,0,0,0
00-0038504,Trenton Simpson,LB,BAL,1,0,0,1,0,0.0,0,0,0,0,0
00-0038505,Tavius Robinson,LB,BAL,1,4,1,0,0,0.0,0,0,0,0,0
00-0038513,Cam Jones,LB,NYJ,1,0,2,0,0,0.0,0,0,0,0,0
00-0038541,Tyree Wilson,DE,LV,1,2,1,1,0,1.0,2,0,0,0,0
00-0038546,Myles Murphy,DE,CIN,1,1,1,0,0,0.0,0,0,0,0,0
00-0038549,DJ Turner II,CB,CIN,1,0,2,0,0,0.0,0,1,2,0,0
00-0038552,Riley Moss,CB,DEN,1,5,2,0,0,0.0,0,0,2,0,0
00-0038553,Daiyan Henley,LB,LAC,1,3,5,1,0,1.0,1,0,0,0,0
00-0038557,Dorian Williams,LB,BUF,1,4,1,0,0,0.0,0,0,0,0,0
00-0038560,Jordan Battle,SAF,CIN,1,4,7,0,0,0.0,0,1,1,0,0
00-0038565,Mekhi Blackmon,DB,IND,1,2,1,0,0,0.0,0,0,0,0,0
00-0038570,Ventrell Miller,LB,JAX,1,1,1,0,0,0.0,0,0,1,0,0
00-0038574,Isaiah McGuire,DE,CLE,1,4,2,2,0,1.0,2,0,0,0,0
00-0038578,Jay Ward,SAF,MIN,1,2,1,0,0,0.0,0,0,0,0,0
00-0038590,Justin Shorter,TE,LV,1,0,2,0,0,0.0,0,0,0,0,0
00-0038596,Antonio Johnson,SAF,JAX,1,1,0,0,0,0.0,0,0,0,0,0
00-0038599,Henry To'oTo'o,LB,HOU,1,2,4,1,0,1.0,1,0,1,0,0
00-0038600,Owen Pappoe,LB,ARI,1,0,1,0,0,0.0,0,0,0,0,0
00-0038623,Dante Stills,DT,ARI,1,2,1,0,0,0.0,0,0,0,0,0
00-0038625,Dee Winters,LB,SF,1,4,1,2,0,0.0,0,0,0,0,0
00-0038646,Alex Austin,CB,NE,1,2,2,1,0,0.0,0,0,1,0,0
00-0038653,Cory Durden,DT,NE,1,0,1,0,0,0.0,0,0,0,0,0
00-0038685,Chris Brooks,RB,GB,1,0,3,0,0,0.0,0,0,0,0,0
00-0038705,Emari Demercado,RB,ARI,1,1,0,0,0,0.0,0,0,0,0,0
00-0038711,Mohamoud Diabate,LB,CLE,1,2,1,0,0,0.0,0,0,0,0,0
00-0038715,Ronnie Hickman Jr.,SAF,CLE,1,3,2,0,0,0.0,0,0,1,0,0
00-0038778,Jalen Redmond,DL,MIN,1,1,1,0,0,0.0,0,0,0,0,0
00-0038807,Ivan Pace Jr.,LB,MIN,1,2,3,0,0,0.0,0,0,0,0,0
00-0038824,Ryan Miller,WR,TB,1,1,1,0,0,0.0,0,0,0,0,0
00-0038840,Brycen Tremayne,WR,CAR,1,1,1,0,0,0.0,0,0,0,0,0
00-0038851,Caleb Murphy,LB,LAC,1,2,2,0,0,0.0,0,0,0,0,0
00-0038890,Shaka Heyward,LB,CIN,1,0,1,0,0,0.0,0,0,0,0,0
00-0038922,Drake Thomas,LB,SEA,1,0,2,0,0,0.0,0,0,0,0,0
00-0038978,Byron Young,DT,PHI,1,0,1,0,0,0.0,0,0,0,0,0
00-0038980,Zach Harrison,DE,ATL,1,0,2,0,0,0.0,0,0,0,0,0
00-0038982,Chamarri Conner,DB,KC,1,7,3,0,1,0.0,0,0,0,0,0
00-0038986,Nic Jones,CB,NYG,1,1,0,0,0,0.0,0,0,0,0,0
00-0038995,Bryan Bresee,DT,NO,1,1,1,0,0,0.0,0,0,0,0,0
00-0039002,Sydney Brown,SAF,PHI,1,1,1,0,0,0.0,0,0,0,0,0
00-0039007,Garrett Williams,CB,ARI,1,2,2,0,0,0.0,0,0,0,0,0
00-0039009,Dylan Horton,DE,HOU,1,1,0,0,0,0.0,0,0,0,0,0
00-0039013,Nolan Smith,LB,PHI,1,1,3,0,0,0.0,0,0,0,0,0
00-0039018,Jack Campbell,LB,DET,1,5,5,0,0,0.0,0,0,0,0,0
00-0039031,Adetomiwa Adebawore,DT,IND,1,0,1,0,0,0.0,0,0,0,0,0
00-0039040,De'Von Achane,RB,MIA,1,1,0,0,0,0.0,0,0,0,0,0
00-0039041,Elijah Higgins,TE,ARI,1,0,1,0,0,0.0,0,0,0,0,0
00-0039047,Derick Hall,LB,SEA,1,0,2,0,0,0.0,2,0,0,0,0
00-0039049,SirVocea Dennis,LB,TB,1,6,3,2,0,0.0,0,0,1,0,0
00-0039050,Payne Durham,TE,TB,1,0,1,0,0,0.0,0,0,0,0,0
00-0039054,Marte Mapu,LB,NE,1,1,0,0,0,0.0,0,0,0,0,0
00-0039068,Yaya Diaby,LB,TB,1,2,0,1,0,0.0,2,0,0,0,0
00-0039070,Gervon Dexter Sr.,DT,CHI,1,2,1,1,0,1.0,1,0,0,0,0
00-0039071,Tyrique Stevenson,CB,CHI,1,3,0,0,0,0.0,0,0,1,0,0
00-0039072,Jakorian Bennett,DB,PHI,1,3,0,0,0,0.0,0,0,0,0,0
00-0039076,Nick Hampton,LB,LAR,1,0,1,0,0,0.0,0,0,0,0,0
00-0039108,Will Anderson Jr.,DE,HOU,1,3,0,3,0,1.0,2,0,0,0,0
00-0039110,Keeanu Benton,DT,PIT,1,1,1,0,0,0.0,0,0,0,0,0
00-0039111,Tuli Tuipulotu,LB,LAC,1,0,1,0,0,0.0,2,0,0,0,0
00-0039112,Lukas Van Ness,LB,GB,1,1,3,1,0,0.5,1,0,0,0,0
00-0039137,Byron Young,LB,LAR,1,5,4,1,0,1.0,2,0,0,0,0
00-0039138,Kobie Turner,DE,LAR,1,1,2,0,0,0.0,0,0,0,0,0
00-0039141,Brian Branch,CB,DET,1,4,1,1,0,0.0,0,0,0,0,0
00-0039142,Will McDonald IV,DE,NYJ,1,2,1,2,0,2.0,3,0,0,0,0
00-0039148,Keion White,DE,NE,1,0,1,0,0,0.0,0,0,0,0,0
00-0039149,Quan Martin,SAF,WAS,1,3,2,0,0,0.0,1,0,0,0,0
00-0039151,Emmanuel Forbes,CB,LAR,1,2,1,0,0,0.0,0,0,0,0,0
00-0039167,Joey Porter Jr.,CB,PIT,1,1,0,0,0,0.0,0,0,0,0,0
00-0039169,Devon Witherspoon,CB,SEA,1,7,1,1,0,0.0,0,0,0,0,0
00-0039172,Jake Bates,K,DET,1,1,0,0,0,0.0,0,0,0,0,0
00-0039178,Austin Ajiake,LB,IND,1,1,1,0,0,0.0,0,0,0,0,0
00-0039232,Nate Wiggins,CB,BAL,1,5,0,0,0,0.0,0,0,0,0,0
00-0039234,T.J. Tampa,CB,BAL,1,2,0,0,0,0.0,0,0,0,0,0
00-0039299,George Holani,RB,SEA,1,0,1,0,0,0.0,0,0,0,0,0
00-0039309,Byron Murphy II,DT,SEA,1,2,4,0,0,0.0,1,0,0,0,0
00-0039338,Brock Bowers,TE,LV,1,1,0,0,0,0.0,0,0,0,0,0
00-0039340,Laiatu Latu,DE,IND,1,1,0,0,0,0.0,0,1,1,0,0
00-0039343,Kamari Lassiter,CB,HOU,1,4,4,0,0,0.0,0,0,0,0,0
00-0039345,Renardo Green,CB,SF,1,2,2,0,0,0.0,0,0,2,0,0
00-0039347,Trevin Wallace,LB,CAR,1,5,0,0,0,0.0,0,0,0,0,0
00-0039352,Marist Liufau,LB,DAL,1,3,0,0,0,0.0,0,0,0,0,0
00-0039353,Jarrian Jones,CB,JAX,1,4,0,0,0,0.0,0,0,0,0,0
00-0039356,Ja'Tavion Sanders,TE,CAR,1,1,0,0,0,0.0,0,0,0,0,0
00-0039357,Decamerion Richardson,CB,LV,1,1,0,0,0,0.0,0,0,0,0,0
00-0039366,Tarheeb Still,CB,LAC,1,3,0,0,0,0.0,0,0,0,0,0
00-0039369,Cam Hart,CB,LAC,1,4,0,0,0,0.0,0,0,0,0,0
00-0039371,Kris Abrams-Draine,CB,DEN,1,1,0,0,0,0.0,0,0,0,0,0
00-0039372,Jarvis Brownlee Jr.,DB,TEN,1,5,3,2,0,0.0,0,0,1,0,0
00-0039374,Tommy Eichenberg,LB,LV,1,1,1,0,0,0.0,0,0,0,0,0
00-0039375,Josh Newton,CB,CIN,1,3,0,0,0,0.0,0,0,0,0,0
00-0039380,Chau Smith-Wade,CB,CAR,1,1,0,0,0,0.0,0,0,0,0,0
00-0039388,Jaylan Ford,LB,NO,1,0,1,0,0,0.0,0,0,0,0,0
00-0039417,Myles Harden,CB,CLE,1,2,0,0,0,0.0,0,0,0,0,0
00-0039421,Levi Drake Rodriguez,DL,MIN,1,1,1,1,0,0.0,0,0,0,0,0
00-0039423,Jonah Laulu,DT,LV,1,1,1,0,0,1.0,0,0,0,0,0
00-0039431,Jowon Briggs,DE,NYJ,1,0,1,0,0,0.0,0,0,0,0,0
00-0039435,Tatum Bethune,LB,SF,1,1,1,0,0,0.0,0,0,0,0,0
00-0039436,Jaylen Harrell,DE,TEN,1,2,1,0,0,0.0,0,0,0,0,0
00-0039460,Carl Jones,LB,CHI,1,0,1,0,0,0.0,0,0,0,0,0
00-0039481,Storm Duck,CB,MIA,1,0,1,0,0,0.0,0,0,1,0,0
00-0039596,Rashad Wisdom,SAF,TB,1,0,2,0,0,0.0,0,0,0,0,0
00-0039601,Demani Richardson,SAF,CAR,1,0,1,0,0,0.0,0,0,0,0,0
00-0039622,Isaiah Stalbird,LB,NO,1,2,0,0,0,0.0,0,0,0,0,0
00-0039648,David Martin-Robinson,TE,TEN,1,1,1,0,0,0.0,0,0,0,0,0
00-0039686,Colson Yankoff,TE,WAS,1,1,1,0,0,0.0,0,0,0,0,0
00-0039692,Dell Pettus,SAF,NE,1,1,1,0,0,0.0,0,0,0,0,0
00-0039733,Ruke Orhorhoro,DT,ATL,1,0,2,0,0,0.0,0,0,0,0,0
00-0039734,Braden Fiske,DT,LAR,1,1,2,0,0,0.0,0,0,0,0,0
00-0039740,Jalyx Hunt,LB,PHI,1,0,2,1,0,0.0,0,0,0,0,0
00-0039741,Payton Wilson,LB,PIT,1,3,2,1,0,0.0,1,0,0,0,0
00-0039749,Tyler Davis,DE,LAR,1,1,3,1,0,1.0,1,0,0,0,0
00-0039763,Joe Andreessen,LB,BUF,1,0,1,0,0,0.0,0,0,0,0,0
00-0039774,Omar Speights,LB,LAR,1,3,1,0,0,0.0,0,0,0,0,0
00-0039776,Jaylen McCollough,SAF,LAR,1,2,0,1,0,1.0,1,0,0,0,0
00-0039789,Qwan'tez Stiggers,DB,NYJ,1,0,2,0,0,0.0,0,0,0,0,0
00-0039793,AJ Barner,TE,SEA,1,1,0,0,0,0.0,0,0,0,0,0
00-0039795,Nehemiah Pritchett,CB,SEA,1,1,0,0,0,0.0,0,0,0,0,0
00-0039796,Rasheen Ali,RB,BAL,1,1,0,0,0,0.0,0,0,0,0,0
00-0039798,Isaiah Davis,RB,NYJ,1,0,1,0,0,0.0,0,0,0,0,0
00-0039800,DJ James,CB,NE,1,1,0,0,0,0.0,0,0,0,0,0
00-0039807,Max Melton,CB,ARI,1,3,2,0,0,0.0,0,0,1,0,0
00-0039809,Jonah Elliss,LB,DEN,1,2,0,1,0,1.0,1,0,0,0,0
00-0039812,Ty'Ron Hopper,LB,GB,1,1,0,0,0,0.0,0,0,0,0,0
00-0039813,Evan Williams,SAF,GB,1,1,2,0,0,0.0,0,1,1,0,0
00-0039815,Tyrice Knight,LB,SEA,1,3,3,0,0,0.0,0,0,0,0,0
00-0039818,Kitan Oladapo,SAF,GB,1,0,1,0,0,0.0,0,0,0,0,0
00-0039821,Andru Phillips,DB,NYG,1,3,1,0,0,0.0,0,0,0,0,0
00-0039825,Jaden Hicks,SAF,KC,1,3,1,0,0,0.0,0,0,0,0,0
00-0039826,Jeremiah Trotter Jr.,LB,PHI,1,0,2,0,0,0.0,0,0,0,0,0
00-0039829,Darius Muasau,LB,NYG,1,1,1,0,0,0.0,0,0,0,0,0
00-0039834,Kamren Kinchens,SAF,LAR,1,2,2,0,0,0.0,0,0,1,0,0
00-0039838,Calen Bullock,SAF,HOU,1,2,0,0,0,0.0,0,0,0,0,0
00-0039841,Cooper DeJean,CB,PHI,1,3,2,0,0,0.0,0,0,1,0,0
00-0039846,Tykee Smith,DB,TB,1,7,4,0,0,0.0,0,0,1,0,0
00-0039850,Edgerrin Cooper,LB,GB,1,7,4,0,0,0.0,0,0,0,0,0
00-0039852,Jared Verse,DE,LAR,1,1,2,0,0,0.0,1,0,0,0,0
00-0039858,Cedric Gray,LB,TEN,1,5,3,0,0,0.0,0,0,0,0,0
00-0039860,Kool-Aid McKinstry,CB,NO,1,5,2,1,0,0.0,0,0,1,0,0
00-0039861,Tyler Nubin,SAF,NYG,1,1,5,0,0,0.0,0,0,0,0,0
00-0039864,Dadrion Taylor-Demerson,SAF,ARI,1,3,0,0,0,0.0,0,0,2,0,0
00-0039867,Javon Bullard,SAF,GB,1,7,2,0,0,0.0,0,0,0,0,0
00-0039872,Cole Bishop,SAF,BUF,1,4,0,0,0,0.0,0,0,0,0,0
00-0039879,Javon Solomon,LB,BUF,1,0,1,0,0,0.0,1,0,0,0,0
00-0039886,T'Vondre Sweat,DT,TEN,1,2,0,0,0,0.0,0,0,0,0,0
00-0039888,Quinyon Mitchell,CB,PHI,1,3,1,0,0,0.0,0,0,1,0,0
00-0039898,Mike Sainristil,CB,WAS,1,1,1,0,0,0.0,0,0,0,0,0
00-0039900,Marshawn Kneeland,DE,DAL,1,2,1,1,0,1.0,1,0,0,0,0
00-0039903,Terrion Arnold,CB,DET,1,3,3,0,0,0.0,0,0,1,0,0
00-0039906,Jer'Zhan Newton,DT,WAS,1,1,0,1,0,0.0,1,0,0,0,0
00-0039908,Kris Jenkins,DT,CIN,1,2,0,0,0,0.0,0,0,0,0,0
00-0039911,Chop Robinson,LB,MIA,1,1,0,0,0,0.0,0,0,0,0,0
00-0039916,Ricky Pearsall,WR,SF,1,1,0,0,0,0.0,0,0,0,0,0
00-0039924,Dallas Turner,LB,MIN,1,1,2,0,0,0.0,0,0,0,0,0
00-0040019,Jay Toia,DT,DAL,1,0,1,0,0,0.0,0,0,0,0,0
00-0040041,Nazir Stackhouse,DT,GB,1,0,1,0,0,0.0,0,0,0,0,0
00-0040069,Teddye Buchanan,LB,BAL,1,3,1,0,0,0.0,0,0,0,0,0
00-0040074,Tyler Loop,K,BAL,1,1,0,0,0,0.0,0,0,0,0,0
00-0040076,Aeneas Peebles,DT,BAL,1,0,0,0,0,0.0,0,0,1,0,0
00-0040118,Cooper McDonald,LB,KC,1,0,1,0,0,0.0,0,0,0,0,0
00-0040127,Kenneth Grant,DT,MIA,1,1,3,0,0,0.0,0,0,0,0,0
00-0040130,Jayden Higgins,WR,HOU,1,1,0,0,0,0.0,0,0,0,0,0
00-0040136,Princely Umanmielen,LB,CAR,1,1,0,0,0,0.0,0,0,0,0,0
00-0040137,Jordan Burch,LB,ARI,1,1,1,0,0,0.0,0,0,0,0,0
00-0040143,Jacob Parrish,CB,TB,1,3,2,1,0,0.0,0,0,0,0,0
00-0040148,Xavier Watts,SAF,ATL,1,5,0,0,0,0.0,0,0,2,0,0
00-0040149,Jaylin Smith,CB,HOU,1,1,1,0,0,0.0,0,0,0,0,0
00-0040152,Upton Stout,CB,SF,1,1,0,0,0,0.0,0,0,1,0,0
00-0040154,Tai Felton,WR,MIN,1,3,0,0,0,0.0,0,0,0,0,0
00-0040155,Danny Stutsman,LB,NO,1,1,0,0,0,0.0,0,0,0,0,0
00-0040156,Billy Bowman Jr.,CB,ATL,1,2,4,0,0,0.5,1,0,0,0,0
00-0040157,Barrett Carter,LB,CIN,1,1,1,0,0,0.0,0,0,0,0,0
00-0040159,Lathan Ransom,SAF,CAR,1,0,1,0,0,0.0,0,0,0,0,0
00-0040160,Jack Sawyer,LB,PIT,1,0,1,0,0,0.0,0,0,0,0,0
00-0040165,Malachi Moore,SAF,NYJ,1,0,1,0,0,0.0,0,0,0,0,0
00-0040167,Ruben Hyppolite II,LB,CHI,1,1,2,0,0,0.0,0,0,0,0,0
00-0040171,Joshua Farmer,DT,NE,1,0,1,0,0,0.0,0,0,0,0,0
00-0040173,Tyrion Ingram-Dawkins,DT,MIN,1,0,0,0,0,0.0,0,0,1,0,0
00-0040175,Jordan Phillips,DT,MIA,1,2,3,0,0,0.0,0,0,0,0,0
00-0040178,Jason Marshall Jr.,CB,MIA,1,1,1,0,0,0.0,1,0,0,0,0
00-0040182,Dante Trader Jr.,SAF,MIA,1,2,1,0,0,0.0,0,0,0,0,0
00-0040185,Marques Sigle,SAF,SF,1,5,1,0,0,0.0,0,0,0,0,0
00-0040186,Francisco Mauigoa,LB,NYJ,1,0,1,0,0,0.0,0,0,0,0,0
00-0040188,Yahya Black,DE,PIT,1,0,2,0,0,0.0,0,0,0,0,0
00-0040197,Dorian Strong,CB,BUF,1,2,0,0,0,0.0,0,0,0,0,0
00-0040208,Tahj Brooks,RB,CIN,1,1,0,0,0,0.0,0,0,0,0,0
00-0040213,Rayuan Lane III,SAF,JAX,1,0,1,0,0,0.0,0,0,0,0,0
00-0040231,Carson Bruener,LB,PIT,1,0,1,0,0,0.0,0,0,0,0,0
00-0040255,Adin Huntington,DE,CLE,1,1,1,0,0,0.0,0,0,0,0,0
00-0040263,Donovan McMillon,SAF,CLE,1,1,0,0,0,0.0,0,0,0,0,0
00-0040379,William Wagner,LS,CIN,1,0,1,0,0,0.0,0,0,0,0,0
00-0040416,John Bullock,LB,TB,1,0,2,0,0,0.0,0,0,0,0,0
00-0040496,Chaz Chambliss,LB,MIN,1,1,0,0,0,0.0,0,0,0,0,0
00-0040577,Jalon Walker,LB,ATL,1,2,1,0,0,0.0,0,0,0,0,0
00-0040578,James Pearce Jr.,DE,ATL,1,0,0,0,0,0.0,1,0,0,0,0
00-0040579,Carson Schwesinger,LB,CLE,1,2,5,1,0,0.0,1,0,0,0,0
00-0040580,Josaiah Stewart,LB,LAR,1,0,0,0,0,0.0,0,0,1,0,0
00-0040613,Shaun Dolac,LB,LAR,1,1,1,0,0,0.0,0,0,0,0,0
00-0040636,Keyon Martin,CB,BAL,1,1,0,0,0,0.0,0,0,0,0,0
00-0040640,Ashton Gillotte,DE,KC,1,1,0,0,0,0.0,0,0,0,0,0
00-0040645,Cody Simon,LB,ARI,1,1,0,0,0,0.0,0,0,0,0,0
00-0040660,Mykel Williams,DE,SF,1,0,1,0,0,0.0,0,0,0,0,0
00-0040670,Nohl Williams,CB,KC,1,1,1,0,0,0.0,0,0,0,0,0
00-0040672,Tyleik Williams,DT,DET,1,1,1,0,0,0.0,0,0,0,0,0
00-0040677,Abdul Carter,LB,NYG,1,1,2,0,0,0.5,1,0,0,0,0
00-0040685,Mason Graham,DT,CLE,1,0,3,0,0,0.0,0,0,0,0,0
00-0040688,Malaki Starks,SAF,BAL,1,3,4,0,0,0.0,0,0,0,0,0
00-0040708,Jihaad Campbell,LB,PHI,1,0,3,0,1,0.0,0,0,1,0,0
00-0040716,Craig Woodson,SAF,NE,1,5,3,2,0,0.0,0,0,0,0,0
00-0040718,Travis Hunter,CB,JAX,1,0,1,0,0,0.0,0,0,0,0,0
00-0040720,Jahdae Barron,CB,DEN,1,1,0,0,0,0.0,0,0,0,0,0
00-0040721,Alfred Collins,DT,SF,1,0,1,0,0,0.0,0,0,0,0,0
00-0040722,Mike Green,LB,BAL,1,1,0,0,0,0.0,0,0,0,0,0
00-0040725,Donovan Ezeiruaku,DE,DAL,1,1,0,0,0,0.0,1,0,0,0,0
00-0040731,Trey Amos,CB,WAS,1,2,0,0,0,0.0,0,0,1,0,0
00-0040733,Nick Emmanwori,SAF,SEA,1,1,0,1,0,0.0,0,0,0,0,0
00-0040738,Demetrius Knight Jr.,LB,CIN,1,6,2,0,0,0.0,0,0,1,0,0
00-0040742,Jonah Savaiinaea,G,MIA,1,1,0,0,0,0.0,0,0,0,0,0
00-0040749,Andrew Mukuba,SAF,PHI,1,2,1,0,0,0.0,0,0,0,0,0
00-0040751,Will Johnson,CB,ARI,1,1,0,0,0,0.0,0,0,3,0,0
00-0040752,Oluwafemi Oladejo,DE,TEN,1,0,2,0,0,0.0,1,0,0,0,0
00-0026190,Calais Campbell,DE,ARI,2,3,1,2,0,2.0,2,0,0,0,0
00-0027940,Von Miller,OLB,WAS,2,0,1,0,0,0.5,1,0,0,0,0
00-0027962,Cameron Jordan,LB,NO,2,1,0,0,0,0.0,0,0,0,0,0
00-0027969,Cameron Heyward,DE,PIT,2,2,3,0,0,0.0,0,0,1,0,0
00-0029255,Bobby Wagner,MLB,WAS,2,3,8,0,0,0.0,0,0,0,0,0
00-0029562,Lavonte David,OLB,TB,2,1,1,0,0,0.5,1,0,1,0,0
00-0029607,Demario Davis,OLB,NO,2,5,6,0,0,0.0,0,0,0,0,0
00-0030062,Darius Slay,CB,PIT,2,2,0,0,0,0.0,0,0,1,0,0
00-0030070,John Jenkins,DT,BAL,2,1,0,0,0,0.0,0,0,0,0,0
00-0030294,Tony Jefferson,S,LAC,2,2,3,0,0,0.0,0,1,2,0,0
00-0030615,James Winchester,LS,KC,2,1,0,0,0,0.0,0,0,0,0,0
00-0030757,Mike Pennel,DT,CIN,2,0,1,0,0,0.0,0,0,0,0,0
00-0031040,Khalil Mack,OLB,LAC,2,1,0,1,0,1.0,1,0,0,0,0
00-0031054,DaQuan Jones,DT,BUF,2,1,0,0,0,1.0,0,0,0,0,0
00-0031270,Shelby Harris,DE,CLE,2,0,0,0,0,0.0,0,0,1,0,0
00-0031357,C.J. Goodwin,CB,DAL,2,1,2,0,0,0.0,0,0,0,0,0
00-0031360,Kyle Van Noy,MLB,BAL,2,1,0,0,0,0.0,1,0,0,0,0
00-0031411,DeMarcus Lawrence,LB,SEA,2,0,3,0,0,0.0,0,0,0,0,0
00-0031426,Joel Bitonio,G,CLE,2,1,0,0,0,0.0,0,0,0,0,0
00-0031551,Eddie Goldman,NT,WAS,2,0,2,0,0,0.0,0,0,0,0,0
00-0031565,Danielle Hunter,DE,HOU,2,3,2,2,1,2.0,1,0,0,0,0
00-0031576,Za'Darius Smith,DE,PHI,2,2,2,1,0,0.5,1,0,0,0,0
00-0031583,Grady Jarrett,DT,CHI,2,0,1,0,0,0.0,2,0,0,0,0
00-0031608,Quandre Diggs,S,TEN,2,1,0,0,0,0.0,0,0,0,0,0
00-0031898,Alex Singleton,LB,DEN,2,4,5,0,0,0.0,0,0,0,0,0
00-0031933,Leonard Williams,DE,SEA,2,2,2,0,0,0.5,2,0,0,0,0
00-0032052,Dante Fowler Jr.,DE,DAL,2,0,1,0,0,0.0,1,0,0,0,0
00-0032146,Bud Dupree,OLB,LAC,2,0,2,0,0,0.0,0,0,0,0,0
00-0032164,Arik Armstead,DE,JAX,2,1,1,1,0,1.0,1,0,0,0,0
00-0032378,DeForest Buckner,DT,IND,2,6,0,2,0,0.0,0,0,0,0,0
00-0032387,Jarran Reed,DT,SEA,2,3,0,1,0,1.0,1,0,0,0,0
00-0032388,Deion Jones,LB,TB,2,2,0,0,0,0.0,0,0,0,0,0
00-0032399,Miles Killebrew,SAF,PIT,2,2,0,0,0,0.0,0,0,0,0,0
00-0032415,Matthew Judon,OLB,MIA,2,0,1,0,0,0.0,0,0,0,0,0
00-0032442,Elandon Roberts,OLB,LV,2,2,3,0,0,0.0,0,0,0,0,0
00-0032580,Jonathan Jones,DB,WAS,2,1,1,0,0,0.0,0,0,0,0,0
00-0032759,Sheldon Rankins,DT,HOU,2,1,0,2,0,1.0,1,0,0,0,0
00-0032762,Chris Jones,DE,KC,2,2,0,2,0,0.0,1,0,0,0,0
00-0032763,Austin Johnson,NT,JAX,2,0,1,0,0,0.0,0,0,0,0,0
00-0032889,A'Shawn Robinson,DT,CAR,2,0,1,0,0,0.0,0,0,0,0,0
00-0033038,Eric Murray,S,JAX,2,5,1,0,0,0.0,0,1,1,0,0
00-0033046,Jihad Ward,LB,TEN,2,0,0,0,0,0.0,2,0,0,0,0
00-0033050,Xavien Howard,CB,IND,2,1,2,0,0,0.0,0,0,0,0,0
00-0033051,David Onyemata,DT,ATL,2,3,2,1,0,0.0,0,0,0,0,0
00-0033055,Jalen Ramsey,CB,PIT,2,3,2,0,0,0.0,0,1,2,0,0
00-0033066,Andrew Billings,DT,CHI,2,0,3,0,0,0.0,0,0,0,0,0
00-0033072,Leonard Floyd,DE,ATL,2,1,0,1,0,1.0,3,0,0,0,0
00-0033109,Javon Hargrave,NT,MIN,2,2,3,0,0,0.0,0,0,0,0,0
00-0033120,Kenny Clark,NT,DAL,2,2,2,1,0,1.0,1,0,0,0,0
00-0033131,Maliek Collins,DT,CLE,2,0,0,0,0,0.0,1,0,0,0,0
00-0033132,Kevin Byard,FS,CHI,2,3,1,0,0,0.0,0,0,0,0,0
00-0033156,Joey Bosa,DE,BUF,2,1,1,1,2,1.0,2,0,0,0,0
00-0033281,Marlon Humphrey,CB,BAL,2,3,0,0,0,0.0,0,0,1,0,0
00-0033294,Chuck Clark,SAF,PIT,2,6,2,0,0,0.0,1,0,0,0,0
00-0033297,D.J. Jones,DT,DEN,2,1,0,0,0,0.0,0,0,0,0,0
00-0033336,Eric Wilson,LB,MIN,2,1,4,0,1,0.0,0,0,0,0,0
00-0033381,Adam Butler,DT,LV,2,0,3,0,0,0.0,0,0,0,0,0
00-0033393,Kenny Moore II,CB,IND,2,2,2,1,0,0.0,0,0,0,0,0
00-0033523,Jonathan Allen,DE,MIN,2,3,4,0,0,0.0,1,0,0,0,0
00-0033526,Samaje Perine,RB,CIN,2,0,1,0,0,0.0,0,0,0,0,0
00-0033546,Dalvin Tomlinson,DE,ARI,2,1,1,1,0,0.0,0,0,0,0,0
00-0033547,Zach Cunningham,ILB,DET,2,2,2,0,0,0.0,0,0,0,0,0
00-0033548,Chidobe Awuzie,CB,BAL,2,3,2,0,0,0.0,0,0,0,0,0
00-0033551,Rasul Douglas,CB,MIA,2,1,1,0,0,0.0,0,0,1,0,0
00-0033571,Matt Milano,OLB,BUF,2,1,3,1,0,0.0,0,0,0,0,0
00-0033576,Eric Saubert,TE,SEA,2,1,0,0,0,0.0,0,0,0,0,0
00-0033579,Xavier Woods,FS,TEN,2,5,1,0,0,0.0,0,0,0,0,0
00-0033595,Pat O'Connor,DE,DET,2,2,2,0,0,0.0,0,0,0,0,0
00-0033783,Ahkello Witherspoon,CB,LAR,2,1,0,0,0,0.0,0,0,0,0,0
00-0033854,Dare Ogunbowale,RB,HOU,2,1,1,0,0,0.0,0,0,0,0,0
00-0033860,Davon Godchaux,DT,NO,2,1,0,0,0,0.0,0,0,0,0,0
00-0033868,Myles Garrett,DE,CLE,2,1,3,2,0,1.5,2,0,0,0,0
00-0033870,Solomon Thomas,DE,DAL,2,2,4,0,0,0.0,1,0,0,0,0
00-0033872,Jamal Adams,LB,LV,2,3,0,0,0,0.0,0,0,0,0,0
00-0033874,Marshon Lattimore,CB,WAS,2,5,1,0,0,0.0,0,0,1,0,0
00-0033875,Haason Reddick,OLB,TB,2,1,1,0,0,0.0,1,0,0,0,0
00-0033876,Derek Barnett,DE,HOU,2,0,0,0,0,0.0,2,0,0,0,0
00-0033877,Malik Hooker,FS,DAL,2,3,1,0,0,0.0,0,0,0,0,0
00-0033878,Adoree' Jackson,CB,PHI,2,1,0,0,0,0.0,0,0,1,0,0
00-0033884,Tre'Davious White,CB,BUF,2,3,0,1,0,0.0,0,0,1,0,0
00-0033886,T.J. Watt,OLB,PIT,2,2,2,0,0,0.0,2,0,0,0,0
00-0033890,Budda Baker,S,ARI,2,4,4,0,0,0.0,0,0,0,0,0
00-0033902,Tanoh Kpassagnon,DE,CHI,2,1,0,0,0,0.0,0,0,0,0,0
00-0033914,Alex Anzalone,MLB,DET,2,4,2,0,0,0.0,0,0,0,0,0
00-0033928,Jourdan Lewis,CB,JAX,2,5,3,2,0,0.0,0,0,1,0,0
00-0033935,Trey Hendrickson,DE,CIN,2,2,1,1,0,1.0,3,0,1,0,0
00-0033941,Rayshawn Jenkins,SAF,CLE,2,2,2,0,0,0.0,0,0,0,0,0
00-0033945,Samson Ebukam,DE,IND,2,1,0,0,0,0.0,0,0,0,0,0
00-0033947,Deatrich Wise,DE,WAS,2,0,1,0,0,0.0,0,0,0,0,0
00-0033952,Grover Stewart,DT,IND,2,4,2,1,0,0.0,0,0,0,0,0
00-0033964,Al-Quadin Muhammad,LB,DET,2,3,1,1,0,1.0,1,0,0,0,0
00-0034145,Chris Lammons,DB,IND,2,1,0,0,0,0.0,0,0,0,0,0
00-0034163,Jacob Martin,DE,WAS,2,2,1,0,0,0.5,1,0,0,0,0
00-0034203,Darious Williams,CB,LAR,2,0,0,0,0,0.0,0,0,1,0,0
00-0034234,Poona Ford,DT,LAR,2,0,1,0,0,0.0,0,0,0,0,0
00-0034248,Elijah Campbell,DB,MIA,2,1,0,0,0,0.0,0,0,0,0,0
00-0034251,Daniel Ekuale,DT,PIT,2,0,1,0,0,0.0,0,0,1,0,0
00-0034275,Foley Fatukasi,DT,HOU,2,3,0,0,0,0.0,0,0,0,0,0
00-0034285,Zach Sieler,DE,MIA,2,0,2,0,0,0.0,0,0,0,0,0
00-0034302,Frankie Luvu,LB,WAS,2,0,2,0,0,0.0,0,0,0,0,0
00-0034333,Daron Payne,NT,WAS,2,0,1,0,0,0.0,0,0,0,0,0
00-0034344,Marcus Davenport,DE,DET,2,1,1,1,0,1.0,1,0,0,0,0
00-0034348,Courtland Sutton,WR,DEN,2,1,0,0,0,0.0,0,0,0,0,0
00-0034350,Uchenna Nwosu,LB,SEA,2,1,0,0,0,0.0,0,0,0,0,0
00-0034355,M.J. Stewart,SAF,HOU,2,0,1,0,0,0.0,0,0,0,0,0
00-0034356,Donte Jackson,CB,LAC,2,1,0,0,0,0.0,0,1,2,0,0
00-0034357,Isaiah Oliver,FS,NYJ,2,2,2,0,0,0.0,0,0,0,0,0
00-0034359,Tyquan Lewis,DE,IND,2,0,0,0,0,0.0,0,0,1,0,0
00-0034361,Justin Reid,S,NO,2,5,0,0,0,0.0,0,0,1,0,0
00-0034371,Da'Shawn Hand,DE,LAC,2,1,0,0,0,0.0,0,0,0,0,0
00-0034373,Dorance Armstrong,DE,WAS,2,4,2,1,0,1.0,1,0,0,0,0
00-0034377,Avonte Maddox,FS,DET,2,1,0,0,0,0.0,0,0,0,0,0
00-0034381,Josh Sweat,LB,ARI,2,3,0,2,1,1.0,1,0,0,0,0
00-0034384,D.J. Reed,CB,DET,2,5,0,0,0,0.0,0,0,0,0,0
00-0034391,Siran Neal,DB,SF,2,0,1,0,0,0.0,0,0,0,0,0
00-0034397,Tim Settle,DT,HOU,2,1,1,0,0,0.0,0,0,0,0,0
00-0034413,Foye Oluokun,LB,JAX,2,3,4,2,0,1.0,1,0,1,0,0
00-0034431,Zaire Franklin,OLB,IND,2,3,2,0,0,0.0,0,0,1,0,0
00-0034465,Jeremy Reaves,DB,WAS,2,2,2,0,0,0.0,0,0,0,0,0
00-0034485,Jonathan Owens,SAF,CHI,2,2,1,0,0,0.0,0,0,0,0,0
00-0034488,Tavierre Thomas,SAF,MIN,2,1,1,0,0,0.0,0,0,0,0,0
00-0034495,Evan Brown,C,ARI,2,1,0,0,0,0.0,0,0,0,0,0
00-0034639,Mike Ford,DB,ATL,2,2,1,0,0,0.0,0,0,0,0,0
00-0034673,Tremaine Edmunds,MLB,CHI,2,6,1,1,0,0.0,0,0,0,0,0
00-0034675,Jessie Bates,FS,ATL,2,1,2,0,0,0.0,0,0,0,0,0
00-0034720,Robert Spillane,LB,NE,2,3,0,0,0,1.0,0,0,1,0,0
00-0034754,Oren Burks,ILB,CIN,2,2,2,0,0,0.0,0,0,0,0,0
00-0034760,Nathan Shepherd,DE,NO,2,0,1,0,0,0.0,1,0,0,0,0
00-0034773,Vita Vea,DT,TB,2,2,1,0,0,0.0,0,0,0,0,0
00-0034778,Carlton Davis III,CB,NE,2,2,2,0,0,0.0,0,0,0,0,0
00-0034780,Isaac Yiadom,CB,NO,2,5,1,1,0,0.0,0,0,0,0,0
00-0034782,Harrison Phillips,DT,NYJ,2,1,3,0,0,0.0,0,0,0,0,0
00-0034787,Chris Board,LB,NYG,2,2,1,0,0,0.0,0,0,0,0,0
00-0034789,Minkah Fitzpatrick,FS,MIA,2,4,4,0,0,0.0,0,0,0,0,0
00-0034790,Derwin James,FS,LAC,2,3,4,0,0,0.0,0,0,2,0,0
00-0034797,Jerome Baker,OLB,CLE,2,0,2,0,0,0.0,0,0,0,0,0
00-0034800,B.J. Hill,DE,CIN,2,0,2,0,0,0.0,0,0,0,0,0
00-0034801,Josh Woods,LB,ATL,2,1,2,0,0,0.0,0,0,0,0,0
00-0034810,Sebastian Joseph-Day,DT,TEN,2,0,1,0,0,0.0,1,0,0,0,0
00-0034815,Fred Warner,MLB,SF,2,6,4,1,1,0.0,0,0,1,0,0
00-0034818,Derrick Nnadi,NT,KC,2,1,3,0,0,0.0,0,0,0,0,0
00-0034825,Arden Key,DE,TEN,2,0,1,0,0,0.0,0,0,0,0,0
00-0034828,Harold Landry III,LB,NE,2,2,1,1,0,1.0,2,0,0,0,0
00-0034832,Bradley Chubb,OLB,MIA,2,3,2,1,0,1.0,1,0,0,0,0
00-0034843,Mike Hughes,CB,ATL,2,2,0,0,0,0.0,0,0,0,0,0
00-0034856,Denzel Ward,CB,CLE,2,0,1,0,0,0.0,0,0,0,0,0
00-0034874,Roquan Smith,ILB,BAL,2,7,7,3,0,0.0,2,0,0,0,0
00-0034967,Rashan Gary,LB,GB,2,2,1,1,0,1.0,1,0,0,0,0
00-0034968,Darnell Savage,DB,JAX,2,1,0,0,0,0.0,0,0,0,0,0
00-0034973,Maxx Crosby,DE,LV,2,0,4,1,0,0.0,0,0,0,0,0
00-0034974,Julian Love,SAF,SEA,2,0,1,0,0,0.0,0,0,1,0,0
00-0034987,E.J. Speed,LB,HOU,2,1,0,0,0,0.0,0,0,0,0,0
00-0035133,Keisean Nixon,DB,GB,2,2,0,0,0,0.0,0,0,5,0,0
00-0035144,Mack Wilson,LB,ARI,2,4,4,0,0,0.0,1,0,1,0,0
00-0035166,Azeez Al-Shaair,LB,HOU,2,8,2,0,0,0.0,0,0,1,0,0
00-0035227,P.J. Locke,DB,DEN,2,1,0,0,0,0.0,0,0,1,0,0
00-0035236,Byron Murphy,CB,MIN,2,5,2,0,0,0.0,0,0,0,0,0
00-0035248,Zach Allen,DE,DEN,2,1,4,0,0,0.0,3,0,0,0,0
00-0035253,C.J. Gardner-Johnson,SAF,HOU,2,5,0,0,0,0.0,1,0,0,0,0
00-0035262,Drue Tranquill,LB,KC,2,4,2,0,0,0.0,0,0,0,0,0
00-0035277,Mike Jackson,CB,CAR,2,1,0,0,0,0.0,0,0,1,0,0
00-0035279,Charles Omenihu,DE,KC,2,1,1,0,0,0.0,0,0,0,0,0
00-0035286,Cole Holcomb,LB,PIT,2,2,0,0,0,0.0,0,0,0,0,0
00-0035301,Donovan Wilson,SAF,DAL,2,3,3,0,0,0.0,0,1,1,0,0
00-0035316,Kaden Elliss,LB,ATL,2,2,2,0,0,0.0,1,0,0,0,0
00-0035352,Tyrel Dodson,LB,MIA,2,6,3,0,0,0.0,0,0,0,0,0
00-0035357,Cam Lewis,CB,BUF,2,2,2,0,1,0.0,0,0,0,0,0
00-0035378,Andrew Wingard,SAF,JAX,2,2,0,0,0,0.0,0,1,1,0,0
00-0035386,T.J. Edwards,LB,CHI,2,0,4,0,0,0.0,0,0,0,0,0
00-0035402,Carl Granderson,DE,NO,2,4,2,3,0,2.0,3,0,0,0,0
00-0035409,Shy Tuttle,DT,TEN,2,1,0,0,0,0.0,0,0,0,0,0
00-0035413,Luke Gifford,LB,SF,2,0,3,0,0,0.0,0,0,0,0,0
00-0035525,Devin Bush,LB,CLE,2,4,4,1,0,1.0,1,0,2,0,0
00-0035567,Craig Reynolds,RB,DET,2,1,0,0,0,0.0,0,0,0,0,0
00-0035617,Troy Reeder,LB,LAR,2,1,0,0,0,0.0,0,0,0,0,0
00-0035625,Juan Thornhill,SAF,PIT,2,5,2,0,0,0.0,0,0,0,0,0
00-0035632,Amani Hooker,SAF,TEN,2,5,3,1,0,1.0,1,0,0,0,0
00-0035637,Rock Ya-Sin,CB,DET,2,1,1,0,0,0.0,0,0,0,0,0
00-0035642,Josh Hines-Allen,DE,JAX,2,3,2,0,0,0.0,3,0,0,0,0
00-0035643,Jeffery Simmons,DT,TEN,2,1,1,0,0,0.0,2,0,0,0,0
00-0035647,Montez Sweat,DE,CHI,2,3,1,0,0,0.0,1,0,0,0,0
00-0035655,Will Harris,SAF,WAS,2,3,2,0,0,0.0,0,0,0,0,0
00-0035663,Taylor Rapp,SAF,BUF,2,3,1,0,0,0.0,0,0,0,0,0
00-0035667,Greg Gaines,DT,TB,2,1,0,1,0,1.0,1,0,0,0,0
00-0035669,Nick Scott,SAF,CAR,2,3,0,0,0,0.0,0,0,0,0,0
00-0035672,Cody Barton,LB,TEN,2,2,3,0,0,0.0,0,1,1,0,0
00-0035674,Jerry Tillery,DT,KC,2,1,0,0,0,0.0,0,0,0,0,0
00-0035678,Dre'Mont Jones,DE,TEN,2,1,0,1,0,0.0,0,0,0,0,0
00-0035680,Quincy Williams,LB,NYJ,2,1,4,0,0,0.0,0,0,1,0,0
00-0035683,Dexter Lawrence,DT,NYG,2,4,0,0,0,0.0,0,0,0,0,0
00-0035687,Bobby Okereke,ILB,NYG,2,4,6,0,0,0.0,1,0,1,0,0
00-0035697,Germaine Pratt,LB,LV,2,4,2,0,0,0.0,0,0,2,0,0
00-0035699,Jamel Dean,CB,TB,2,3,0,0,0,0.0,0,0,0,0,0
00-0035705,Jalen Thompson,DB,ARI,2,6,4,0,0,0.0,0,0,0,0,0
00-0035707,Devin White,LB,LV,2,5,2,1,0,0.0,0,0,0,0,0
00-0035713,Brian Burns,LB,NYG,2,3,0,2,0,1.0,1,0,1,0,0
00-0035717,Nick Bosa,DE,SF,2,3,6,1,0,1.0,2,0,0,0,0
00-0035718,Quinnen Williams,DT,NYJ,2,1,0,1,0,0.0,0,0,0,0,0
00-0035857,Chris Williams,DT,CHI,2,0,1,0,0,0.0,0,0,0,0,0
00-0035895,Joe Bachie,LB,IND,2,3,4,0,0,0.0,0,0,0,0,0
00-0035942,Christian Rozeboom,LB,CAR,2,1,6,0,0,0.0,0,0,0,0,0
00-0036037,Sam Franklin Jr.,SAF,BUF,2,2,1,0,0,0.0,0,0,0,0,0
00-0036124,Khalil Dorsey,CB,DET,2,1,0,0,0,0.0,0,0,0,0,0
00-0036130,Nnamdi Madubuike,DT,BAL,2,1,0,1,0,1.0,2,0,0,0,0
00-0036151,Bryce Huff,DE,SF,2,3,1,1,1,1.0,1,0,0,0,0
00-0036159,Joshua Uche,LB,PHI,2,2,2,0,0,0.0,0,0,0,0,0
00-0036171,Aaron Brewer,C,MIA,2,1,0,0,0,0.0,0,0,0,0,0
00-0036181,Teair Tart,DT,LAC,2,1,0,0,0,0.0,1,0,0,0,0
00-0036187,Reggie Gilliam,RB,BUF,2,0,2,0,0,0.0,0,0,0,0,0
00-0036192,A.J. Epenesa,DE,BUF,2,0,0,0,0,0.0,1,0,0,0,0
00-0036193,Anfernee Jennings,LB,NE,2,1,1,0,0,0.0,0,0,0,0,0
00-0036199,Geno Stone,SAF,CIN,2,7,2,0,0,0.0,0,0,0,0,0
00-0036220,Derrick Brown,DT,CAR,2,3,0,0,0,0.0,1,0,2,0,0
00-0036221,Brandon Jones,SAF,DEN,2,3,4,0,0,0.0,0,0,1,0,0
00-0036222,Isaiah Rodgers,CB,MIN,2,4,0,1,0,0.0,0,0,0,0,0
00-0036224,Jonathan Greenard,LB,MIN,2,1,3,1,0,1.0,2,0,0,0,0
00-0036231,Kyle Dugger,SAF,NE,2,3,1,0,0,0.0,0,0,0,0,0
00-0036237,Larrell Murchison,DT,LAR,2,0,1,0,0,0.0,0,0,0,0,0
00-0036258,Jonah Jackson,G,CHI,2,1,0,0,0,0.0,0,0,0,0,0
00-0036260,Javon Kinlaw,DT,WAS,2,1,0,1,0,0.0,0,0,0,0,0
00-0036262,DaVon Hamilton,DT,JAX,2,2,2,0,0,0.0,0,0,0,0,0
00-0036266,Jordan Elliott,DT,SF,2,0,2,0,0,0.0,0,0,0,0,0
00-0036282,Grant Delpit,SAF,CLE,2,3,2,0,0,0.0,0,0,1,0,0
00-0036285,A.J. Terrell,CB,ATL,2,2,1,0,0,0.0,0,0,0,0,0
00-0036286,K'Lavon Chaisson,LB,NE,2,1,1,1,0,1.0,1,0,0,0,0
00-0036288,Yetur Gross-Matos,DE,SF,2,1,0,0,0,0.0,0,0,0,0,0
00-0036292,Jaylon Johnson,CB,CHI,2,1,0,0,0,0.0,0,0,0,0,0
00-0036293,Jeremy Chinn,SAF,LV,2,7,0,1,0,0.0,0,0,1,0,0
00-0036294,Logan Wilson,LB,CIN,2,4,4,0,0,0.0,0,0,1,0,0
00-0036298,Akeem Davis-Gaither,LB,ARI,2,2,4,0,0,0.0,1,0,0,0,0
00-0036302,Jaylinn Hawkins,SAF,NE,2,5,3,0,0,0.0,0,0,0,0,0
00-0036306,Daniel Thomas,SAF,DET,2,1,0,0,0,0.0,0,0,0,0,0
00-0036323,Patrick Queen,LB,PIT,2,3,3,1,0,0.0,1,0,0,0,0
00-0036325,Robert Hunt,OT,CAR,2,1,0,0,0,0.0,0,0,0,0,0
00-0036331,Devin Duvernay,WR,CHI,2,1,0,0,0,0.0,0,0,0,0,0
00-0036332,Josiah Deguara,TE,ARI,2,1,0,0,0,0.0,0,0,0,0,0
00-0036333,Alex Highsmith,LB,PIT,2,1,0,0,0,0.0,0,0,0,0,0
00-0036335,D.J. Wonnum,LB,CAR,2,1,3,1,0,0.0,1,1,1,0,0
00-0036337,James Lynch,DT,TEN,2,0,1,0,0,0.0,0,0,0,0,0
00-0036338,Troy Dye,LB,LAC,2,0,3,0,0,0.0,0,0,0,0,0
00-0036348,Josh Metellus,SAF,MIN,2,3,0,0,0,0.0,0,0,1,0,0
00-0036349,Kam Curl,SAF,LAR,2,4,2,2,0,1.0,0,0,0,0,0
00-0036358,CeeDee Lamb,WR,DAL,2,1,0,0,0,0.0,0,0,0,0,0
00-0036361,Trevon Diggs,CB,DAL,2,3,1,0,0,0.0,0,0,0,0,0
00-0036362,Willie Gay Jr.,LB,MIA,2,1,2,1,0,0.0,0,0,0,0,0
00-0036371,Leki Fotu,DT,LV,2,1,1,1,0,0.0,0,0,0,0,0
00-0036374,L'Jarius Sneed,SAF,TEN,2,2,1,0,0,0.0,0,0,2,0,0
00-0036375,Amik Robertson,CB,DET,2,1,0,0,0,0.0,0,0,0,0,0
00-0036380,Alohi Gilman,SAF,LAC,2,2,1,0,0,0.0,0,0,2,0,0
00-0036388,Xavier McKinney,SAF,GB,2,3,0,0,0,0.0,0,0,1,0,0
00-0036409,Jordyn Brooks,LB,MIA,2,4,4,1,0,1.0,1,0,0,0,0
00-0036411,Antoine Winfield Jr.,SAF,TB,2,4,0,0,0,0.0,0,0,0,0,0
00-0036418,Zack Baun,LB,PHI,2,5,1,0,0,0.0,1,0,0,0,0
00-0036428,Justin Strnad,LB,DEN,2,2,3,1,0,1.0,1,0,0,0,0
00-0036441,"Kenneth Murray, Jr.",LB,DAL,2,5,2,2,0,0.0,0,0,0,0,0
00-0036479,Kwity Paye,DE,IND,2,0,1,0,0,0.0,0,0,0,0,0
00-0036480,Dayo Odeyingbo,DE,CHI,2,0,2,0,0,0.0,0,0,0,0,0
00-0036500,Jamien Sherwood,LB,NYJ,2,5,7,2,0,0.0,0,0,0,0,0
00-0036501,Michael Carter II,CB,NYJ,2,1,0,0,0,0.0,0,0,1,0,0
00-0036502,Jason Pinnock,SAF,SF,2,2,1,0,0,0.0,0,0,0,0,0
00-0036563,Deommodore Lenoir,CB,SF,2,3,0,1,0,0.0,0,0,0,0,0
00-0036564,Talanoa Hufanga,SAF,DEN,2,5,5,0,0,0.0,0,0,0,0,0
00-0036589,Nick McCloud,CB,CHI,2,3,0,0,0,0.0,0,0,0,0,0
00-0036590,Quintin Morris,TE,JAX,2,1,0,0,0,0.0,0,0,0,0,0
00-0036621,Nick Bolton,LB,KC,2,3,3,0,0,0.0,0,0,0,0,0
00-0036625,Benjamin St-Juste,CB,LAC,2,1,0,0,0,0.0,0,0,0,0,0
00-0036629,Camryn Bynum,SAF,IND,2,2,1,0,0,0.0,0,1,1,0,0
00-0036642,Tedarrell Slaton,DT,CIN,2,3,1,0,0,0.0,0,0,0,0,0
00-0036644,Cameron McGrone,LB,IND,2,0,1,0,0,0.0,0,0,0,0,0
00-0036648,Nick Niemann,LB,GB,2,1,0,0,0,0.0,0,0,0,0,0
00-0036658,Isaiah McDuffie,LB,GB,2,2,0,0,0,0.0,0,0,0,0,0
00-0036672,Grant Stuard,LB,DET,2,0,3,0,0,0.0,0,0,0,0,0
00-0036683,Devon Key,SAF,DEN,2,3,0,0,0,0.0,0,0,0,0,0
00-0036695,Naquan Jones,DT,LAC,2,2,1,0,0,0.0,0,0,1,0,0
00-0036813,Christian Elliss,LB,NE,2,4,3,0,0,0.0,0,0,0,0,0
00-0036844,Garret Wallow,LB,DEN,2,0,1,0,0,0.0,0,0,0,0,0
00-0036862,Ben Skowronek,WR,PIT,2,0,1,0,0,0.0,0,0,0,0,0
00-0036867,Chris Rumph II,LB,NO,2,2,0,1,1,1.0,1,0,0,0,0
00-0036871,Nate Hobbs,CB,GB,2,1,0,0,0,0.0,0,0,0,0,0
00-0036874,Pat Surtain II,CB,DEN,2,9,2,0,0,0.0,0,0,1,0,0
00-0036876,Kylen Granson,TE,PHI,2,2,1,0,0,0.0,0,0,0,0,0
00-0036888,Damar Hamlin,SAF,BUF,2,1,0,0,0,0.0,0,0,0,0,0
00-0036900,Ja'Marr Chase,WR,CIN,2,1,0,0,0,0.0,0,0,0,0,0
00-0036901,Eric Stokes,CB,LV,2,0,1,0,0,0.0,0,0,1,0,0
00-0036902,Joseph Ossai,DE,CIN,2,1,1,0,0,0.0,1,0,0,0,0
00-0036903,Bobby Brown III,DT,CAR,2,2,1,1,0,0.0,0,0,0,0,0
00-0036904,Robert Rochell,CB,DAL,2,0,1,0,0,0.0,0,0,0,0,0
00-0036914,Greg Rousseau,LB,BUF,2,0,1,0,0,0.5,1,0,1,0,0
00-0036916,Milton Williams,DT,NE,2,2,0,2,0,2.0,1,0,0,0,0
00-0036927,Pete Werner,LB,NO,2,5,0,1,0,0.0,0,0,2,0,0
00-0036932,Micah Parsons,LB,GB,2,0,2,0,0,0.5,3,0,0,0,0
00-0036933,Zaven Collins,LB,ARI,2,1,0,0,0,0.0,4,0,0,0,0
00-0036934,Jaelan Phillips,LB,MIA,2,0,4,0,0,0.0,0,0,0,0,0
00-0036937,Paulson Adebo,CB,NYG,2,11,2,0,0,0.0,0,0,1,0,0
00-0036940,Odafe Oweh,LB,BAL,2,0,1,0,0,0.0,2,0,0,0,0
00-0036941,Andre Cisco,SAF,NYJ,2,4,2,0,0,0.0,0,0,1,0,0
00-0036942,Osa Odighizuwa,DT,DAL,2,0,3,0,0,0.0,0,0,0,0,0
00-0036943,Mitchell Fraboni,LS,DEN,2,0,1,0,0,0.0,0,0,0,0,0
00-0036944,Jaycee Horn,CB,CAR,2,2,0,0,0,0.0,0,0,0,0,0
00-0036952,Jonathon Cooper,LB,DEN,2,2,2,1,0,0.0,0,0,0,0,0
00-0036962,Tre'von Moehrig,SAF,CAR,2,6,2,0,0,0.0,0,0,0,0,0
00-0036964,Derrick Barnes,LB,DET,2,2,4,0,0,0.0,0,0,0,0,0
00-0036974,Tyson Campbell,CB,JAX,2,3,2,0,0,0.0,0,0,3,0,0
00-0036981,Christian Barmore,DT,NE,2,1,0,1,0,0.0,1,0,0,0,0
00-0036982,Chauncey Golston,DE,NYG,2,2,0,0,0,0.0,0,0,0,0,0
00-0036986,Nahshon Wright,CB,CHI,2,0,2,0,0,0.0,0,0,0,0,0
00-0036987,Brandon Stephens,CB,NYJ,2,2,1,0,0,0.0,0,0,0,0,0
00-0036989,Malcolm Koonce,DE,LV,2,0,1,0,0,0.0,0,0,0,0,0
00-0036990,Divine Deablo,LB,ATL,2,1,3,0,0,0.0,0,0,1,0,0
00-0036993,Ifeatu Melifonwu,SAF,MIA,2,2,1,0,0,0.0,0,0,0,0,0
00-0036994,Ernest Jones,LB,SEA,2,8,2,0,0,0.0,0,0,0,0,0
00-0036995,Baron Browning,LB,ARI,2,1,0,1,0,0.0,1,1,1,0,0
00-0036996,Greg Newsome II,CB,CLE,2,5,1,1,0,0.0,0,0,0,0,0
00-0036998,Jevon Holland,SAF,NYG,2,6,1,0,0,0.0,0,0,0,0,0
00-0037000,Monty Rice,LB,DET,2,0,2,0,0,0.0,0,0,0,0,0
00-0037003,Chazz Surratt,LB,SEA,2,0,1,0,0,0.0,0,0,0,0,0
00-0037005,Tommy Tremble,TE,CAR,2,1,0,0,0,0.0,0,0,0,0,0
00-0037007,Patrick Jones II,LB,CAR,2,3,1,1,0,0.0,1,0,1,0,0
00-0037034,Dee Alford,CB,ATL,2,3,1,0,0,0.0,0,0,0,0,0
00-0037051,Elijah Garcia,DE,NYG,2,1,0,1,0,1.0,1,0,0,0,0
00-0037073,Jordan Davis,DT,PHI,2,3,2,0,0,0.0,0,0,2,0,0
00-0037074,Quay Walker,LB,GB,2,4,4,0,0,0.0,1,0,0,0,0
00-0037075,Devonte Wyatt,DT,GB,2,2,0,1,0,1.0,2,0,2,0,0
00-0037079,Riq Woolen,CB,SEA,2,3,0,0,0,0.0,0,0,0,0,0
00-0037082,Dominique Robinson,DE,CHI,2,1,0,0,0,0.0,0,0,0,0,0
00-0037083,Kingsley Enagbare,LB,GB,2,2,0,0,0,0.0,0,0,0,0,0
00-0037085,Tyler Badie,RB,DEN,2,0,1,0,0,0.0,0,0,0,0,0
00-0037093,Dareke Young,WR,SEA,2,0,1,0,0,0.0,0,0,0,0,0
00-0037106,Jaylon Jones,DB,CHI,2,0,1,0,0,0.0,0,0,0,0,0
00-0037109,Jack Sanborn,LB,DAL,2,4,4,0,0,0.0,0,0,0,0,0
00-0037129,Josh Blackwell,CB,CHI,2,1,0,0,0,0.0,0,0,0,0,0
00-0037130,Reed Blankenship,SAF,PHI,2,0,2,0,0,0.0,0,0,0,0,0
00-0037137,Josh Jobe,CB,SEA,2,3,1,0,0,0.0,0,0,1,0,0
00-0037155,Tony Adams,SAF,NYJ,2,4,1,0,0,0.0,0,0,0,0,0
00-0037190,Sauce Gardner,CB,NYJ,2,3,0,0,0,0.0,0,0,1,0,0
00-0037191,Trent McDuffie,CB,KC,2,3,0,0,0,0.0,0,0,1,0,0
00-0037192,George Karlaftis,DE,KC,2,1,2,0,0,0.0,0,0,0,0,0
00-0037193,Bryan Cook,SAF,KC,2,4,0,0,0,0.0,0,0,1,0,0
00-0037195,Jaylen Watson,CB,KC,2,2,7,0,0,0.0,0,0,0,0,0
00-0037205,Brenden Schooler,SAF,NE,2,0,1,0,0,0.0,0,0,0,0,0
00-0037235,Travon Walker,DE,JAX,2,3,2,1,0,1.0,3,0,1,0,0
00-0037236,Aidan Hutchinson,DE,DET,2,1,1,1,0,1.0,1,0,0,0,0
00-0037237,Derek Stingley Jr.,CB,HOU,2,3,0,0,0,0.0,0,0,2,0,0
00-0037238,Drake London,WR,ATL,2,1,0,0,0,0.0,0,0,0,0,0
00-0037242,Kaiir Elam,CB,DAL,2,6,3,0,0,0.0,0,0,0,0,0
00-0037244,Devin Lloyd,LB,JAX,2,2,3,0,0,0.0,1,1,1,0,0
00-0037246,Jalen Pitre,SAF,HOU,2,4,1,0,0,0.0,0,0,0,0,0
00-0037249,Nik Bonitto,LB,DEN,2,1,2,0,0,0.0,1,0,0,0,0
00-0037251,Alex Wright,DE,CLE,2,0,1,0,0,0.0,0,0,0,0,0
00-0037253,Marcus Jones,CB,NE,2,4,1,1,0,0.0,0,0,0,0,0
00-0037254,Terrel Bernard,LB,BUF,2,2,2,0,0,0.0,1,0,0,0,0
00-0037262,Thomas Booker,DT,LV,2,0,1,0,0,0.0,0,0,0,0,0
00-0037268,Zyon McCollum,CB,TB,2,4,1,0,0,0.0,0,0,0,0,0
00-0037280,Matthew Butler,DT,MIA,2,1,2,0,0,0.0,0,0,0,0,0
00-0037281,Damone Clark,LB,DAL,2,2,2,0,0,0.0,0,0,0,0,0
00-0037288,Christian Benford,CB,BUF,2,1,2,1,0,0.0,0,0,0,0,0
00-0037291,Jalen Nailor,WR,MIN,2,1,0,0,0,0.0,0,0,0,0,0
00-0037292,Andrew Ogletree,TE,IND,2,0,1,0,0,0.0,0,0,0,0,0
00-0037294,Jordan Jackson,DT,DEN,2,1,0,0,0,0.0,0,0,0,0,0
00-0037301,Theo Jackson,DB,MIN,2,5,4,0,0,0.0,0,0,0,0,0
00-0037310,James Houston,DE,DAL,2,1,1,1,0,1.0,1,0,0,0,0
00-0037315,Cameron Goode,LB,MIA,2,1,2,0,0,0.0,0,0,0,0,0
00-0037316,Mark Robinson,LB,NE,2,1,0,0,0,0.0,0,0,0,0,0
00-0037321,Chase Lucas,CB,SF,2,1,0,0,0,0.0,0,0,0,0,0
00-0037323,Rodney Thomas,SAF,IND,2,1,0,0,0,0.0,0,0,0,0,0
00-0037384,Ja'Quan McMillian,CB,DEN,2,1,1,0,0,0.0,0,0,0,0,0
00-0037457,Jake Hansen,LB,HOU,2,1,0,0,0,0.0,0,0,0,0,0
00-0037493,Mike Brown,SAF,TEN,2,1,0,0,0,0.0,0,0,0,0,0
00-0037512,Isaiah Pola-Mao,SAF,LV,2,3,2,0,0,0.0,0,0,0,0,0
00-0037526,Marcelino McCrary-Ball,LB,NYJ,2,2,3,0,0,0.0,0,0,0,0,0
00-0037527,Segun Olubi,LB,IND,2,0,1,0,0,0.0,0,0,0,0,0
00-0037549,Darrell Baker Jr.,CB,TEN,2,0,2,0,0,0.0,0,0,0,0,0
00-0037578,Juanyeh Thomas,SAF,DAL,2,0,3,0,0,0.0,0,0,0,0,0
00-0037587,Nate Landman,LB,LAR,2,4,4,0,0,0.0,0,0,0,0,0
00-0037596,Jack Gibbens,LB,NE,2,2,0,0,0,0.0,0,0,0,0,0
00-0037602,Sam Okuayinonu,DT,SF,2,0,1,0,0,0.0,0,0,0,0,0
00-0037611,Kayvon Thibodeaux,LB,NYG,2,4,1,1,0,1.0,2,0,1,0,0
00-0037616,Nick Cross,SAF,IND,2,5,2,0,0,0.0,0,0,1,0,0
00-0037617,Hassan Haskins,RB,LAC,2,2,0,0,0,0.0,0,0,0,0,0
00-0037661,Ja'Marcus Ingram,CB,BUF,2,1,0,0,0,0.0,0,0,0,0,0
00-0037663,Jermaine Johnson II,DE,NYJ,2,2,2,0,0,0.0,0,0,1,0,0
00-0037665,Sam Williams,DE,DAL,2,0,1,0,0,0.0,0,0,0,0,0
00-0037667,Kerby Joseph,SAF,DET,2,2,1,0,0,0.0,0,1,1,0,0
00-0037743,Daxton Hill,DB,CIN,2,9,0,1,0,0.0,0,1,1,0,0
00-0037752,Tycen Anderson,SAF,CIN,2,1,1,0,0,0.0,0,0,0,0,0
00-0037753,Cam Taylor-Britt,CB,CIN,2,2,1,0,0,0.0,0,0,2,0,0
00-0037756,Travis Jones,DT,BAL,2,1,1,0,0,0.0,0,0,0,0,0
00-0037758,Cordale Flott,CB,NYG,2,1,1,0,0,0.0,0,0,2,0,0
00-0037799,Dondrea Tillman,LB,DEN,2,1,2,0,0,0.0,0,0,0,0,0
00-0037808,DeAngelo Malone,LB,ATL,2,0,1,0,0,0.0,0,0,0,0,0
00-0037811,Chad Muma,LB,IND,2,1,0,0,0,0.0,0,0,0,0,0
00-0037815,Cameron Thomas,DE,CLE,2,1,2,0,0,0.5,1,0,0,0,0
00-0037819,Leo Chenal,LB,KC,2,2,2,1,0,0.0,0,0,0,0,0
00-0037823,Christian Harris,LB,HOU,2,1,0,0,0,0.0,0,0,0,0,0
00-0037832,Kalia Davis,DT,SF,2,1,1,0,0,0.0,0,0,0,0,0
00-0037839,Cobie Durant,CB,LAR,2,2,0,0,0,0.0,0,0,1,0,0
00-0037841,Quentin Lake,SAF,LAR,2,4,1,0,0,0.0,0,0,1,0,0
00-0037842,Derion Kendrick,CB,SEA,2,0,0,0,0,0.0,0,1,2,0,0
00-0038038,Kyle Hamilton,SAF,BAL,2,3,2,1,0,0.0,0,0,0,0,0
00-0038039,Jack Jones,CB,MIA,2,2,0,0,0,0.0,0,0,0,0,0
00-0038100,Percy Butler,SAF,WAS,2,2,0,0,0,0.0,0,0,0,0,0
00-0038106,Eyioma Uwazurike,DT,DEN,2,1,1,0,0,0.0,0,0,0,0,0
00-0038107,Micheal Clemons,DE,NYJ,2,0,2,0,0,0.0,0,0,0,0,0
00-0038116,Arnold Ebiketie,LB,ATL,2,2,0,0,0,0.0,0,0,0,0,0
00-0038121,Alontae Taylor,CB,NO,2,3,3,1,0,0.0,0,0,2,0,0
00-0038123,Dane Belton,SAF,NYG,2,2,5,0,0,0.0,0,0,1,0,0
00-0038125,Roger McCreary,CB,TEN,2,3,4,0,0,0.0,0,0,1,0,0
00-0038127,Logan Hall,DE,TB,2,2,0,0,0,0.0,0,0,0,0,0
00-0038133,Boye Mafe,DE,SEA,2,0,1,0,0,0.0,0,0,0,0,0
00-0038135,Jaquan Brisker,SAF,CHI,2,5,2,0,0,0.0,0,0,0,0,0
00-0038136,Coby Bryant,CB,SEA,2,2,2,0,0,0.0,0,1,1,0,0
00-0038359,Xavier Smith,WR,LAR,2,1,0,0,0,0.0,0,0,0,0,0
00-0038381,Kyu Blu Kelly,CB,LV,2,2,0,1,0,0.0,0,0,1,0,0
00-0038386,Jalen Carter,DT,PHI,2,0,1,1,0,0.0,3,0,0,0,0
00-0038387,Colby Wooden,DE,GB,2,1,0,0,0,0.0,0,0,0,0,0
00-0038390,Noah Sewell,LB,CHI,2,3,2,1,0,0.0,0,0,0,0,0
00-0038398,Karl Brooks,DT,GB,2,0,3,0,0,0.5,1,0,0,0,0
00-0038408,Carrington Valentine,DB,GB,2,2,0,0,0,0.0,0,0,0,0,0
00-0038412,Moro Ojomo,DT,PHI,2,1,1,1,0,1.0,2,0,0,0,0
00-0038465,Malik Heath,WR,GB,2,1,0,0,0,0.0,0,0,0,0,0
00-0038488,Brady Russell,RB,SEA,2,0,1,0,0,0.0,0,0,0,0,0
00-0038504,Trenton Simpson,LB,BAL,2,3,1,0,0,0.0,0,0,0,0,0
00-0038505,Tavius Robinson,LB,BAL,2,4,2,1,1,1.0,1,0,0,0,0
00-0038513,Cam Jones,LB,NYJ,2,0,1,0,0,0.0,0,0,0,0,0
00-0038541,Tyree Wilson,DE,LV,2,0,0,0,0,0.0,0,0,1,0,0
00-0038549,DJ Turner II,CB,CIN,2,2,0,0,0,0.0,0,0,2,0,0
00-0038552,Riley Moss,CB,DEN,2,4,1,0,0,0.0,0,0,1,0,0
00-0038553,Daiyan Henley,LB,LAC,2,6,3,2,0,1.0,1,1,2,0,0
00-0038554,Ji'Ayir Brown,SAF,SF,2,0,1,0,0,0.0,0,0,1,0,0
00-0038557,Dorian Williams,LB,BUF,2,0,1,0,0,0.0,0,0,1,0,0
00-0038560,Jordan Battle,SAF,CIN,2,1,3,0,0,0.0,0,1,1,0,0
00-0038565,Mekhi Blackmon,DB,IND,2,4,1,0,0,0.0,0,0,0,0,0
00-0038570,Ventrell Miller,LB,JAX,2,0,0,0,0,0.0,0,0,1,0,0
00-0038574,Isaiah McGuire,DE,CLE,2,0,1,0,0,0.0,0,0,0,0,0
00-0038577,Nick Herbig,LB,PIT,2,1,1,2,0,0.0,1,1,1,0,0
00-0038578,Jay Ward,SAF,MIN,2,1,0,0,0,0.0,0,0,0,0,0
00-0038580,Yasir Abdullah,LB,JAX,2,0,1,0,0,0.0,0,0,0,0,0
00-0038585,Cameron Mitchell,DB,CLE,2,0,1,0,1,0.0,0,0,0,0,0
00-0038591,Mike Morris,DE,SEA,2,2,0,0,0,0.0,0,0,0,0,0
00-0038594,Darrell Luter Jr.,CB,SF,2,1,1,0,0,0.0,0,0,0,0,0
00-0038596,Antonio Johnson,SAF,JAX,2,0,1,0,0,0.0,0,0,0,0,0
00-0038597,Chase Brown,RB,CIN,2,1,0,0,0,0.0,0,0,0,0,0
00-0038599,Henry To'oTo'o,LB,HOU,2,7,4,1,0,0.0,0,0,0,0,0
00-0038600,Owen Pappoe,LB,ARI,2,1,0,0,0,0.0,0,0,0,0,0
00-0038602,Chris Smith II,S,LV,2,0,1,0,0,0.0,0,0,0,0,0
00-0038605,JL Skinner,SAF,DEN,2,0,1,0,0,0.0,0,0,0,0,0
00-0038623,Dante Stills,DT,ARI,2,0,2,0,0,0.0,0,0,1,0,0
00-0038625,Dee Winters,LB,SF,2,6,2,0,0,0.0,0,0,0,0,0
00-0038628,DeMarcco Hellams,SAF,ATL,2,1,1,0,0,0.0,0,0,0,0,0
00-0038646,Alex Austin,CB,NE,2,3,0,0,0,0.0,0,0,0,0,0
00-0038653,Cory Durden,DT,NE,2,0,1,0,0,0.0,0,0,0,0,0
00-0038678,Jordan Mims,RB,TEN,2,1,0,0,0,0.0,0,0,0,0,0
00-0038711,Mohamoud Diabate,LB,CLE,2,0,1,0,0,0.0,0,0,0,0,0
00-0038715,Ronnie Hickman Jr.,SAF,CLE,2,2,2,0,0,0.0,0,0,0,0,0
00-0038738,Hunter Luepke,RB,DAL,2,0,2,0,0,0.0,0,0,0,0,0
00-0038765,Ty Okada,SAF,SEA,2,1,0,0,0,0.0,0,0,0,0,0
00-0038778,Jalen Redmond,DL,MIN,2,2,3,2,0,1.0,1,0,0,0,0
00-0038788,Art Green,CB,NYG,2,1,0,0,0,0.0,0,0,0,0,0
00-0038791,Thomas Incoom,LB,CAR,2,1,1,0,0,0.0,0,0,0,0,0
00-0038795,PJ Mustipher,DT,ARI,2,1,2,0,0,0.0,0,0,0,0,0
00-0038807,Ivan Pace Jr.,LB,MIN,2,6,2,1,0,0.0,0,0,0,0,0
00-0038820,Christian Izien,SAF,TB,2,1,0,0,0,0.0,0,0,0,0,0
00-0038823,Kaevon Merriweather,SAF,TB,2,2,1,0,0,0.0,0,0,0,0,0
00-0038824,Ryan Miller,WR,TB,2,1,0,0,0,0.0,0,0,0,0,0
00-0038840,Brycen Tremayne,WR,CAR,2,1,1,0,0,0.0,0,0,0,0,0
00-0038851,Caleb Murphy,LB,LAC,2,1,1,0,0,0.0,0,0,0,0,0
00-0038890,Shaka Heyward,LB,CIN,2,0,1,0,0,0.0,0,0,0,0,0
00-0038896,Jacob Saylors,RB,DET,2,1,1,0,0,0.0,0,0,0,0,0
00-0038978,Byron Young,DT,PHI,2,0,1,0,0,0.0,0,0,0,0,0
00-0038980,Zach Harrison,DE,ATL,2,2,3,1,1,1.5,2,0,0,0,0
00-0038982,Chamarri Conner,DB,KC,2,3,6,0,0,0.0,1,0,0,0,0
00-0038984,Kei'Trel Clark,CB,ARI,2,1,1,0,0,0.0,0,0,1,0,0
00-0038995,Bryan Bresee,DT,NO,2,0,0,0,0,0.0,1,0,1,0,0
00-0039000,Deonte Banks,CB,NYG,2,6,0,2,0,0.0,0,0,0,0,0
00-0039002,Sydney Brown,SAF,PHI,2,0,1,0,0,0.0,0,0,0,0,0
00-0039007,Garrett Williams,CB,ARI,2,5,2,0,0,0.0,0,0,1,0,0
00-0039013,Nolan Smith,LB,PHI,2,0,3,0,1,0.0,0,0,0,0,0
00-0039018,Jack Campbell,LB,DET,2,4,4,0,0,0.0,0,0,0,0,0
00-0039021,Roschon Johnson,RB,CHI,2,1,0,0,0,0.0,0,0,0,0,0
00-0039031,Adetomiwa Adebawore,DT,IND,2,0,2,1,0,0.0,0,0,0,0,0
00-0039041,Elijah Higgins,TE,ARI,2,0,1,0,0,0.0,0,0,0,0,0
00-0039047,Derick Hall,LB,SEA,2,1,0,0,0,0.0,2,0,0,0,0
00-0039049,SirVocea Dennis,LB,TB,2,2,0,1,0,0.0,1,0,0,0,0
00-0039051,Josh Hayes,DB,TB,2,0,1,0,0,0.0,0,0,0,0,0
00-0039054,Marte Mapu,LB,NE,2,0,0,0,0,0.0,0,1,1,0,0
00-0039063,Calijah Kancey,DT,TB,2,1,0,1,0,0.0,0,0,0,0,0
00-0039066,Michael Mayer,TE,LV,2,1,0,0,0,0.0,0,0,0,0,0
00-0039068,Yaya Diaby,LB,TB,2,1,1,0,0,0.0,0,0,0,0,0
00-0039070,Gervon Dexter Sr.,DT,CHI,2,1,0,1,0,0.0,1,0,0,0,0
00-0039071,Tyrique Stevenson,CB,CHI,2,4,2,1,0,0.0,0,0,0,0,0
00-0039108,Will Anderson Jr.,DE,HOU,2,3,1,1,0,1.0,1,0,0,0,0
00-0039110,Keeanu Benton,DT,PIT,2,0,1,0,0,0.0,1,0,0,0,0
00-0039111,Tuli Tuipulotu,LB,LAC,2,4,1,1,0,0.0,1,0,2,0,0
00-0039112,Lukas Van Ness,LB,GB,2,3,0,1,0,0.0,1,0,0,0,0
00-0039137,Byron Young,LB,LAR,2,3,1,2,1,2.0,2,0,0,0,0
00-0039138,Kobie Turner,DE,LAR,2,3,0,1,0,1.0,2,0,0,0,0
00-0039140,Kelee Ringo,CB,PHI,2,1,1,0,0,0.0,0,0,0,0,0
00-0039141,Brian Branch,CB,DET,2,5,0,2,1,1.0,1,0,1,0,0
00-0039149,Quan Martin,SAF,WAS,2,4,3,0,0,0.0,1,0,0,0,0
00-0039151,Emmanuel Forbes,CB,LAR,2,3,0,0,0,0.0,0,0,1,0,0
00-0039232,Nate Wiggins,CB,BAL,2,2,1,1,0,0.0,0,1,3,0,0
00-0039234,T.J. Tampa,CB,BAL,2,1,1,0,0,0.0,0,0,1,0,0
00-0039241,Beau Brade,SAF,NYG,2,0,1,0,0,0.0,0,0,0,0,0
00-0039284,Braiden McGregor,DE,NYJ,2,2,2,0,0,0.0,0,0,0,0,0
00-0039289,Leonard Taylor III,DT,NYJ,2,0,1,0,0,0.0,0,0,1,0,0
00-0039309,Byron Murphy II,DT,SEA,2,2,3,1,0,1.5,3,0,0,0,0
00-0039313,Swayze Bozeman,LB,NYG,2,0,1,0,0,0.0,0,0,0,0,0
00-0039332,C.J. Ravenell,DE,TEN,2,1,0,0,0,0.0,0,0,0,0,0
00-0039337,Malik Nabers,WR,NYG,2,1,0,0,0,0.0,0,0,0,0,0
00-0039343,Kamari Lassiter,CB,HOU,2,4,1,0,0,0.0,0,0,0,0,0
00-0039345,Renardo Green,CB,SF,2,5,0,0,0,0.0,0,0,1,0,0
00-0039347,Trevin Wallace,LB,CAR,2,1,2,0,0,0.0,0,0,0,0,0
00-0039353,Jarrian Jones,CB,JAX,2,2,0,0,0,0.0,0,0,1,0,0
00-0039357,Decamerion Richardson,CB,LV,2,1,0,0,0,0.0,0,0,0,0,0
00-0039366,Tarheeb Still,CB,LAC,2,6,2,1,0,0.0,0,0,2,0,0
00-0039369,Cam Hart,CB,LAC,2,2,0,0,0,0.0,0,0,0,0,0
00-0039371,Kris Abrams-Draine,CB,DEN,2,1,0,0,0,0.0,0,0,0,0,0
00-0039372,Jarvis Brownlee Jr.,DB,TEN,2,5,3,0,0,0.0,0,0,0,0,0
00-0039374,Tommy Eichenberg,LB,LV,2,1,0,0,0,0.0,0,0,0,0,0
00-0039380,Chau Smith-Wade,CB,CAR,2,1,1,0,0,0.0,0,0,0,0,0
00-0039396,Mekhi Wingo,DT,DET,2,1,0,0,0,0.0,0,0,0,0,0
00-0039400,Zion Logue,DT,BUF,2,0,1,0,0,0.5,1,0,1,0,0
00-0039407,Dylan Laube,RB,LV,2,1,0,0,0,0.0,0,0,0,0,0
00-0039410,Ryan Flournoy,WR,DAL,2,2,0,0,0,0.0,0,0,0,0,0
00-0039412,Javontae Jean-Baptiste,LB,WAS,2,1,1,0,0,0.0,0,0,0,0,0
00-0039417,Myles Harden,CB,CLE,2,1,0,0,0,0.0,0,0,1,0,0
00-0039421,Levi Drake Rodriguez,DL,MIN,2,0,2,0,0,0.0,0,0,0,0,0
00-0039423,Jonah Laulu,DT,LV,2,2,1,3,0,2.0,3,0,0,0,0
00-0039431,Jowon Briggs,DE,NYJ,2,4,1,1,1,1.0,2,0,0,0,0
00-0039435,Tatum Bethune,LB,SF,2,1,0,0,0,0.0,0,0,0,0,0
00-0039465,Reddy Steward,DB,DAL,2,2,2,0,0,0.0,0,0,1,0,0
00-0039530,Brevyn Spann-Ford,TE,DAL,2,0,3,0,0,0.0,0,0,0,0,0
00-0039650,Bryce Oliver,WR,TEN,2,1,0,0,0,0.0,0,0,0,0,0
00-0039692,Dell Pettus,SAF,NE,2,1,1,0,0,0.0,0,0,0,0,0
00-0039733,Ruke Orhorhoro,DT,ATL,2,0,1,0,0,0.5,1,0,0,0,0
00-0039740,Jalyx Hunt,LB,PHI,2,0,0,0,0,0.0,1,0,0,0,0
00-0039741,Payton Wilson,LB,PIT,2,8,2,1,0,1.0,1,0,0,0,0
00-0039749,Tyler Davis,DE,LAR,2,2,3,0,0,0.0,0,0,0,0,0
00-0039763,Joe Andreessen,LB,BUF,2,3,1,0,0,0.0,0,0,0,0,0
00-0039774,Omar Speights,LB,LAR,2,1,2,0,0,0.0,0,0,0,0,0
00-0039776,Jaylen McCollough,SAF,LAR,2,2,2,0,0,0.0,0,0,0,0,0
00-0039789,Qwan'tez Stiggers,DB,NYJ,2,1,0,0,0,0.0,0,0,0,0,0
00-0039793,AJ Barner,TE,SEA,2,0,1,0,0,0.0,0,0,0,0,0
00-0039796,Rasheen Ali,RB,BAL,2,1,0,0,0,0.0,0,0,0,0,0
00-0039807,Max Melton,CB,ARI,2,2,0,0,0,0.0,0,0,0,0,0
00-0039809,Jonah Elliss,LB,DEN,2,1,0,1,0,0.0,1,0,0,0,0
00-0039812,Ty'Ron Hopper,LB,GB,2,1,0,0,0,0.0,0,0,0,0,0
00-0039813,Evan Williams,SAF,GB,2,2,3,0,0,0.0,0,0,0,0,0
00-0039815,Tyrice Knight,LB,SEA,2,5,3,0,0,0.0,0,0,0,0,0
00-0039818,Kitan Oladapo,SAF,GB,2,1,0,0,0,0.0,0,0,0,0,0
00-0039821,Andru Phillips,DB,NYG,2,8,3,1,0,0.0,0,1,2,0,0
00-0039825,Jaden Hicks,SAF,KC,2,1,1,0,0,0.0,0,0,0,0,0
00-0039826,Jeremiah Trotter Jr.,LB,PHI,2,1,0,0,0,0.0,0,0,0,0,0
00-0039829,Darius Muasau,LB,NYG,2,1,0,0,0,0.0,0,0,0,0,0
00-0039834,Kamren Kinchens,SAF,LAR,2,5,3,0,0,0.0,0,0,0,0,0
00-0039835,Justin Eboigbe,DT,LAC,2,1,1,0,0,0.0,0,0,0,0,0
00-0039836,Brennan Jackson,LB,LV,2,0,1,0,0,0.0,0,0,0,0,0
00-0039838,Calen Bullock,SAF,HOU,2,3,0,0,0,0.0,0,0,0,0,0
00-0039841,Cooper DeJean,CB,PHI,2,5,2,0,0,0.0,0,0,0,0,0
00-0039846,Tykee Smith,DB,TB,2,4,2,2,0,1.0,1,0,0,0,0
00-0039850,Edgerrin Cooper,LB,GB,2,7,3,0,0,0.5,2,0,0,0,0
00-0039852,Jared Verse,DE,LAR,2,1,1,0,0,0.0,2,0,0,0,0
00-0039854,Darius Robinson,DL,ARI,2,1,0,0,0,0.0,0,0,0,0,0
00-0039858,Cedric Gray,LB,TEN,2,3,2,0,0,0.0,0,0,0,0,0
00-0039859,Brandon Dorlus,DE,ATL,2,1,2,1,0,1.5,2,0,0,0,0
00-0039860,Kool-Aid McKinstry,CB,NO,2,1,0,0,0,0.0,0,0,0,0,0
00-0039861,Tyler Nubin,SAF,NYG,2,5,0,1,0,0.0,0,0,0,0,0
00-0039864,Dadrion Taylor-Demerson,SAF,ARI,2,1,3,0,0,0.0,0,0,0,0,0
00-0039867,Javon Bullard,SAF,GB,2,5,0,0,0,0.0,0,0,0,0,0
00-0039872,Cole Bishop,SAF,BUF,2,4,1,1,0,1.0,1,0,0,0,0
00-0039888,Quinyon Mitchell,CB,PHI,2,3,0,0,0,0.0,0,0,0,0,0
00-0039889,Maason Smith,DT,JAX,2,0,1,0,0,0.0,0,0,0,0,0
00-0039893,Brian Thomas Jr.,WR,JAX,2,1,0,0,0,0.0,0,0,0,0,0
00-0039896,Zach Frazier,C,PIT,2,1,0,0,0,0.0,0,0,0,0,0
00-0039898,Mike Sainristil,CB,WAS,2,5,1,0,0,0.0,0,0,0,0,0
00-0039900,Marshawn Kneeland,DE,DAL,2,0,1,0,0,0.0,0,0,0,0,0
00-0039903,Terrion Arnold,CB,DET,2,6,0,0,0,0.0,0,0,1,0,0
00-0039906,Jer'Zhan Newton,DT,WAS,2,1,0,0,0,0.0,0,0,0,0,0
00-0039908,Kris Jenkins,DT,CIN,2,2,1,0,0,0.0,0,0,0,0,0
00-0039911,Chop Robinson,LB,MIA,2,2,0,1,0,1.0,1,0,0,0,0
00-0039924,Dallas Turner,LB,MIN,2,3,2,1,0,1.0,1,0,0,0,0
00-0039925,Amarius Mims,OT,CIN,2,1,0,0,0,0.0,0,0,0,0,0
00-0040009,Savion Williams,WR,GB,2,0,1,0,0,0.0,0,0,0,0,0
00-0040010,Barryn Sorrell,DE,GB,2,0,1,0,0,0.5,1,0,0,0,0
00-0040044,Zion Childress,DB,DAL,2,0,1,0,0,0.0,0,0,0,0,0
00-0040069,Teddye Buchanan,LB,BAL,2,2,4,0,0,0.0,0,0,0,0,0
00-0040072,Jeffrey Bassa,LB,KC,2,2,0,0,0,0.0,0,0,0,0,0
00-0040076,Aeneas Peebles,DT,BAL,2,1,0,0,0,0.0,0,0,0,0,0
00-0040089,Kevin Knowles,DB,KC,2,1,0,0,0,0.0,0,0,0,0,0
00-0040116,Josh Simmons,OT,KC,2,1,0,0,0,0.0,0,0,0,0,0
00-0040127,Kenneth Grant,DT,MIA,2,1,1,0,0,0.0,0,0,1,0,0
00-0040133,Azareye'h Thomas,CB,NYJ,2,0,1,0,0,0.0,0,0,0,0,0
00-0040136,Princely Umanmielen,LB,CAR,2,1,0,1,0,1.0,1,0,0,0,0
00-0040137,Jordan Burch,LB,ARI,2,2,0,0,0,0.0,0,0,0,0,0
00-0040143,Jacob Parrish,CB,TB,2,1,0,0,0,0.0,0,0,1,0,0
00-0040144,Jamaree Caldwell,DT,LAC,2,1,0,1,0,1.0,1,0,0,0,0
00-0040148,Xavier Watts,SAF,ATL,2,1,1,0,0,0.0,0,1,1,0,0
00-0040149,Jaylin Smith,CB,HOU,2,1,1,0,0,0.0,0,0,0,0,0
00-0040152,Upton Stout,CB,SF,2,4,1,1,0,1.0,1,0,0,0,0
00-0040155,Danny Stutsman,LB,NO,2,1,0,0,0,0.0,0,0,0,0,0
00-0040156,Billy Bowman Jr.,CB,ATL,2,2,2,0,0,0.0,0,1,2,0,0
00-0040159,Lathan Ransom,SAF,CAR,2,1,3,0,0,0.0,0,0,0,0,0
00-0040160,Jack Sawyer,LB,PIT,2,3,3,2,0,1.0,1,0,0,0,0
00-0040165,Malachi Moore,SAF,NYJ,2,1,4,0,0,0.0,0,0,0,0,0
00-0040166,Quincy Riley,CB,NO,2,1,0,0,0,0.0,0,0,0,0,0
00-0040167,Ruben Hyppolite II,LB,CHI,2,1,0,0,0,0.0,0,0,0,0,0
00-0040173,Tyrion Ingram-Dawkins,DT,MIN,2,0,2,0,0,0.0,0,0,0,0,0
00-0040175,Jordan Phillips,DT,MIA,2,0,3,0,0,0.0,0,0,0,0,0
00-0040182,Dante Trader Jr.,SAF,MIA,2,2,0,0,0,0.0,0,0,0,0,0
00-0040183,Elijah Roberts,DE,TB,2,0,1,0,0,0.5,1,0,0,0,0
00-0040185,Marques Sigle,SAF,SF,2,2,3,0,0,0.0,0,0,0,0,0
00-0040186,Francisco Mauigoa,LB,NYJ,2,0,3,0,0,0.0,0,0,0,0,0
00-0040188,Yahya Black,DE,PIT,2,2,1,0,0,0.0,0,0,0,0,0
00-0040195,Denzel Burke,CB,ARI,2,0,0,0,0,0.0,0,0,3,0,0
00-0040197,Dorian Strong,CB,BUF,2,2,0,0,0,0.0,0,0,0,0,0
00-0040208,Tahj Brooks,RB,CIN,2,1,0,0,0,0.0,0,0,0,0,0
00-0040213,Rayuan Lane III,SAF,JAX,2,1,0,0,0,0.0,0,0,0,0,0
00-0040228,Cody Lindenberg,LB,LV,2,0,1,0,0,0.0,0,0,0,0,0
00-0040230,Kitan Crawford,SAF,ARI,2,1,0,0,0,0.0,0,0,0,0,0
00-0040231,Carson Bruener,LB,PIT,2,1,1,0,0,0.0,0,0,0,0,0
00-0040255,Adin Huntington,DE,CLE,2,0,1,0,0,0.0,0,0,0,0,0
00-0040289,Bam Martin-Scott,LB,CAR,2,1,0,0,0,0.0,0,0,0,0,0
00-0040362,Keonta Jenkins,LB,BUF,2,1,1,0,0,0.0,0,0,0,0,0
00-0040416,John Bullock,LB,TB,2,1,0,0,0,0.0,0,0,0,0,0
00-0040432,Beaux Collins,WR,NYG,2,0,2,0,0,0.0,0,0,0,0,0
00-0040460,Marlowe Wax,LB,LAC,2,1,1,0,0,0.0,0,0,0,0,0
00-0040503,Dorian Mausi,LB,TEN,2,0,1,0,0,0.0,0,0,0,0,0
00-0040574,Elijah Ponder,LB,NE,2,0,1,0,0,0.0,0,0,0,0,0
00-0040577,Jalon Walker,LB,ATL,2,1,1,1,0,1.0,1,0,0,0,0
00-0040578,James Pearce Jr.,DE,ATL,2,0,2,0,0,0.5,1,0,0,0,0
00-0040579,Carson Schwesinger,LB,CLE,2,2,3,0,0,0.0,0,0,0,0,0
00-0040580,Josaiah Stewart,LB,LAR,2,2,0,1,0,1.0,2,0,0,0,0
00-0040581,Dont'e Thornton Jr.,WR,LV,2,1,0,0,0,0.0,0,0,0,0,0
00-0040584,Gunnar Helm,TE,TEN,2,1,0,0,0,0.0,0,0,0,0,0
00-0040585,Ty Hamilton,DT,LAR,2,0,2,0,0,0.0,0,0,0,0,0
00-0040613,Shaun Dolac,LB,LAR,2,2,0,0,0,0.0,0,0,0,0,0
00-0040636,Keyon Martin,CB,BAL,2,4,0,0,0,0.0,0,0,0,0,0
00-0040640,Ashton Gillotte,DE,KC,2,1,2,1,0,0.0,0,0,0,0,0
00-0040642,Vernon Broughton,DT,NO,2,0,3,0,0,0.0,0,0,0,0,0
00-0040643,Jonas Sanker,SAF,NO,2,5,3,0,0,0.0,0,0,0,0,0
00-0040649,Robbie Ouzts,RB,SEA,2,1,1,0,0,0.0,0,0,0,0,0
00-0040660,Mykel Williams,DE,SF,2,4,1,2,0,0.0,0,0,0,0,0
00-0040670,Nohl Williams,CB,KC,2,1,1,0,0,0.0,0,0,2,0,0
00-0040672,Tyleik Williams,DT,DET,2,0,0,0,0,0.0,0,0,2,0,0
00-0040677,Abdul Carter,LB,NYG,2,1,0,0,0,0.0,1,0,0,0,0
00-0040685,Mason Graham,DT,CLE,2,3,2,1,0,0.0,0,0,0,0,0
00-0040688,Malaki Starks,SAF,BAL,2,3,3,0,0,0.0,0,0,0,0,0
00-0040694,Darius Alexander,DT,NYG,2,0,0,0,0,0.0,1,0,0,0,0
00-0040708,Jihaad Campbell,LB,PHI,2,5,2,0,0,0.0,1,0,0,0,0
00-0040710,Deone Walker,DT,BUF,2,2,0,0,0,0.0,0,0,0,0,0
00-0040716,Craig Woodson,SAF,NE,2,4,2,0,0,0.0,0,0,0,0,0
00-0040718,Travis Hunter,CB,JAX,2,2,0,0,0,0.0,0,0,1,0,0
00-0040720,Jahdae Barron,CB,DEN,2,0,0,0,0,0.0,0,0,1,0,0
00-0040721,Alfred Collins,DT,SF,2,0,2,0,0,0.0,1,0,0,0,0
00-0040722,Mike Green,LB,BAL,2,0,2,0,0,0.0,1,0,0,0,0
00-0040724,T.J. Sanders,DT,BUF,2,1,0,0,0,0.0,0,0,0,0,0
00-0040725,Donovan Ezeiruaku,DE,DAL,2,0,0,0,0,0.0,2,0,0,0,0
00-0040731,Trey Amos,CB,WAS,2,1,1,0,0,0.0,0,0,2,0,0
00-0040738,Demetrius Knight Jr.,LB,CIN,2,2,3,0,0,0.0,0,0,0,0,0
00-0040746,Nic Scourton,LB,CAR,2,0,1,0,0,0.0,0,0,0,0,0
00-0040748,Omarr Norman-Lott,DT,KC,2,2,0,1,0,1.0,1,0,0,0,0
00-0040749,Andrew Mukuba,SAF,PHI,2,4,1,1,0,0.5,1,1,1,0,0
00-0040751,Will Johnson,CB,ARI,2,2,1,0,0,0.0,0,0,1,0,0
00-0040752,Oluwafemi Oladejo,DE,TEN,2,0,2,0,0,0.0,0,0,0,0,0
00-0040756,Shemar Stewart,DE,CIN,2,1,1,0,0,0.0,0,0,0,0,0
00-0026190,Calais Campbell,DE,ARI,3,1,0,0,0,0.0,3,0,0,0,0
00-0027857,Trent Williams,OT,SF,3,1,0,0,0,0.0,0,0,0,0,0
00-0027940,Von Miller,OLB,WAS,3,2,0,1,0,1.0,1,0,0,0,0
00-0027962,Cameron Jordan,LB,NO,3,1,2,1,0,0.0,0,0,0,0,0
00-0027969,Cameron Heyward,DE,PIT,3,3,3,0,1,1.0,1,0,1,0,0
00-0029255,Bobby Wagner,MLB,WAS,3,6,5,2,0,2.0,3,0,0,0,0
00-0029562,Lavonte David,OLB,TB,3,7,4,1,0,1.0,2,0,0,0,0
00-0029606,Harrison Smith,FS,MIN,3,0,0,0,0,0.0,0,0,1,0,0
00-0029607,Demario Davis,OLB,NO,3,1,9,1,0,0.0,0,0,0,0,0
00-0030062,Darius Slay,CB,PIT,3,3,0,0,0,0.0,0,0,1,0,0
00-0030070,John Jenkins,DT,BAL,3,5,3,1,0,0.0,0,0,0,0,0
00-0030294,Tony Jefferson,S,LAC,3,4,1,0,0,0.0,0,0,1,0,0
00-0030615,James Winchester,LS,KC,3,1,0,0,0,0.0,0,0,0,0,0
00-0030757,Mike Pennel,DT,CIN,3,2,0,0,0,0.0,0,0,0,0,0
00-0031054,DaQuan Jones,DT,BUF,3,1,0,1,0,0.0,0,0,0,0,0
00-0031177,Brent Urban,DE,BAL,3,0,1,0,0,0.0,0,0,0,0,0
00-0031270,Shelby Harris,DE,CLE,3,0,1,1,0,0.0,0,0,0,0,0
00-0031381,Davante Adams,WR,LAR,3,1,0,0,0,0.0,0,0,0,0,0
00-0031411,DeMarcus Lawrence,LB,SEA,3,2,0,0,0,0.0,0,0,0,0,0
00-0031550,Shaq Thompson,OLB,BUF,3,4,2,1,0,0.0,0,0,0,0,0
00-0031551,Eddie Goldman,NT,WAS,3,0,1,0,0,0.0,0,0,0,0,0
00-0031565,Danielle Hunter,DE,HOU,3,0,0,0,0,0.0,1,0,0,0,0
00-0031583,Grady Jarrett,DT,CHI,3,0,0,0,0,0.0,1,0,0,0,0
00-0031740,Neville Hewitt,LB,NYG,3,2,0,0,0,0.0,0,0,0,0,0
00-0031898,Alex Singleton,LB,DEN,3,4,8,0,0,0.0,1,0,0,0,0
00-0031933,Leonard Williams,DE,SEA,3,2,2,0,0,0.5,2,0,0,0,0
00-0032052,Dante Fowler Jr.,DE,DAL,3,0,0,0,0,0.0,0,0,1,0,0
00-0032146,Bud Dupree,OLB,LAC,3,1,0,0,0,0.0,0,0,0,0,0
00-0032164,Arik Armstead,DE,JAX,3,0,1,0,0,0.5,1,0,0,0,0
00-0032378,DeForest Buckner,DT,IND,3,3,2,0,0,0.0,1,0,0,0,0
00-0032387,Jarran Reed,DT,SEA,3,0,2,0,0,0.0,2,0,0,0,0
00-0032388,Deion Jones,LB,TB,3,1,0,0,0,0.0,0,0,0,0,0
00-0032398,Chris Moore,WR,WAS,3,2,0,0,0,0.0,0,0,0,0,0
00-0032399,Miles Killebrew,SAF,PIT,3,0,1,0,0,0.0,0,0,0,0,0
00-0032424,DJ Reader,DT,DET,3,1,0,0,0,0.0,0,0,0,0,0
00-0032442,Elandon Roberts,OLB,LV,3,3,1,1,0,0.0,0,0,0,0,0
00-0032667,Roy Robertson-Harris,DE,NYG,3,1,1,0,0,0.0,0,0,0,0,0
00-0032759,Sheldon Rankins,DT,HOU,3,2,0,0,0,0.0,0,0,0,0,0
00-0032762,Chris Jones,DE,KC,3,1,0,1,0,1.0,2,0,0,0,0
00-0032889,A'Shawn Robinson,DT,CAR,3,1,1,0,0,0.0,0,0,0,0,0
00-0033038,Eric Murray,S,JAX,3,2,2,0,0,0.0,0,0,0,0,0
00-0033046,Jihad Ward,LB,TEN,3,0,0,0,0,0.0,1,0,0,0,0
00-0033050,Xavien Howard,CB,IND,3,1,1,0,0,0.0,0,0,0,0,0
00-0033051,David Onyemata,DT,ATL,3,1,3,0,0,0.0,0,0,0,0,0
00-0033055,Jalen Ramsey,CB,PIT,3,0,1,0,0,0.0,0,0,0,0,0
00-0033066,Andrew Billings,DT,CHI,3,1,0,0,0,0.0,0,0,0,0,0
00-0033072,Leonard Floyd,DE,ATL,3,0,0,0,0,0.0,1,0,0,0,0
00-0033093,Jonathan Bullard,DE,NO,3,1,0,0,0,0.0,0,0,0,0,0
00-0033109,Javon Hargrave,NT,MIN,3,0,1,0,0,0.0,0,0,0,0,0
00-0033120,Kenny Clark,NT,DAL,3,0,1,0,0,0.0,0,0,0,0,0
00-0033131,Maliek Collins,DT,CLE,3,2,3,1,0,1.5,2,0,0,0,0
00-0033132,Kevin Byard,FS,CHI,3,5,2,0,0,0.0,0,1,1,0,0
00-0033156,Joey Bosa,DE,BUF,3,0,1,0,0,0.0,1,0,0,0,0
00-0033281,Marlon Humphrey,CB,BAL,3,3,1,0,0,0.0,0,0,0,0,0
00-0033294,Chuck Clark,SAF,PIT,3,3,3,0,0,0.0,0,0,0,0,0
00-0033297,D.J. Jones,DT,DEN,3,2,0,2,0,1.0,1,0,0,0,0
00-0033336,Eric Wilson,LB,MIN,3,4,2,0,1,0.0,0,0,0,0,0
00-0033381,Adam Butler,DT,LV,3,4,1,0,0,0.0,0,0,0,0,0
00-0033393,Kenny Moore II,CB,IND,3,2,0,0,0,0.0,0,1,1,1,0
00-0033523,Jonathan Allen,DE,MIN,3,1,2,0,0,0.0,1,0,0,0,0
00-0033546,Dalvin Tomlinson,DE,ARI,3,2,0,1,0,0.0,1,0,0,0,0
00-0033547,Zach Cunningham,ILB,DET,3,2,0,1,0,0.0,0,0,0,0,0
00-0033548,Chidobe Awuzie,CB,BAL,3,2,1,0,0,0.0,0,0,0,0,0
00-0033551,Rasul Douglas,CB,MIA,3,4,3,0,0,0.0,0,0,0,0,0
00-0033576,Eric Saubert,TE,SEA,3,1,1,0,0,0.0,0,0,0,0,0
00-0033579,Xavier Woods,FS,TEN,3,5,1,0,0,0.0,0,0,1,0,0
00-0033595,Pat O'Connor,DE,DET,3,0,1,0,0,0.0,0,0,0,0,0
00-0033854,Dare Ogunbowale,RB,HOU,3,0,1,0,0,0.0,0,0,0,0,0
00-0033868,Myles Garrett,DE,CLE,3,2,4,1,0,0.5,1,0,0,0,0
00-0033870,Solomon Thomas,DE,DAL,3,0,1,0,0,0.0,0,0,0,0,0
00-0033872,Jamal Adams,LB,LV,3,0,2,0,0,0.0,0,0,0,0,0
00-0033874,Marshon Lattimore,CB,WAS,3,2,1,0,0,0.0,0,0,1,0,0
00-0033875,Haason Reddick,OLB,TB,3,2,1,1,0,0.0,0,0,0,0,0
00-0033877,Malik Hooker,FS,DAL,3,3,0,0,0,0.0,0,0,0,0,0
00-0033878,Adoree' Jackson,CB,PHI,3,3,2,0,0,0.0,0,0,0,0,0
00-0033883,Jabrill Peppers,FS,PIT,3,2,4,0,0,0.0,0,0,0,0,0
00-0033884,Tre'Davious White,CB,BUF,3,4,1,1,0,0.0,0,0,1,0,0
00-0033886,T.J. Watt,OLB,PIT,3,2,3,2,1,2.0,2,0,0,0,0
00-0033890,Budda Baker,S,ARI,3,3,3,0,0,0.0,0,0,0,0,0
00-0033902,Tanoh Kpassagnon,DE,CHI,3,1,0,0,0,0.0,0,0,0,0,0
00-0033907,Dawuane Smoot,DE,JAX,3,2,2,0,0,0.0,0,0,0,0,0
00-0033914,Alex Anzalone,MLB,DET,3,1,3,0,0,0.5,1,0,0,0,0
00-0033928,Jourdan Lewis,CB,JAX,3,3,1,1,0,0.0,0,1,2,0,0
00-0033935,Trey Hendrickson,DE,CIN,3,1,0,0,0,0.0,0,0,0,0,0
00-0033941,Rayshawn Jenkins,SAF,CLE,3,2,1,0,0,0.0,0,0,0,0,0
00-0033945,Samson Ebukam,DE,IND,3,2,1,1,0,0.0,0,0,0,0,0
00-0033952,Grover Stewart,DT,IND,3,1,4,0,0,0.0,1,0,0,0,0
00-0033964,Al-Quadin Muhammad,LB,DET,3,3,1,2,0,2.5,3,0,0,0,0
00-0034163,Jacob Martin,DE,WAS,3,1,1,0,0,0.0,0,0,0,0,0
00-0034203,Darious Williams,CB,LAR,3,2,0,0,0,0.0,0,0,0,0,0
00-0034234,Poona Ford,DT,LAR,3,2,1,1,0,1.0,1,0,0,0,0
00-0034251,Daniel Ekuale,DT,PIT,3,2,1,0,0,0.0,0,0,0,0,0
00-0034264,Jalyn Holmes,DT,WAS,3,0,1,0,0,0.0,0,0,0,0,0
00-0034275,Foley Fatukasi,DT,HOU,3,0,1,0,0,0.5,1,0,0,0,0
00-0034278,Tremon Smith,CB,HOU,3,3,1,1,0,0.0,0,0,0,0,0
00-0034285,Zach Sieler,DE,MIA,3,4,1,0,0,0.0,0,0,0,0,0
00-0034302,Frankie Luvu,LB,WAS,3,4,3,0,0,0.0,0,0,0,0,0
00-0034333,Daron Payne,NT,WAS,3,4,2,1,0,0.0,2,0,0,0,0
00-0034355,M.J. Stewart,SAF,HOU,3,1,0,0,0,0.0,0,0,0,0,0
00-0034356,Donte Jackson,CB,LAC,3,1,0,0,0,0.0,0,0,0,0,0
00-0034357,Isaiah Oliver,FS,NYJ,3,0,1,0,0,0.0,0,0,0,0,0
00-0034359,Tyquan Lewis,DE,IND,3,2,0,3,0,2.0,2,0,0,0,0
00-0034361,Justin Reid,S,NO,3,4,0,0,0,0.0,0,0,0,0,0
00-0034371,Da'Shawn Hand,DE,LAC,3,1,0,0,0,0.0,1,0,1,0,0
00-0034373,Dorance Armstrong,DE,WAS,3,2,2,2,0,1.0,1,0,0,0,0
00-0034375,Kyzir White,OLB,TEN,3,2,1,0,0,0.0,0,0,0,0,0
00-0034376,Taron Johnson,CB,BUF,3,6,2,1,0,0.0,0,0,1,0,0
00-0034381,Josh Sweat,LB,ARI,3,1,1,1,0,1.0,2,0,0,0,0
00-0034383,Dalton Schultz,TE,HOU,3,1,1,0,0,0.0,0,0,0,0,0
00-0034384,D.J. Reed,CB,DET,3,2,0,0,0,0.0,0,0,1,0,0
00-0034391,Siran Neal,DB,SF,3,0,1,0,0,0.0,0,0,0,0,0
00-0034397,Tim Settle,DT,HOU,3,1,0,1,0,0.0,0,0,1,0,0
00-0034407,Ray-Ray McCloud,WR,ATL,3,1,0,0,0,0.0,0,0,0,0,0
00-0034413,Foye Oluokun,LB,JAX,3,5,1,0,0,0.0,0,0,0,0,0
00-0034431,Zaire Franklin,OLB,IND,3,4,2,0,0,0.0,0,0,1,0,0
00-0034465,Jeremy Reaves,DB,WAS,3,2,2,0,0,0.0,1,0,0,0,0
00-0034473,Dennis Gardeck,LB,JAX,3,3,1,1,0,0.0,0,0,1,0,0
00-0034485,Jonathan Owens,SAF,CHI,3,2,0,0,0,0.0,0,0,0,0,0
00-0034488,Tavierre Thomas,SAF,MIN,3,1,2,0,0,0.0,0,0,0,0,0
00-0034573,Charvarius Ward,CB,IND,3,1,0,0,0,0.0,0,0,2,0,0
00-0034673,Tremaine Edmunds,MLB,CHI,3,3,9,0,0,0.0,0,2,2,0,0
00-0034675,Jessie Bates,FS,ATL,3,3,4,0,0,0.0,1,0,0,0,0
00-0034720,Robert Spillane,LB,NE,3,8,6,1,0,0.0,0,1,1,0,0
00-0034754,Oren Burks,ILB,CIN,3,2,3,0,1,0.0,0,0,0,0,0
00-0034760,Nathan Shepherd,DE,NO,3,1,4,1,0,0.0,0,0,0,0,0
00-0034773,Vita Vea,DT,TB,3,0,2,0,0,0.0,0,0,0,0,0
00-0034778,Carlton Davis III,CB,NE,3,2,0,0,0,0.0,0,0,0,0,0
00-0034780,Isaac Yiadom,CB,NO,3,2,0,0,0,0.0,0,0,0,0,0
00-0034782,Harrison Phillips,DT,NYJ,3,1,5,0,1,0.5,0,0,0,0,0
00-0034789,Minkah Fitzpatrick,FS,MIA,3,4,1,0,0,0.0,0,0,0,0,0
00-0034790,Derwin James,FS,LAC,3,9,2,4,0,1.0,1,0,0,0,0
00-0034792,Cornell Armstrong,DB,MIA,3,1,0,0,0,0.0,0,0,0,0,0
00-0034796,Lamar Jackson,QB,BAL,3,1,0,0,0,0.0,0,0,0,0,0
00-0034797,Jerome Baker,OLB,CLE,3,1,0,0,0,0.0,0,0,0,0,0
00-0034800,B.J. Hill,DE,CIN,3,1,2,0,0,0.0,0,0,0,0,0
00-0034805,John Franklin-Myers,DE,DEN,3,2,1,1,0,1.0,2,0,0,0,0
00-0034810,Sebastian Joseph-Day,DT,TEN,3,3,1,0,0,0.0,0,0,0,0,0
00-0034815,Fred Warner,MLB,SF,3,5,6,0,0,0.0,0,0,2,0,0
00-0034825,Arden Key,DE,TEN,3,0,0,0,0,0.0,1,0,0,0,0
00-0034828,Harold Landry III,LB,NE,3,2,6,0,1,0.0,1,0,0,0,0
00-0034829,Mike Gesicki,TE,CIN,3,1,0,0,0,0.0,0,0,0,0,0
00-0034832,Bradley Chubb,OLB,MIA,3,1,2,1,0,1.0,1,0,0,0,0
00-0034843,Mike Hughes,CB,ATL,3,1,2,0,0,0.0,0,0,0,0,0
00-0034856,Denzel Ward,CB,CLE,3,3,1,0,0,0.0,0,0,1,0,0
00-0034874,Roquan Smith,ILB,BAL,3,6,1,1,0,0.0,1,0,0,0,0
00-0034959,Andrew Beck,FB,NYJ,3,0,1,0,0,0.0,0,0,0,0,0
00-0034967,Rashan Gary,LB,GB,3,3,0,2,0,2.0,3,0,0,0,0
00-0034973,Maxx Crosby,DE,LV,3,4,3,2,0,1.0,2,0,0,0,0
00-0034987,E.J. Speed,LB,HOU,3,2,3,0,0,0.0,0,0,0,0,0
00-0034993,Marcus Epps,SAF,PHI,3,1,0,0,0,0.0,0,0,0,0,0
00-0035021,Ashton Dulin,WR,IND,3,0,1,0,0,0.0,0,0,0,0,0
00-0035133,Keisean Nixon,DB,GB,3,3,0,0,0,0.0,0,0,0,0,0
00-0035144,Mack Wilson,LB,ARI,3,6,6,1,0,0.0,0,0,2,0,0
00-0035166,Azeez Al-Shaair,LB,HOU,3,4,4,0,0,0.0,0,0,0,0,0
00-0035192,Joey Slye,K,TEN,3,1,1,0,0,0.0,0,0,0,0,0
00-0035236,Byron Murphy,CB,MIN,3,2,1,0,0,0.0,0,0,1,0,0
00-0035248,Zach Allen,DE,DEN,3,0,2,0,0,0.0,2,0,0,0,0
00-0035253,C.J. Gardner-Johnson,SAF,HOU,3,3,2,0,0,0.0,0,0,0,0,0
00-0035254,Anthony Nelson,LB,TB,3,2,0,1,0,0.0,0,0,0,0,0
00-0035262,Drue Tranquill,LB,KC,3,1,5,0,0,0.0,0,0,0,0,0
00-0035272,Andrew Van Ginkel,OLB,MIN,3,2,0,1,0,2.0,1,0,0,0,0
00-0035277,Mike Jackson,CB,CAR,3,5,1,0,0,0.0,0,1,1,0,0
00-0035279,Charles Omenihu,DE,KC,3,1,2,0,0,0.0,1,0,0,0,0
00-0035286,Cole Holcomb,LB,PIT,3,5,1,0,1,0.0,0,0,0,0,0
00-0035301,Donovan Wilson,SAF,DAL,3,4,4,0,0,0.0,0,0,1,0,0
00-0035316,Kaden Elliss,LB,ATL,3,4,4,3,0,1.0,1,0,0,0,0
00-0035352,Tyrel Dodson,LB,MIA,3,11,0,1,0,1.0,1,0,1,0,0
00-0035357,Cam Lewis,CB,BUF,3,1,0,0,0,0.0,0,0,0,0,0
00-0035378,Andrew Wingard,SAF,JAX,3,4,2,0,0,0.0,0,0,0,0,0
00-0035402,Carl Granderson,DE,NO,3,1,1,0,0,0.0,0,0,0,0,0
00-0035409,Shy Tuttle,DT,TEN,3,1,0,0,0,0.0,0,0,0,0,0
00-0035413,Luke Gifford,LB,SF,3,0,2,0,0,0.0,0,0,0,0,0
00-0035525,Devin Bush,LB,CLE,3,3,4,0,1,0.0,0,0,0,0,0
00-0035537,Ty Johnson,RB,BUF,3,1,1,0,0,0.0,0,0,0,0,0
00-0035617,Troy Reeder,LB,LAR,3,1,1,0,0,0.0,0,0,0,0,0
00-0035625,Juan Thornhill,SAF,PIT,3,3,3,0,0,0.0,0,0,0,0,0
00-0035632,Amani Hooker,SAF,TEN,3,5,0,0,0,0.0,0,0,2,0,0
00-0035637,Rock Ya-Sin,CB,DET,3,1,1,0,0,0.0,0,0,0,0,0
00-0035640,DK Metcalf,WR,PIT,3,1,0,0,0,0.0,0,0,0,0,0
00-0035642,Josh Hines-Allen,DE,JAX,3,1,1,0,0,0.5,3,0,1,0,0
00-0035643,Jeffery Simmons,DT,TEN,3,2,1,0,0,0.0,0,0,0,0,0
00-0035647,Montez Sweat,DE,CHI,3,2,0,1,0,1.0,2,0,0,0,0
00-0035655,Will Harris,SAF,WAS,3,1,1,0,0,0.0,0,0,1,0,0
00-0035663,Taylor Rapp,SAF,BUF,3,1,2,0,0,0.0,0,0,0,0,0
00-0035669,Nick Scott,SAF,CAR,3,2,1,0,0,0.0,0,0,0,0,0
00-0035672,Cody Barton,LB,TEN,3,5,1,0,0,0.0,0,0,0,0,0
00-0035678,Dre'Mont Jones,DE,TEN,3,1,1,0,0,0.0,0,0,0,0,0
00-0035680,Quincy Williams,LB,NYJ,3,3,1,1,0,0.5,2,0,1,0,0
00-0035683,Dexter Lawrence,DT,NYG,3,0,1,0,0,0.0,2,0,0,0,0
00-0035687,Bobby Okereke,ILB,NYG,3,4,4,0,0,0.0,0,0,0,0,0
00-0035697,Germaine Pratt,LB,LV,3,1,4,0,0,0.0,0,0,0,0,0
00-0035699,Jamel Dean,CB,TB,3,1,0,0,0,0.0,0,1,1,1,0
00-0035705,Jalen Thompson,DB,ARI,3,4,2,0,0,0.0,0,0,0,0,0
00-0035707,Devin White,LB,LV,3,1,3,2,0,0.0,1,0,0,0,0
00-0035713,Brian Burns,LB,NYG,3,5,1,1,1,1.0,2,0,2,0,0
00-0035717,Nick Bosa,DE,SF,3,0,2,0,1,0.0,0,0,0,0,0
00-0035718,Quinnen Williams,DT,NYJ,3,3,2,1,0,0.0,0,0,0,0,0
00-0035726,Jakob Johnson,RB,HOU,3,1,0,0,0,0.0,0,0,0,0,0
00-0035795,James Pierre,CB,PIT,3,2,0,0,0,0.0,0,0,0,0,0
00-0035857,Chris Williams,DT,CHI,3,0,0,0,0,0.0,1,0,0,0,0
00-0035895,Joe Bachie,LB,IND,3,5,0,0,0,0.0,0,0,0,0,0
00-0035942,Christian Rozeboom,LB,CAR,3,5,3,0,0,0.0,0,0,0,0,0
00-0035944,Jonah Williams,DE,NO,3,0,0,0,0,0.0,1,0,0,0,0
00-0036081,Broderick Washington,DT,BAL,3,1,3,0,0,0.0,0,0,0,0,0
00-0036124,Khalil Dorsey,CB,DET,3,1,0,0,0,0.0,0,0,0,0,0
00-0036151,Bryce Huff,DE,SF,3,2,3,1,0,1.0,2,0,1,0,0
00-0036159,Joshua Uche,LB,PHI,3,1,0,0,0,0.0,0,0,0,0,0
00-0036181,Teair Tart,DT,LAC,3,1,0,1,0,0.0,0,0,0,0,0
00-0036182,Nick Westbrook-Ikhine,WR,MIA,3,1,0,0,0,0.0,0,0,0,0,0
00-0036192,A.J. Epenesa,DE,BUF,3,2,0,0,0,0.0,0,0,0,0,0
00-0036198,Mike Onwenu,G,NE,3,1,0,0,0,0.0,0,0,0,0,0
00-0036199,Geno Stone,SAF,CIN,3,3,1,0,0,0.0,1,0,0,0,0
00-0036204,LaCale London,DE,ATL,3,3,0,1,0,0.0,0,0,0,0,0
00-0036220,Derrick Brown,DT,CAR,3,1,1,0,0,0.0,1,0,0,0,0
00-0036221,Brandon Jones,SAF,DEN,3,6,5,0,0,0.0,0,1,1,0,0
00-0036222,Isaiah Rodgers,CB,MIN,3,3,0,0,2,0.0,0,1,2,1,0
00-0036224,Jonathan Greenard,LB,MIN,3,2,1,2,0,0.0,1,0,0,0,0
00-0036231,Kyle Dugger,SAF,NE,3,1,1,0,0,0.0,0,0,0,0,0
00-0036260,Javon Kinlaw,DT,WAS,3,0,1,0,0,0.0,0,0,0,0,0
00-0036262,DaVon Hamilton,DT,JAX,3,0,0,0,0,0.0,1,0,0,0,0
00-0036266,Jordan Elliott,DT,SF,3,1,2,1,0,0.0,0,0,0,0,0
00-0036274,Jeff Okudah,CB,MIN,3,3,0,0,0,0.0,0,0,0,0,0
00-0036282,Grant Delpit,SAF,CLE,3,6,3,1,0,0.0,0,1,1,0,0
00-0036286,K'Lavon Chaisson,LB,NE,3,2,1,1,0,0.0,2,0,0,0,0
00-0036287,Noah Igbinoghene,CB,WAS,3,2,1,0,0,0.0,0,0,1,0,0
00-0036290,Cole Kmet,TE,CHI,3,0,1,0,0,0.0,0,0,0,0,0
00-0036293,Jeremy Chinn,SAF,LV,3,4,1,0,0,0.0,0,0,0,0,0
00-0036294,Logan Wilson,LB,CIN,3,2,3,0,0,0.0,0,0,0,0,0
00-0036298,Akeem Davis-Gaither,LB,ARI,3,5,3,0,0,0.0,0,0,0,0,0
00-0036302,Jaylinn Hawkins,SAF,NE,3,2,1,0,0,0.0,0,0,0,0,0
00-0036306,Daniel Thomas,SAF,DET,3,0,1,0,0,0.0,0,0,0,0,0
00-0036323,Patrick Queen,LB,PIT,3,6,4,1,0,0.0,0,0,2,0,0
00-0036329,Ashtyn Davis,SAF,MIA,3,3,1,0,0,0.0,0,0,1,0,0
00-0036335,D.J. Wonnum,LB,CAR,3,1,1,0,0,0.0,0,0,0,0,0
00-0036337,James Lynch,DT,TEN,3,1,0,0,0,0.0,0,0,0,0,0
00-0036338,Troy Dye,LB,LAC,3,2,1,0,0,1.0,0,0,0,0,0
00-0036348,Josh Metellus,SAF,MIN,3,3,1,0,0,0.0,0,1,1,0,0
00-0036349,Kam Curl,SAF,LAR,3,5,3,0,0,0.0,0,0,0,0,0
00-0036361,Trevon Diggs,CB,DAL,3,2,0,0,0,0.0,0,0,0,0,0
00-0036366,Neville Gallimore,DT,IND,3,1,0,1,0,1.0,2,0,0,0,0
00-0036374,L'Jarius Sneed,SAF,TEN,3,0,1,0,0,0.0,0,0,0,0,0
00-0036375,Amik Robertson,CB,DET,3,2,0,0,0,0.0,0,0,0,0,0
00-0036380,Alohi Gilman,SAF,LAC,3,2,0,0,0,0.0,0,0,0,0,0
00-0036388,Xavier McKinney,SAF,GB,3,2,4,0,0,0.0,0,1,1,0,0
00-0036394,Darnay Holmes,CB,LV,3,1,2,0,0,0.0,0,0,0,0,0
00-0036409,Jordyn Brooks,LB,MIA,3,4,0,0,0,0.0,0,0,0,0,0
00-0036411,Antoine Winfield Jr.,SAF,TB,3,2,1,2,1,1.0,2,0,0,0,0
00-0036418,Zack Baun,LB,PHI,3,3,4,0,0,0.0,0,1,2,0,0
00-0036421,Terrell Burgess,SAF,NO,3,1,1,0,0,0.0,0,0,0,0,0
00-0036428,Justin Strnad,LB,DEN,3,0,5,0,0,0.0,0,0,1,0,0
00-0036441,"Kenneth Murray, Jr.",LB,DAL,3,3,3,0,0,0.0,0,0,0,0,0
00-0036479,Kwity Paye,DE,IND,3,2,0,1,0,1.0,1,0,0,0,0
00-0036480,Dayo Odeyingbo,DE,CHI,3,1,3,0,0,0.0,1,0,0,0,0
00-0036500,Jamien Sherwood,LB,NYJ,3,4,6,0,0,0.0,0,0,0,0,0
00-0036501,Michael Carter II,CB,NYJ,3,3,1,0,0,0.0,0,0,0,0,0
00-0036502,Jason Pinnock,SAF,SF,3,3,0,0,0,0.0,0,0,0,0,0
00-0036504,Brandin Echols,CB,PIT,3,4,2,1,0,0.0,0,1,1,0,0
00-0036563,Deommodore Lenoir,CB,SF,3,3,0,1,0,0.0,0,0,0,0,0
00-0036564,Talanoa Hufanga,SAF,DEN,3,4,2,0,0,0.0,0,0,2,0,0
00-0036589,Nick McCloud,CB,CHI,3,5,0,0,0,0.0,0,0,0,0,0
00-0036613,Jaylen Waddle,WR,MIA,3,1,0,0,0,0.0,0,0,0,0,0
00-0036621,Nick Bolton,LB,KC,3,4,8,2,0,0.0,0,0,1,0,0
00-0036625,Benjamin St-Juste,CB,LAC,3,1,1,0,0,0.0,0,0,1,0,0
00-0036629,Camryn Bynum,SAF,IND,3,2,1,0,0,0.0,0,0,0,0,0
00-0036630,Tylan Wallace,WR,BAL,3,1,1,0,0,0.0,0,0,0,0,0
00-0036642,Tedarrell Slaton,DT,CIN,3,1,1,0,0,0.0,0,0,0,0,0
00-0036643,K.J. Britt,LB,MIA,3,0,1,0,0,0.0,0,0,0,0,0
00-0036646,Simi Fehoko,WR,ARI,3,1,0,0,0,0.0,0,0,0,0,0
00-0036648,Nick Niemann,LB,GB,3,1,0,0,0,0.0,0,0,0,0,0
00-0036658,Isaiah McDuffie,LB,GB,3,3,3,1,0,0.0,0,0,0,0,0
00-0036672,Grant Stuard,LB,DET,3,0,1,0,0,0.0,0,0,0,0,0
00-0036677,Zayne Anderson,SAF,GB,3,1,1,0,0,0.0,0,0,0,0,0
00-0036683,Devon Key,SAF,DEN,3,1,1,0,0,0.0,0,0,0,0,0
00-0036741,Jack Stoll,TE,NO,3,1,0,0,0,0.0,0,0,0,0,0
00-0036813,Christian Elliss,LB,NE,3,0,1,0,0,0.0,0,0,0,0,0
00-0036844,Garret Wallow,LB,DEN,3,0,1,0,0,0.0,0,0,0,0,0
00-0036850,Cameron Sample,DE,CIN,3,2,1,0,0,0.0,0,0,0,0,0
00-0036862,Ben Skowronek,WR,PIT,3,0,1,0,0,0.0,0,0,0,0,0
00-0036867,Chris Rumph II,LB,NO,3,2,2,0,0,0.0,0,0,0,0,0
00-0036871,Nate Hobbs,CB,GB,3,2,0,1,0,0.0,0,0,0,0,0
00-0036874,Pat Surtain II,CB,DEN,3,2,0,0,0,0.0,0,0,1,0,0
00-0036876,Kylen Granson,TE,PHI,3,0,1,0,0,0.0,0,0,0,0,0
00-0036883,Tommy Togiai,DT,HOU,3,2,1,0,0,0.0,0,0,0,0,0
00-0036884,Marco Wilson,CB,CIN,3,2,0,0,0,0.0,0,0,0,0,0
00-0036900,Ja'Marr Chase,WR,CIN,3,1,0,0,0,0.0,0,0,0,0,0
00-0036901,Eric Stokes,CB,LV,3,0,0,0,0,0.0,0,0,1,0,0
00-0036902,Joseph Ossai,DE,CIN,3,1,0,1,0,1.0,1,0,0,0,0
00-0036914,Greg Rousseau,LB,BUF,3,0,1,0,0,0.0,0,0,0,0,0
00-0036916,Milton Williams,DT,NE,3,1,0,2,0,0.0,0,0,0,0,0
00-0036927,Pete Werner,LB,NO,3,6,6,0,0,0.0,0,0,0,0,0
00-0036932,Micah Parsons,LB,GB,3,2,0,0,0,0.0,2,0,0,0,0
00-0036933,Zaven Collins,LB,ARI,3,0,2,0,0,0.0,1,0,0,0,0
00-0036934,Jaelan Phillips,LB,MIA,3,3,0,0,0,0.0,0,0,0,0,0
00-0036937,Paulson Adebo,CB,NYG,3,6,1,0,0,0.0,0,0,1,0,0
00-0036940,Odafe Oweh,LB,BAL,3,1,1,1,0,0.0,2,0,0,0,0
00-0036941,Andre Cisco,SAF,NYJ,3,2,2,1,0,0.0,0,0,0,0,0
00-0036942,Osa Odighizuwa,DT,DAL,3,1,2,0,0,0.0,0,0,0,0,0
00-0036943,Mitchell Fraboni,LS,DEN,3,1,0,0,0,0.0,0,0,0,0,0
00-0036944,Jaycee Horn,CB,CAR,3,3,0,0,0,0.0,0,0,0,0,0
00-0036952,Jonathon Cooper,LB,DEN,3,2,2,1,0,1.0,1,0,0,0,0
00-0036962,Tre'von Moehrig,SAF,CAR,3,4,2,1,0,0.0,1,0,0,0,0
00-0036964,Derrick Barnes,LB,DET,3,4,3,0,0,1.0,1,0,0,0,0
00-0036967,Joe Tryon-Shoyinka,DE,CLE,3,1,3,0,0,0.0,0,0,0,0,0
00-0036974,Tyson Campbell,CB,JAX,3,7,0,0,1,0.0,0,0,1,0,0
00-0036981,Christian Barmore,DT,NE,3,1,0,0,0,0.0,0,0,0,0,0
00-0036986,Nahshon Wright,CB,CHI,3,4,3,0,0,0.0,0,0,0,0,0
00-0036987,Brandon Stephens,CB,NYJ,3,6,2,2,0,0.0,0,0,0,0,0
00-0036990,Divine Deablo,LB,ATL,3,2,1,0,0,0.0,0,0,0,0,0
00-0036994,Ernest Jones,LB,SEA,3,2,4,1,0,0.0,0,0,0,0,0
00-0036995,Baron Browning,LB,ARI,3,0,1,0,0,0.0,1,0,0,0,0
00-0036996,Greg Newsome II,CB,CLE,3,3,0,0,0,0.0,0,0,0,0,0
00-0036997,Javonte Williams,RB,DAL,3,1,0,0,0,0.0,0,0,0,0,0
00-0036998,Jevon Holland,SAF,NYG,3,3,2,0,0,0.0,0,0,0,0,0
00-0037003,Chazz Surratt,LB,SEA,3,1,0,0,0,0.0,0,0,0,0,0
00-0037034,Dee Alford,CB,ATL,3,2,1,0,0,0.0,0,0,2,0,0
00-0037051,Elijah Garcia,DE,NYG,3,0,2,0,0,0.0,0,0,0,0,0
00-0037073,Jordan Davis,DT,PHI,3,3,1,1,0,1.0,1,0,0,0,0
00-0037074,Quay Walker,LB,GB,3,6,8,0,0,0.0,1,0,1,0,0
00-0037076,Sean Rhyan,OT,GB,3,1,0,0,0,0.0,0,0,0,0,0
00-0037079,Riq Woolen,CB,SEA,3,5,1,0,0,0.0,0,0,0,0,0
00-0037082,Dominique Robinson,DE,CHI,3,3,1,1,0,1.0,1,0,0,0,0
00-0037083,Kingsley Enagbare,LB,GB,3,0,0,0,0,0.0,1,0,0,0,0
00-0037085,Tyler Badie,RB,DEN,3,1,1,0,0,0.0,0,0,0,0,0
00-0037086,Grant Calcaterra,TE,PHI,3,1,0,0,0,0.0,0,0,0,0,0
00-0037109,Jack Sanborn,LB,DAL,3,3,4,0,0,0.0,0,0,0,0,0
00-0037130,Reed Blankenship,SAF,PHI,3,2,2,0,0,0.0,0,0,1,0,0
00-0037137,Josh Jobe,CB,SEA,3,9,2,0,0,0.0,0,0,1,0,0
00-0037190,Sauce Gardner,CB,NYJ,3,4,1,0,0,0.0,0,0,0,0,0
00-0037191,Trent McDuffie,CB,KC,3,3,1,0,0,0.0,0,0,0,0,0
00-0037192,George Karlaftis,DE,KC,3,7,2,3,0,1.0,5,0,1,0,0
00-0037193,Bryan Cook,SAF,KC,3,0,2,0,0,0.0,0,0,1,0,0
00-0037195,Jaylen Watson,CB,KC,3,5,2,0,0,0.0,0,1,2,0,0
00-0037205,Brenden Schooler,SAF,NE,3,1,0,0,0,0.0,0,0,0,0,0
00-0037235,Travon Walker,DE,JAX,3,1,2,1,0,1.0,1,0,0,0,0
00-0037236,Aidan Hutchinson,DE,DET,3,2,0,1,1,1.0,1,0,0,0,0
00-0037237,Derek Stingley Jr.,CB,HOU,3,0,0,0,0,0.0,0,0,1,0,0
00-0037242,Kaiir Elam,CB,DAL,3,1,1,0,0,0.0,0,0,0,0,0
00-0037244,Devin Lloyd,LB,JAX,3,4,2,1,0,0.0,0,0,0,0,0
00-0037246,Jalen Pitre,SAF,HOU,3,3,0,0,0,0.0,0,1,3,0,0
00-0037247,George Pickens,WR,DAL,3,1,0,0,0,0.0,0,0,0,0,0
00-0037249,Nik Bonitto,LB,DEN,3,3,1,2,0,2.0,5,0,0,0,0
00-0037251,Alex Wright,DE,CLE,3,1,0,1,0,1.0,1,0,0,0,0
00-0037253,Marcus Jones,CB,NE,3,1,0,0,0,0.0,0,0,0,0,0
00-0037254,Terrel Bernard,LB,BUF,3,5,2,1,0,0.0,0,1,1,0,0
00-0037262,Thomas Booker,DT,LV,3,2,1,0,1,0.0,0,0,0,0,0
00-0037268,Zyon McCollum,CB,TB,3,9,0,0,0,0.0,0,0,0,0,0
00-0037269,Eric Johnson,DT,IND,3,1,0,1,0,0.0,0,0,0,0,0
00-0037280,Matthew Butler,DT,MIA,3,0,1,0,0,0.0,0,0,0,0,0
00-0037281,Damone Clark,LB,DAL,3,1,1,0,0,0.0,0,0,0,0,0
00-0037288,Christian Benford,CB,BUF,3,3,1,0,0,0.0,0,0,0,0,0
00-0037294,Jordan Jackson,DT,DEN,3,1,2,0,0,0.0,1,0,0,0,0
00-0037301,Theo Jackson,DB,MIN,3,1,0,0,1,0.0,0,0,0,0,0
00-0037307,Ja'Sir Taylor,CB,LAC,3,0,1,0,0,0.0,0,0,0,0,0
00-0037310,James Houston,DE,DAL,3,1,1,0,0,0.0,0,0,0,0,0
00-0037311,Ko Kieft,TE,TB,3,0,2,0,0,0.0,0,0,0,0,0
00-0037315,Cameron Goode,LB,MIA,3,0,1,0,0,0.0,0,0,0,0,0
00-0037321,Chase Lucas,CB,SF,3,1,0,0,0,0.0,0,0,0,0,0
00-0037332,D'Anthony Bell,SAF,SEA,3,2,0,1,0,0.0,0,0,0,0,0
00-0037380,Kaden Davis,WR,CLE,3,0,1,0,0,0.0,0,0,0,0,0
00-0037384,Ja'Quan McMillian,CB,DEN,3,4,1,0,1,0.0,0,0,0,0,0
00-0037395,Dallis Flowers,CB,CHI,3,1,0,0,0,0.0,0,0,0,0,0
00-0037457,Jake Hansen,LB,HOU,3,0,1,0,0,0.0,0,0,0,0,0
00-0037461,Tristin McCollum,DB,LV,3,2,0,0,0,0.0,0,0,0,0,0
00-0037512,Isaiah Pola-Mao,SAF,LV,3,1,4,0,0,0.0,0,0,0,0,0
00-0037526,Marcelino McCrary-Ball,LB,NYJ,3,2,5,0,0,0.0,0,0,0,0,0
00-0037527,Segun Olubi,LB,IND,3,1,0,0,0,0.0,0,0,0,0,0
00-0037549,Darrell Baker Jr.,CB,TEN,3,0,2,0,0,0.0,0,0,0,0,0
00-0037578,Juanyeh Thomas,SAF,DAL,3,3,0,0,0,0.0,0,0,0,0,0
00-0037587,Nate Landman,LB,LAR,3,1,2,0,0,0.0,0,0,0,0,0
00-0037596,Jack Gibbens,LB,NE,3,1,0,1,0,0.0,0,0,0,0,0
00-0037602,Sam Okuayinonu,DT,SF,3,2,5,0,0,0.0,0,0,0,0,0
00-0037611,Kayvon Thibodeaux,LB,NYG,3,1,1,0,0,0.0,2,0,0,0,0
00-0037616,Nick Cross,SAF,IND,3,4,2,1,0,0.0,0,0,0,0,0
00-0037617,Hassan Haskins,RB,LAC,3,0,1,0,0,0.0,0,0,0,0,0
00-0037633,Jacob Hummel,LB,BAL,3,0,1,0,0,0.0,0,0,0,0,0
00-0037665,Sam Williams,DE,DAL,3,2,0,0,0,0.0,1,0,1,0,0
00-0037667,Kerby Joseph,SAF,DET,3,3,0,0,0,0.0,0,0,0,0,0
00-0037743,Daxton Hill,DB,CIN,3,2,0,0,0,0.0,0,0,0,0,0
00-0037745,Velus Jones Jr.,WR,NO,3,1,0,0,0,0.0,0,0,0,0,0
00-0037752,Tycen Anderson,SAF,CIN,3,0,1,0,0,0.0,0,0,0,0,0
00-0037756,Travis Jones,DT,BAL,3,1,0,0,0,0.0,0,0,0,0,0
00-0037758,Cordale Flott,CB,NYG,3,2,1,0,0,0.0,0,0,0,0,0
00-0037759,DeMarvin Leal,DE,PIT,3,1,1,0,0,0.0,0,0,0,0,0
00-0037799,Dondrea Tillman,LB,DEN,3,2,2,0,0,0.0,1,0,0,0,0
00-0037808,DeAngelo Malone,LB,ATL,3,0,1,0,0,0.0,0,0,0,0,0
00-0037819,Leo Chenal,LB,KC,3,1,3,0,0,0.0,0,0,0,0,0
00-0037823,Christian Harris,LB,HOU,3,1,0,0,0,0.0,0,0,1,0,0
00-0037832,Kalia Davis,DT,SF,3,0,2,0,0,0.0,0,0,0,0,0
00-0037839,Cobie Durant,CB,LAR,3,2,1,0,0,0.0,0,0,0,0,0
00-0037841,Quentin Lake,SAF,LAR,3,2,4,0,0,0.0,0,0,4,0,0
00-0037842,Derion Kendrick,CB,SEA,3,1,3,0,0,0.0,0,1,3,0,0
00-0037843,Daniel Hardy,DE,CHI,3,2,1,0,0,0.0,0,0,0,0,0
00-0038038,Kyle Hamilton,SAF,BAL,3,5,4,0,0,0.0,0,0,0,0,0
00-0038039,Jack Jones,CB,MIA,3,2,1,0,0,0.0,0,0,1,0,0
00-0038043,Joshua Williams,CB,KC,3,1,0,0,0,0.0,0,0,0,0,0
00-0038101,Akayleb Evans,CB,CAR,3,1,0,0,0,0.0,0,0,0,0,0
00-0038106,Eyioma Uwazurike,DT,DEN,3,2,2,0,0,0.0,0,0,0,0,0
00-0038107,Micheal Clemons,DE,NYJ,3,1,1,1,0,0.0,0,0,0,0,0
00-0038116,Arnold Ebiketie,LB,ATL,3,1,1,0,0,0.0,0,0,0,0,0
00-0038119,Jalyn Armour-Davis,CB,TEN,3,1,0,0,0,0.0,0,0,0,0,0
00-0038121,Alontae Taylor,CB,NO,3,2,0,0,0,0.0,0,0,1,0,0
00-0038123,Dane Belton,SAF,NYG,3,2,0,0,0,0.0,0,0,0,0,0
00-0038125,Roger McCreary,CB,TEN,3,1,1,0,0,0.0,0,0,0,0,0
00-0038127,Logan Hall,DE,TB,3,0,1,0,0,0.0,0,0,0,0,0
00-0038133,Boye Mafe,DE,SEA,3,0,0,0,0,0.0,1,0,0,0,0
00-0038135,Jaquan Brisker,SAF,CHI,3,2,1,0,0,0.0,0,0,1,0,0
00-0038136,Coby Bryant,CB,SEA,3,3,0,0,0,0.0,0,0,2,0,0
00-0038359,Xavier Smith,WR,LAR,3,0,1,0,0,0.0,0,0,0,0,0
00-0038381,Kyu Blu Kelly,CB,LV,3,4,1,0,0,0.0,0,0,1,0,0
00-0038386,Jalen Carter,DT,PHI,3,0,3,0,0,0.0,2,0,0,0,0
00-0038387,Colby Wooden,DE,GB,3,0,2,0,0,0.0,0,0,0,0,0
00-0038390,Noah Sewell,LB,CHI,3,6,5,0,0,0.0,0,0,0,0,0
00-0038392,Daniel Scott,SAF,IND,3,2,0,0,0,0.0,0,0,0,0,0
00-0038398,Karl Brooks,DT,GB,3,0,0,0,0,0.0,1,0,0,0,0
00-0038408,Carrington Valentine,DB,GB,3,0,1,0,0,0.0,0,0,0,0,0
00-0038412,Moro Ojomo,DT,PHI,3,1,1,0,0,0.0,0,0,0,0,0
00-0038488,Brady Russell,RB,SEA,3,2,0,0,0,0.0,0,0,0,0,0
00-0038504,Trenton Simpson,LB,BAL,3,0,1,0,0,0.0,0,0,0,0,0
00-0038505,Tavius Robinson,LB,BAL,3,0,3,0,0,0.0,1,0,0,0,0
00-0038535,DJ Johnson,DE,CAR,3,1,0,0,0,0.0,0,0,0,0,0
00-0038541,Tyree Wilson,DE,LV,3,2,0,0,0,0.0,0,0,0,0,0
00-0038544,Quentin Johnston,WR,LAC,3,1,0,0,0,0.0,0,0,0,0,0
00-0038546,Myles Murphy,DE,CIN,3,1,3,0,0,0.5,1,0,0,0,0
00-0038549,DJ Turner II,CB,CIN,3,2,0,0,0,0.0,0,0,1,0,0
00-0038552,Riley Moss,CB,DEN,3,4,2,0,0,0.0,0,0,1,0,0
00-0038553,Daiyan Henley,LB,LAC,3,2,2,0,0,0.0,0,0,0,0,0
00-0038554,Ji'Ayir Brown,SAF,SF,3,2,2,0,0,0.0,0,0,0,0,0
00-0038555,Tank Bigsby,RB,PHI,3,1,0,0,0,0.0,0,0,0,0,0
00-0038557,Dorian Williams,LB,BUF,3,3,3,0,0,0.0,0,0,0,0,0
00-0038560,Jordan Battle,SAF,CIN,3,5,2,0,0,0.0,0,0,0,0,0
00-0038565,Mekhi Blackmon,DB,IND,3,4,1,0,0,0.0,0,0,0,0,0
00-0038570,Ventrell Miller,LB,JAX,3,0,1,0,0,0.0,0,0,0,0,0
00-0038574,Isaiah McGuire,DE,CLE,3,0,1,0,0,0.0,0,0,0,0,0
00-0038577,Nick Herbig,LB,PIT,3,1,1,1,1,1.0,4,0,0,0,0
00-0038588,Jordan Howden,SAF,NO,3,1,2,0,0,0.0,0,0,0,0,0
00-0038591,Mike Morris,DE,SEA,3,3,2,1,0,0.0,1,0,1,0,0
00-0038594,Darrell Luter Jr.,CB,SF,3,0,2,0,0,0.0,0,0,0,0,0
00-0038596,Antonio Johnson,SAF,JAX,3,1,3,0,0,0.0,0,1,1,0,0
00-0038599,Henry To'oTo'o,LB,HOU,3,3,1,0,0,0.0,0,0,0,0,0
00-0038600,Owen Pappoe,LB,ARI,3,0,1,0,0,0.0,0,0,0,0,0
00-0038605,JL Skinner,SAF,DEN,3,0,1,0,0,0.0,0,0,0,0,0
00-0038606,Parker Washington,WR,JAX,3,1,0,0,0,0.0,0,0,0,0,0
00-0038611,Chris Rodriguez Jr.,RB,WAS,3,1,0,0,0,0.0,0,0,0,0,0
00-0038613,Jerrick Reed II,SAF,SEA,3,2,0,0,0,0.0,0,0,0,0,0
00-0038618,Xavier Hutchinson,WR,HOU,3,1,1,0,0,0.0,0,0,0,0,0
00-0038623,Dante Stills,DT,ARI,3,0,1,0,0,0.0,0,0,0,0,0
00-0038625,Dee Winters,LB,SF,3,4,4,0,0,0.0,1,0,1,0,0
00-0038628,DeMarcco Hellams,SAF,ATL,3,0,1,0,0,0.0,0,0,0,0,0
00-0038642,D.J. Ivey,CB,CIN,3,0,1,0,0,0.0,0,0,0,0,0
00-0038643,Brayden Willis,TE,SF,3,0,1,0,0,0.0,0,0,0,0,0
00-0038653,Cory Durden,DT,NE,3,0,1,0,0,0.0,0,0,0,0,0
00-0038660,Trevor Nowaske,LB,DET,3,1,1,1,0,1.0,1,0,0,0,0
00-0038679,Tyrell Shavers,WR,BUF,3,1,0,0,0,0.0,0,0,0,0,0
00-0038685,Chris Brooks,RB,GB,3,0,1,0,0,0.0,0,0,0,0,0
00-0038710,Blake Whiteheart,TE,CLE,3,0,1,0,0,0.0,0,0,0,0,0
00-0038711,Mohamoud Diabate,LB,CLE,3,0,2,0,0,0.0,0,0,0,0,0
00-0038715,Ronnie Hickman Jr.,SAF,CLE,3,4,0,0,0,0.0,0,0,0,0,0
00-0038765,Ty Okada,SAF,SEA,3,7,2,0,0,0.5,1,0,0,0,0
00-0038778,Jalen Redmond,DL,MIN,3,2,0,0,1,0.0,0,0,0,0,0
00-0038788,Art Green,CB,NYG,3,2,0,0,0,0.0,0,0,0,0,0
00-0038795,PJ Mustipher,DT,ARI,3,1,0,0,0,0.0,0,0,1,0,0
00-0038807,Ivan Pace Jr.,LB,MIN,3,6,3,0,0,0.0,3,0,0,0,0
00-0038823,Kaevon Merriweather,SAF,TB,3,1,0,0,0,0.0,0,0,0,0,0
00-0038824,Ryan Miller,WR,TB,3,1,0,0,0,0.0,0,0,0,0,0
00-0038840,Brycen Tremayne,WR,CAR,3,0,1,0,0,0.0,0,0,0,0,0
00-0038851,Caleb Murphy,LB,LAC,3,2,1,0,0,0.0,0,0,0,0,0
00-0038890,Shaka Heyward,LB,CIN,3,0,1,0,0,0.0,0,0,0,0,0
00-0038922,Drake Thomas,LB,SEA,3,4,1,0,0,0.0,0,0,0,0,0
00-0038940,Tyler Lacy,DE,DET,3,1,0,0,0,0.0,0,0,0,0,0
00-0038958,Markees Watts,LB,TB,3,0,1,0,0,0.0,0,0,0,0,0
00-0038978,Byron Young,DT,PHI,3,0,1,0,0,0.0,1,0,0,0,0
00-0038980,Zach Harrison,DE,ATL,3,2,1,0,0,0.0,0,0,0,0,0
00-0038982,Chamarri Conner,DB,KC,3,1,4,0,0,0.0,0,0,0,0,0
00-0038984,Kei'Trel Clark,CB,ARI,3,3,2,0,0,0.0,0,0,0,0,0
00-0038995,Bryan Bresee,DT,NO,3,0,4,0,0,0.0,1,0,0,0,0
00-0039000,Deonte Banks,CB,NYG,3,1,0,0,0,0.0,0,0,1,0,0
00-0039002,Sydney Brown,SAF,PHI,3,1,2,0,0,0.0,0,0,0,0,0
00-0039009,Dylan Horton,DE,HOU,3,2,1,0,0,0.5,1,0,0,0,0
00-0039013,Nolan Smith,LB,PHI,3,3,0,0,0,0.0,1,0,0,0,0
00-0039018,Jack Campbell,LB,DET,3,8,0,1,1,1.0,0,0,0,0,0
00-0039021,Roschon Johnson,RB,CHI,3,2,0,0,0,0.0,0,0,0,0,0
00-0039031,Adetomiwa Adebawore,DT,IND,3,2,0,0,0,0.0,0,0,0,0,0
00-0039047,Derick Hall,LB,SEA,3,1,1,0,0,0.0,0,0,0,0,0
00-0039048,Matthew Bergeron,OL,ATL,3,1,0,0,0,0.0,0,0,0,0,0
00-0039049,SirVocea Dennis,LB,TB,3,2,1,0,0,0.0,1,0,1,0,0
00-0039051,Josh Hayes,DB,TB,3,1,1,0,0,0.0,0,0,0,0,0
00-0039066,Michael Mayer,TE,LV,3,2,0,0,0,0.0,0,0,0,0,0
00-0039068,Yaya Diaby,LB,TB,3,2,2,2,0,1.0,2,0,0,0,0
00-0039070,Gervon Dexter Sr.,DT,CHI,3,0,1,0,0,0.0,1,0,0,0,0
00-0039071,Tyrique Stevenson,CB,CHI,3,2,1,0,1,0.0,0,0,2,0,0
00-0039072,Jakorian Bennett,DB,PHI,3,2,0,0,0,0.0,0,0,1,0,0
00-0039108,Will Anderson Jr.,DE,HOU,3,3,1,1,0,1.0,2,0,0,0,0
00-0039110,Keeanu Benton,DT,PIT,3,1,0,0,0,0.0,0,0,0,0,0
00-0039111,Tuli Tuipulotu,LB,LAC,3,1,1,0,0,0.0,0,0,0,0,0
00-0039112,Lukas Van Ness,LB,GB,3,1,1,0,0,0.0,2,0,0,0,0
00-0039137,Byron Young,LB,LAR,3,4,2,3,0,1.0,1,0,0,0,0
00-0039138,Kobie Turner,DE,LAR,3,1,1,0,0,0.0,0,0,0,0,0
00-0039140,Kelee Ringo,CB,PHI,3,1,1,0,0,0.0,0,0,0,0,0
00-0039141,Brian Branch,CB,DET,3,5,1,0,0,0.0,0,0,1,0,0
00-0039142,Will McDonald IV,DE,NYJ,3,1,0,0,0,0.0,0,0,0,0,0
00-0039148,Keion White,DE,NE,3,0,1,0,0,0.0,0,0,0,0,0
00-0039149,Quan Martin,SAF,WAS,3,1,2,0,0,0.0,0,0,0,0,0
00-0039151,Emmanuel Forbes,CB,LAR,3,1,2,0,0,0.0,0,0,1,0,0
00-0039172,Jake Bates,K,DET,3,1,0,0,0,0.0,0,0,0,0,0
00-0039178,Austin Ajiake,LB,IND,3,1,3,0,0,0.0,0,0,0,0,0
00-0039232,Nate Wiggins,CB,BAL,3,1,1,0,0,0.0,0,0,1,0,0
00-0039234,T.J. Tampa,CB,BAL,3,3,0,0,0,0.0,0,0,0,0,0
00-0039235,Sanoussi Kane,SAF,BAL,3,0,1,0,0,0.0,0,0,0,0,0
00-0039284,Braiden McGregor,DE,NYJ,3,0,1,0,0,0.0,0,0,0,0,0
00-0039289,Leonard Taylor III,DT,NYJ,3,1,0,1,0,0.0,0,0,0,0,0
00-0039309,Byron Murphy II,DT,SEA,3,2,1,1,0,1.0,1,0,0,0,0
00-0039313,Swayze Bozeman,LB,NYG,3,0,1,0,0,0.0,0,0,0,0,0
00-0039324,Christian Roland-Wallace,CB,KC,3,2,2,0,0,0.0,0,1,1,0,0
00-0039332,C.J. Ravenell,DE,TEN,3,0,2,0,0,0.0,0,0,0,0,0
00-0039337,Malik Nabers,WR,NYG,3,1,0,0,0,0.0,0,0,0,0,0
00-0039340,Laiatu Latu,DE,IND,3,2,1,0,0,0.0,0,0,0,0,0
00-0039343,Kamari Lassiter,CB,HOU,3,5,0,0,0,0.0,0,0,0,0,0
00-0039345,Renardo Green,CB,SF,3,1,3,0,0,0.0,0,0,0,0,0
00-0039347,Trevin Wallace,LB,CAR,3,3,2,1,0,0.0,0,0,0,0,0
00-0039355,Luke McCaffrey,WR,WAS,3,1,0,0,0,0.0,0,0,0,0,0
00-0039364,Sione Vaki,RB,DET,3,1,0,0,0,0.0,0,0,0,0,0
00-0039366,Tarheeb Still,CB,LAC,3,3,0,0,0,0.0,1,0,0,0,0
00-0039368,Jordan Magee,LB,WAS,3,3,0,0,0,0.0,0,0,0,0,0
00-0039370,JD Bertrand,LB,ATL,3,0,1,0,0,0.0,0,0,0,0,0
00-0039375,Josh Newton,CB,CIN,3,1,0,0,0,0.0,0,0,0,0,0
00-0039380,Chau Smith-Wade,CB,CAR,3,5,0,0,0,0.0,0,1,1,1,0
00-0039402,Jaden Crumedy,DT,CAR,3,0,2,0,0,0.0,0,0,0,0,0
00-0039412,Javontae Jean-Baptiste,LB,WAS,3,1,0,1,0,1.0,1,0,0,0,0
00-0039417,Myles Harden,CB,CLE,3,0,2,0,0,0.0,0,0,0,0,0
00-0039421,Levi Drake Rodriguez,DL,MIN,3,3,1,2,0,0.0,0,0,0,0,0
00-0039423,Jonah Laulu,DT,LV,3,0,1,1,0,0.0,0,0,0,0,0
00-0039435,Tatum Bethune,LB,SF,3,1,0,0,0,0.0,0,0,0,0,0
00-0039436,Jaylen Harrell,DE,TEN,3,0,1,0,0,0.0,0,0,0,0,0
00-0039460,Carl Jones,LB,CHI,3,1,1,0,0,0.0,0,0,0,0,0
00-0039465,Reddy Steward,DB,DAL,3,3,2,2,0,0.0,0,0,0,0,0
00-0039480,Jordan Colbert,SAF,MIA,3,1,0,0,0,0.0,0,0,0,0,0
00-0039530,Brevyn Spann-Ford,TE,DAL,3,1,0,0,0,0.0,0,0,0,0,0
00-0039601,Demani Richardson,SAF,CAR,3,1,1,0,0,0.0,0,0,0,0,0
00-0039622,Isaiah Stalbird,LB,NO,3,0,0,0,0,0.0,0,0,1,0,0
00-0039632,PJ Jules,SAF,CIN,3,1,1,1,0,0.0,0,0,0,0,0
00-0039637,Maema Njongmeta,LB,CAR,3,1,1,0,0,0.0,0,0,0,0,0
00-0039681,Tyler Owens,DB,WAS,3,1,0,0,0,0.0,0,0,0,0,0
00-0039686,Colson Yankoff,TE,WAS,3,1,0,0,0,0.0,0,0,0,0,0
00-0039733,Ruke Orhorhoro,DT,ATL,3,0,1,0,0,0.0,0,0,0,0,0
00-0039734,Braden Fiske,DT,LAR,3,1,1,0,0,0.0,0,0,0,0,0
00-0039740,Jalyx Hunt,LB,PHI,3,0,2,0,0,0.0,2,0,0,0,0
00-0039741,Payton Wilson,LB,PIT,3,5,2,0,0,0.0,0,0,0,0,0
00-0039749,Tyler Davis,DE,LAR,3,0,2,0,0,0.0,0,0,0,0,0
00-0039770,Charles Woods,CB,NE,3,1,0,0,0,0.0,0,0,0,0,0
00-0039774,Omar Speights,LB,LAR,3,4,0,0,0,0.0,0,0,0,0,0
00-0039776,Jaylen McCollough,SAF,LAR,3,2,1,1,0,1.0,1,0,0,0,0
00-0039783,Anthony Goodlow,DE,ARI,3,0,1,0,0,0.0,0,0,0,0,0
00-0039789,Qwan'tez Stiggers,DB,NYJ,3,1,0,0,0,0.0,0,0,0,0,0
00-0039796,Rasheen Ali,RB,BAL,3,0,1,0,0,0.0,0,0,0,0,0
00-0039798,Isaiah Davis,RB,NYJ,3,0,2,0,0,0.0,0,0,0,0,0
00-0039807,Max Melton,CB,ARI,3,2,1,0,0,0.0,0,0,0,0,0
00-0039809,Jonah Elliss,LB,DEN,3,2,1,1,1,0.0,0,0,1,0,0
00-0039813,Evan Williams,SAF,GB,3,3,2,0,0,0.0,0,0,0,0,0
00-0039815,Tyrice Knight,LB,SEA,3,2,2,0,0,0.0,0,0,0,0,0
00-0039821,Andru Phillips,DB,NYG,3,3,1,1,0,0.0,0,0,2,0,0
00-0039825,Jaden Hicks,SAF,KC,3,1,0,0,0,0.0,0,0,0,0,0
00-0039826,Jeremiah Trotter Jr.,LB,PHI,3,3,1,0,0,0.0,0,0,0,0,0
00-0039834,Kamren Kinchens,SAF,LAR,3,4,3,0,0,0.0,0,0,1,0,0
00-0039835,Justin Eboigbe,DT,LAC,3,0,1,0,0,0.0,1,0,0,0,0
00-0039836,Brennan Jackson,LB,LV,3,2,0,0,0,0.0,0,0,0,0,0
00-0039838,Calen Bullock,SAF,HOU,3,2,1,0,0,0.0,0,0,1,0,0
00-0039841,Cooper DeJean,CB,PHI,3,5,4,1,0,0.0,0,0,0,0,0
00-0039846,Tykee Smith,DB,TB,3,4,3,0,0,0.0,0,0,1,0,0
00-0039850,Edgerrin Cooper,LB,GB,3,2,2,0,0,0.0,0,0,1,0,0
00-0039852,Jared Verse,DE,LAR,3,3,2,2,1,1.0,1,0,0,0,0
00-0039854,Darius Robinson,DL,ARI,3,1,0,0,0,0.0,0,0,0,0,0
00-0039858,Cedric Gray,LB,TEN,3,3,3,0,0,0.0,0,0,0,0,0
00-0039859,Brandon Dorlus,DE,ATL,3,1,0,0,0,0.0,0,0,0,0,0
00-0039860,Kool-Aid McKinstry,CB,NO,3,1,0,0,0,0.0,0,0,0,0,0
00-0039861,Tyler Nubin,SAF,NYG,3,5,0,1,0,0.0,0,0,0,0,0
00-0039864,Dadrion Taylor-Demerson,SAF,ARI,3,4,0,0,0,0.0,0,1,1,0,0
00-0039867,Javon Bullard,SAF,GB,3,0,3,1,0,0.0,0,0,0,0,0
00-0039872,Cole Bishop,SAF,BUF,3,4,1,0,0,0.0,0,0,0,0,0
00-0039875,Ray Davis,RB,BUF,3,0,1,0,0,0.0,0,0,0,0,0
00-0039888,Quinyon Mitchell,CB,PHI,3,4,1,0,0,0.0,0,0,0,0,0
00-0039898,Mike Sainristil,CB,WAS,3,3,2,0,0,0.0,0,0,0,0,0
00-0039900,Marshawn Kneeland,DE,DAL,3,2,1,2,0,0.0,0,0,0,0,0
00-0039902,Chris Braswell,LB,TB,3,2,0,0,0,0.0,0,0,0,0,0
00-0039903,Terrion Arnold,CB,DET,3,2,1,0,0,0.0,0,0,0,0,0
00-0039906,Jer'Zhan Newton,DT,WAS,3,1,1,0,0,0.0,0,0,0,0,0
00-0039908,Kris Jenkins,DT,CIN,3,2,4,1,0,1.5,2,0,0,0,0
00-0039924,Dallas Turner,LB,MIN,3,0,1,0,0,0.0,1,0,0,0,0
00-0040069,Teddye Buchanan,LB,BAL,3,3,4,0,0,0.0,0,0,0,0,0
00-0040072,Jeffrey Bassa,LB,KC,3,1,0,0,0,0.0,0,0,0,0,0
00-0040076,Aeneas Peebles,DT,BAL,3,0,1,0,0,0.0,1,0,0,0,0
00-0040089,Kevin Knowles,DB,KC,3,2,1,0,0,0.0,0,0,0,0,0
00-0040100,Jay Higgins,LB,BAL,3,0,1,0,0,0.0,0,0,0,0,0
00-0040118,Cooper McDonald,LB,KC,3,0,1,0,0,0.0,0,0,0,0,0
00-0040127,Kenneth Grant,DT,MIA,3,1,1,0,0,0.0,0,0,0,0,0
00-0040133,Azareye'h Thomas,CB,NYJ,3,0,0,0,0,0.0,0,0,1,0,0
00-0040137,Jordan Burch,LB,ARI,3,1,0,0,0,0.0,0,0,0,0,0
00-0040143,Jacob Parrish,CB,TB,3,4,1,1,0,1.0,2,0,0,0,0
00-0040144,Jamaree Caldwell,DT,LAC,3,1,2,0,0,0.0,0,0,0,0,0
00-0040148,Xavier Watts,SAF,ATL,3,7,1,0,0,0.0,0,0,0,0,0
00-0040152,Upton Stout,CB,SF,3,3,2,0,0,0.0,0,0,1,0,0
00-0040154,Tai Felton,WR,MIN,3,1,0,0,0,0.0,0,0,0,0,0
00-0040155,Danny Stutsman,LB,NO,3,2,0,0,0,0.0,0,0,0,0,0
00-0040156,Billy Bowman Jr.,CB,ATL,3,3,1,0,0,0.0,0,0,0,0,0
00-0040157,Barrett Carter,LB,CIN,3,1,3,0,0,0.0,0,0,0,0,0
00-0040159,Lathan Ransom,SAF,CAR,3,4,1,0,1,0.0,0,0,0,0,0
00-0040160,Jack Sawyer,LB,PIT,3,3,1,0,0,0.0,0,0,0,0,0
00-0040161,Kyle Kennard,LB,LAC,3,0,1,0,0,0.0,0,0,0,0,0
00-0040165,Malachi Moore,SAF,NYJ,3,2,2,0,0,0.0,0,0,0,0,0
00-0040166,Quincy Riley,CB,NO,3,1,0,0,1,0.0,0,0,0,0,0
00-0040171,Joshua Farmer,DT,NE,3,0,0,1,0,0.0,0,0,0,0,0
00-0040173,Tyrion Ingram-Dawkins,DT,MIN,3,1,0,0,0,0.0,0,0,0,0,0
00-0040174,Cam Jackson,DT,CAR,3,1,1,0,0,0.0,0,0,0,0,0
00-0040178,Jason Marshall Jr.,CB,MIA,3,1,0,0,0,0.0,0,0,0,0,0
00-0040182,Dante Trader Jr.,SAF,MIA,3,2,1,0,0,0.0,0,0,0,0,0
00-0040183,Elijah Roberts,DE,TB,3,0,0,0,0,0.0,1,0,1,0,0
00-0040185,Marques Sigle,SAF,SF,3,2,5,0,0,0.0,0,0,0,0,0
00-0040186,Francisco Mauigoa,LB,NYJ,3,2,1,0,0,0.0,0,0,0,0,0
00-0040188,Yahya Black,DE,PIT,3,0,2,0,0,0.0,0,0,0,0,0
00-0040195,Denzel Burke,CB,ARI,3,2,0,0,0,0.0,0,0,0,0,0
00-0040196,Tyler Baron,DE,NYJ,3,1,2,0,0,0.0,0,0,0,0,0
00-0040197,Dorian Strong,CB,BUF,3,1,1,0,0,0.0,0,0,0,0,0
00-0040208,Tahj Brooks,RB,CIN,3,2,0,0,0,0.0,0,0,0,0,0
00-0040213,Rayuan Lane III,SAF,JAX,3,1,0,0,0,0.0,0,0,0,0,0
00-0040214,Kobe King,LB,MIN,3,0,1,0,0,0.0,0,0,0,0,0
00-0040221,R.J. Mickens,SAF,LAC,3,1,0,0,0,0.0,0,0,0,0,0
00-0040223,Jeremy Crawshaw,P,DEN,3,0,1,0,0,0.0,0,0,0,0,0
00-0040230,Kitan Crawford,SAF,ARI,3,1,1,0,0,0.0,0,0,0,0,0
00-0040251,Trikweze Bridges,DB,DAL,3,3,1,0,0,0.0,0,0,0,0,0
00-0040255,Adin Huntington,DE,CLE,3,2,2,0,0,0.5,1,0,0,0,0
00-0040261,Easton Mascarenas-Arnold,LB,CLE,3,1,0,0,0,0.0,0,0,0,0,0
00-0040263,Donovan McMillon,SAF,CLE,3,0,1,0,0,0.0,0,0,0,0,0
00-0040289,Bam Martin-Scott,LB,CAR,3,1,1,0,0,0.0,0,0,0,0,0
00-0040296,Corey Thornton,CB,CAR,3,0,1,0,0,0.0,0,0,0,0,0
00-0040362,Keonta Jenkins,LB,BUF,3,1,1,0,0,0.0,0,0,0,0,0
00-0040369,Howard Cross III,DT,CIN,3,1,0,0,0,0.0,0,0,0,0,0
00-0040379,William Wagner,LS,CIN,3,0,1,0,0,0.0,0,0,0,0,0
00-0040396,Dean Clark,SAF,NYJ,3,1,1,0,0,0.0,0,0,0,0,0
00-0040460,Marlowe Wax,LB,LAC,3,0,2,0,0,0.0,0,0,0,0,0
00-0040496,Chaz Chambliss,LB,MIN,3,3,1,1,0,1.0,1,0,0,0,0
00-0040501,Austin Keys,LB,MIN,3,1,0,1,0,1.0,1,0,0,0,0
00-0040503,Dorian Mausi,LB,TEN,3,0,1,0,0,0.0,0,0,0,0,0
00-0040509,Ben Yurosek,TE,MIN,3,1,0,0,0,0.0,0,0,0,0,0
00-0040577,Jalon Walker,LB,ATL,3,2,1,0,0,0.0,0,0,0,0,0
00-0040579,Carson Schwesinger,LB,CLE,3,4,3,1,0,1.0,1,0,0,0,0
00-0040582,Arian Smith,WR,NYJ,3,1,0,0,0,0.0,0,0,0,0,0
00-0040613,Shaun Dolac,LB,LAR,3,0,1,0,0,0.0,0,0,0,0,0
00-0040629,Dalevon Campbell,WR,CAR,3,1,0,0,0,0.0,0,0,0,0,0
00-0040636,Keyon Martin,CB,BAL,3,1,0,0,0,0.0,0,0,0,0,0
00-0040640,Ashton Gillotte,DE,KC,3,0,0,0,0,0.0,1,0,0,0,0
00-0040641,Darien Porter,CB,LV,3,4,0,0,0,0.0,0,0,0,0,0
00-0040643,Jonas Sanker,SAF,NO,3,2,1,0,0,0.0,0,0,0,0,0
00-0040645,Cody Simon,LB,ARI,3,0,2,0,0,0.0,0,0,0,0,0
00-0040660,Mykel Williams,DE,SF,3,1,0,1,0,0.0,1,0,0,0,0
00-0040670,Nohl Williams,CB,KC,3,0,1,0,0,0.0,0,0,0,0,0
00-0040677,Abdul Carter,LB,NYG,3,2,1,1,0,0.0,1,0,0,0,0
00-0040678,Derrick Harmon,DT,PIT,3,2,0,1,0,1.0,1,0,0,0,0
00-0040685,Mason Graham,DT,CLE,3,0,3,0,0,0.5,1,0,0,0,0
00-0040688,Malaki Starks,SAF,BAL,3,3,5,1,0,0.0,0,0,0,0,0
00-0040694,Darius Alexander,DT,NYG,3,1,1,0,0,0.0,0,0,0,0,0
00-0040699,Will Campbell,OT,NE,3,1,0,0,0,0.0,0,0,0,0,0
00-0040708,Jihaad Campbell,LB,PHI,3,5,3,0,0,0.0,0,0,0,0,0
00-0040710,Deone Walker,DT,BUF,3,2,0,0,0,0.0,0,0,0,0,0
00-0040711,CJ West,DT,SF,3,1,1,0,0,0.0,0,0,0,0,0
00-0040716,Craig Woodson,SAF,NE,3,2,2,0,0,0.0,0,0,0,0,0
00-0040718,Travis Hunter,CB,JAX,3,3,2,0,0,0.0,0,0,0,0,0
00-0040720,Jahdae Barron,CB,DEN,3,2,2,0,0,0.0,0,0,0,0,0
00-0040722,Mike Green,LB,BAL,3,2,2,0,0,0.0,1,0,0,0,0
00-0040725,Donovan Ezeiruaku,DE,DAL,3,1,1,0,0,0.0,0,0,0,0,0
00-0040731,Trey Amos,CB,WAS,3,0,0,1,0,0.0,0,0,1,0,0
00-0040738,Demetrius Knight Jr.,LB,CIN,3,3,3,0,0,0.0,0,0,0,0,0
00-0040746,Nic Scourton,LB,CAR,3,0,1,0,0,0.0,0,0,1,0,0
00-0040747,Benjamin Morrison,CB,TB,3,2,0,1,0,0.0,0,0,0,0,0
00-0040748,Omarr Norman-Lott,DT,KC,3,2,1,0,0,0.0,0,0,0,0,0
00-0040749,Andrew Mukuba,SAF,PHI,3,0,3,0,0,0.0,0,0,0,0,0
00-0040752,Oluwafemi Oladejo,DE,TEN,3,1,1,0,0,0.0,0,0,0,0,0
00-0026190,Calais Campbell,DE,ARI,4,2,1,2,0,1.0,1,0,0,0,0
00-0027962,Cameron Jordan,LB,NO,4,4,0,1,0,1.0,2,0,0,0,0
00-0027969,Cameron Heyward,DE,PIT,4,0,0,0,0,0.0,1,0,0,0,0
00-0028292,Nick Bellore,LB,WAS,4,0,1,0,1,0.0,0,0,0,0,0
00-0029255,Bobby Wagner,MLB,WAS,4,3,6,1,0,0.0,0,0,0,0,0
00-0029562,Lavonte David,OLB,TB,4,1,2,1,0,0.0,1,0,0,0,0
00-0029606,Harrison Smith,FS,MIN,4,3,0,0,0,0.0,0,0,0,0,0
00-0029607,Demario Davis,OLB,NO,4,4,2,1,0,0.0,0,0,0,0,0
00-0029822,Brandon McManus,K,GB,4,2,0,0,0,0.0,0,0,0,0,0
00-0030062,Darius Slay,CB,PIT,4,4,1,0,0,0.0,0,0,0,0,0
00-0030070,John Jenkins,DT,BAL,4,1,1,0,0,0.0,0,0,0,0,0
00-0030092,Sam Martin,P,CAR,4,1,0,0,0,0.0,0,0,0,0,0
00-0030279,Keenan Allen,WR,LAC,4,1,0,0,0,0.0,0,0,0,0,0
00-0030294,Tony Jefferson,S,LAC,4,2,3,0,0,0.0,0,0,0,0,0
00-0030757,Mike Pennel,DT,CIN,4,0,3,0,0,0.0,0,0,0,0,0
00-0031054,DaQuan Jones,DT,BUF,4,1,2,0,0,1.0,1,0,0,0,0
00-0031136,Chris Boswell,K,PIT,4,1,0,0,0,0.0,0,0,0,0,0
00-0031177,Brent Urban,DE,BAL,4,0,1,0,0,0.0,0,0,0,0,0
00-0031270,Shelby Harris,DE,CLE,4,0,2,1,0,0.0,1,0,0,0,0
00-0031357,C.J. Goodwin,CB,DAL,4,1,0,0,0,0.0,0,0,0,0,0
00-0031364,Jadeveon Clowney,OLB,DAL,4,1,2,0,0,0.0,0,0,0,0,0
00-0031411,DeMarcus Lawrence,LB,SEA,4,1,0,0,0,0.0,0,0,0,0,0
00-0031484,Chris Manhertz,TE,NYG,4,1,1,0,0,0.0,0,0,0,0,0
00-0031550,Shaq Thompson,OLB,BUF,4,2,0,0,0,0.0,0,0,1,0,0
00-0031551,Eddie Goldman,NT,WAS,4,0,1,1,0,0.0,0,0,0,0,0
00-0031557,Jordan Phillips,DT,BUF,4,1,1,0,0,0.0,0,0,0,0,0
00-0031565,Danielle Hunter,DE,HOU,4,3,1,2,0,2.0,3,0,0,0,0
00-0031576,Za'Darius Smith,DE,PHI,4,0,2,0,0,0.0,0,0,0,0,0
00-0031608,Quandre Diggs,S,TEN,4,1,3,0,0,0.0,0,0,1,0,0
00-0031740,Neville Hewitt,LB,NYG,4,0,1,0,0,0.0,0,0,0,0,0
00-0031898,Alex Singleton,LB,DEN,4,6,5,0,0,0.0,1,0,0,0,0
00-0031933,Leonard Williams,DE,SEA,4,3,1,1,0,1.5,1,0,1,0,0
00-0032052,Dante Fowler Jr.,DE,DAL,4,1,1,0,0,0.0,0,0,0,0,0
00-0032146,Bud Dupree,OLB,LAC,4,2,1,0,0,0.0,0,0,0,0,0
00-0032164,Arik Armstead,DE,JAX,4,2,0,1,1,1.0,0,0,0,0,0
00-0032265,Mario Edwards,DT,HOU,4,2,0,1,0,0.0,1,0,0,0,0
00-0032378,DeForest Buckner,DT,IND,4,4,4,2,0,0.0,1,0,0,0,0
00-0032387,Jarran Reed,DT,SEA,4,0,2,0,0,0.0,0,0,0,0,0
00-0032415,Matthew Judon,OLB,MIA,4,1,0,0,0,0.0,0,0,0,0,0
00-0032424,DJ Reader,DT,DET,4,2,1,0,0,0.0,1,0,0,0,0
00-0032442,Elandon Roberts,OLB,LV,4,1,1,0,0,0.0,0,0,0,0,0
00-0032521,Mike Hilton,CB,IND,4,2,1,1,1,0.0,0,0,0,0,0
00-0032759,Sheldon Rankins,DT,HOU,4,0,2,0,0,0.0,0,0,0,0,0
00-0032762,Chris Jones,DE,KC,4,0,0,1,0,0.0,2,0,1,0,0
00-0032763,Austin Johnson,NT,JAX,4,1,1,0,0,0.0,0,0,0,0,0
00-0032889,A'Shawn Robinson,DT,CAR,4,1,5,0,0,0.0,0,0,0,0,0
00-0033038,Eric Murray,S,JAX,4,0,2,0,0,0.0,0,0,0,0,0
00-0033046,Jihad Ward,LB,TEN,4,1,1,0,0,0.0,0,0,0,0,0
00-0033050,Xavien Howard,CB,IND,4,5,1,0,0,0.0,0,0,0,0,0
00-0033051,David Onyemata,DT,ATL,4,2,2,0,0,0.0,0,0,0,0,0
00-0033055,Jalen Ramsey,CB,PIT,4,2,2,0,0,0.0,0,0,0,0,0
00-0033066,Andrew Billings,DT,CHI,4,2,0,1,0,0.0,0,0,0,0,0
00-0033072,Leonard Floyd,DE,ATL,4,1,3,1,0,0.5,2,0,0,0,0
00-0033073,Emmanuel Ogbah,DE,JAX,4,0,1,0,0,0.0,1,0,0,0,0
00-0033109,Javon Hargrave,NT,MIN,4,4,1,0,0,0.0,0,0,0,0,0
00-0033120,Kenny Clark,NT,DAL,4,1,1,0,0,0.0,1,0,0,0,0
00-0033131,Maliek Collins,DT,CLE,4,1,4,0,0,0.0,1,0,0,0,0
00-0033132,Kevin Byard,FS,CHI,4,5,2,1,0,0.0,0,2,2,0,0
00-0033156,Joey Bosa,DE,BUF,4,1,2,1,1,1.0,1,0,0,0,0
00-0033280,Christian McCaffrey,RB,SF,4,1,0,0,0,0.0,0,0,0,0,0
00-0033281,Marlon Humphrey,CB,BAL,4,5,0,0,0,0.0,0,0,0,0,0
00-0033294,Chuck Clark,SAF,PIT,4,3,0,0,1,0.0,0,0,0,0,0
00-0033297,D.J. Jones,DT,DEN,4,1,0,0,0,0.0,0,0,0,0,0
00-0033336,Eric Wilson,LB,MIN,4,5,4,1,0,0.0,0,0,0,0,0
00-0033347,Josh Tupou,DT,BAL,4,0,3,0,0,0.0,0,0,0,0,0
00-0033381,Adam Butler,DT,LV,4,1,1,0,0,0.0,0,0,0,0,0
00-0033523,Jonathan Allen,DE,MIN,4,3,2,1,0,0.0,0,0,0,0,0
00-0033546,Dalvin Tomlinson,DE,ARI,4,0,2,0,0,0.0,0,0,0,0,0
00-0033548,Chidobe Awuzie,CB,BAL,4,2,2,0,0,0.0,0,0,1,0,0
00-0033551,Rasul Douglas,CB,MIA,4,2,1,1,0,1.0,1,0,2,0,0
00-0033576,Eric Saubert,TE,SEA,4,0,1,0,0,0.0,0,0,0,0,0
00-0033579,Xavier Woods,FS,TEN,4,2,2,0,0,0.0,0,0,0,0,0
00-0033595,Pat O'Connor,DE,DET,4,0,1,0,0,0.0,0,0,1,0,0
00-0033757,Robert Tonyan,TE,KC,4,1,0,0,0,0.0,0,0,0,0,0
00-0033787,Jake Elliott,K,PHI,4,1,0,0,0,0.0,0,0,0,0,0
00-0033860,Davon Godchaux,DT,NO,4,0,1,0,0,0.0,0,0,0,0,0
00-0033868,Myles Garrett,DE,CLE,4,2,0,1,0,0.0,2,0,0,0,0
00-0033872,Jamal Adams,LB,LV,4,4,0,1,0,0.0,0,0,0,0,0
00-0033874,Marshon Lattimore,CB,WAS,4,3,2,1,0,0.0,0,0,0,0,0
00-0033875,Haason Reddick,OLB,TB,4,3,1,1,0,0.0,0,0,1,0,0
00-0033876,Derek Barnett,DE,HOU,4,1,0,0,0,0.0,0,0,0,0,0
00-0033877,Malik Hooker,FS,DAL,4,2,2,0,0,0.0,0,0,0,0,0
00-0033884,Tre'Davious White,CB,BUF,4,7,0,1,0,0.0,0,0,0,0,0
00-0033886,T.J. Watt,OLB,PIT,4,3,2,1,0,1.0,2,1,1,0,0
00-0033890,Budda Baker,S,ARI,4,0,5,0,0,0.0,0,0,0,0,0
00-0033902,Tanoh Kpassagnon,DE,CHI,4,1,0,0,0,0.0,0,0,0,0,0
00-0033907,Dawuane Smoot,DE,JAX,4,1,1,0,0,0.0,1,0,0,0,0
00-0033914,Alex Anzalone,MLB,DET,4,4,2,0,0,1.0,1,0,1,0,0
00-0033928,Jourdan Lewis,CB,JAX,4,2,0,0,0,0.0,0,0,0,0,0
00-0033935,Trey Hendrickson,DE,CIN,4,2,2,0,0,0.0,0,0,0,0,0
00-0033941,Rayshawn Jenkins,SAF,CLE,4,1,0,0,0,0.0,0,0,0,0,0
00-0033945,Samson Ebukam,DE,IND,4,0,2,0,0,0.0,2,0,0,0,0
00-0033952,Grover Stewart,DT,IND,4,1,3,0,0,0.0,0,0,0,0,0
00-0034163,Jacob Martin,DE,WAS,4,2,0,0,0,0.0,0,0,0,0,0
00-0034203,Darious Williams,CB,LAR,4,1,1,1,0,0.0,0,0,0,0,0
00-0034234,Poona Ford,DT,LAR,4,0,2,0,0,0.0,0,0,0,0,0
00-0034264,Jalyn Holmes,DT,WAS,4,0,3,0,0,0.0,0,0,0,0,0
00-0034274,Parry Nickerson,CB,PHI,4,2,0,0,0,0.0,0,0,0,0,0
00-0034275,Foley Fatukasi,DT,HOU,4,0,1,0,0,0.0,0,0,0,0,0
00-0034277,DeShon Elliott,SAF,PIT,4,4,2,1,1,1.0,2,1,2,0,0
00-0034278,Tremon Smith,CB,HOU,4,1,1,0,0,0.0,0,0,0,0,0
00-0034285,Zach Sieler,DE,MIA,4,4,1,2,0,0.0,0,0,0,0,0
00-0034302,Frankie Luvu,LB,WAS,4,5,3,1,0,1.0,1,0,0,0,0
00-0034333,Daron Payne,NT,WAS,4,1,2,1,1,0.0,0,0,0,0,0
00-0034350,Uchenna Nwosu,LB,SEA,4,3,2,2,0,2.0,2,0,0,0,0
00-0034355,M.J. Stewart,SAF,HOU,4,3,1,0,0,0.0,0,0,1,0,0
00-0034356,Donte Jackson,CB,LAC,4,0,1,0,0,0.0,0,0,0,0,0
00-0034357,Isaiah Oliver,FS,NYJ,4,6,3,0,0,0.0,0,0,0,0,0
00-0034361,Justin Reid,S,NO,4,1,0,0,0,0.0,0,0,0,0,0
00-0034365,Ian Thomas,TE,LV,4,0,1,0,0,0.0,0,0,0,0,0
00-0034371,Da'Shawn Hand,DE,LAC,4,2,2,1,0,0.0,0,0,0,0,0
00-0034373,Dorance Armstrong,DE,WAS,4,2,2,1,0,0.0,1,0,0,0,0
00-0034376,Taron Johnson,CB,BUF,4,4,0,0,0,0.0,0,0,0,0,0
00-0034381,Josh Sweat,LB,ARI,4,2,0,1,1,1.0,1,0,0,0,0
00-0034384,D.J. Reed,CB,DET,4,3,1,0,0,0.0,0,1,3,0,0
00-0034397,Tim Settle,DT,HOU,4,1,0,0,0,0.0,0,0,1,0,0
00-0034413,Foye Oluokun,LB,JAX,4,2,5,0,1,0.0,0,0,0,0,0
00-0034431,Zaire Franklin,OLB,IND,4,1,6,0,0,0.0,1,0,1,0,0
00-0034465,Jeremy Reaves,DB,WAS,4,4,4,0,0,0.0,0,0,0,0,0
00-0034473,Dennis Gardeck,LB,JAX,4,3,0,0,1,0.0,0,0,0,0,0
00-0034485,Jonathan Owens,SAF,CHI,4,0,1,0,0,0.0,0,0,0,0,0
00-0034488,Tavierre Thomas,SAF,MIN,4,0,2,0,0,0.0,0,0,0,0,0
00-0034573,Charvarius Ward,CB,IND,4,0,1,0,0,0.0,0,0,1,0,0
00-0034639,Mike Ford,DB,ATL,4,0,3,0,0,0.0,0,0,0,0,0
00-0034673,Tremaine Edmunds,MLB,CHI,4,6,5,0,0,0.0,0,0,0,0,0
00-0034675,Jessie Bates,FS,ATL,4,4,3,0,0,0.0,0,0,0,0,0
00-0034720,Robert Spillane,LB,NE,4,4,6,0,0,0.0,0,0,0,0,0
00-0034753,Mark Andrews,TE,BAL,4,1,0,0,0,0.0,0,0,0,0,0
00-0034754,Oren Burks,ILB,CIN,4,0,1,0,0,0.0,0,0,0,0,0
00-0034760,Nathan Shepherd,DE,NO,4,1,2,0,0,0.0,2,0,0,0,0
00-0034773,Vita Vea,DT,TB,4,3,0,2,0,2.0,2,0,0,0,0
00-0034780,Isaac Yiadom,CB,NO,4,1,2,0,0,0.0,0,0,0,0,0
00-0034782,Harrison Phillips,DT,NYJ,4,1,0,0,0,0.0,0,0,0,0,0
00-0034789,Minkah Fitzpatrick,FS,MIA,4,2,0,0,0,0.0,0,0,1,0,0
00-0034790,Derwin James,FS,LAC,4,4,4,0,0,0.5,1,0,0,0,0
00-0034792,Cornell Armstrong,DB,MIA,4,0,1,0,0,0.0,0,0,0,0,0
00-0034797,Jerome Baker,OLB,CLE,4,1,4,0,0,0.0,0,0,0,0,0
00-0034800,B.J. Hill,DE,CIN,4,4,1,1,0,0.0,0,0,0,0,0
00-0034805,John Franklin-Myers,DE,DEN,4,1,1,1,0,1.0,1,0,0,0,0
00-0034810,Sebastian Joseph-Day,DT,TEN,4,2,1,0,0,0.0,1,0,0,0,0
00-0034815,Fred Warner,MLB,SF,4,5,3,0,1,0.0,0,0,0,0,0
00-0034825,Arden Key,DE,TEN,4,1,1,1,0,1.0,2,0,0,0,0
00-0034827,DJ Moore,WR,CHI,4,1,0,0,0,0.0,0,0,0,0,0
00-0034828,Harold Landry III,LB,NE,4,0,0,0,0,0.0,1,0,0,0,0
00-0034832,Bradley Chubb,OLB,MIA,4,3,0,0,0,0.0,0,0,0,0,0
00-0034843,Mike Hughes,CB,ATL,4,4,0,0,0,0.0,0,0,1,0,0
00-0034856,Denzel Ward,CB,CLE,4,2,0,0,0,0.0,0,1,1,0,0
00-0034874,Roquan Smith,ILB,BAL,4,2,0,0,0,0.0,0,0,0,0,0
00-0034960,Jakobi Meyers,WR,LV,4,0,1,0,0,0.0,0,0,0,0,0
00-0034967,Rashan Gary,LB,GB,4,2,2,0,0,0.0,0,0,0,0,0
00-0034968,Darnell Savage,DB,WAS,4,1,0,0,0,0.0,0,0,0,0,0
00-0034973,Maxx Crosby,DE,LV,4,5,0,3,1,0.0,1,1,3,0,0
00-0034974,Julian Love,SAF,SEA,4,6,0,0,0,0.0,0,0,1,0,0
00-0034987,E.J. Speed,LB,HOU,4,2,2,0,0,0.0,1,0,0,0,0
00-0034993,Marcus Epps,SAF,PHI,4,0,1,0,0,0.0,0,0,0,0,0
00-0035020,Demetrius Flannigan-Fowles,LB,NYG,4,1,0,0,0,0.0,0,0,0,0,0
00-0035021,Ashton Dulin,WR,IND,4,1,0,0,0,0.0,0,0,0,0,0
00-0035133,Keisean Nixon,DB,GB,4,4,0,0,0,0.0,0,0,2,0,0
00-0035144,Mack Wilson,LB,ARI,4,3,3,0,0,0.0,0,0,0,0,0
00-0035157,Darius Harris,LB,NE,4,1,1,0,0,0.0,0,0,0,0,0
00-0035166,Azeez Al-Shaair,LB,HOU,4,2,1,0,0,0.0,1,0,1,0,0
00-0035192,Joey Slye,K,TEN,4,0,1,0,0,0.0,0,0,0,0,0
00-0035202,Del'Shawn Phillips,LB,LAC,4,1,1,0,0,0.0,0,0,0,0,0
00-0035229,T.J. Hockenson,TE,MIN,4,1,0,0,0,0.0,0,0,0,0,0
00-0035236,Byron Murphy,CB,MIN,4,3,2,0,0,0.0,0,0,0,0,0
00-0035248,Zach Allen,DE,DEN,4,0,2,0,0,0.0,0,0,0,0,0
00-0035254,Anthony Nelson,LB,TB,4,2,0,0,1,0.0,0,0,0,0,0
00-0035258,Hjalte Froholdt,G,ARI,4,2,0,0,1,0.0,0,0,0,0,0
00-0035262,Drue Tranquill,LB,KC,4,4,3,0,0,0.0,0,0,0,0,0
00-0035277,Mike Jackson,CB,CAR,4,3,1,0,0,0.0,0,0,1,0,0
00-0035279,Charles Omenihu,DE,KC,4,1,0,0,0,0.0,0,0,0,0,0
00-0035286,Cole Holcomb,LB,PIT,4,2,1,0,0,0.0,0,0,0,0,0
00-0035301,Donovan Wilson,SAF,DAL,4,5,1,0,0,0.0,0,0,0,0,0
00-0035316,Kaden Elliss,LB,ATL,4,3,2,1,0,0.5,2,0,0,0,0
00-0035352,Tyrel Dodson,LB,MIA,4,5,4,2,1,1.0,1,0,0,0,0
00-0035357,Cam Lewis,CB,BUF,4,2,1,0,0,0.0,0,0,0,0,0
00-0035378,Andrew Wingard,SAF,JAX,4,2,2,0,0,0.0,0,0,1,0,0
00-0035402,Carl Granderson,DE,NO,4,5,0,2,0,1.0,1,0,0,0,0
00-0035409,Shy Tuttle,DT,TEN,4,1,1,0,0,0.0,0,0,0,0,0
00-0035413,Luke Gifford,LB,SF,4,0,2,0,0,0.0,0,0,0,0,0
00-0035525,Devin Bush,LB,CLE,4,6,2,0,0,0.0,0,0,0,0,0
00-0035567,Craig Reynolds,RB,DET,4,1,0,0,0,0.0,0,0,0,0,0
00-0035617,Troy Reeder,LB,LAR,4,1,0,0,0,0.0,0,0,0,0,0
00-0035625,Juan Thornhill,SAF,PIT,4,2,1,1,0,0.0,0,0,1,0,0
00-0035632,Amani Hooker,SAF,TEN,4,3,2,0,0,0.0,0,0,0,0,0
00-0035637,Rock Ya-Sin,CB,DET,4,0,2,0,0,0.0,0,0,0,0,0
00-0035642,Josh Hines-Allen,DE,JAX,4,2,0,1,0,0.0,1,0,0,0,0
00-0035643,Jeffery Simmons,DT,TEN,4,4,1,4,0,1.0,1,0,0,0,0
00-0035647,Montez Sweat,DE,CHI,4,1,1,0,0,0.0,0,0,0,0,0
00-0035663,Taylor Rapp,SAF,BUF,4,2,1,0,0,0.0,0,0,0,0,0
00-0035667,Greg Gaines,DT,TB,4,1,0,0,0,0.0,0,0,0,0,0
00-0035669,Nick Scott,SAF,CAR,4,3,2,0,0,0.0,0,0,0,0,0
00-0035672,Cody Barton,LB,TEN,4,4,3,0,0,0.0,0,0,0,0,0
00-0035674,Jerry Tillery,DT,KC,4,1,0,1,0,1.0,1,0,0,0,0
00-0035678,Dre'Mont Jones,DE,TEN,4,2,1,0,0,0.0,0,0,0,0,0
00-0035683,Dexter Lawrence,DT,NYG,4,1,0,1,0,0.0,0,1,1,0,0
00-0035687,Bobby Okereke,ILB,NYG,4,3,1,0,0,0.0,0,0,0,0,0
00-0035697,Germaine Pratt,LB,LV,4,3,2,1,0,0.0,0,0,0,0,0
00-0035699,Jamel Dean,CB,TB,4,1,1,0,0,0.0,0,0,0,0,0
00-0035705,Jalen Thompson,DB,ARI,4,5,4,0,0,0.0,0,0,0,0,0
00-0035707,Devin White,LB,LV,4,8,1,1,0,0.0,0,0,1,0,0
00-0035713,Brian Burns,LB,NYG,4,4,1,1,0,1.0,4,0,0,0,0
00-0035718,Quinnen Williams,DT,NYJ,4,2,3,1,1,0.0,0,0,0,0,0
00-0035795,James Pierre,CB,PIT,4,0,1,0,0,0.0,0,0,2,0,0
00-0035827,Ross Matiscik,LS,JAX,4,1,0,0,0,0.0,0,0,0,0,0
00-0035890,Tershawn Wharton,DE,CAR,4,2,3,0,0,1.0,1,0,0,0,0
00-0035895,Joe Bachie,LB,IND,4,2,3,0,0,0.0,0,0,0,0,0
00-0035942,Christian Rozeboom,LB,CAR,4,1,3,0,0,0.0,0,0,0,0,0
00-0036124,Khalil Dorsey,CB,DET,4,1,0,0,0,0.0,0,0,0,0,0
00-0036151,Bryce Huff,DE,SF,4,2,0,1,0,0.0,0,0,0,0,0
00-0036159,Joshua Uche,LB,PHI,4,2,2,0,0,0.0,0,0,0,0,0
00-0036181,Teair Tart,DT,LAC,4,1,0,0,0,0.0,0,0,0,0,0
00-0036192,A.J. Epenesa,DE,BUF,4,3,0,1,0,1.0,1,0,0,0,0
00-0036193,Anfernee Jennings,LB,NE,4,1,2,0,0,0.0,0,0,0,0,0
00-0036199,Geno Stone,SAF,CIN,4,4,6,0,0,0.0,0,0,0,0,0
00-0036220,Derrick Brown,DT,CAR,4,1,3,0,0,0.0,0,0,0,0,0
00-0036221,Brandon Jones,SAF,DEN,4,1,2,0,0,0.0,0,0,1,0,0
00-0036222,Isaiah Rodgers,CB,MIN,4,1,1,0,0,0.0,0,0,0,0,0
00-0036224,Jonathan Greenard,LB,MIN,4,1,1,0,1,0.0,1,0,0,0,0
00-0036231,Kyle Dugger,SAF,NE,4,0,3,0,0,0.0,0,0,0,0,0
00-0036256,Colton McKivitz,OT,SF,4,0,1,0,0,0.0,0,0,0,0,0
00-0036260,Javon Kinlaw,DT,WAS,4,3,0,1,0,0.0,0,0,0,0,0
00-0036262,DaVon Hamilton,DT,JAX,4,0,4,0,0,0.0,0,0,0,0,0
00-0036266,Jordan Elliott,DT,SF,4,0,2,0,0,0.0,0,0,0,0,0
00-0036274,Jeff Okudah,CB,MIN,4,1,0,0,0,0.0,0,0,0,0,0
00-0036282,Grant Delpit,SAF,CLE,4,4,1,0,0,0.0,0,0,0,0,0
00-0036286,K'Lavon Chaisson,LB,NE,4,2,0,1,0,1.0,1,0,0,0,0
00-0036288,Yetur Gross-Matos,DE,SF,4,0,3,0,0,0.0,0,0,0,0,0
00-0036293,Jeremy Chinn,SAF,LV,4,3,4,0,0,0.0,0,0,0,0,0
00-0036294,Logan Wilson,LB,CIN,4,2,3,0,0,0.0,0,0,0,0,0
00-0036298,Akeem Davis-Gaither,LB,ARI,4,5,5,1,0,0.0,0,0,0,0,0
00-0036300,Mykal Walker,LB,NYJ,4,0,1,0,0,0.0,0,0,0,0,0
00-0036302,Jaylinn Hawkins,SAF,NE,4,4,0,0,0,0.0,0,0,0,0,0
00-0036323,Patrick Queen,LB,PIT,4,8,3,3,0,1.0,1,0,0,0,0
00-0036329,Ashtyn Davis,SAF,MIA,4,3,1,0,0,0.0,0,0,0,0,0
00-0036337,James Lynch,DT,TEN,4,0,1,0,0,0.0,0,0,0,0,0
00-0036338,Troy Dye,LB,LAC,4,3,11,0,0,0.0,1,0,0,0,0
00-0036348,Josh Metellus,SAF,MIN,4,4,5,0,0,0.0,0,0,0,0,0
00-0036349,Kam Curl,SAF,LAR,4,3,6,0,0,0.0,0,2,3,0,0
00-0036355,Justin Herbert,QB,LAC,4,1,0,0,0,0.0,0,0,0,0,0
00-0036361,Trevon Diggs,CB,DAL,4,4,0,1,0,0.0,0,0,0,0,0
00-0036366,Neville Gallimore,DT,IND,4,0,2,0,0,0.0,0,0,0,0,0
00-0036374,L'Jarius Sneed,SAF,TEN,4,3,0,0,0,0.0,0,0,0,0,0
00-0036375,Amik Robertson,CB,DET,4,1,0,0,0,0.0,0,0,1,0,0
00-0036380,Alohi Gilman,SAF,LAC,4,2,2,0,0,0.0,0,0,1,0,0
00-0036388,Xavier McKinney,SAF,GB,4,3,4,0,0,0.0,0,0,0,0,0
00-0036394,Darnay Holmes,CB,LV,4,1,1,0,0,0.0,0,0,0,0,0
00-0036409,Jordyn Brooks,LB,MIA,4,15,3,0,0,0.0,0,0,0,0,0
00-0036411,Antoine Winfield Jr.,SAF,TB,4,3,1,1,0,0.0,0,0,0,0,0
00-0036418,Zack Baun,LB,PHI,4,5,3,1,1,1.0,0,0,0,0,0
00-0036428,Justin Strnad,LB,DEN,4,1,2,0,0,0.0,0,0,0,0,0
00-0036441,"Kenneth Murray, Jr.",LB,DAL,4,4,4,0,0,0.0,0,0,0,0,0
00-0036443,Rex Sunahara,LS,CLE,4,0,1,0,0,0.0,0,0,0,0,0
00-0036479,Kwity Paye,DE,IND,4,0,1,0,0,0.0,0,0,0,0,0
00-0036480,Dayo Odeyingbo,DE,CHI,4,1,0,0,0,0.0,0,0,0,0,0
00-0036500,Jamien Sherwood,LB,NYJ,4,1,9,0,0,0.0,0,0,1,0,0
00-0036501,Michael Carter II,CB,NYJ,4,0,2,0,0,0.0,0,0,0,0,0
00-0036502,Jason Pinnock,SAF,SF,4,2,4,0,0,0.0,0,0,0,0,0
00-0036504,Brandin Echols,CB,PIT,4,3,0,0,0,0.0,0,0,0,0,0
00-0036553,Carlos Basham,LB,CAR,4,0,2,0,0,0.0,0,0,0,0,0
00-0036563,Deommodore Lenoir,CB,SF,4,4,1,1,0,0.0,0,0,0,0,0
00-0036564,Talanoa Hufanga,SAF,DEN,4,1,0,0,0,0.0,0,0,0,0,0
00-0036568,Roy Lopez,DT,DET,4,2,1,0,0,0.0,0,0,0,0,0
00-0036589,Nick McCloud,CB,CHI,4,2,2,0,0,0.0,0,0,0,0,0
00-0036590,Quintin Morris,TE,JAX,4,1,0,0,0,0.0,0,0,0,0,0
00-0036621,Nick Bolton,LB,KC,4,3,3,0,0,0.0,1,0,0,0,0
00-0036625,Benjamin St-Juste,CB,LAC,4,1,0,0,0,0.0,0,0,1,0,0
00-0036629,Camryn Bynum,SAF,IND,4,4,3,0,0,0.0,0,0,0,0,0
00-0036642,Tedarrell Slaton,DT,CIN,4,3,1,0,0,0.0,0,0,0,0,0
00-0036643,K.J. Britt,LB,MIA,4,2,0,0,0,0.0,0,0,0,0,0
00-0036646,Simi Fehoko,WR,ARI,4,0,1,0,0,0.0,0,0,0,0,0
00-0036658,Isaiah McDuffie,LB,GB,4,3,0,0,0,0.0,0,0,0,0,0
00-0036672,Grant Stuard,LB,DET,4,2,1,0,0,0.0,0,0,0,0,0
00-0036677,Zayne Anderson,SAF,GB,4,0,1,0,0,0.0,0,0,0,0,0
00-0036683,Devon Key,SAF,DEN,4,0,1,0,0,0.0,0,0,0,0,0
00-0036695,Naquan Jones,DT,LAC,4,1,1,1,0,0.0,0,0,0,0,0
00-0036813,Christian Elliss,LB,NE,4,3,6,0,0,0.0,0,0,0,0,0
00-0036825,Feleipe Franks,TE,ATL,4,1,1,0,0,0.0,0,0,0,0,0
00-0036844,Garret Wallow,LB,DEN,4,0,1,0,0,0.0,0,0,0,0,0
00-0036850,Cameron Sample,DE,CIN,4,0,1,0,0,0.0,1,0,0,0,0
00-0036862,Ben Skowronek,WR,PIT,4,2,1,0,0,0.0,0,0,0,0,0
00-0036867,Chris Rumph II,LB,NO,4,2,0,0,0,0.0,1,0,1,0,0
00-0036871,Nate Hobbs,CB,GB,4,2,5,0,0,0.0,0,0,1,0,0
00-0036874,Pat Surtain II,CB,DEN,4,0,2,0,0,0.0,0,0,0,0,0
00-0036876,Kylen Granson,TE,PHI,4,2,2,0,0,0.0,0,0,0,0,0
00-0036883,Tommy Togiai,DT,HOU,4,1,1,1,0,0.0,0,0,1,0,0
00-0036901,Eric Stokes,CB,LV,4,0,1,0,0,0.0,0,0,1,0,0
00-0036902,Joseph Ossai,DE,CIN,4,1,0,0,0,0.0,0,0,0,0,0
00-0036903,Bobby Brown III,DT,CAR,4,0,2,0,0,0.0,0,0,0,0,0
00-0036909,Khyiris Tonga,DT,NE,4,0,0,0,0,0.0,0,0,1,0,0
00-0036914,Greg Rousseau,LB,BUF,4,1,1,0,0,0.0,0,0,0,0,0
00-0036916,Milton Williams,DT,NE,4,1,0,0,0,0.0,0,0,0,0,0
00-0036927,Pete Werner,LB,NO,4,3,0,0,0,0.0,0,0,0,0,0
00-0036932,Micah Parsons,LB,GB,4,1,2,0,0,1.0,2,0,0,0,0
00-0036933,Zaven Collins,LB,ARI,4,2,1,1,0,0.0,0,0,0,0,0
00-0036934,Jaelan Phillips,LB,MIA,4,1,1,0,0,0.0,0,0,0,0,0
00-0036937,Paulson Adebo,CB,NYG,4,3,1,0,0,0.0,0,0,1,0,0
00-0036940,Odafe Oweh,LB,BAL,4,4,1,0,0,0.0,0,0,0,0,0
00-0036941,Andre Cisco,SAF,NYJ,4,5,3,0,0,0.0,0,0,0,0,0
00-0036942,Osa Odighizuwa,DT,DAL,4,3,3,1,0,0.0,2,0,0,0,0
00-0036944,Jaycee Horn,CB,CAR,4,0,1,0,0,0.0,0,0,0,0,0
00-0036952,Jonathon Cooper,LB,DEN,4,1,1,0,0,0.5,2,0,1,0,0
00-0036962,Tre'von Moehrig,SAF,CAR,4,0,3,0,0,0.0,0,0,0,0,0
00-0036964,Derrick Barnes,LB,DET,4,2,5,0,0,0.0,1,0,0,0,0
00-0036967,Joe Tryon-Shoyinka,DE,CLE,4,1,0,0,0,0.0,0,0,0,0,0
00-0036974,Tyson Campbell,CB,JAX,4,4,5,0,0,0.0,0,0,0,0,0
00-0036981,Christian Barmore,DT,NE,4,0,0,0,0,0.0,2,0,0,0,0
00-0036986,Nahshon Wright,CB,CHI,4,3,0,1,0,0.0,0,0,0,0,0
00-0036987,Brandon Stephens,CB,NYJ,4,5,3,0,0,0.0,0,0,1,0,0
00-0036989,Malcolm Koonce,DE,LV,4,2,1,1,0,0.0,0,0,0,0,0
00-0036990,Divine Deablo,LB,ATL,4,2,3,0,0,0.0,0,0,1,0,0
00-0036992,Elijah Molden,CB,LAC,4,1,4,0,0,0.0,0,0,0,0,0
00-0036994,Ernest Jones,LB,SEA,4,4,4,0,0,0.5,0,1,1,0,0
00-0036995,Baron Browning,LB,ARI,4,0,1,0,0,0.0,0,0,0,0,0
00-0036996,Greg Newsome II,CB,CLE,4,0,2,1,0,0.0,0,0,0,0,0
00-0036998,Jevon Holland,SAF,NYG,4,1,2,0,0,0.0,0,0,0,0,0
00-0037003,Chazz Surratt,LB,SEA,4,0,1,0,0,0.0,0,0,0,0,0
00-0037034,Dee Alford,CB,ATL,4,4,1,0,1,0.0,0,0,0,0,0
00-0037073,Jordan Davis,DT,PHI,4,0,1,0,0,0.0,0,0,0,0,0
00-0037074,Quay Walker,LB,GB,4,5,5,1,0,0.0,0,0,0,0,0
00-0037075,Devonte Wyatt,DT,GB,4,0,1,0,0,0.0,0,0,0,0,0
00-0037079,Riq Woolen,CB,SEA,4,1,0,0,0,0.0,0,0,0,0,0
00-0037082,Dominique Robinson,DE,CHI,4,0,1,0,0,0.0,0,0,0,0,0
00-0037083,Kingsley Enagbare,LB,GB,4,0,1,0,0,0.0,0,0,0,0,0
00-0037093,Dareke Young,WR,SEA,4,3,0,0,0,0.0,0,0,0,0,0
00-0037096,Elijah Hicks,SAF,CHI,4,1,0,0,0,0.0,0,0,0,0,0
00-0037106,Jaylon Jones,DB,CHI,4,0,1,0,0,0.0,0,0,0,0,0
00-0037109,Jack Sanborn,LB,DAL,4,6,5,0,0,0.0,0,0,1,0,0
00-0037112,Jake Tonges,TE,SF,4,0,1,0,0,0.0,0,0,0,0,0
00-0037129,Josh Blackwell,CB,CHI,4,1,0,0,0,0.0,0,0,0,0,0
00-0037130,Reed Blankenship,SAF,PHI,4,4,0,0,0,0.0,0,0,2,0,0
00-0037137,Josh Jobe,CB,SEA,4,4,1,0,0,0.5,1,0,1,0,0
00-0037155,Tony Adams,SAF,NYJ,4,1,2,0,0,0.0,0,0,1,0,0
00-0037190,Sauce Gardner,CB,NYJ,4,2,0,0,0,0.0,0,0,0,0,0
00-0037191,Trent McDuffie,CB,KC,4,4,1,0,0,0.0,0,0,1,0,0
00-0037192,George Karlaftis,DE,KC,4,2,0,1,0,1.0,4,0,0,0,0
00-0037193,Bryan Cook,SAF,KC,4,3,0,0,0,0.0,0,0,0,0,0
00-0037195,Jaylen Watson,CB,KC,4,1,0,0,0,0.0,0,0,0,0,0
00-0037205,Brenden Schooler,SAF,NE,4,1,2,0,0,0.0,0,0,0,0,0
00-0037208,Jack Cochrane,LB,KC,4,1,0,0,0,0.0,0,0,0,0,0
00-0037235,Travon Walker,DE,JAX,4,0,2,0,0,0.0,0,0,0,0,0
00-0037236,Aidan Hutchinson,DE,DET,4,3,1,2,1,2.0,4,0,0,0,0
00-0037237,Derek Stingley Jr.,CB,HOU,4,2,0,0,0,0.0,0,1,1,0,0
00-0037238,Drake London,WR,ATL,4,1,0,0,0,0.0,0,0,0,0,0
00-0037242,Kaiir Elam,CB,DAL,4,2,1,0,0,0.0,0,0,0,0,0
00-0037244,Devin Lloyd,LB,JAX,4,5,2,1,0,0.0,0,2,2,0,0
00-0037246,Jalen Pitre,SAF,HOU,4,3,1,2,0,0.0,0,0,0,0,0
00-0037249,Nik Bonitto,LB,DEN,4,2,1,1,0,1.5,2,0,0,0,0
00-0037253,Marcus Jones,CB,NE,4,3,2,0,0,0.0,0,0,0,0,0
00-0037254,Terrel Bernard,LB,BUF,4,4,2,0,0,0.0,1,0,0,0,0
00-0037262,Thomas Booker,DT,LV,4,0,1,0,0,0.0,0,0,0,0,0
00-0037268,Zyon McCollum,CB,TB,4,4,0,0,0,0.0,0,0,0,0,0
00-0037271,D'Marco Jackson,LB,CHI,4,0,1,0,0,0.0,0,0,0,0,0
00-0037275,DaRon Bland,CB,DAL,4,3,1,1,0,0.0,0,0,0,0,0
00-0037280,Matthew Butler,DT,MIA,4,0,1,0,0,0.0,1,0,0,0,0
00-0037288,Christian Benford,CB,BUF,4,4,0,0,0,0.0,0,0,0,0,0
00-0037292,Andrew Ogletree,TE,IND,4,0,1,0,0,0.0,0,0,0,0,0
00-0037301,Theo Jackson,DB,MIN,4,0,1,0,0,0.0,0,0,0,0,0
00-0037304,Connor Heyward,FB,PIT,4,0,1,0,0,0.0,0,0,0,0,0
00-0037310,James Houston,DE,DAL,4,1,1,1,1,1.0,0,0,0,0,0
00-0037313,Montaric Brown,CB,JAX,4,1,0,0,0,0.0,0,0,0,0,0
00-0037321,Chase Lucas,CB,SF,4,1,0,0,0,0.0,0,0,0,0,0
00-0037323,Rodney Thomas,SAF,IND,4,0,1,0,0,0.0,0,0,0,0,0
00-0037332,D'Anthony Bell,SAF,SEA,4,0,1,0,0,0.0,0,0,0,0,0
00-0037348,Tanner Conner,TE,MIA,4,1,0,0,0,0.0,0,0,0,0,0
00-0037384,Ja'Quan McMillian,CB,DEN,4,1,3,0,0,0.0,0,0,0,0,0
00-0037447,Tomon Fox,LB,NYG,4,1,0,0,0,0.0,0,0,0,0,0
00-0037457,Jake Hansen,LB,HOU,4,0,1,0,0,0.0,0,0,0,0,0
00-0037461,Tristin McCollum,DB,LV,4,1,0,0,0,0.0,0,0,0,0,0
00-0037512,Isaiah Pola-Mao,SAF,LV,4,1,3,0,0,0.0,0,0,0,0,0
00-0037527,Segun Olubi,LB,IND,4,1,0,0,0,0.0,0,0,0,0,0
00-0037561,Markquese Bell,SAF,DAL,4,1,0,0,0,0.0,0,0,0,0,0
00-0037578,Juanyeh Thomas,SAF,DAL,4,1,2,0,0,0.0,0,0,0,0,0
00-0037587,Nate Landman,LB,LAR,4,3,3,0,0,0.0,0,0,1,0,0
00-0037593,Tre Avery,CB,CLE,4,1,1,0,0,0.0,0,0,0,0,0
00-0037594,Julius Chestnut,RB,TEN,4,1,1,0,0,0.0,0,0,0,0,0
00-0037596,Jack Gibbens,LB,NE,4,7,4,1,0,0.0,0,0,0,0,0
00-0037602,Sam Okuayinonu,DT,SF,4,2,2,1,0,0.0,0,0,0,0,0
00-0037611,Kayvon Thibodeaux,LB,NYG,4,2,0,1,0,1.0,3,0,0,0,0
00-0037616,Nick Cross,SAF,IND,4,5,8,0,0,0.5,1,0,0,0,0
00-0037617,Hassan Haskins,RB,LAC,4,1,1,0,0,0.0,0,0,0,0,0
00-0037633,Jacob Hummel,LB,BAL,4,2,3,0,0,0.0,0,0,0,0,0
00-0037665,Sam Williams,DE,DAL,4,1,0,0,0,0.0,0,0,0,0,0
00-0037667,Kerby Joseph,SAF,DET,4,1,2,0,0,0.0,0,1,1,0,0
00-0037743,Daxton Hill,DB,CIN,4,5,4,0,0,0.0,0,0,1,0,0
00-0037745,Velus Jones Jr.,WR,NO,4,0,2,0,0,0.0,0,0,0,0,0
00-0037753,Cam Taylor-Britt,CB,CIN,4,1,0,0,0,0.0,0,0,0,0,0
00-0037758,Cordale Flott,CB,NYG,4,5,0,0,0,0.0,0,0,0,0,0
00-0037799,Dondrea Tillman,LB,DEN,4,1,0,0,0,0.0,0,0,0,0,0
00-0037808,DeAngelo Malone,LB,ATL,4,1,2,0,0,0.0,0,0,0,0,0
00-0037811,Chad Muma,LB,IND,4,1,1,0,0,0.0,0,0,0,0,0
00-0037815,Cameron Thomas,DE,CLE,4,0,1,0,0,0.0,0,0,0,0,0
00-0037819,Leo Chenal,LB,KC,4,4,0,0,0,0.0,0,1,1,0,0
00-0037832,Kalia Davis,DT,SF,4,1,0,1,0,0.0,0,0,0,0,0
00-0037839,Cobie Durant,CB,LAR,4,0,1,0,0,0.0,0,0,0,0,0
00-0037841,Quentin Lake,SAF,LAR,4,5,4,1,0,0.0,0,0,0,0,0
00-0037843,Daniel Hardy,DE,CHI,4,1,2,0,0,0.0,0,0,0,0,0
00-0038038,Kyle Hamilton,SAF,BAL,4,3,5,0,0,0.0,1,0,0,0,0
00-0038039,Jack Jones,CB,MIA,4,1,4,0,1,0.0,0,0,0,0,0
00-0038101,Akayleb Evans,CB,CAR,4,2,0,0,0,0.0,0,0,0,0,0
00-0038106,Eyioma Uwazurike,DT,DEN,4,1,0,0,0,0.0,0,0,0,0,0
00-0038107,Micheal Clemons,DE,NYJ,4,2,1,0,0,0.0,0,0,0,0,0
00-0038116,Arnold Ebiketie,LB,ATL,4,0,1,0,0,0.0,0,0,0,0,0
00-0038119,Jalyn Armour-Davis,CB,TEN,4,1,3,0,0,0.0,0,0,0,0,0
00-0038121,Alontae Taylor,CB,NO,4,3,1,0,0,0.0,0,0,0,0,0
00-0038123,Dane Belton,SAF,NYG,4,2,3,0,0,0.0,0,0,0,0,0
00-0038125,Roger McCreary,CB,TEN,4,2,3,0,0,0.0,0,0,0,0,0
00-0038127,Logan Hall,DE,TB,4,0,1,0,0,0.0,0,0,0,0,0
00-0038133,Boye Mafe,DE,SEA,4,0,2,0,0,0.0,1,0,1,0,0
00-0038135,Jaquan Brisker,SAF,CHI,4,1,3,0,0,0.0,1,0,0,0,0
00-0038136,Coby Bryant,CB,SEA,4,0,0,0,0,0.0,0,1,1,0,0
00-0038142,David Ojabo,LB,BAL,4,1,1,0,0,0.0,0,0,0,0,0
00-0038359,Xavier Smith,WR,LAR,4,0,1,0,0,0.0,0,0,0,0,0
00-0038360,Alex Ward,LS,LAR,4,0,1,0,0,0.0,0,0,0,0,0
00-0038381,Kyu Blu Kelly,CB,LV,4,4,2,0,0,0.0,0,0,0,0,0
00-0038386,Jalen Carter,DT,PHI,4,1,0,0,0,0.0,0,0,0,0,0
00-0038387,Colby Wooden,DE,GB,4,1,2,0,0,0.0,1,0,0,0,0
00-0038390,Noah Sewell,LB,CHI,4,1,4,1,1,0.0,0,0,0,0,0
00-0038398,Karl Brooks,DT,GB,4,0,2,0,0,0.0,1,0,0,0,0
00-0038408,Carrington Valentine,DB,GB,4,2,1,0,0,0.0,0,0,0,0,0
00-0038412,Moro Ojomo,DT,PHI,4,1,1,1,0,1.0,1,0,1,0,0
00-0038440,Zavier Scott,RB,MIN,4,1,0,0,0,0.0,0,0,0,0,0
00-0038493,Claudin Cherelus,LB,CAR,4,0,1,0,0,0.0,0,0,0,0,0
00-0038504,Trenton Simpson,LB,BAL,4,3,2,0,0,0.0,0,0,0,0,0
00-0038505,Tavius Robinson,LB,BAL,4,1,2,1,0,1.0,1,0,1,0,0
00-0038535,DJ Johnson,DE,CAR,4,1,0,0,0,0.0,0,0,0,0,0
00-0038541,Tyree Wilson,DE,LV,4,1,0,1,0,1.0,1,0,0,0,0
00-0038545,Mazi Smith,DT,DAL,4,0,1,0,0,0.0,0,0,0,0,0
00-0038546,Myles Murphy,DE,CIN,4,2,1,0,0,0.0,0,0,0,0,0
00-0038547,Luke Schoonmaker,TE,DAL,4,1,0,0,0,0.0,0,0,0,0,0
00-0038549,DJ Turner II,CB,CIN,4,1,2,0,0,0.0,0,0,0,0,0
00-0038552,Riley Moss,CB,DEN,4,2,0,0,0,0.0,0,0,0,0,0
00-0038553,Daiyan Henley,LB,LAC,4,7,1,0,0,0.0,0,0,0,0,0
00-0038557,Dorian Williams,LB,BUF,4,3,3,0,0,0.0,0,0,0,0,0
00-0038560,Jordan Battle,SAF,CIN,4,4,5,0,0,0.0,0,0,0,0,0
00-0038564,Cameron Latu,TE,PHI,4,1,1,0,0,0.0,0,0,0,0,0
00-0038565,Mekhi Blackmon,DB,IND,4,4,2,0,0,1.0,0,0,0,0,0
00-0038568,Clark Phillips III,CB,ATL,4,1,0,0,0,0.0,0,0,0,0,0
00-0038574,Isaiah McGuire,DE,CLE,4,0,1,0,0,0.0,0,0,0,0,0
00-0038577,Nick Herbig,LB,PIT,4,3,2,1,0,1.5,3,0,0,0,0
00-0038588,Jordan Howden,SAF,NO,4,1,0,0,0,0.0,0,0,0,0,0
00-0038594,Darrell Luter Jr.,CB,SF,4,2,2,1,0,0.0,0,0,0,0,0
00-0038596,Antonio Johnson,SAF,JAX,4,2,3,0,0,0.0,0,0,0,0,0
00-0038599,Henry To'oTo'o,LB,HOU,4,2,3,0,0,0.0,0,0,0,0,0
00-0038600,Owen Pappoe,LB,ARI,4,0,1,0,0,0.0,0,0,0,0,0
00-0038602,Chris Smith II,S,LV,4,0,1,0,0,0.0,0,0,0,0,0
00-0038623,Dante Stills,DT,ARI,4,0,3,0,0,0.0,0,0,0,0,0
00-0038625,Dee Winters,LB,SF,4,9,1,1,0,0.0,0,0,1,0,0
00-0038628,DeMarcco Hellams,SAF,ATL,4,0,1,0,0,0.0,0,0,0,0,0
00-0038643,Brayden Willis,TE,SF,4,2,0,0,0,0.0,0,0,0,0,0
00-0038646,Alex Austin,CB,NE,4,1,0,0,0,0.0,0,0,0,0,0
00-0038653,Cory Durden,DT,NE,4,1,1,1,0,0.0,0,0,0,0,0
00-0038660,Trevor Nowaske,LB,DET,4,0,1,0,0,0.0,1,0,0,0,0
00-0038694,Brandon Pili,DT,SEA,4,0,1,0,0,0.0,0,0,0,0,0
00-0038711,Mohamoud Diabate,LB,CLE,4,1,0,0,0,0.0,0,0,0,0,0
00-0038715,Ronnie Hickman Jr.,SAF,CLE,4,4,5,1,0,0.0,0,0,0,0,0
00-0038738,Hunter Luepke,RB,DAL,4,1,0,0,0,0.0,0,0,0,0,0
00-0038742,Tyrus Wheat,DE,DET,4,0,1,0,0,0.0,0,0,0,0,0
00-0038778,Jalen Redmond,DL,MIN,4,2,1,2,0,2.0,2,0,0,0,0
00-0038783,Nate Adkins,TE,DEN,4,1,0,0,0,0.0,0,0,0,0,0
00-0038788,Art Green,CB,NYG,4,0,1,0,0,0.0,0,0,0,0,0
00-0038791,Thomas Incoom,LB,CAR,4,0,1,0,0,0.0,0,0,0,0,0
00-0038795,PJ Mustipher,DT,ARI,4,1,3,0,0,0.0,0,0,0,0,0
00-0038807,Ivan Pace Jr.,LB,MIN,4,2,5,0,0,0.0,0,0,0,0,0
00-0038823,Kaevon Merriweather,SAF,TB,4,1,1,1,0,0.0,0,0,0,0,0
00-0038851,Caleb Murphy,LB,LAC,4,0,2,0,0,0.5,1,0,0,0,0
00-0038890,Shaka Heyward,LB,CIN,4,1,3,0,0,0.0,0,0,0,0,0
00-0038922,Drake Thomas,LB,SEA,4,4,1,1,0,1.0,1,0,1,0,0
00-0038940,Tyler Lacy,DE,DET,4,0,1,0,0,0.0,1,0,0,0,0
00-0038958,Markees Watts,LB,TB,4,0,1,0,0,0.0,0,0,0,0,0
00-0038978,Byron Young,DT,PHI,4,2,1,0,0,0.0,0,0,0,0,0
00-0038980,Zach Harrison,DE,ATL,4,1,0,1,0,1.0,1,0,0,0,0
00-0038982,Chamarri Conner,DB,KC,4,4,2,0,0,0.0,0,0,0,0,0
00-0038984,Kei'Trel Clark,CB,ARI,4,2,1,1,0,0.0,0,0,0,0,0
00-0038986,Nic Jones,CB,NYG,4,0,1,0,0,0.0,0,0,0,0,0
00-0038995,Bryan Bresee,DT,NO,4,2,1,1,0,1.0,1,0,0,0,0
00-0039000,Deonte Banks,CB,NYG,4,3,0,0,0,0.0,0,0,1,0,0
00-0039002,Sydney Brown,SAF,PHI,4,1,1,0,0,0.0,0,0,0,0,0
00-0039018,Jack Campbell,LB,DET,4,6,4,1,0,0.0,0,0,0,0,0
00-0039021,Roschon Johnson,RB,CHI,4,1,0,0,0,0.0,0,0,0,0,0
00-0039031,Adetomiwa Adebawore,DT,IND,4,1,2,0,0,0.5,2,0,0,0,0
00-0039041,Elijah Higgins,TE,ARI,4,0,1,0,0,0.0,0,0,0,0,0
00-0039047,Derick Hall,LB,SEA,4,2,2,0,0,0.0,0,0,0,0,0
00-0039049,SirVocea Dennis,LB,TB,4,5,2,1,0,0.0,0,0,0,0,0
00-0039051,Josh Hayes,DB,TB,4,1,0,0,0,0.0,0,0,0,0,0
00-0039054,Marte Mapu,LB,NE,4,1,0,0,0,0.0,0,0,0,0,0
00-0039065,Sam LaPorta,TE,DET,4,1,0,0,0,0.0,0,0,0,0,0
00-0039068,Yaya Diaby,LB,TB,4,3,0,0,0,0.0,0,0,0,0,0
00-0039070,Gervon Dexter Sr.,DT,CHI,4,0,1,0,0,0.0,0,0,0,0,0
00-0039071,Tyrique Stevenson,CB,CHI,4,4,2,0,0,0.0,0,1,2,0,0
00-0039108,Will Anderson Jr.,DE,HOU,4,0,2,0,0,0.0,1,0,0,0,0
00-0039110,Keeanu Benton,DT,PIT,4,1,3,1,0,1.5,3,0,0,0,0
00-0039111,Tuli Tuipulotu,LB,LAC,4,7,3,5,1,4.0,5,0,0,0,0
00-0039137,Byron Young,LB,LAR,4,2,1,1,0,1.0,2,0,0,0,0
00-0039138,Kobie Turner,DE,LAR,4,0,1,0,0,0.0,2,0,0,0,0
00-0039140,Kelee Ringo,CB,PHI,4,4,0,0,0,0.0,0,0,1,0,0
00-0039141,Brian Branch,CB,DET,4,2,2,1,0,0.0,0,0,3,0,0
00-0039142,Will McDonald IV,DE,NYJ,4,1,0,1,0,0.0,0,0,0,0,0
00-0039147,Christian Gonzalez,CB,NE,4,3,0,0,0,0.0,0,0,0,0,0
00-0039148,Keion White,DE,NE,4,1,0,0,0,0.0,0,0,0,0,0
00-0039149,Quan Martin,SAF,WAS,4,1,4,0,0,0.0,0,0,0,0,0
00-0039151,Emmanuel Forbes,CB,LAR,4,1,1,0,0,0.0,0,0,0,0,0
00-0039169,Devon Witherspoon,CB,SEA,4,5,4,0,0,0.5,1,0,1,0,0
00-0039176,Basil Okoye,DT,BAL,4,3,0,0,0,0.0,1,0,0,0,0
00-0039178,Austin Ajiake,LB,IND,4,1,0,0,0,0.0,0,0,0,0,0
00-0039232,Nate Wiggins,CB,BAL,4,1,1,0,0,0.0,0,0,0,0,0
00-0039234,T.J. Tampa,CB,BAL,4,0,1,0,0,0.0,0,0,0,0,0
00-0039309,Byron Murphy II,DT,SEA,4,0,2,0,0,0.0,0,0,0,0,0
00-0039324,Christian Roland-Wallace,CB,KC,4,3,0,0,0,0.0,0,0,0,0,0
00-0039339,Taliese Fuaga,OT,NO,4,1,0,0,0,0.0,0,0,0,0,0
00-0039340,Laiatu Latu,DE,IND,4,3,1,1,0,1.0,2,0,1,0,0
00-0039343,Kamari Lassiter,CB,HOU,4,2,3,0,0,0.0,0,0,2,0,0
00-0039347,Trevin Wallace,LB,CAR,4,4,1,0,0,0.0,0,0,1,0,0
00-0039352,Marist Liufau,LB,DAL,4,1,0,0,0,0.0,0,0,0,0,0
00-0039353,Jarrian Jones,CB,JAX,4,1,0,0,0,0.0,0,0,0,0,0
00-0039355,Luke McCaffrey,WR,WAS,4,1,1,0,0,0.0,0,0,0,0,0
00-0039366,Tarheeb Still,CB,LAC,4,1,2,0,0,0.0,0,0,0,0,0
00-0039369,Cam Hart,CB,LAC,4,2,1,0,0,0.0,0,0,0,0,0
00-0039370,JD Bertrand,LB,ATL,4,0,1,0,0,0.0,0,0,0,0,0
00-0039374,Tommy Eichenberg,LB,LV,4,0,3,0,0,0.0,0,0,0,0,0
00-0039375,Josh Newton,CB,CIN,4,3,1,0,0,0.0,0,0,0,0,0
00-0039380,Chau Smith-Wade,CB,CAR,4,2,0,0,0,0.0,0,0,0,0,0
00-0039395,Jamal Hill,LB,HOU,4,1,0,0,0,0.0,0,0,0,0,0
00-0039401,Khristian Boyd,DT,NO,4,0,1,0,0,0.0,0,0,0,0,0
00-0039407,Dylan Laube,RB,LV,4,1,1,0,0,0.0,0,0,0,0,0
00-0039412,Javontae Jean-Baptiste,LB,WAS,4,0,3,0,0,0.0,0,0,0,0,0
00-0039417,Myles Harden,CB,CLE,4,0,2,0,0,0.0,0,0,0,0,0
00-0039421,Levi Drake Rodriguez,DL,MIN,4,0,1,0,0,0.0,0,0,0,0,0
00-0039423,Jonah Laulu,DT,LV,4,1,1,0,0,0.0,0,0,1,0,0
00-0039431,Jowon Briggs,DE,NYJ,4,0,1,0,0,0.0,0,0,0,0,0
00-0039460,Carl Jones,LB,CHI,4,0,2,0,0,0.0,0,0,0,0,0
00-0039465,Reddy Steward,DB,DAL,4,6,0,1,0,0.0,0,0,0,0,0
00-0039596,Rashad Wisdom,SAF,TB,4,1,0,0,0,0.0,0,0,0,0,0
00-0039632,PJ Jules,SAF,CIN,4,1,1,0,0,0.0,0,0,0,0,0
00-0039681,Tyler Owens,DB,WAS,4,0,1,0,0,0.0,0,0,0,0,0
00-0039686,Colson Yankoff,TE,WAS,4,0,2,0,0,0.0,0,0,0,0,0
00-0039692,Dell Pettus,SAF,NE,4,2,2,0,1,0.0,0,0,0,0,0
00-0039718,Bo Richter,LB,MIN,4,1,1,0,0,0.0,0,0,0,0,0
00-0039733,Ruke Orhorhoro,DT,ATL,4,0,1,0,0,0.0,0,0,0,0,0
00-0039734,Braden Fiske,DT,LAR,4,0,0,0,0,0.0,1,0,0,0,0
00-0039735,Jackson Powers-Johnson,C,LV,4,2,0,0,0,0.0,0,0,0,0,0
00-0039740,Jalyx Hunt,LB,PHI,4,1,1,1,1,0.0,0,0,0,0,0
00-0039741,Payton Wilson,LB,PIT,4,8,5,2,0,0.0,1,0,0,0,0
00-0039745,Tory Taylor,P,CHI,4,1,0,0,0,0.0,0,0,0,0,0
00-0039746,Will Shipley,RB,PHI,4,1,0,0,0,0.0,0,0,0,0,0
00-0039749,Tyler Davis,DE,LAR,4,1,0,0,0,0.0,0,0,0,0,0
00-0039750,Joshua Karty,K,LAR,4,1,0,0,0,0.0,0,0,0,0,0
00-0039755,KT Leveston,OT,CLE,4,1,0,0,0,0.0,0,0,0,0,0
00-0039763,Joe Andreessen,LB,BUF,4,1,2,0,0,0.0,0,0,0,0,0
00-0039770,Charles Woods,CB,NE,4,0,2,0,0,0.0,0,0,0,0,0
00-0039774,Omar Speights,LB,LAR,4,3,4,0,0,0.0,0,0,0,0,0
00-0039776,Jaylen McCollough,SAF,LAR,4,3,1,0,0,0.0,0,0,0,0,0
00-0039783,Anthony Goodlow,DE,ARI,4,1,1,1,0,0.0,0,0,0,0,0
00-0039795,Nehemiah Pritchett,CB,SEA,4,1,0,0,0,0.0,0,0,0,0,0
00-0039807,Max Melton,CB,ARI,4,2,1,0,0,0.0,0,0,2,0,0
00-0039813,Evan Williams,SAF,GB,4,5,5,0,0,0.0,0,0,0,0,0
00-0039815,Tyrice Knight,LB,SEA,4,4,1,1,0,0.0,0,0,0,0,0
00-0039821,Andru Phillips,DB,NYG,4,2,0,0,0,0.0,0,1,4,0,0
00-0039825,Jaden Hicks,SAF,KC,4,4,1,0,0,0.0,0,0,0,0,0
00-0039826,Jeremiah Trotter Jr.,LB,PHI,4,0,1,0,0,0.0,0,0,0,0,0
00-0039829,Darius Muasau,LB,NYG,4,1,4,1,0,0.0,0,0,0,0,0
00-0039834,Kamren Kinchens,SAF,LAR,4,2,1,0,0,0.0,0,0,1,0,0
00-0039835,Justin Eboigbe,DT,LAC,4,2,0,1,0,1.0,1,0,0,0,0
00-0039841,Cooper DeJean,CB,PHI,4,8,1,0,0,0.0,0,0,3,0,0
00-0039846,Tykee Smith,DB,TB,4,5,4,0,0,0.0,0,0,2,0,0
00-0039850,Edgerrin Cooper,LB,GB,4,5,2,0,0,0.0,0,0,1,0,0
00-0039852,Jared Verse,DE,LAR,4,4,1,1,1,1.0,2,0,0,0,0
00-0039854,Darius Robinson,DL,ARI,4,1,1,2,0,1.0,1,0,0,0,0
00-0039858,Cedric Gray,LB,TEN,4,8,7,1,0,0.0,1,0,0,0,0
00-0039859,Brandon Dorlus,DE,ATL,4,0,0,1,0,0.0,0,0,0,0,0
00-0039860,Kool-Aid McKinstry,CB,NO,4,6,0,0,0,0.0,0,0,0,0,0
00-0039861,Tyler Nubin,SAF,NYG,4,3,1,0,0,0.0,0,0,0,0,0
00-0039864,Dadrion Taylor-Demerson,SAF,ARI,4,4,3,0,0,0.0,0,0,0,0,0
00-0039867,Javon Bullard,SAF,GB,4,2,1,0,0,0.0,0,0,0,0,0
00-0039872,Cole Bishop,SAF,BUF,4,4,1,0,0,0.0,0,1,1,0,0
00-0039879,Javon Solomon,LB,BUF,4,0,2,0,0,0.0,0,0,0,0,0
00-0039888,Quinyon Mitchell,CB,PHI,4,4,1,0,0,0.0,0,0,5,0,0
00-0039889,Maason Smith,DT,JAX,4,0,2,0,0,0.0,0,0,1,0,0
00-0039890,Adonai Mitchell,WR,IND,4,1,0,0,0,0.0,0,0,0,0,0
00-0039898,Mike Sainristil,CB,WAS,4,3,4,0,0,0.0,0,1,1,0,0
00-0039900,Marshawn Kneeland,DE,DAL,4,0,1,0,0,0.0,0,0,0,0,0
00-0039901,Keon Coleman,WR,BUF,4,1,0,0,0,0.0,0,0,0,0,0
00-0039902,Chris Braswell,LB,TB,4,2,0,1,0,0.0,0,0,0,0,0
00-0039903,Terrion Arnold,CB,DET,4,4,2,0,0,0.0,0,0,0,0,0
00-0039906,Jer'Zhan Newton,DT,WAS,4,0,1,0,0,0.0,0,0,0,0,0
00-0039908,Kris Jenkins,DT,CIN,4,1,3,0,0,0.0,0,0,0,0,0
00-0039924,Dallas Turner,LB,MIN,4,1,3,0,0,0.0,0,0,0,0,0
00-0040011,Shemar James,LB,DAL,4,1,4,0,0,0.0,1,0,0,0,0
00-0040041,Nazir Stackhouse,DT,GB,4,2,1,0,0,0.0,0,0,0,0,0
00-0040069,Teddye Buchanan,LB,BAL,4,3,4,0,0,0.0,0,0,0,0,0
00-0040071,Mac McWilliams,CB,PHI,4,1,0,0,0,0.0,0,0,0,0,0
00-0040076,Aeneas Peebles,DT,BAL,4,1,0,0,0,0.0,0,0,0,0,0
00-0040100,Jay Higgins,LB,BAL,4,0,1,0,0,0.0,0,0,0,0,0
00-0040118,Cooper McDonald,LB,KC,4,1,0,0,0,0.0,0,0,0,0,0
00-0040123,Armand Membou,OT,NYJ,4,1,0,0,0,0.0,0,0,0,0,0
00-0040127,Kenneth Grant,DT,MIA,4,1,0,0,0,0.0,0,0,0,0,0
00-0040136,Princely Umanmielen,LB,CAR,4,0,1,0,0,0.0,0,0,0,0,0
00-0040137,Jordan Burch,LB,ARI,4,0,4,0,0,0.0,0,0,0,0,0
00-0040143,Jacob Parrish,CB,TB,4,2,1,1,0,0.0,0,0,1,0,0
00-0040144,Jamaree Caldwell,DT,LAC,4,1,2,0,0,0.0,0,0,0,0,0
00-0040148,Xavier Watts,SAF,ATL,4,2,4,0,0,0.0,0,1,1,0,0
00-0040152,Upton Stout,CB,SF,4,0,1,0,0,0.0,0,0,0,0,0
00-0040154,Tai Felton,WR,MIN,4,0,1,0,0,0.0,0,0,0,0,0
00-0040155,Danny Stutsman,LB,NO,4,0,2,0,0,0.0,0,0,0,0,0
00-0040156,Billy Bowman Jr.,CB,ATL,4,3,0,0,1,0.0,0,0,0,0,0
00-0040157,Barrett Carter,LB,CIN,4,1,3,0,0,0.0,0,0,0,0,0
00-0040159,Lathan Ransom,SAF,CAR,4,0,2,0,0,0.0,0,0,0,0,0
00-0040160,Jack Sawyer,LB,PIT,4,0,2,0,0,0.0,0,0,1,0,0
00-0040165,Malachi Moore,SAF,NYJ,4,2,1,0,0,0.0,0,0,0,0,0
00-0040166,Quincy Riley,CB,NO,4,4,0,0,0,0.0,0,0,0,0,0
00-0040170,Elic Ayomanor,WR,TEN,4,1,0,0,0,0.0,0,0,0,0,0
00-0040171,Joshua Farmer,DT,NE,4,1,0,0,0,0.0,0,0,0,0,0
00-0040174,Cam Jackson,DT,CAR,4,0,1,0,0,0.0,0,0,0,0,0
00-0040175,Jordan Phillips,DT,MIA,4,0,1,0,0,0.0,0,0,0,0,0
00-0040182,Dante Trader Jr.,SAF,MIA,4,1,1,0,1,0.0,0,0,0,0,0
00-0040183,Elijah Roberts,DE,TB,4,0,0,1,0,0.0,0,0,0,0,0
00-0040185,Marques Sigle,SAF,SF,4,6,2,0,0,0.0,0,0,1,0,0
00-0040186,Francisco Mauigoa,LB,NYJ,4,2,3,0,0,0.0,0,0,0,0,0
00-0040192,Jordan Hancock,CB,BUF,4,0,1,0,0,0.0,0,0,0,0,0
00-0040195,Denzel Burke,CB,ARI,4,2,2,0,0,0.0,0,0,0,0,0
00-0040196,Tyler Baron,DE,NYJ,4,0,1,0,0,0.0,0,0,0,0,0
00-0040197,Dorian Strong,CB,BUF,4,4,0,0,0,0.0,0,0,0,0,0
00-0040199,JJ Pegues,DT,LV,4,0,1,0,0,0.0,0,0,0,0,0
00-0040200,Andy Borregales,K,NE,4,1,0,0,0,0.0,0,0,0,0,0
00-0040201,Marcus Harris,CB,TEN,4,2,0,0,0,0.0,0,0,0,0,0
00-0040214,Kobe King,LB,MIN,4,1,0,0,0,0.0,0,0,0,0,0
00-0040230,Kitan Crawford,SAF,ARI,4,1,2,0,0,0.0,0,0,0,0,0
00-0040231,Carson Bruener,LB,PIT,4,1,0,0,0,0.0,0,0,0,0,0
00-0040255,Adin Huntington,DE,CLE,4,0,1,0,0,0.0,0,0,0,0,0
00-0040277,Jahdae Walker,WR,CHI,4,0,1,0,0,0.0,0,0,0,0,0
00-0040347,Johnathan Edwards,DB,IND,4,0,1,0,0,0.0,0,0,1,0,0
00-0040384,Elijah Simmons,DL,TB,4,1,0,1,0,0.0,0,0,0,0,0
00-0040416,John Bullock,LB,TB,4,1,1,0,0,0.0,0,0,0,0,0
00-0040449,Karene Reid,LB,DEN,4,1,0,0,0,0.0,0,0,0,0,0
00-0040460,Marlowe Wax,LB,LAC,4,1,1,0,0,0.0,0,0,0,0,0
00-0040577,Jalon Walker,LB,ATL,4,1,1,0,0,0.0,1,0,0,0,0
00-0040579,Carson Schwesinger,LB,CLE,4,4,5,0,0,0.0,0,0,0,0,0
00-0040580,Josaiah Stewart,LB,LAR,4,1,0,0,0,0.0,0,0,0,0,0
00-0040585,Ty Hamilton,DT,LAR,4,0,1,0,0,0.0,0,0,0,0,0
00-0040613,Shaun Dolac,LB,LAR,4,1,0,0,0,0.0,0,0,0,0,0
00-0040624,Elijah Williams,DE,MIN,4,3,1,0,0,0.0,0,0,0,0,0
00-0040636,Keyon Martin,CB,BAL,4,4,1,0,0,0.0,0,0,0,0,0
00-0040640,Ashton Gillotte,DE,KC,4,1,0,0,0,0.0,0,0,0,0,0
00-0040643,Jonas Sanker,SAF,NO,4,3,1,0,0,0.0,0,1,3,0,0
00-0040645,Cody Simon,LB,ARI,4,0,1,0,0,0.0,0,0,0,0,0
00-0040646,Jalen Royals,WR,KC,4,1,0,0,0,0.0,0,0,0,0,0
00-0040660,Mykel Williams,DE,SF,4,1,1,0,0,0.0,0,0,0,0,0
00-0040670,Nohl Williams,CB,KC,4,2,1,0,0,0.0,0,0,1,0,0
00-0040677,Abdul Carter,LB,NYG,4,1,0,0,0,0.0,5,0,0,0,0
00-0040678,Derrick Harmon,DT,PIT,4,0,1,0,0,0.0,1,0,1,0,0
00-0040685,Mason Graham,DT,CLE,4,0,0,0,0,0.0,1,0,0,0,0
00-0040688,Malaki Starks,SAF,BAL,4,1,1,0,0,0.0,0,0,0,0,0
00-0040708,Jihaad Campbell,LB,PHI,4,2,2,0,0,0.0,0,1,1,0,0
00-0040710,Deone Walker,DT,BUF,4,2,1,2,0,0.0,0,0,0,0,0
00-0040716,Craig Woodson,SAF,NE,4,3,1,2,0,0.0,0,0,1,0,0
00-0040718,Travis Hunter,CB,JAX,4,1,1,0,0,0.0,0,0,0,0,0
00-0040720,Jahdae Barron,CB,DEN,4,2,1,0,0,0.0,0,0,0,0,0
00-0040722,Mike Green,LB,BAL,4,3,2,1,0,0.0,0,0,0,0,0
00-0040723,Jack Kiser,LB,JAX,4,1,1,0,0,0.0,0,0,0,0,0
00-0040724,T.J. Sanders,DT,BUF,4,0,1,0,0,0.0,0,0,0,0,0
00-0040725,Donovan Ezeiruaku,DE,DAL,4,4,1,2,0,0.0,0,0,0,0,0
00-0040729,Jack Bech,WR,LV,4,0,1,0,0,0.0,0,0,0,0,0
00-0040731,Trey Amos,CB,WAS,4,2,2,0,0,0.0,0,0,0,0,0
00-0040738,Demetrius Knight Jr.,LB,CIN,4,6,4,0,0,0.0,0,1,1,0,0
00-0040741,Shemar Turner,DT,CHI,4,2,0,1,0,0.0,0,0,0,0,0
00-0040744,Jaylahn Tuimolaou,DE,IND,4,0,1,0,0,0.0,0,0,0,0,0
00-0040746,Nic Scourton,LB,CAR,4,2,1,1,0,0.0,0,0,0,0,0
00-0040747,Benjamin Morrison,CB,TB,4,3,0,0,0,0.0,0,0,1,0,0
00-0040749,Andrew Mukuba,SAF,PHI,4,3,2,1,0,0.0,0,0,0,0,0
00-0040752,Oluwafemi Oladejo,DE,TEN,4,1,1,0,0,0.0,0,0,0,0,0
00-0026190,Calais Campbell,DE,ARI,5,0,1,0,0,0.0,0,0,0,0,0
00-0027940,Von Miller,OLB,WAS,5,2,1,1,0,1.5,2,0,0,0,0
00-0027962,Cameron Jordan,LB,NO,5,2,0,0,0,0.0,1,0,0,0,0
00-0029255,Bobby Wagner,MLB,WAS,5,8,6,0,0,0.0,1,0,0,0,0
00-0029562,Lavonte David,OLB,TB,5,5,4,1,0,0.0,0,1,1,0,0
00-0029606,Harrison Smith,FS,MIN,5,1,4,0,0,0.0,0,0,0,0,0
00-0029607,Demario Davis,OLB,NO,5,7,3,0,1,0.0,0,0,1,0,0
00-0030070,John Jenkins,DT,BAL,5,0,1,0,0,0.0,0,0,0,0,0
00-0030279,Keenan Allen,WR,LAC,5,1,0,0,0,0.0,0,0,0,0,0
00-0030294,Tony Jefferson,S,LAC,5,1,0,0,0,0.0,0,0,0,0,0
00-0030757,Mike Pennel,DT,CIN,5,0,2,0,0,0.0,0,0,0,0,0
00-0031054,DaQuan Jones,DT,BUF,5,0,2,0,0,0.0,1,0,0,0,0
00-0031177,Brent Urban,DE,BAL,5,1,4,1,0,0.0,0,0,0,0,0
00-0031270,Shelby Harris,DE,CLE,5,0,1,0,0,0.0,0,0,0,0,0
00-0031357,C.J. Goodwin,CB,DAL,5,1,0,0,0,0.0,0,0,0,0,0
00-0031360,Kyle Van Noy,MLB,BAL,5,1,0,1,0,1.0,1,0,0,0,0
00-0031364,Jadeveon Clowney,OLB,DAL,5,1,1,0,0,0.0,0,0,0,0,0
00-0031550,Shaq Thompson,OLB,BUF,5,4,1,1,1,1.0,1,0,0,0,0
00-0031551,Eddie Goldman,NT,WAS,5,0,1,0,0,0.0,0,0,0,0,0
00-0031576,Za'Darius Smith,DE,PHI,5,1,2,1,0,1.0,2,0,0,0,0
00-0031608,Quandre Diggs,S,TEN,5,1,1,0,0,0.0,0,0,0,0,0
00-0031740,Neville Hewitt,LB,NYG,5,0,1,0,0,0.0,0,0,0,0,0
00-0031898,Alex Singleton,LB,DEN,5,4,2,1,0,1.0,0,0,0,0,0
00-0031933,Leonard Williams,DE,SEA,5,1,3,0,0,0.0,0,0,0,0,0
00-0031935,Preston Smith,DE,WAS,5,1,0,0,0,0.0,0,0,0,0,0
00-0031957,Rakeem Nunez-Roches,DT,NYG,5,1,4,0,0,0.0,1,0,0,0,0
00-0032052,Dante Fowler Jr.,DE,DAL,5,1,0,1,0,1.0,5,0,1,0,0
00-0032104,Ameer Abdullah,RB,IND,5,1,0,0,0,0.0,0,0,0,0,0
00-0032164,Arik Armstead,DE,JAX,5,1,1,0,0,0.0,0,0,0,0,0
00-0032265,Mario Edwards,DT,HOU,5,1,1,1,0,1.0,1,0,0,0,0
00-0032378,DeForest Buckner,DT,IND,5,3,3,1,0,1.0,2,0,0,0,0
00-0032388,Deion Jones,LB,TB,5,0,2,0,0,0.0,0,0,0,0,0
00-0032415,Matthew Judon,OLB,MIA,5,1,1,0,0,0.0,1,0,0,0,0
00-0032442,Elandon Roberts,OLB,LV,5,2,3,0,0,0.0,0,0,0,0,0
00-0032521,Mike Hilton,CB,IND,5,2,0,0,0,0.0,0,0,0,0,0
00-0032667,Roy Robertson-Harris,DE,NYG,5,1,0,1,0,0.0,0,0,0,0,0
00-0032762,Chris Jones,DE,KC,5,0,1,0,0,0.0,1,0,0,0,0
00-0032763,Austin Johnson,NT,JAX,5,1,1,0,0,0.0,0,0,0,0,0
00-0032764,Derrick Henry,RB,BAL,5,1,0,0,0,0.0,0,0,0,0,0
00-0032803,Jalen Mills,CB,HOU,5,0,2,0,0,0.0,0,0,0,0,0
00-0032889,A'Shawn Robinson,DT,CAR,5,2,1,2,0,1.0,1,0,0,0,0
00-0032918,C.J. Ham,FB,MIN,5,0,1,0,0,0.0,0,0,0,0,0
00-0032933,Antonio Hamilton,CB,WAS,5,0,1,0,0,0.0,0,0,0,0,0
00-0033038,Eric Murray,S,JAX,5,5,3,0,0,0.0,0,0,1,0,0
00-0033046,Jihad Ward,LB,TEN,5,1,0,0,0,0.0,2,0,1,0,0
00-0033073,Emmanuel Ogbah,DE,JAX,5,1,0,0,0,0.0,1,0,0,0,0
00-0033093,Jonathan Bullard,DE,NO,5,1,1,0,0,0.0,0,0,0,0,0
00-0033109,Javon Hargrave,NT,MIN,5,1,4,0,0,0.0,0,0,0,0,0
00-0033120,Kenny Clark,NT,DAL,5,1,1,1,0,0.5,1,0,0,0,0
00-0033131,Maliek Collins,DT,CLE,5,2,0,2,0,2.0,2,0,0,0,0
00-0033156,Joey Bosa,DE,BUF,5,1,0,0,0,0.0,0,0,0,0,0
00-0033297,D.J. Jones,DT,DEN,5,1,0,0,0,0.0,0,0,0,0,0
00-0033303,Harrison Butker,K,KC,5,0,1,0,0,0.0,0,0,0,0,0
00-0033336,Eric Wilson,LB,MIN,5,4,5,0,0,0.0,0,0,0,0,0
00-0033381,Adam Butler,DT,LV,5,3,0,0,0,0.0,1,0,0,0,0
00-0033523,Jonathan Allen,DE,MIN,5,1,1,0,0,0.0,0,0,0,0,0
00-0033526,Samaje Perine,RB,CIN,5,1,0,0,0,0.0,0,0,0,0,0
00-0033546,Dalvin Tomlinson,DE,ARI,5,1,0,0,0,0.0,0,0,1,0,0
00-0033551,Rasul Douglas,CB,MIA,5,4,0,0,0,0.0,0,0,0,0,0
00-0033571,Matt Milano,OLB,BUF,5,3,3,0,0,0.0,0,0,0,0,0
00-0033579,Xavier Woods,FS,TEN,5,0,2,0,0,0.0,0,0,0,0,0
00-0033595,Pat O'Connor,DE,DET,5,1,0,0,0,0.0,0,0,0,0,0
00-0033854,Dare Ogunbowale,RB,HOU,5,1,1,0,0,0.0,0,0,0,0,0
00-0033868,Myles Garrett,DE,CLE,5,3,0,0,0,0.0,0,0,0,0,0
00-0033870,Solomon Thomas,DE,DAL,5,1,0,1,0,0.0,0,0,1,0,0
00-0033872,Jamal Adams,LB,LV,5,0,1,0,0,0.0,0,0,0,0,0
00-0033874,Marshon Lattimore,CB,WAS,5,0,2,0,0,0.0,0,0,0,0,0
00-0033875,Haason Reddick,OLB,TB,5,0,1,0,0,0.0,1,0,0,0,0
00-0033876,Derek Barnett,DE,HOU,5,0,1,0,0,0.0,0,0,0,0,0
00-0033884,Tre'Davious White,CB,BUF,5,4,0,1,0,0.0,0,0,0,0,0
00-0033890,Budda Baker,S,ARI,5,4,2,0,0,0.0,0,0,0,0,0
00-0033914,Alex Anzalone,MLB,DET,5,2,1,1,0,0.0,0,1,3,0,0
00-0033928,Jourdan Lewis,CB,JAX,5,0,1,0,0,0.0,0,0,1,0,0
00-0033935,Trey Hendrickson,DE,CIN,5,2,0,1,1,2.0,2,0,0,0,0
00-0033941,Rayshawn Jenkins,SAF,CLE,5,0,3,0,0,0.0,0,0,0,0,0
00-0033945,Samson Ebukam,DE,IND,5,3,1,1,0,1.0,1,0,0,0,0
00-0033952,Grover Stewart,DT,IND,5,0,1,0,0,0.0,0,0,1,0,0
00-0033964,Al-Quadin Muhammad,LB,DET,5,0,2,0,0,0.0,3,0,0,0,0
00-0034145,Chris Lammons,DB,IND,5,1,2,0,0,0.0,0,0,2,0,0
00-0034163,Jacob Martin,DE,WAS,5,1,2,0,0,0.5,1,0,0,0,0
00-0034198,Trent Sieg,LS,DAL,5,1,0,0,0,0.0,0,0,0,0,0
00-0034203,Darious Williams,CB,LAR,5,2,1,0,0,0.0,0,0,0,0,0
00-0034234,Poona Ford,DT,LAR,5,3,4,1,0,0.0,0,0,0,0,0
00-0034248,Elijah Campbell,DB,MIA,5,1,0,0,0,0.0,0,0,0,0,0
00-0034264,Jalyn Holmes,DT,WAS,5,0,1,0,0,0.0,1,0,0,0,0
00-0034285,Zach Sieler,DE,MIA,5,1,2,0,0,0.0,1,0,0,0,0
00-0034302,Frankie Luvu,LB,WAS,5,2,2,0,0,0.0,0,0,0,0,0
00-0034333,Daron Payne,NT,WAS,5,1,0,1,0,0.0,1,0,0,0,0
00-0034350,Uchenna Nwosu,LB,SEA,5,1,3,0,0,0.5,1,0,0,0,0
00-0034355,M.J. Stewart,SAF,HOU,5,2,3,0,0,0.0,0,0,0,0,0
00-0034356,Donte Jackson,CB,LAC,5,1,0,0,0,0.0,0,0,0,0,0
00-0034357,Isaiah Oliver,FS,NYJ,5,1,1,0,0,0.0,0,0,0,0,0
00-0034359,Tyquan Lewis,DE,IND,5,2,0,1,0,1.0,1,0,0,0,0
00-0034361,Justin Reid,S,NO,5,0,2,0,0,0.0,0,0,0,0,0
00-0034371,Da'Shawn Hand,DE,LAC,5,1,0,1,0,0.0,0,0,0,0,0
00-0034373,Dorance Armstrong,DE,WAS,5,2,1,2,0,2.0,2,0,0,0,0
00-0034376,Taron Johnson,CB,BUF,5,2,0,0,0,0.0,0,0,0,0,0
00-0034377,Avonte Maddox,FS,DET,5,3,1,1,0,0.0,0,0,0,0,0
00-0034381,Josh Sweat,LB,ARI,5,3,1,2,0,2.0,2,0,1,0,0
00-0034391,Siran Neal,DB,SF,5,1,0,0,0,0.0,0,0,0,0,0
00-0034397,Tim Settle,DT,HOU,5,0,2,0,0,0.0,0,0,0,0,0
00-0034413,Foye Oluokun,LB,JAX,5,7,7,0,0,0.0,0,0,0,0,0
00-0034431,Zaire Franklin,OLB,IND,5,3,3,1,0,1.0,1,0,0,0,0
00-0034465,Jeremy Reaves,DB,WAS,5,5,2,0,0,0.0,0,0,1,0,0
00-0034473,Dennis Gardeck,LB,JAX,5,1,1,0,0,0.0,1,0,0,0,0
00-0034487,Trent Sherfield,WR,DEN,5,1,0,0,0,0.0,0,0,0,0,0
00-0034488,Tavierre Thomas,SAF,MIN,5,0,2,0,0,0.0,0,0,0,0,0
00-0034573,Charvarius Ward,CB,IND,5,4,1,0,0,0.0,0,0,0,0,0
00-0034720,Robert Spillane,LB,NE,5,6,3,0,1,0.0,0,0,0,0,0
00-0034728,Jaire Alexander,CB,BAL,5,2,0,0,0,0.0,0,0,0,0,0
00-0034753,Mark Andrews,TE,BAL,5,1,0,0,0,0.0,0,0,0,0,0
00-0034754,Oren Burks,ILB,CIN,5,0,3,0,0,0.0,0,0,0,0,0
00-0034760,Nathan Shepherd,DE,NO,5,2,2,0,0,0.0,0,0,0,0,0
00-0034778,Carlton Davis III,CB,NE,5,3,1,0,0,0.0,1,0,0,0,0
00-0034782,Harrison Phillips,DT,NYJ,5,0,2,0,0,0.0,0,0,0,0,0
00-0034789,Minkah Fitzpatrick,FS,MIA,5,6,3,0,0,0.0,0,1,1,0,0
00-0034790,Derwin James,FS,LAC,5,2,1,0,0,0.0,0,0,0,0,0
00-0034797,Jerome Baker,OLB,CLE,5,1,0,0,0,0.0,0,0,0,0,0
00-0034800,B.J. Hill,DE,CIN,5,3,2,0,0,0.0,1,0,0,0,0
00-0034810,Sebastian Joseph-Day,DT,TEN,5,3,2,2,0,1.0,1,0,0,0,0
00-0034815,Fred Warner,MLB,SF,5,7,5,0,0,0.0,0,0,0,0,0
00-0034825,Arden Key,DE,TEN,5,0,2,0,0,0.5,1,0,0,0,0
00-0034828,Harold Landry III,LB,NE,5,4,1,1,0,0.0,1,0,0,0,0
00-0034832,Bradley Chubb,OLB,MIA,5,1,1,1,1,1.0,1,0,0,0,0
00-0034856,Denzel Ward,CB,CLE,5,2,1,0,0,0.0,0,0,1,0,0
00-0034973,Maxx Crosby,DE,LV,5,2,0,1,0,0.0,1,0,1,0,0
00-0034987,E.J. Speed,LB,HOU,5,5,1,0,0,0.0,1,0,0,0,0
00-0035021,Ashton Dulin,WR,IND,5,0,1,0,0,0.0,0,0,0,0,0
00-0035144,Mack Wilson,LB,ARI,5,4,2,0,0,0.0,0,0,1,0,0
00-0035166,Azeez Al-Shaair,LB,HOU,5,2,2,0,0,0.0,0,0,1,0,0
00-0035202,Del'Shawn Phillips,LB,LAC,5,0,1,0,0,0.0,0,0,0,0,0
00-0035236,Byron Murphy,CB,MIN,5,4,1,0,0,0.0,0,0,1,0,0
00-0035240,Jahlani Tavai,LB,NE,5,1,1,0,0,0.0,0,0,0,0,0
00-0035248,Zach Allen,DE,DEN,5,0,1,0,0,0.5,3,0,0,0,0
00-0035250,Devin Singletary,RB,NYG,5,1,0,0,0,0.0,0,0,0,0,0
00-0035254,Anthony Nelson,LB,TB,5,1,0,0,0,0.0,0,0,0,0,0
00-0035262,Drue Tranquill,LB,KC,5,1,2,1,0,0.0,0,0,1,0,0
00-0035277,Mike Jackson,CB,CAR,5,3,1,0,0,0.0,0,0,0,0,0
00-0035279,Charles Omenihu,DE,KC,5,3,1,2,0,1.0,2,0,0,0,0
00-0035301,Donovan Wilson,SAF,DAL,5,3,5,0,0,0.0,0,0,0,0,0
00-0035352,Tyrel Dodson,LB,MIA,5,1,3,0,0,0.0,1,0,0,0,0
00-0035357,Cam Lewis,CB,BUF,5,1,0,0,1,0.0,0,0,0,0,0
00-0035358,Chase McLaughlin,K,TB,5,0,1,0,0,0.0,0,0,0,0,0
00-0035378,Andrew Wingard,SAF,JAX,5,4,3,0,0,0.0,1,0,0,0,0
00-0035402,Carl Granderson,DE,NO,5,3,3,0,0,0.0,1,0,0,0,0
00-0035409,Shy Tuttle,DT,TEN,5,1,1,0,0,0.0,0,0,0,0,0
00-0035413,Luke Gifford,LB,SF,5,2,2,0,0,0.0,0,0,0,0,0
00-0035525,Devin Bush,LB,CLE,5,4,2,0,0,0.0,0,0,0,0,0
00-0035567,Craig Reynolds,RB,DET,5,0,2,0,0,0.0,0,0,0,0,0
00-0035617,Troy Reeder,LB,LAR,5,1,0,0,0,0.0,0,0,0,0,0
00-0035629,Jonah Williams,OT,ARI,5,1,0,0,0,0.0,0,0,0,0,0
00-0035632,Amani Hooker,SAF,TEN,5,3,1,0,0,0.0,0,0,0,0,0
00-0035637,Rock Ya-Sin,CB,DET,5,1,1,0,0,0.0,0,0,2,0,0
00-0035642,Josh Hines-Allen,DE,JAX,5,1,1,1,0,0.0,0,0,0,0,0
00-0035643,Jeffery Simmons,DT,TEN,5,6,2,1,0,1.5,2,0,0,0,0
00-0035663,Taylor Rapp,SAF,BUF,5,2,1,0,0,0.0,0,0,0,0,0
00-0035669,Nick Scott,SAF,CAR,5,4,1,0,0,0.0,0,0,0,0,0
00-0035672,Cody Barton,LB,TEN,5,4,2,0,0,0.0,0,0,0,0,0
00-0035674,Jerry Tillery,DT,KC,5,1,2,0,0,0.0,0,0,0,0,0
00-0035678,Dre'Mont Jones,DE,TEN,5,2,1,0,0,0.0,0,0,0,0,0
00-0035683,Dexter Lawrence,DT,NYG,5,1,1,0,0,0.0,0,0,1,0,0
00-0035687,Bobby Okereke,ILB,NYG,5,5,5,0,0,0.0,0,0,0,0,0
00-0035692,Clelin Ferrell,DE,LAC,5,0,1,0,0,0.0,0,0,0,0,0
00-0035705,Jalen Thompson,DB,ARI,5,2,2,0,0,0.0,0,0,0,0,0
00-0035707,Devin White,LB,LV,5,3,2,0,0,0.0,0,0,0,0,0
00-0035713,Brian Burns,LB,NYG,5,2,1,1,0,0.0,0,0,0,0,0
00-0035718,Quinnen Williams,DT,NYJ,5,2,1,1,0,0.0,0,0,0,0,0
00-0035841,Benito Jones,DT,MIA,5,2,1,0,0,0.0,0,0,0,0,0
00-0035895,Joe Bachie,LB,IND,5,0,3,0,0,0.0,0,0,1,0,0
00-0035942,Christian Rozeboom,LB,CAR,5,5,4,1,0,0.0,0,0,0,0,0
00-0035961,Krys Barnes,LB,CAR,5,0,2,0,0,0.0,0,0,0,0,0
00-0036037,Sam Franklin Jr.,SAF,BUF,5,2,0,0,0,0.0,0,0,0,0,0
00-0036139,Rico Dowdle,RB,CAR,5,1,0,0,0,0.0,0,0,0,0,0
00-0036151,Bryce Huff,DE,SF,5,1,1,1,0,1.0,1,0,0,0,0
00-0036159,Joshua Uche,LB,PHI,5,2,0,0,0,0.0,1,0,0,0,0
00-0036181,Teair Tart,DT,LAC,5,2,1,1,1,0.0,0,0,0,0,0
00-0036187,Reggie Gilliam,RB,BUF,5,2,0,0,0,0.0,0,0,0,0,0
00-0036192,A.J. Epenesa,DE,BUF,5,0,2,0,0,0.5,1,0,1,0,0
00-0036193,Anfernee Jennings,LB,NE,5,0,1,0,0,0.0,0,0,0,0,0
00-0036199,Geno Stone,SAF,CIN,5,3,2,1,0,0.0,0,0,0,0,0
00-0036220,Derrick Brown,DT,CAR,5,1,2,1,0,1.0,1,0,0,0,0
00-0036221,Brandon Jones,SAF,DEN,5,2,1,0,0,0.0,0,0,0,0,0
00-0036222,Isaiah Rodgers,CB,MIN,5,3,2,0,0,0.0,0,0,0,0,0
00-0036224,Jonathan Greenard,LB,MIN,5,1,2,1,0,0.0,1,0,2,0,0
00-0036231,Kyle Dugger,SAF,NE,5,1,0,0,0,0.0,0,0,0,0,0
00-0036260,Javon Kinlaw,DT,WAS,5,3,1,0,0,0.0,0,0,0,0,0
00-0036262,DaVon Hamilton,DT,JAX,5,1,3,0,0,0.0,0,0,0,0,0
00-0036265,AJ Dillon,RB,PHI,5,1,0,0,0,0.0,0,0,0,0,0
00-0036266,Jordan Elliott,DT,SF,5,1,0,0,0,0.0,0,0,0,0,0
00-0036274,Jeff Okudah,CB,MIN,5,3,0,0,0,0.0,0,0,0,0,0
00-0036282,Grant Delpit,SAF,CLE,5,1,3,0,0,0.0,0,0,1,0,0
00-0036288,Yetur Gross-Matos,DE,SF,5,0,0,0,0,0.0,0,0,1,0,0
00-0036293,Jeremy Chinn,SAF,LV,5,5,5,0,0,0.0,0,0,1,0,0
00-0036294,Logan Wilson,LB,CIN,5,2,5,0,0,0.0,0,0,0,0,0
00-0036298,Akeem Davis-Gaither,LB,ARI,5,2,3,0,0,0.0,0,0,0,0,0
00-0036302,Jaylinn Hawkins,SAF,NE,5,2,1,0,0,0.5,1,0,0,0,0
00-0036307,Kindle Vildor,CB,TB,5,4,1,0,0,0.0,0,0,0,0,0
00-0036329,Ashtyn Davis,SAF,MIA,5,3,2,0,0,0.0,0,0,0,0,0
00-0036335,D.J. Wonnum,LB,CAR,5,0,1,0,0,0.0,0,0,0,0,0
00-0036337,James Lynch,DT,TEN,5,1,0,0,0,0.0,0,0,0,0,0
00-0036338,Troy Dye,LB,LAC,5,6,4,3,0,0.0,0,0,0,0,0
00-0036348,Josh Metellus,SAF,MIN,5,4,0,0,0,0.0,0,0,1,0,0
00-0036349,Kam Curl,SAF,LAR,5,4,3,0,0,0.0,0,0,0,0,0
00-0036359,Damon Arnette,CB,HOU,5,2,0,0,0,0.0,0,0,0,0,0
00-0036361,Trevon Diggs,CB,DAL,5,1,3,0,0,0.0,0,0,0,0,0
00-0036366,Neville Gallimore,DT,IND,5,4,2,0,0,0.0,0,0,0,0,0
00-0036374,L'Jarius Sneed,SAF,TEN,5,2,2,0,0,0.0,0,0,0,0,0
00-0036375,Amik Robertson,CB,DET,5,5,0,0,0,0.0,0,1,1,0,0
00-0036378,Michael Danna,LB,KC,5,0,2,0,0,0.0,0,0,0,0,0
00-0036380,Alohi Gilman,SAF,LAC,5,1,3,0,0,0.0,0,0,0,0,0
00-0036394,Darnay Holmes,CB,LV,5,1,0,0,0,0.0,0,0,0,0,0
00-0036409,Jordyn Brooks,LB,MIA,5,4,9,0,0,0.5,1,0,0,0,0
00-0036411,Antoine Winfield Jr.,SAF,TB,5,1,2,0,0,0.0,0,0,1,0,0
00-0036413,Darrell Taylor,DE,HOU,5,0,1,0,0,0.0,0,0,0,0,0
00-0036418,Zack Baun,LB,PHI,5,7,5,1,0,1.0,2,0,0,0,0
00-0036421,Terrell Burgess,SAF,NO,5,0,1,0,0,0.0,0,0,1,0,0
00-0036425,DeeJay Dallas,RB,CAR,5,1,2,0,0,0.0,0,0,0,0,0
00-0036428,Justin Strnad,LB,DEN,5,0,1,0,0,0.0,0,0,0,0,0
00-0036441,"Kenneth Murray, Jr.",LB,DAL,5,1,4,0,0,0.0,1,0,1,0,0
00-0036443,Rex Sunahara,LS,CLE,5,0,2,0,0,0.0,0,0,0,0,0
00-0036500,Jamien Sherwood,LB,NYJ,5,5,2,0,0,0.0,1,0,0,0,0
00-0036502,Jason Pinnock,SAF,SF,5,1,0,0,0,0.0,0,0,0,0,0
00-0036550,Rashod Bateman,WR,BAL,5,1,0,0,0,0.0,0,0,0,0,0
00-0036552,Azeez Ojulari,LB,PHI,5,1,2,1,0,0.0,1,0,0,0,0
00-0036563,Deommodore Lenoir,CB,SF,5,2,4,0,0,0.0,0,0,1,0,0
00-0036564,Talanoa Hufanga,SAF,DEN,5,4,3,0,0,0.0,1,0,1,0,0
00-0036568,Roy Lopez,DT,DET,5,0,2,0,0,0.0,0,0,0,0,0
00-0036590,Quintin Morris,TE,JAX,5,0,1,0,0,0.0,0,0,0,0,0
00-0036621,Nick Bolton,LB,KC,5,6,5,1,1,0.0,0,0,1,0,0
00-0036625,Benjamin St-Juste,CB,LAC,5,2,0,0,0,0.0,0,0,0,0,0
00-0036629,Camryn Bynum,SAF,IND,5,0,3,0,0,0.0,0,0,0,0,0
00-0036642,Tedarrell Slaton,DT,CIN,5,2,6,0,0,0.0,2,0,0,0,0
00-0036643,K.J. Britt,LB,MIA,5,0,3,0,0,0.0,0,0,0,0,0
00-0036646,Simi Fehoko,WR,ARI,5,0,1,0,0,0.0,0,0,0,0,0
00-0036653,Stone Forsythe,OT,LV,5,2,0,0,0,0.0,0,0,0,0,0
00-0036672,Grant Stuard,LB,DET,5,0,1,0,0,0.0,0,0,0,0,0
00-0036683,Devon Key,SAF,DEN,5,1,0,0,0,0.0,0,0,1,0,0
00-0036711,Charles Snowden,LB,LV,5,1,1,0,0,0.0,0,0,0,0,0
00-0036728,Curtis Robinson,LB,SF,5,0,2,0,0,0.0,0,0,0,0,0
00-0036813,Christian Elliss,LB,NE,5,4,4,0,0,0.0,0,0,0,0,0
00-0036850,Cameron Sample,DE,CIN,5,1,2,0,0,0.0,0,0,0,0,0
00-0036867,Chris Rumph II,LB,NO,5,4,1,0,0,0.0,1,0,0,0,0
00-0036874,Pat Surtain II,CB,DEN,5,5,1,0,0,0.0,0,0,2,0,0
00-0036876,Kylen Granson,TE,PHI,5,1,0,0,0,0.0,0,0,0,0,0
00-0036881,Jay Tufele,DT,NYJ,5,0,2,0,0,0.0,0,0,0,0,0
00-0036883,Tommy Togiai,DT,HOU,5,0,3,0,0,0.0,0,0,0,0,0
00-0036900,Ja'Marr Chase,WR,CIN,5,3,0,0,0,0.0,0,0,0,0,0
00-0036902,Joseph Ossai,DE,CIN,5,1,3,1,0,1.0,1,0,0,0,0
00-0036909,Khyiris Tonga,DT,NE,5,1,2,0,0,0.0,0,0,0,0,0
00-0036914,Greg Rousseau,LB,BUF,5,5,1,2,0,1.0,3,0,0,0,0
00-0036916,Milton Williams,DT,NE,5,2,2,0,0,0.5,1,0,0,0,0
00-0036927,Pete Werner,LB,NO,5,5,6,0,0,0.0,1,0,0,0,0
00-0036933,Zaven Collins,LB,ARI,5,2,0,1,0,0.0,1,0,0,0,0
00-0036934,Jaelan Phillips,LB,MIA,5,2,0,1,0,1.0,2,0,0,0,0
00-0036937,Paulson Adebo,CB,NYG,5,6,0,1,0,0.0,0,0,0,0,0
00-0036940,Odafe Oweh,LB,BAL,5,0,1,0,0,0.0,0,0,0,0,0
00-0036941,Andre Cisco,SAF,NYJ,5,1,1,0,0,0.0,0,0,0,0,0
00-0036942,Osa Odighizuwa,DT,DAL,5,1,1,1,0,1.0,1,0,0,0,0
00-0036944,Jaycee Horn,CB,CAR,5,1,0,0,0,0.0,0,0,0,0,0
00-0036952,Jonathon Cooper,LB,DEN,5,1,0,0,0,0.0,0,0,1,0,0
00-0036956,Darren Hall,CB,ARI,5,0,1,0,0,0.0,0,0,0,0,0
00-0036962,Tre'von Moehrig,SAF,CAR,5,4,1,3,0,0.0,0,0,0,0,0
00-0036964,Derrick Barnes,LB,DET,5,5,3,1,0,1.0,1,0,0,0,0
00-0036967,Joe Tryon-Shoyinka,DE,CLE,5,1,0,0,0,0.0,0,0,0,0,0
00-0036973,Travis Etienne,RB,JAX,5,1,0,0,0,0.0,0,0,0,0,0
00-0036974,Tyson Campbell,CB,JAX,5,4,3,0,0,0.0,0,0,1,0,0
00-0036981,Christian Barmore,DT,NE,5,2,0,0,0,0.0,1,0,0,0,0
00-0036987,Brandon Stephens,CB,NYJ,5,5,1,0,0,0.0,0,0,2,0,0
00-0036989,Malcolm Koonce,DE,LV,5,2,2,0,0,0.0,0,0,0,0,0
00-0036992,Elijah Molden,CB,LAC,5,4,1,0,0,0.0,0,0,0,0,0
00-0036993,Ifeatu Melifonwu,SAF,MIA,5,0,5,0,0,0.0,0,0,0,0,0
00-0036994,Ernest Jones,LB,SEA,5,4,3,0,0,0.0,0,0,0,0,0
00-0036995,Baron Browning,LB,ARI,5,0,3,0,0,0.0,1,0,0,0,0
00-0036996,Greg Newsome II,CB,CLE,5,4,2,0,0,0.0,0,0,1,0,0
00-0036998,Jevon Holland,SAF,NYG,5,2,0,0,0,0.0,0,0,1,0,0
00-0037003,Chazz Surratt,LB,SEA,5,0,1,0,0,0.0,0,0,0,0,0
00-0037005,Tommy Tremble,TE,CAR,5,1,0,0,0,0.0,0,0,0,0,0
00-0037007,Patrick Jones II,LB,CAR,5,1,0,1,0,1.0,1,0,0,0,0
00-0037073,Jordan Davis,DT,PHI,5,1,1,0,0,0.0,0,0,0,0,0
00-0037079,Riq Woolen,CB,SEA,5,2,0,0,0,0.0,0,0,0,0,0
00-0037085,Tyler Badie,RB,DEN,5,1,0,0,0,0.0,0,0,0,0,0
00-0037093,Dareke Young,WR,SEA,5,2,1,0,0,0.0,0,0,0,0,0
00-0037109,Jack Sanborn,LB,DAL,5,1,1,0,0,0.0,0,0,0,0,0
00-0037130,Reed Blankenship,SAF,PHI,5,2,1,0,0,0.0,0,0,0,0,0
00-0037137,Josh Jobe,CB,SEA,5,2,1,0,0,0.0,0,0,0,0,0
00-0037155,Tony Adams,SAF,NYJ,5,3,2,1,0,0.0,0,0,1,0,0
00-0037190,Sauce Gardner,CB,NYJ,5,2,0,0,0,0.0,0,0,1,0,0
00-0037191,Trent McDuffie,CB,KC,5,1,2,0,0,0.0,0,1,3,0,0
00-0037192,George Karlaftis,DE,KC,5,1,1,0,0,0.5,2,0,0,0,0
00-0037193,Bryan Cook,SAF,KC,5,3,3,0,0,0.0,0,0,0,0,0
00-0037195,Jaylen Watson,CB,KC,5,4,0,1,0,1.0,1,0,0,0,0
00-0037203,LaBryan Ray,DT,CAR,5,2,0,0,0,0.0,0,0,0,0,0
00-0037208,Jack Cochrane,LB,KC,5,0,1,0,0,0.0,0,0,0,0,0
00-0037224,Cameron Dicker,K,LAC,5,0,1,0,0,0.0,0,0,0,0,0
00-0037236,Aidan Hutchinson,DE,DET,5,2,2,1,1,1.0,5,0,0,0,0
00-0037237,Derek Stingley Jr.,CB,HOU,5,1,0,0,0,0.0,0,0,0,0,0
00-0037244,Devin Lloyd,LB,JAX,5,2,0,0,0,0.0,1,1,1,1,0
00-0037246,Jalen Pitre,SAF,HOU,5,3,1,0,0,0.0,0,2,2,0,0
00-0037249,Nik Bonitto,LB,DEN,5,3,1,2,0,2.5,3,0,0,0,0
00-0037251,Alex Wright,DE,CLE,5,1,2,2,1,1.0,1,0,0,0,0
00-0037253,Marcus Jones,CB,NE,5,3,2,1,0,0.0,0,1,2,0,0
00-0037254,Terrel Bernard,LB,BUF,5,6,0,1,0,0.0,0,0,0,0,0
00-0037260,DJ Davidson,DT,NYG,5,2,0,0,0,0.0,0,0,0,0,0
00-0037261,Khalil Shakir,WR,BUF,5,1,0,0,0,0.0,0,0,0,0,0
00-0037262,Thomas Booker,DT,LV,5,1,0,0,0,0.0,0,0,1,0,0
00-0037268,Zyon McCollum,CB,TB,5,3,0,0,0,0.0,0,0,1,0,0
00-0037275,DaRon Bland,CB,DAL,5,6,1,0,0,0.0,0,0,0,0,0
00-0037288,Christian Benford,CB,BUF,5,4,0,0,0,0.0,0,0,0,0,0
00-0037301,Theo Jackson,DB,MIN,5,1,7,0,0,0.0,0,0,0,0,0
00-0037310,James Houston,DE,DAL,5,2,1,1,0,1.5,2,0,0,0,0
00-0037313,Montaric Brown,CB,JAX,5,3,0,0,0,0.0,0,0,1,0,0
00-0037315,Cameron Goode,LB,MIA,5,0,1,0,0,0.0,0,0,0,0,0
00-0037316,Mark Robinson,LB,NYJ,5,1,0,0,0,0.0,0,0,0,0,0
00-0037321,Chase Lucas,CB,SF,5,0,1,0,0,0.0,0,0,0,0,0
00-0037323,Rodney Thomas,SAF,IND,5,2,1,0,0,0.0,0,0,0,0,0
00-0037332,D'Anthony Bell,SAF,SEA,5,0,3,0,0,0.5,1,0,0,0,0
00-0037384,Ja'Quan McMillian,CB,DEN,5,3,1,1,0,1.0,1,0,1,0,0
00-0037457,Jake Hansen,LB,HOU,5,1,0,0,0,0.0,0,0,0,0,0
00-0037461,Tristin McCollum,DB,LV,5,1,0,0,0,0.0,0,0,0,0,0
00-0037512,Isaiah Pola-Mao,SAF,LV,5,4,1,0,0,0.0,0,0,0,0,0
00-0037524,Tay Martin,WR,WAS,5,1,0,0,0,0.0,0,0,0,0,0
00-0037527,Segun Olubi,LB,IND,5,2,0,0,0,0.0,0,0,0,0,0
00-0037561,Markquese Bell,SAF,DAL,5,0,1,0,0,0.0,0,0,0,0,0
00-0037578,Juanyeh Thomas,SAF,DAL,5,5,5,0,0,0.0,0,0,0,0,0
00-0037587,Nate Landman,LB,LAR,5,8,6,1,0,0.0,0,0,3,0,0
00-0037593,Tre Avery,CB,CLE,5,0,2,0,0,0.0,0,0,0,0,0
00-0037596,Jack Gibbens,LB,NE,5,3,3,0,0,0.0,0,0,0,0,0
00-0037602,Sam Okuayinonu,DT,SF,5,1,1,0,0,0.0,0,0,0,0,0
00-0037611,Kayvon Thibodeaux,LB,NYG,5,1,0,1,0,0.0,0,0,0,0,0
00-0037616,Nick Cross,SAF,IND,5,3,5,1,0,0.0,0,0,1,0,0
00-0037617,Hassan Haskins,RB,LAC,5,0,1,0,0,0.0,0,0,0,0,0
00-0037665,Sam Williams,DE,DAL,5,2,0,1,0,1.0,1,0,0,0,0
00-0037667,Kerby Joseph,SAF,DET,5,3,1,0,0,0.0,0,1,2,0,0
00-0037743,Daxton Hill,DB,CIN,5,2,3,0,0,0.0,0,0,0,0,0
00-0037752,Tycen Anderson,SAF,CIN,5,1,0,0,0,0.0,0,0,0,0,0
00-0037753,Cam Taylor-Britt,CB,CIN,5,1,1,0,0,0.0,0,0,0,0,0
00-0037756,Travis Jones,DT,BAL,5,1,1,1,0,0.0,0,0,0,0,0
00-0037758,Cordale Flott,CB,NYG,5,3,1,0,0,0.0,0,0,1,0,0
00-0037799,Dondrea Tillman,LB,DEN,5,0,0,0,0,0.0,0,0,1,0,0
00-0037804,Zachary Carter,DT,ARI,5,0,2,0,1,0.0,0,0,0,0,0
00-0037811,Chad Muma,LB,IND,5,0,1,0,0,0.0,0,0,0,0,0
00-0037819,Leo Chenal,LB,KC,5,2,2,0,0,0.5,2,0,0,0,0
00-0037832,Kalia Davis,DT,SF,5,0,1,0,0,0.0,0,0,0,0,0
00-0037839,Cobie Durant,CB,LAR,5,3,2,0,0,0.0,0,0,0,0,0
00-0037841,Quentin Lake,SAF,LAR,5,5,4,0,0,0.0,0,0,1,0,0
00-0037842,Derion Kendrick,CB,SEA,5,1,0,1,0,0.0,0,0,0,0,0
00-0038039,Jack Jones,CB,MIA,5,4,0,0,0,0.0,0,0,1,0,0
00-0038043,Joshua Williams,CB,KC,5,0,1,0,0,0.0,0,0,0,0,0
00-0038046,Charlie Kolar,TE,BAL,5,1,0,0,0,0.0,0,0,0,0,0
00-0038099,Phidarian Mathis,DT,BUF,5,2,0,0,0,0.0,0,0,0,0,0
00-0038100,Percy Butler,SAF,WAS,5,1,0,0,0,0.0,0,0,0,0,0
00-0038106,Eyioma Uwazurike,DT,DEN,5,2,0,1,0,1.0,0,0,0,0,0
00-0038107,Micheal Clemons,DE,NYJ,5,1,1,0,0,0.0,0,0,0,0,0
00-0038119,Jalyn Armour-Davis,CB,TEN,5,5,4,0,0,0.0,0,0,1,0,0
00-0038121,Alontae Taylor,CB,NO,5,4,4,0,0,0.0,0,0,0,0,0
00-0038123,Dane Belton,SAF,NYG,5,0,1,0,0,0.0,0,0,0,0,0
00-0038125,Roger McCreary,CB,TEN,5,1,0,0,0,0.0,0,0,0,0,0
00-0038127,Logan Hall,DE,TB,5,0,4,0,0,0.0,0,0,1,0,0
00-0038133,Boye Mafe,DE,SEA,5,1,2,1,0,0.0,0,0,0,0,0
00-0038136,Coby Bryant,CB,SEA,5,6,1,1,0,0.0,0,0,0,0,0
00-0038142,David Ojabo,LB,BAL,5,0,0,0,0,0.0,1,0,0,0,0
00-0038381,Kyu Blu Kelly,CB,LV,5,2,1,0,0,0.0,0,0,0,0,0
00-0038386,Jalen Carter,DT,PHI,5,1,3,0,0,0.0,1,0,0,0,0
00-0038412,Moro Ojomo,DT,PHI,5,2,2,0,0,0.0,0,0,0,0,0
00-0038440,Zavier Scott,RB,MIN,5,0,1,0,0,0.0,0,0,0,0,0
00-0038456,Travis Vokolek,TE,ARI,5,2,0,0,0,0.0,0,0,0,0,0
00-0038492,Jason Brownlee,WR,KC,5,0,1,0,0,0.0,0,0,0,0,0
00-0038504,Trenton Simpson,LB,BAL,5,3,6,1,0,1.0,1,0,0,0,0
00-0038505,Tavius Robinson,LB,BAL,5,0,0,0,0,0.0,1,0,0,0,0
00-0038513,Cam Jones,LB,NYJ,5,1,0,0,0,0.0,0,0,0,0,0
00-0038541,Tyree Wilson,DE,LV,5,1,0,0,0,0.0,0,0,0,0,0
00-0038546,Myles Murphy,DE,CIN,5,1,0,1,0,1.0,1,0,0,0,0
00-0038549,DJ Turner II,CB,CIN,5,1,0,0,0,0.0,0,0,1,0,0
00-0038552,Riley Moss,CB,DEN,5,2,3,0,0,0.0,0,0,1,0,0
00-0038553,Daiyan Henley,LB,LAC,5,2,6,0,0,0.0,0,0,0,0,0
00-0038554,Ji'Ayir Brown,SAF,SF,5,0,1,0,0,0.0,0,0,0,0,0
00-0038555,Tank Bigsby,RB,PHI,5,0,1,0,0,0.0,0,0,0,0,0
00-0038560,Jordan Battle,SAF,CIN,5,0,6,0,0,0.0,0,0,0,0,0
00-0038564,Cameron Latu,TE,PHI,5,2,1,0,0,0.0,0,0,0,0,0
00-0038565,Mekhi Blackmon,DB,IND,5,4,1,0,0,0.0,0,1,1,0,0
00-0038570,Ventrell Miller,LB,JAX,5,0,1,0,0,0.0,0,0,0,0,0
00-0038574,Isaiah McGuire,DE,CLE,5,0,0,2,1,0.0,0,0,0,0,0
00-0038588,Jordan Howden,SAF,NO,5,3,1,0,0,0.0,0,0,0,0,0
00-0038596,Antonio Johnson,SAF,JAX,5,2,0,0,0,0.0,0,0,0,0,0
00-0038599,Henry To'oTo'o,LB,HOU,5,3,2,1,0,0.0,0,0,0,0,0
00-0038600,Owen Pappoe,LB,ARI,5,0,1,0,0,0.0,0,0,0,0,0
00-0038602,Chris Smith II,S,LV,5,1,0,0,0,0.0,0,0,0,0,0
00-0038605,JL Skinner,SAF,DEN,5,1,0,0,0,0.0,0,0,0,0,0
00-0038623,Dante Stills,DT,ARI,5,1,1,0,0,0.0,0,0,0,0,0
00-0038625,Dee Winters,LB,SF,5,3,1,0,0,0.0,0,0,0,0,0
00-0038640,Jalen Brooks,WR,DAL,5,1,0,0,0,0.0,0,0,0,0,0
00-0038643,Brayden Willis,TE,SF,5,1,0,0,0,0.0,0,0,0,0,0
00-0038660,Trevor Nowaske,LB,DET,5,2,1,0,0,0.0,0,0,0,0,0
00-0038679,Tyrell Shavers,WR,BUF,5,0,1,0,0,0.0,0,0,0,0,0
00-0038703,Kendell Brooks,SAF,TEN,5,1,0,0,0,0.0,0,0,0,0,0
00-0038705,Emari Demercado,RB,ARI,5,1,0,0,0,0.0,0,0,0,0,0
00-0038711,Mohamoud Diabate,LB,CLE,5,0,1,0,0,0.0,0,0,0,0,0
00-0038715,Ronnie Hickman Jr.,SAF,CLE,5,6,4,0,0,0.0,0,0,0,0,0
00-0038738,Hunter Luepke,RB,DAL,5,2,0,0,0,0.0,0,0,0,0,0
00-0038765,Ty Okada,SAF,SEA,5,4,3,0,0,0.0,0,0,2,0,0
00-0038778,Jalen Redmond,DL,MIN,5,1,0,0,0,0.0,0,0,1,0,0
00-0038782,Eku Leota,LB,NO,5,0,1,0,0,0.0,0,0,0,0,0
00-0038795,PJ Mustipher,DT,ARI,5,2,0,1,0,0.0,0,0,0,0,0
00-0038807,Ivan Pace Jr.,LB,MIN,5,3,1,1,0,1.0,1,0,0,0,0
00-0038840,Brycen Tremayne,WR,CAR,5,0,1,0,0,0.0,0,0,0,0,0
00-0038851,Caleb Murphy,LB,LAC,5,0,1,0,0,0.0,0,0,0,0,0
00-0038890,Shaka Heyward,LB,CIN,5,1,0,0,0,0.0,0,0,0,0,0
00-0038896,Jacob Saylors,RB,DET,5,2,0,0,0,0.0,0,0,0,0,0
00-0038905,Blake Grupe,K,NO,5,1,0,0,0,0.0,0,0,0,0,0
00-0038922,Drake Thomas,LB,SEA,5,4,2,1,0,0.0,0,0,0,0,0
00-0038938,Jalin Hyatt,WR,NYG,5,1,0,0,0,0.0,0,0,0,0,0
00-0038940,Tyler Lacy,DE,DET,5,1,0,0,0,0.0,0,0,0,0,0
00-0038958,Markees Watts,LB,TB,5,0,2,0,0,0.0,0,0,0,0,0
00-0038978,Byron Young,DT,PHI,5,0,1,0,0,0.0,0,0,0,0,0
00-0038982,Chamarri Conner,DB,KC,5,4,3,0,0,0.0,0,0,0,0,0
00-0038984,Kei'Trel Clark,CB,ARI,5,2,2,0,0,0.0,0,0,1,0,0
00-0038995,Bryan Bresee,DT,NO,5,1,0,1,1,0.0,1,0,1,0,0
00-0039000,Deonte Banks,CB,NYG,5,1,0,0,0,0.0,0,0,0,0,0
00-0039002,Sydney Brown,SAF,PHI,5,1,0,0,0,0.0,0,0,0,0,0
00-0039009,Dylan Horton,DE,HOU,5,0,4,0,0,0.0,0,0,0,0,0
00-0039018,Jack Campbell,LB,DET,5,3,8,1,1,0.0,0,0,0,0,0
00-0039047,Derick Hall,LB,SEA,5,0,1,0,0,0.0,0,0,0,0,0
00-0039049,SirVocea Dennis,LB,TB,5,4,4,0,0,0.0,0,0,0,0,0
00-0039050,Payne Durham,TE,TB,5,1,0,0,0,0.0,0,0,0,0,0
00-0039068,Yaya Diaby,LB,TB,5,1,1,0,0,0.0,1,0,0,0,0
00-0039108,Will Anderson Jr.,DE,HOU,5,1,2,1,0,0.0,0,0,0,0,0
00-0039137,Byron Young,LB,LAR,5,4,2,0,0,0.5,3,0,0,0,0
00-0039138,Kobie Turner,DE,LAR,5,1,3,0,0,0.5,1,0,0,0,0
00-0039140,Kelee Ringo,CB,PHI,5,6,0,0,0,0.0,0,0,0,0,0
00-0039141,Brian Branch,CB,DET,5,1,3,0,0,0.0,0,0,0,0,0
00-0039142,Will McDonald IV,DE,NYJ,5,1,0,0,0,0.0,1,0,0,0,0
00-0039147,Christian Gonzalez,CB,NE,5,2,4,0,0,0.0,0,0,1,0,0
00-0039148,Keion White,DE,NE,5,0,1,0,0,0.0,0,0,0,0,0
00-0039149,Quan Martin,SAF,WAS,5,6,3,0,1,0.0,0,0,0,0,0
00-0039151,Emmanuel Forbes,CB,LAR,5,1,0,0,0,0.0,0,0,0,0,0
00-0039156,Julius Brents,CB,MIA,5,1,0,0,0,0.0,0,0,0,0,0
00-0039176,Basil Okoye,DT,BAL,5,2,2,0,0,0.0,0,0,0,0,0
00-0039178,Austin Ajiake,LB,IND,5,4,5,0,0,0.0,0,0,0,0,0
00-0039232,Nate Wiggins,CB,BAL,5,3,2,0,0,0.0,0,0,0,0,0
00-0039234,T.J. Tampa,CB,BAL,5,3,3,0,0,0.0,0,0,0,0,0
00-0039284,Braiden McGregor,DE,NYJ,5,1,2,1,0,1.0,1,0,0,0,0
00-0039299,George Holani,RB,SEA,5,0,1,0,0,0.0,0,0,0,0,0
00-0039309,Byron Murphy II,DT,SEA,5,1,2,0,0,0.0,0,0,0,0,0
00-0039313,Swayze Bozeman,LB,NYG,5,0,1,0,0,0.0,0,0,0,0,0
00-0039324,Christian Roland-Wallace,CB,KC,5,1,2,0,0,0.0,0,0,0,0,0
00-0039340,Laiatu Latu,DE,IND,5,1,0,1,0,0.0,0,1,1,0,0
00-0039343,Kamari Lassiter,CB,HOU,5,3,1,0,0,0.0,0,1,1,0,0
00-0039345,Renardo Green,CB,SF,5,1,1,0,0,0.0,0,0,1,0,0
00-0039347,Trevin Wallace,LB,CAR,5,2,2,0,0,0.0,0,0,0,0,0
00-0039352,Marist Liufau,LB,DAL,5,3,1,0,1,0.0,1,0,0,0,0
00-0039353,Jarrian Jones,CB,JAX,5,1,0,0,0,0.0,0,0,0,0,0
00-0039354,McKinnley Jackson,DT,CIN,5,0,1,0,0,0.0,0,0,0,0,0
00-0039363,Isaac Guerendo,RB,SF,5,1,0,0,0,0.0,0,0,0,0,0
00-0039366,Tarheeb Still,CB,LAC,5,3,1,0,0,0.0,0,0,2,0,0
00-0039368,Jordan Magee,LB,WAS,5,1,2,1,0,0.0,0,0,0,0,0
00-0039369,Cam Hart,CB,LAC,5,2,2,0,0,0.0,0,0,0,0,0
00-0039375,Josh Newton,CB,CIN,5,1,0,0,0,0.0,0,0,0,0,0
00-0039400,Zion Logue,DT,BUF,5,1,0,0,0,0.0,0,0,0,0,0
00-0039417,Myles Harden,CB,CLE,5,4,1,0,0,0.0,0,0,0,0,0
00-0039421,Levi Drake Rodriguez,DL,MIN,5,1,5,1,0,0.0,0,0,0,0,0
00-0039423,Jonah Laulu,DT,LV,5,1,1,1,0,0.0,1,0,0,0,0
00-0039430,James Williams,LB,TEN,5,2,0,0,0,0.0,0,0,0,0,0
00-0039431,Jowon Briggs,DE,NYJ,5,1,0,0,0,0.0,0,0,0,0,0
00-0039436,Jaylen Harrell,DE,TEN,5,1,0,0,0,0.0,0,0,0,0,0
00-0039465,Reddy Steward,DB,DAL,5,1,2,0,0,0.0,0,0,0,0,0
00-0039530,Brevyn Spann-Ford,TE,DAL,5,1,1,0,0,0.0,0,0,0,0,0
00-0039589,Kameron Johnson,WR,TB,5,1,0,0,0,0.0,0,0,0,0,0
00-0039603,British Brooks,RB,HOU,5,1,0,0,0,0.0,0,0,0,0,0
00-0039622,Isaiah Stalbird,LB,NO,5,1,0,0,0,0.0,0,0,0,0,0
00-0039637,Maema Njongmeta,LB,CAR,5,0,1,0,0,0.0,0,0,0,0,0
00-0039681,Tyler Owens,DB,WAS,5,0,1,0,0,0.0,0,0,0,0,0
00-0039686,Colson Yankoff,TE,WAS,5,0,1,0,0,0.0,0,0,0,0,0
00-0039692,Dell Pettus,SAF,NE,5,0,1,0,0,0.0,0,0,0,0,0
00-0039718,Bo Richter,LB,MIN,5,0,3,0,0,0.0,0,0,0,0,0
00-0039734,Braden Fiske,DT,LAR,5,1,2,0,0,0.0,1,0,0,0,0
00-0039740,Jalyx Hunt,LB,PHI,5,0,1,0,0,0.0,1,0,0,0,0
00-0039749,Tyler Davis,DE,LAR,5,3,2,0,0,0.0,0,0,0,0,0
00-0039763,Joe Andreessen,LB,BUF,5,1,1,0,0,0.0,0,0,0,0,0
00-0039772,Josh Wallace,CB,LAR,5,1,1,0,0,0.0,0,0,0,0,0
00-0039774,Omar Speights,LB,LAR,5,3,2,0,0,0.0,0,0,0,0,0
00-0039776,Jaylen McCollough,SAF,LAR,5,2,0,0,0,0.0,0,0,0,0,0
00-0039792,Devontez Walker,WR,BAL,5,0,1,0,0,0.0,0,0,0,0,0
00-0039795,Nehemiah Pritchett,CB,SEA,5,2,0,0,0,0.0,0,0,0,0,0
00-0039809,Jonah Elliss,LB,DEN,5,2,1,0,0,0.0,0,0,0,0,0
00-0039815,Tyrice Knight,LB,SEA,5,3,1,1,0,0.0,0,0,0,0,0
00-0039821,Andru Phillips,DB,NYG,5,3,0,0,0,0.0,0,0,0,0,0
00-0039825,Jaden Hicks,SAF,KC,5,1,2,0,0,0.0,0,0,0,0,0
00-0039829,Darius Muasau,LB,NYG,5,6,3,1,0,0.0,0,0,0,0,0
00-0039834,Kamren Kinchens,SAF,LAR,5,1,1,0,0,0.0,0,0,0,0,0
00-0039835,Justin Eboigbe,DT,LAC,5,3,1,1,0,1.0,1,0,0,0,0
00-0039838,Calen Bullock,SAF,HOU,5,2,0,0,0,0.0,0,0,0,0,0
00-0039841,Cooper DeJean,CB,PHI,5,4,1,1,0,0.0,0,0,1,0,0
00-0039846,Tykee Smith,DB,TB,5,2,4,0,0,0.0,0,0,2,0,0
00-0039852,Jared Verse,DE,LAR,5,3,2,1,0,0.0,5,0,0,0,0
00-0039858,Cedric Gray,LB,TEN,5,5,6,1,0,0.0,0,0,0,0,0
00-0039860,Kool-Aid McKinstry,CB,NO,5,3,1,0,0,0.0,0,2,3,0,0
00-0039861,Tyler Nubin,SAF,NYG,5,3,1,1,0,0.0,0,0,0,0,0
00-0039864,Dadrion Taylor-Demerson,SAF,ARI,5,4,0,0,0,0.0,0,1,2,0,0
00-0039872,Cole Bishop,SAF,BUF,5,2,0,0,0,1.0,1,0,0,0,0
00-0039888,Quinyon Mitchell,CB,PHI,5,5,2,0,0,0.0,0,0,1,0,0
00-0039898,Mike Sainristil,CB,WAS,5,7,2,0,0,0.0,0,1,2,0,0
00-0039902,Chris Braswell,LB,TB,5,2,0,0,0,0.0,0,0,0,0,0
00-0039903,Terrion Arnold,CB,DET,5,1,0,0,0,0.0,0,0,2,0,0
00-0039906,Jer'Zhan Newton,DT,WAS,5,2,0,1,0,1.0,1,0,1,0,0
00-0039908,Kris Jenkins,DT,CIN,5,2,1,1,0,0.0,0,0,0,0,0
00-0039911,Chop Robinson,LB,MIA,5,1,1,1,0,0.0,0,0,0,0,0
00-0039920,Malachi Corley,WR,CLE,5,0,1,0,0,0.0,0,0,0,0,0
00-0039924,Dallas Turner,LB,MIN,5,3,4,1,0,0.0,0,0,0,0,0
00-0040011,Shemar James,LB,DAL,5,8,7,0,0,0.0,0,0,0,0,0
00-0040045,Alijah Clark,DB,DAL,5,1,0,0,0,0.0,0,0,0,0,0
00-0040069,Teddye Buchanan,LB,BAL,5,7,7,1,0,0.0,0,0,0,0,0
00-0040074,Tyler Loop,K,BAL,5,1,0,0,0,0.0,0,0,0,0,0
00-0040100,Jay Higgins,LB,BAL,5,0,1,0,0,0.0,0,0,0,0,0
00-0040106,Reuben Lowery,SAF,BAL,5,1,4,0,0,0.0,0,0,0,0,0
00-0040127,Kenneth Grant,DT,MIA,5,0,2,0,0,0.5,1,0,0,0,0
00-0040136,Princely Umanmielen,LB,CAR,5,1,0,0,0,0.0,0,0,0,0,0
00-0040143,Jacob Parrish,CB,TB,5,5,4,0,0,0.0,0,0,0,0,0
00-0040152,Upton Stout,CB,SF,5,2,6,0,0,0.0,0,0,0,0,0
00-0040157,Barrett Carter,LB,CIN,5,2,4,0,0,0.0,0,0,0,0,0
00-0040159,Lathan Ransom,SAF,CAR,5,4,1,0,0,0.0,0,0,0,0,0
00-0040165,Malachi Moore,SAF,NYJ,5,4,1,0,0,0.0,0,0,0,0,0
00-0040166,Quincy Riley,CB,NO,5,1,0,0,0,0.0,0,0,1,0,0
00-0040171,Joshua Farmer,DT,NE,5,0,2,0,0,0.0,0,0,0,0,0
00-0040173,Tyrion Ingram-Dawkins,DT,MIN,5,1,1,1,0,1.0,1,0,0,0,0
00-0040175,Jordan Phillips,DT,MIA,5,0,2,0,0,0.0,0,0,0,0,0
00-0040182,Dante Trader Jr.,SAF,MIA,5,1,1,0,0,0.0,0,0,0,0,0
00-0040183,Elijah Roberts,DE,TB,5,1,0,0,0,0.0,0,0,0,0,0
00-0040185,Marques Sigle,SAF,SF,5,7,6,0,0,0.0,0,0,1,0,0
00-0040186,Francisco Mauigoa,LB,NYJ,5,3,1,0,0,0.0,0,0,0,0,0
00-0040195,Denzel Burke,CB,ARI,5,1,0,0,0,0.0,0,0,0,0,0
00-0040196,Tyler Baron,DE,NYJ,5,1,0,0,0,0.0,0,0,0,0,0
00-0040199,JJ Pegues,DT,LV,5,1,0,0,0,0.0,0,0,0,0,0
00-0040201,Marcus Harris,CB,TEN,5,0,1,0,0,0.0,0,0,0,0,0
00-0040213,Rayuan Lane III,SAF,JAX,5,2,1,0,0,0.0,0,0,0,0,0
00-0040214,Kobe King,LB,MIN,5,1,1,0,0,0.0,0,0,0,0,0
00-0040230,Kitan Crawford,SAF,ARI,5,1,0,0,0,0.0,0,0,1,0,0
00-0040255,Adin Huntington,DE,CLE,5,0,1,0,0,0.0,0,0,0,0,0
00-0040261,Easton Mascarenas-Arnold,LB,CLE,5,0,2,0,0,0.0,0,0,0,0,0
00-0040263,Donovan McMillon,SAF,CLE,5,0,1,0,0,0.0,0,0,0,0,0
00-0040279,Ryan Fitzgerald,K,CAR,5,0,1,0,0,0.0,0,0,0,0,0
00-0040289,Bam Martin-Scott,LB,CAR,5,1,0,0,0,0.0,0,0,0,0,0
00-0040295,Trevian Thomas,SAF,CAR,5,0,1,0,0,0.0,0,0,0,0,0
00-0040296,Corey Thornton,CB,CAR,5,2,1,0,0,0.0,0,0,1,0,0
00-0040347,Johnathan Edwards,DB,IND,5,1,0,0,0,0.0,0,0,1,0,0
00-0040357,Trey Washington,SAF,IND,5,0,3,0,0,0.0,0,0,0,0,0
00-0040416,John Bullock,LB,TB,5,0,1,0,0,0.0,0,0,0,0,0
00-0040432,Beaux Collins,WR,NYG,5,1,1,0,0,0.0,0,0,0,0,0
00-0040449,Karene Reid,LB,DEN,5,1,0,0,0,0.0,0,0,0,0,0
00-0040460,Marlowe Wax,LB,LAC,5,0,2,0,0,0.0,0,0,0,0,0
00-0040501,Austin Keys,LB,MIN,5,1,0,0,0,0.0,0,0,0,0,0
00-0040503,Dorian Mausi,LB,TEN,5,1,1,0,0,0.0,0,0,0,0,0
00-0040574,Elijah Ponder,LB,NE,5,1,1,0,0,0.0,0,0,0,0,0
00-0040579,Carson Schwesinger,LB,CLE,5,2,10,0,0,0.0,0,0,0,0,0
00-0040580,Josaiah Stewart,LB,LAR,5,0,0,0,0,0.0,0,0,1,0,0
00-0040585,Ty Hamilton,DT,LAR,5,0,1,0,0,0.0,0,0,0,0,0
00-0040613,Shaun Dolac,LB,LAR,5,1,2,0,0,0.0,0,0,0,0,0
00-0040636,Keyon Martin,CB,BAL,5,4,1,0,0,0.0,0,0,0,0,0
00-0040639,Grey Zabel,G,SEA,5,1,0,0,0,0.0,0,0,0,0,0
00-0040640,Ashton Gillotte,DE,KC,5,1,1,0,0,0.0,0,0,0,0,0
00-0040641,Darien Porter,CB,LV,5,1,1,0,0,0.0,0,0,0,0,0
00-0040643,Jonas Sanker,SAF,NO,5,6,1,1,0,0.0,0,0,0,0,0
00-0040670,Nohl Williams,CB,KC,5,2,0,0,0,0.0,0,0,0,0,0
00-0040672,Tyleik Williams,DT,DET,5,0,0,0,0,0.0,0,0,1,0,0
00-0040677,Abdul Carter,LB,NYG,5,1,3,0,0,0.0,0,0,0,0,0
00-0040685,Mason Graham,DT,CLE,5,2,0,0,0,0.0,0,0,0,0,0
00-0040688,Malaki Starks,SAF,BAL,5,3,7,0,0,0.0,0,0,0,0,0
00-0040694,Darius Alexander,DT,NYG,5,1,0,1,0,0.0,0,0,0,0,0
00-0040708,Jihaad Campbell,LB,PHI,5,4,5,1,0,0.0,0,0,0,0,0
00-0040710,Deone Walker,DT,BUF,5,1,1,1,0,0.5,1,0,0,0,0
00-0040716,Craig Woodson,SAF,NE,5,3,1,0,0,0.0,0,0,0,0,0
00-0040718,Travis Hunter,CB,JAX,5,2,0,0,0,0.0,0,0,1,0,0
00-0040719,Bhayshul Tuten,RB,JAX,5,1,0,0,0,0.0,0,0,0,0,0
00-0040720,Jahdae Barron,CB,DEN,5,1,1,0,0,0.0,0,0,1,0,0
00-0040721,Alfred Collins,DT,SF,5,2,0,0,1,0.0,1,0,0,0,0
00-0040722,Mike Green,LB,BAL,5,0,2,0,0,0.0,0,0,0,0,0
00-0040723,Jack Kiser,LB,JAX,5,0,1,0,0,0.0,0,0,0,0,0
00-0040725,Donovan Ezeiruaku,DE,DAL,5,1,2,0,0,0.0,2,0,0,0,0
00-0040731,Trey Amos,CB,WAS,5,1,1,0,0,0.0,0,0,0,0,0
00-0040733,Nick Emmanwori,SAF,SEA,5,4,1,1,0,0.0,0,0,0,0,0
00-0040738,Demetrius Knight Jr.,LB,CIN,5,3,4,1,0,0.0,0,0,0,0,0
00-0040744,Jaylahn Tuimolaou,DE,IND,5,0,1,0,0,0.0,0,0,0,0,0
00-0040746,Nic Scourton,LB,CAR,5,1,3,1,0,0.0,0,0,0,0,0
00-0040749,Andrew Mukuba,SAF,PHI,5,4,2,0,0,0.0,0,0,0,0,0
00-0040751,Will Johnson,CB,ARI,5,3,0,0,0,0.0,0,0,1,0,0
00-0040752,Oluwafemi Oladejo,DE,TEN,5,0,1,0,0,0.0,0,0,0,0,0
00-0026190,Calais Campbell,DE,ARI,6,0,0,0,0,0.0,3,0,0,0,0
00-0027940,Von Miller,OLB,WAS,6,1,1,0,0,0.5,1,0,0,0,0
00-0027962,Cameron Jordan,LB,NO,6,1,0,0,0,0.0,0,0,0,0,0
00-0027969,Cameron Heyward,DE,PIT,6,1,1,0,0,0.0,1,0,0,0,0
00-0029255,Bobby Wagner,MLB,WAS,6,3,5,1,0,0.0,0,0,0,0,0
00-0029562,Lavonte David,OLB,TB,6,4,2,1,0,1.0,1,0,0,0,0
00-0029607,Demario Davis,OLB,NO,6,2,1,1,0,0.0,0,0,0,0,0
00-0030062,Darius Slay,CB,PIT,6,3,1,0,0,0.0,0,0,1,0,0
00-0030070,John Jenkins,DT,BAL,6,2,1,1,1,1.0,1,0,0,0,0
00-0030114,Jordan Poyer,FS,BUF,6,0,1,0,0,0.0,0,0,0,0,0
00-0030279,Keenan Allen,WR,LAC,6,1,0,0,0,0.0,0,0,0,0,0
00-0030294,Tony Jefferson,S,LAC,6,1,1,0,0,0.0,0,1,1,0,0
00-0030757,Mike Pennel,DT,CIN,6,1,1,0,0,0.0,0,0,0,0,0
00-0031177,Brent Urban,DE,BAL,6,2,0,1,0,0.0,0,0,0,0,0
00-0031270,Shelby Harris,DE,CLE,6,1,0,1,0,0.0,0,0,0,0,0
00-0031360,Kyle Van Noy,MLB,BAL,6,0,1,0,0,0.0,0,0,0,0,0
00-0031364,Jadeveon Clowney,OLB,DAL,6,0,1,0,0,0.0,0,0,0,0,0
00-0031411,DeMarcus Lawrence,LB,SEA,6,2,3,2,0,2.0,5,0,0,0,0
00-0031550,Shaq Thompson,OLB,BUF,6,5,5,1,0,0.0,0,0,1,0,0
00-0031557,Jordan Phillips,DT,BUF,6,1,0,0,0,0.0,0,0,0,0,0
00-0031576,Za'Darius Smith,DE,PHI,6,0,1,0,0,0.0,0,0,0,0,0
00-0031608,Quandre Diggs,S,TEN,6,2,2,0,0,0.0,0,0,0,0,0
00-0031740,Neville Hewitt,LB,NYG,6,0,2,0,0,0.0,0,0,0,0,0
00-0031898,Alex Singleton,LB,DEN,6,4,2,1,0,0.0,0,0,0,0,0
00-0031933,Leonard Williams,DE,SEA,6,2,2,0,0,0.5,2,0,0,0,0
00-0031935,Preston Smith,DE,WAS,6,0,2,0,0,0.0,0,0,0,0,0
00-0031957,Rakeem Nunez-Roches,DT,NYG,6,0,4,0,0,0.0,0,0,0,0,0
00-0032052,Dante Fowler Jr.,DE,DAL,6,1,0,0,0,0.0,0,0,0,0,0
00-0032146,Bud Dupree,OLB,LAC,6,2,1,0,0,0.0,0,0,0,0,0
00-0032164,Arik Armstead,DE,JAX,6,1,3,1,0,1.0,1,0,0,0,0
00-0032228,Joe Cardona,LS,MIA,6,0,1,0,0,0.0,0,0,0,0,0
00-0032378,DeForest Buckner,DT,IND,6,2,1,0,0,0.0,3,0,0,0,0
00-0032387,Jarran Reed,DT,SEA,6,0,3,0,0,0.0,0,0,0,0,0
00-0032388,Deion Jones,LB,TB,6,0,2,0,0,0.0,0,0,0,0,0
00-0032399,Miles Killebrew,SAF,PIT,6,0,1,0,0,0.0,0,0,0,0,0
00-0032424,DJ Reader,DT,DET,6,1,4,0,0,0.0,0,0,0,0,0
00-0032442,Elandon Roberts,OLB,LV,6,1,3,0,0,0.0,0,0,0,0,0
00-0032667,Roy Robertson-Harris,DE,NYG,6,1,0,1,0,0.0,0,0,0,0,0
00-0032762,Chris Jones,DE,KC,6,0,1,0,0,0.0,1,0,0,0,0
00-0032889,A'Shawn Robinson,DT,CAR,6,2,1,0,0,0.0,0,0,2,0,0
00-0032933,Antonio Hamilton,CB,WAS,6,1,1,0,0,0.0,0,0,0,0,0
00-0033038,Eric Murray,S,JAX,6,0,1,0,0,0.0,0,0,0,0,0
00-0033046,Jihad Ward,LB,TEN,6,1,2,0,0,0.0,2,0,1,0,0
00-0033051,David Onyemata,DT,ATL,6,3,1,1,0,1.0,1,0,0,0,0
00-0033055,Jalen Ramsey,CB,PIT,6,4,2,2,0,2.0,2,0,0,0,0
00-0033066,Andrew Billings,DT,CHI,6,0,1,0,0,0.0,0,0,0,0,0
00-0033072,Leonard Floyd,DE,ATL,6,0,1,0,0,0.0,0,0,0,0,0
00-0033073,Emmanuel Ogbah,DE,JAX,6,1,2,1,0,0.0,0,0,0,0,0
00-0033093,Jonathan Bullard,DE,NO,6,2,0,2,0,0.0,0,0,0,0,0
00-0033120,Kenny Clark,NT,DAL,6,0,1,0,0,0.0,1,0,0,0,0
00-0033131,Maliek Collins,DT,CLE,6,2,0,0,0,0.0,1,0,0,0,0
00-0033132,Kevin Byard,FS,CHI,6,2,3,1,0,0.0,0,0,0,0,0
00-0033156,Joey Bosa,DE,BUF,6,1,4,0,0,0.0,1,0,0,0,0
00-0033217,Mo Alie-Cox,TE,IND,6,1,0,0,0,0.0,0,0,0,0,0
00-0033281,Marlon Humphrey,CB,BAL,6,1,1,0,0,0.0,0,0,1,0,0
00-0033297,D.J. Jones,DT,DEN,6,1,2,0,0,0.0,0,0,0,0,0
00-0033381,Adam Butler,DT,LV,6,1,2,0,0,0.0,0,0,0,0,0
00-0033503,Arthur Maulet,CB,DET,6,1,2,0,0,0.0,0,0,0,0,0
00-0033526,Samaje Perine,RB,CIN,6,0,1,0,0,0.0,0,0,0,0,0
00-0033546,Dalvin Tomlinson,DE,ARI,6,2,1,0,0,0.0,0,0,0,0,0
00-0033551,Rasul Douglas,CB,MIA,6,4,3,0,1,0.0,1,0,0,0,0
00-0033576,Eric Saubert,TE,SEA,6,1,0,0,0,0.0,0,0,0,0,0
00-0033579,Xavier Woods,FS,TEN,6,3,3,0,0,0.0,0,0,0,0,0
00-0033595,Pat O'Connor,DE,DET,6,1,0,0,0,0.0,0,0,0,0,0
00-0033860,Davon Godchaux,DT,NO,6,3,4,1,1,0.0,0,0,0,0,0
00-0033868,Myles Garrett,DE,CLE,6,0,2,0,0,0.0,0,0,0,0,0
00-0033870,Solomon Thomas,DE,DAL,6,0,2,0,0,0.0,0,0,0,0,0
00-0033872,Jamal Adams,LB,LV,6,2,2,0,0,0.0,0,0,0,0,0
00-0033874,Marshon Lattimore,CB,WAS,6,1,0,0,0,0.0,0,0,0,0,0
00-0033875,Haason Reddick,OLB,TB,6,2,1,0,0,0.5,1,0,0,0,0
00-0033878,Adoree' Jackson,CB,PHI,6,4,3,0,0,0.0,0,0,2,0,0
00-0033883,Jabrill Peppers,FS,PIT,6,1,0,0,0,0.0,0,0,0,0,0
00-0033884,Tre'Davious White,CB,BUF,6,1,1,0,0,0.0,0,0,1,0,0
00-0033886,T.J. Watt,OLB,PIT,6,0,5,0,0,0.5,3,0,2,0,0
00-0033890,Budda Baker,S,ARI,6,3,3,0,0,0.0,0,0,1,0,0
00-0033907,Dawuane Smoot,DE,JAX,6,1,0,0,0,0.0,0,0,0,0,0
00-0033914,Alex Anzalone,MLB,DET,6,7,5,0,0,0.0,1,0,0,0,0
00-0033926,Shaquill Griffin,CB,SEA,6,7,0,0,0,0.0,0,0,0,0,0
00-0033928,Jourdan Lewis,CB,JAX,6,1,2,1,0,0.0,0,0,0,0,0
00-0033935,Trey Hendrickson,DE,CIN,6,0,2,0,0,0.0,0,0,0,0,0
00-0033941,Rayshawn Jenkins,SAF,CLE,6,1,2,0,0,0.0,0,0,0,0,0
00-0033945,Samson Ebukam,DE,IND,6,2,0,0,0,0.0,0,0,0,0,0
00-0033952,Grover Stewart,DT,IND,6,2,1,2,0,0.0,1,0,0,0,0
00-0033964,Al-Quadin Muhammad,LB,DET,6,1,1,1,0,1.0,1,0,0,0,0
00-0034145,Chris Lammons,DB,IND,6,2,0,1,0,0.0,0,0,0,0,0
00-0034163,Jacob Martin,DE,WAS,6,1,2,0,0,0.0,1,0,0,0,0
00-0034203,Darious Williams,CB,LAR,6,3,1,0,0,0.0,0,0,2,0,0
00-0034234,Poona Ford,DT,LAR,6,0,4,1,0,0.0,0,0,0,0,0
00-0034251,Daniel Ekuale,DT,PIT,6,1,0,0,0,0.0,1,0,0,0,0
00-0034264,Jalyn Holmes,DT,WAS,6,1,3,0,0,0.0,0,0,0,0,0
00-0034277,DeShon Elliott,SAF,PIT,6,4,8,0,0,0.0,0,0,0,0,0
00-0034285,Zach Sieler,DE,MIA,6,1,2,0,0,0.0,2,0,0,0,0
00-0034302,Frankie Luvu,LB,WAS,6,4,2,1,0,1.0,1,0,1,0,0
00-0034333,Daron Payne,NT,WAS,6,2,3,0,0,0.0,0,0,0,0,0
00-0034350,Uchenna Nwosu,LB,SEA,6,0,4,0,0,1.5,4,0,0,0,0
00-0034356,Donte Jackson,CB,LAC,6,2,1,1,0,0.0,0,0,0,0,0
00-0034357,Isaiah Oliver,FS,NYJ,6,2,2,0,0,0.0,0,0,0,0,0
00-0034361,Justin Reid,S,NO,6,1,2,1,0,0.0,0,0,0,0,0
00-0034373,Dorance Armstrong,DE,WAS,6,1,1,0,0,0.5,1,0,0,0,0
00-0034376,Taron Johnson,CB,BUF,6,3,2,0,0,0.0,0,0,1,0,0
00-0034381,Josh Sweat,LB,ARI,6,1,0,0,0,0.0,0,0,0,0,0
00-0034391,Siran Neal,DB,SF,6,1,1,0,0,0.0,0,0,0,0,0
00-0034413,Foye Oluokun,LB,JAX,6,6,3,1,0,0.0,1,0,1,0,0
00-0034431,Zaire Franklin,OLB,IND,6,6,3,0,0,0.0,0,0,0,0,0
00-0034465,Jeremy Reaves,DB,WAS,6,3,2,1,0,1.0,1,0,0,0,0
00-0034473,Dennis Gardeck,LB,JAX,6,0,3,1,0,0.0,0,0,0,0,0
00-0034485,Jonathan Owens,SAF,CHI,6,1,2,0,0,0.0,0,0,0,0,0
00-0034639,Mike Ford,DB,ATL,6,0,1,0,0,0.0,0,0,0,0,0
00-0034673,Tremaine Edmunds,MLB,CHI,6,3,9,0,0,0.0,0,0,0,0,0
00-0034675,Jessie Bates,FS,ATL,6,3,2,0,0,0.0,0,0,0,0,0
00-0034720,Robert Spillane,LB,NE,6,4,7,0,0,0.0,0,0,0,0,0
00-0034754,Oren Burks,ILB,CIN,6,1,0,0,0,0.0,0,0,0,0,0
00-0034760,Nathan Shepherd,DE,NO,6,2,1,0,0,0.0,3,0,0,0,0
00-0034773,Vita Vea,DT,TB,6,1,3,0,0,0.5,2,0,0,0,0
00-0034778,Carlton Davis III,CB,NE,6,1,4,0,0,0.0,0,0,0,0,0
00-0034782,Harrison Phillips,DT,NYJ,6,0,1,0,0,0.0,0,0,0,0,0
00-0034789,Minkah Fitzpatrick,FS,MIA,6,5,0,0,0,0.0,0,0,2,0,0
00-0034790,Derwin James,FS,LAC,6,1,4,0,0,0.0,0,1,1,0,0
00-0034797,Jerome Baker,OLB,CLE,6,1,0,0,0,0.0,0,0,0,0,0
00-0034800,B.J. Hill,DE,CIN,6,1,0,0,0,0.0,0,0,0,0,0
00-0034801,Josh Woods,LB,ATL,6,0,1,0,0,0.0,0,0,0,0,0
00-0034803,Joe Noteboom,OT,BAL,6,1,0,0,0,0.0,0,0,0,0,0
00-0034805,John Franklin-Myers,DE,DEN,6,1,1,0,0,1.0,2,0,0,0,0
00-0034810,Sebastian Joseph-Day,DT,TEN,6,0,1,1,0,0.0,0,0,0,0,0
00-0034815,Fred Warner,MLB,SF,6,0,1,0,0,0.0,0,0,0,0,0
00-0034828,Harold Landry III,LB,NE,6,1,2,1,0,1.0,2,0,0,0,0
00-0034832,Bradley Chubb,OLB,MIA,6,1,0,0,0,0.0,2,0,0,0,0
00-0034843,Mike Hughes,CB,ATL,6,4,1,0,0,0.0,0,0,1,0,0
00-0034844,Saquon Barkley,RB,PHI,6,1,0,0,0,0.0,0,0,0,0,0
00-0034854,KhaDarel Hodge,WR,ATL,6,2,1,0,0,0.0,0,0,0,0,0
00-0034856,Denzel Ward,CB,CLE,6,2,1,1,0,0.0,0,0,1,0,0
00-0034959,Andrew Beck,FB,NYJ,6,1,0,0,0,0.0,0,0,0,0,0
00-0034967,Rashan Gary,LB,GB,6,0,1,0,0,0.0,2,0,0,0,0
00-0034968,Darnell Savage,DB,WAS,6,2,2,0,0,0.0,0,0,0,0,0
00-0034973,Maxx Crosby,DE,LV,6,3,0,2,0,2.0,3,0,0,0,0
00-0034993,Marcus Epps,SAF,PHI,6,2,0,0,0,0.0,0,0,0,0,0
00-0035133,Keisean Nixon,DB,GB,6,3,2,1,0,0.0,0,0,2,0,0
00-0035144,Mack Wilson,LB,ARI,6,5,3,1,0,0.0,0,1,1,0,0
00-0035156,Jack Fox,P,DET,6,1,0,0,0,0.0,0,0,0,0,0
00-0035202,Del'Shawn Phillips,LB,LAC,6,1,1,0,0,0.0,0,0,0,0,0
00-0035227,P.J. Locke,DB,DEN,6,2,0,0,0,0.0,0,0,0,0,0
00-0035230,Ed Oliver,DT,BUF,6,1,1,2,0,1.0,1,0,0,0,0
00-0035240,Jahlani Tavai,LB,NE,6,0,2,0,0,0.0,0,0,0,0,0
00-0035248,Zach Allen,DE,DEN,6,1,2,0,0,1.0,3,0,1,0,0
00-0035254,Anthony Nelson,LB,TB,6,1,3,0,0,0.0,1,0,0,0,0
00-0035262,Drue Tranquill,LB,KC,6,2,1,1,0,0.0,0,0,0,0,0
00-0035277,Mike Jackson,CB,CAR,6,4,0,1,0,0.0,0,0,0,0,0
00-0035279,Charles Omenihu,DE,KC,6,2,0,1,0,1.0,1,0,0,0,0
00-0035286,Cole Holcomb,LB,PIT,6,2,1,0,0,0.0,0,0,0,0,0
00-0035301,Donovan Wilson,SAF,DAL,6,5,1,0,0,0.0,0,1,1,0,0
00-0035316,Kaden Elliss,LB,ATL,6,2,2,0,1,0.0,1,0,0,0,0
00-0035357,Cam Lewis,CB,BUF,6,1,0,0,0,0.0,0,0,1,0,0
00-0035378,Andrew Wingard,SAF,JAX,6,3,2,0,0,0.0,0,0,0,0,0
00-0035386,T.J. Edwards,LB,CHI,6,4,5,0,0,0.0,0,0,0,0,0
00-0035402,Carl Granderson,DE,NO,6,0,1,0,0,0.0,0,0,0,0,0
00-0035409,Shy Tuttle,DT,TEN,6,1,1,1,0,0.0,0,0,0,0,0
00-0035413,Luke Gifford,LB,SF,6,2,1,0,0,0.0,0,0,0,0,0
00-0035525,Devin Bush,LB,CLE,6,6,3,2,0,0.0,0,0,0,0,0
00-0035567,Craig Reynolds,RB,DET,6,1,0,0,0,0.0,0,0,0,0,0
00-0035617,Troy Reeder,LB,LAR,6,1,2,0,0,0.0,0,0,1,0,0
00-0035625,Juan Thornhill,SAF,PIT,6,5,2,0,0,0.0,0,0,0,0,0
00-0035632,Amani Hooker,SAF,TEN,6,3,0,1,0,0.0,0,0,0,0,0
00-0035637,Rock Ya-Sin,CB,DET,6,3,1,0,0,0.0,0,0,0,0,0
00-0035639,Parris Campbell,WR,DAL,6,0,1,0,0,0.0,0,0,0,0,0
00-0035642,Josh Hines-Allen,DE,JAX,6,1,1,2,0,0.0,0,0,0,0,0
00-0035643,Jeffery Simmons,DT,TEN,6,4,2,2,0,1.0,2,0,0,0,0
00-0035647,Montez Sweat,DE,CHI,6,2,1,0,1,0.0,0,0,1,0,0
00-0035663,Taylor Rapp,SAF,BUF,6,5,2,0,0,0.0,0,0,0,0,0
00-0035667,Greg Gaines,DT,TB,6,1,0,0,0,0.0,0,0,0,0,0
00-0035669,Nick Scott,SAF,CAR,6,3,1,0,0,0.0,0,0,1,0,0
00-0035672,Cody Barton,LB,TEN,6,0,3,0,0,0.0,0,1,1,0,0
00-0035678,Dre'Mont Jones,DE,TEN,6,1,4,1,0,1.0,2,0,0,0,0
00-0035683,Dexter Lawrence,DT,NYG,6,1,4,0,0,0.0,0,0,0,0,0
00-0035687,Bobby Okereke,ILB,NYG,6,2,4,0,0,0.0,0,0,1,0,0
00-0035697,Germaine Pratt,LB,IND,6,7,3,0,0,0.0,0,0,0,0,0
00-0035699,Jamel Dean,CB,TB,6,3,1,1,1,1.0,1,1,1,0,0
00-0035705,Jalen Thompson,DB,ARI,6,3,3,0,0,0.0,0,0,0,0,0
00-0035707,Devin White,LB,LV,6,4,4,1,1,1.0,1,1,1,0,0
00-0035713,Brian Burns,LB,NYG,6,3,4,2,0,2.0,2,0,0,0,0
00-0035718,Quinnen Williams,DT,NYJ,6,0,3,0,1,0.0,0,0,0,0,0
00-0035763,Malcolm Roach,DT,DEN,6,2,2,0,0,0.0,0,0,0,0,0
00-0035795,James Pierre,CB,PIT,6,1,2,1,0,0.0,0,0,1,0,0
00-0035827,Ross Matiscik,LS,JAX,6,0,1,0,0,0.0,0,0,0,0,0
00-0035841,Benito Jones,DT,MIA,6,1,1,0,0,0.0,0,0,0,0,0
00-0035857,Chris Williams,DT,CHI,6,1,1,0,0,1.0,1,0,0,0,0
00-0035942,Christian Rozeboom,LB,CAR,6,3,3,0,0,0.0,0,0,0,0,0
00-0036151,Bryce Huff,DE,SF,6,0,0,1,0,0.0,0,0,0,0,0
00-0036159,Joshua Uche,LB,PHI,6,1,0,0,0,0.0,0,0,0,0,0
00-0036192,A.J. Epenesa,DE,BUF,6,1,2,0,0,0.0,0,0,0,0,0
00-0036199,Geno Stone,SAF,CIN,6,3,0,1,0,1.0,2,1,1,0,0
00-0036220,Derrick Brown,DT,CAR,6,2,1,1,0,0.0,1,0,0,0,0
00-0036221,Brandon Jones,SAF,DEN,6,3,4,0,0,0.5,1,0,0,0,0
00-0036231,Kyle Dugger,SAF,NE,6,1,2,0,0,0.0,0,0,0,0,0
00-0036237,Larrell Murchison,DT,LAR,6,1,0,1,0,1.0,1,0,0,0,0
00-0036260,Javon Kinlaw,DT,WAS,6,0,1,0,0,0.0,0,0,0,0,0
00-0036262,DaVon Hamilton,DT,JAX,6,0,1,0,0,0.0,1,0,0,0,0
00-0036264,Jordan Love,QB,GB,6,1,0,0,0,0.0,0,0,0,0,0
00-0036266,Jordan Elliott,DT,SF,6,2,1,0,0,0.0,0,0,0,0,0
00-0036282,Grant Delpit,SAF,CLE,6,1,5,0,0,0.0,0,0,0,0,0
00-0036285,A.J. Terrell,CB,ATL,6,1,1,0,0,0.0,0,0,2,0,0
00-0036286,K'Lavon Chaisson,LB,NE,6,0,0,0,0,0.0,1,0,0,0,0
00-0036293,Jeremy Chinn,SAF,LV,6,4,2,1,0,0.0,0,0,0,0,0
00-0036294,Logan Wilson,LB,CIN,6,1,3,0,0,0.0,0,0,0,0,0
00-0036298,Akeem Davis-Gaither,LB,ARI,6,4,4,0,0,0.0,0,0,1,0,0
00-0036300,Mykal Walker,LB,NYJ,6,0,2,0,0,0.0,0,0,0,0,0
00-0036305,Trevis Gipson,LB,SF,6,1,0,0,0,0.0,0,0,0,0,0
00-0036307,Kindle Vildor,CB,TB,6,2,1,0,0,0.0,0,1,2,0,0
00-0036321,Chase Young,DE,NO,6,1,0,0,0,0.0,0,0,0,0,0
00-0036323,Patrick Queen,LB,PIT,6,1,8,0,0,0.0,0,0,1,0,0
00-0036329,Ashtyn Davis,SAF,MIA,6,3,2,0,1,0.0,0,0,0,0,0
00-0036333,Alex Highsmith,LB,PIT,6,1,2,0,0,0.5,2,0,0,0,0
00-0036335,D.J. Wonnum,LB,CAR,6,2,1,0,0,0.0,0,0,0,0,0
00-0036337,James Lynch,DT,TEN,6,1,0,0,0,0.0,0,0,0,0,0
00-0036338,Troy Dye,LB,LAC,6,4,1,1,0,0.0,0,0,0,0,0
00-0036349,Kam Curl,SAF,LAR,6,4,1,0,0,0.0,0,0,0,0,0
00-0036361,Trevon Diggs,CB,DAL,6,2,1,0,0,0.0,0,0,0,0,0
00-0036366,Neville Gallimore,DT,IND,6,1,0,0,0,0.0,1,0,0,0,0
00-0036371,Leki Fotu,DT,LV,6,1,0,1,0,1.0,1,0,0,0,0
00-0036374,L'Jarius Sneed,SAF,TEN,6,5,4,0,0,0.0,0,0,0,0,0
00-0036375,Amik Robertson,CB,DET,6,1,1,0,0,0.0,0,0,0,0,0
00-0036378,Michael Danna,LB,KC,6,1,1,0,0,0.0,1,0,0,0,0
00-0036380,Alohi Gilman,SAF,BAL,6,4,3,0,0,0.0,0,0,0,0,0
00-0036388,Xavier McKinney,SAF,GB,6,3,3,0,0,0.0,0,0,0,0,0
00-0036394,Darnay Holmes,CB,LV,6,2,1,0,0,0.0,0,0,0,0,0
00-0036409,Jordyn Brooks,LB,MIA,6,8,0,0,0,0.0,0,0,0,0,0
00-0036411,Antoine Winfield Jr.,SAF,TB,6,5,4,0,0,0.0,0,0,0,0,0
00-0036418,Zack Baun,LB,PHI,6,3,3,0,0,0.0,0,0,0,0,0
00-0036425,DeeJay Dallas,RB,CAR,6,1,0,0,0,0.0,0,0,0,0,0
00-0036428,Justin Strnad,LB,DEN,6,2,4,1,0,1.5,2,0,0,0,0
00-0036441,"Kenneth Murray, Jr.",LB,DAL,6,4,3,0,0,0.0,0,0,0,0,0
00-0036479,Kwity Paye,DE,IND,6,3,4,2,0,2.0,3,0,0,0,0
00-0036480,Dayo Odeyingbo,DE,CHI,6,1,1,0,0,0.0,0,0,0,0,0
00-0036500,Jamien Sherwood,LB,NYJ,6,6,7,0,0,0.0,1,0,1,0,0
00-0036504,Brandin Echols,CB,PIT,6,2,0,0,0,0.0,0,0,0,0,0
00-0036552,Azeez Ojulari,LB,PHI,6,1,2,0,0,0.0,0,0,0,0,0
00-0036563,Deommodore Lenoir,CB,SF,6,1,1,0,0,0.0,0,0,0,0,0
00-0036564,Talanoa Hufanga,SAF,DEN,6,4,1,2,0,1.0,1,0,1,0,0
00-0036568,Roy Lopez,DT,DET,6,0,3,0,0,0.0,0,0,0,0,0
00-0036589,Nick McCloud,CB,CHI,6,1,1,0,0,0.0,0,0,0,0,0
00-0036613,Jaylen Waddle,WR,MIA,6,0,1,0,0,0.0,0,0,0,0,0
00-0036620,Dee Eskridge,WR,MIA,6,0,1,0,0,0.0,0,0,0,0,0
00-0036621,Nick Bolton,LB,KC,6,3,4,1,0,0.0,1,0,0,0,0
00-0036625,Benjamin St-Juste,CB,LAC,6,0,3,0,0,0.0,0,1,1,0,0
00-0036629,Camryn Bynum,SAF,IND,6,2,0,0,0,0.0,0,0,1,0,0
00-0036642,Tedarrell Slaton,DT,CIN,6,1,0,0,0,0.0,0,0,0,0,0
00-0036643,K.J. Britt,LB,MIA,6,6,7,0,0,0.0,0,0,0,0,0
00-0036646,Simi Fehoko,WR,ARI,6,1,0,0,0,0.0,0,0,0,0,0
00-0036658,Isaiah McDuffie,LB,GB,6,0,1,0,0,0.0,0,0,0,0,0
00-0036672,Grant Stuard,LB,DET,6,0,1,0,0,0.0,0,0,0,0,0
00-0036677,Zayne Anderson,SAF,GB,6,0,1,0,0,0.0,0,0,0,0,0
00-0036683,Devon Key,SAF,DEN,6,1,1,0,0,0.0,0,0,0,0,0
00-0036695,Naquan Jones,DT,LAC,6,1,0,0,0,0.0,0,0,0,0,0
00-0036727,Adam Prentice,FB,DEN,6,0,1,0,0,0.0,0,0,0,0,0
00-0036728,Curtis Robinson,LB,SF,6,0,1,0,0,0.0,0,0,0,0,0
00-0036813,Christian Elliss,LB,NE,6,2,5,0,1,0.0,0,0,1,0,0
00-0036816,Riley Patterson,K,MIA,6,1,0,0,0,0.0,0,0,0,0,0
00-0036825,Feleipe Franks,TE,ATL,6,2,0,0,0,0.0,0,0,0,0,0
00-0036862,Ben Skowronek,WR,PIT,6,0,1,0,0,0.0,0,0,0,0,0
00-0036867,Chris Rumph II,LB,NO,6,0,1,0,0,0.0,0,0,0,0,0
00-0036870,Buddy Johnson,LB,IND,6,3,0,0,0,0.0,0,0,0,0,0
00-0036871,Nate Hobbs,CB,GB,6,2,1,0,0,0.0,0,0,0,0,0
00-0036874,Pat Surtain II,CB,DEN,6,1,0,0,0,0.0,0,0,2,0,0
00-0036881,Jay Tufele,DT,NYJ,6,0,1,0,0,0.0,0,0,0,0,0
00-0036901,Eric Stokes,CB,LV,6,2,3,0,0,0.0,0,0,0,0,0
00-0036902,Joseph Ossai,DE,CIN,6,2,2,1,0,0.0,1,0,0,0,0
00-0036903,Bobby Brown III,DT,CAR,6,1,0,1,0,0.0,0,0,0,0,0
00-0036909,Khyiris Tonga,DT,NE,6,1,2,1,0,0.0,0,0,0,0,0
00-0036914,Greg Rousseau,LB,BUF,6,1,0,0,0,0.0,0,0,0,0,0
00-0036916,Milton Williams,DT,NE,6,1,1,0,0,0.0,0,0,0,0,0
00-0036922,Patrick Johnson,LB,PHI,6,1,1,1,0,1.0,1,0,0,0,0
00-0036927,Pete Werner,LB,NO,6,5,0,1,0,1.0,1,0,1,0,0
00-0036932,Micah Parsons,LB,GB,6,0,3,0,0,0.0,0,0,0,0,0
00-0036933,Zaven Collins,LB,ARI,6,2,0,1,0,0.0,1,0,0,0,0
00-0036934,Jaelan Phillips,LB,MIA,6,2,1,0,0,0.0,1,0,0,0,0
00-0036937,Paulson Adebo,CB,NYG,6,5,2,0,0,0.0,0,0,0,0,0
00-0036940,Odafe Oweh,LB,LAC,6,1,1,1,0,1.0,2,0,0,0,0
00-0036941,Andre Cisco,SAF,NYJ,6,5,1,0,0,0.0,0,0,0,0,0
00-0036942,Osa Odighizuwa,DT,DAL,6,1,0,0,0,0.0,1,0,0,0,0
00-0036943,Mitchell Fraboni,LS,DEN,6,1,0,0,0,0.0,0,0,0,0,0
00-0036952,Jonathon Cooper,LB,DEN,6,2,3,1,0,2.0,3,0,0,0,0
00-0036956,Darren Hall,CB,ARI,6,1,1,0,0,0.0,0,0,0,0,0
00-0036962,Tre'von Moehrig,SAF,CAR,6,3,1,1,0,0.0,1,0,0,0,0
00-0036964,Derrick Barnes,LB,DET,6,2,2,0,0,0.0,0,0,0,0,0
00-0036967,Joe Tryon-Shoyinka,DE,CLE,6,2,0,0,0,0.0,1,0,0,0,0
00-0036974,Tyson Campbell,CB,CLE,6,3,2,0,1,0.0,0,0,2,0,0
00-0036981,Christian Barmore,DT,NE,6,1,2,1,0,0.0,0,0,0,0,0
00-0036982,Chauncey Golston,DE,NYG,6,0,1,0,0,0.0,0,0,0,0,0
00-0036986,Nahshon Wright,CB,CHI,6,4,1,1,0,0.0,0,0,1,0,0
00-0036987,Brandon Stephens,CB,NYJ,6,0,2,1,0,0.0,0,0,0,0,0
00-0036989,Malcolm Koonce,DE,LV,6,0,0,0,0,0.0,1,0,0,0,0
00-0036990,Divine Deablo,LB,ATL,6,1,4,0,0,0.0,0,0,1,0,0
00-0036992,Elijah Molden,CB,LAC,6,2,3,0,0,0.0,0,0,0,0,0
00-0036994,Ernest Jones,LB,SEA,6,4,4,0,0,0.0,1,0,1,0,0
00-0036995,Baron Browning,LB,ARI,6,1,0,1,0,1.0,1,0,0,0,0
00-0036998,Jevon Holland,SAF,NYG,6,1,2,0,0,0.0,0,0,1,0,0
00-0037003,Chazz Surratt,LB,SEA,6,0,1,0,0,0.0,0,0,0,0,0
00-0037007,Patrick Jones II,LB,CAR,6,1,2,0,0,0.0,0,0,0,0,0
00-0037034,Dee Alford,CB,ATL,6,4,2,1,0,1.0,1,1,3,0,0
00-0037073,Jordan Davis,DT,PHI,6,2,4,0,0,1.0,1,0,0,0,0
00-0037074,Quay Walker,LB,GB,6,5,3,0,0,0.0,0,0,0,0,0
00-0037082,Dominique Robinson,DE,CHI,6,2,1,0,0,0.5,1,0,0,0,0
00-0037083,Kingsley Enagbare,LB,GB,6,0,2,0,0,0.0,0,0,0,0,0
00-0037091,Bo Melton,CB,GB,6,0,1,0,0,0.0,0,0,0,0,0
00-0037096,Elijah Hicks,SAF,CHI,6,0,1,0,0,0.0,0,0,0,0,0
00-0037112,Jake Tonges,TE,SF,6,1,1,0,0,0.0,0,0,0,0,0
00-0037130,Reed Blankenship,SAF,PHI,6,6,0,0,0,0.0,0,0,0,0,0
00-0037137,Josh Jobe,CB,SEA,6,3,1,0,0,0.0,0,0,0,0,0
00-0037157,Bam Knight,RB,ARI,6,1,0,0,0,0.0,0,0,0,0,0
00-0037190,Sauce Gardner,CB,NYJ,6,2,0,0,0,0.0,0,0,1,0,0
00-0037191,Trent McDuffie,CB,KC,6,5,1,0,0,0.0,0,0,0,0,0
00-0037192,George Karlaftis,DE,KC,6,0,2,0,0,0.0,0,0,0,0,0
00-0037193,Bryan Cook,SAF,KC,6,5,2,0,0,0.0,0,0,0,0,0
00-0037195,Jaylen Watson,CB,KC,6,1,2,0,0,0.0,0,0,0,0,0
00-0037203,LaBryan Ray,DT,CAR,6,2,0,0,0,0.0,0,0,0,0,0
00-0037205,Brenden Schooler,SAF,NE,6,2,1,0,0,0.0,0,0,0,0,0
00-0037229,Ikem Ekwonu,OT,CAR,6,1,0,0,0,0.0,0,0,0,0,0
00-0037235,Travon Walker,DE,JAX,6,0,1,0,0,0.0,1,0,0,0,0
00-0037236,Aidan Hutchinson,DE,DET,6,2,0,1,1,1.0,0,0,0,0,0
00-0037244,Devin Lloyd,LB,JAX,6,2,1,0,0,0.0,0,0,0,0,0
00-0037249,Nik Bonitto,LB,DEN,6,3,3,0,0,1.0,2,0,0,0,0
00-0037251,Alex Wright,DE,CLE,6,2,3,1,0,0.0,0,0,0,0,0
00-0037253,Marcus Jones,CB,NE,6,4,1,1,0,1.0,1,0,3,0,0
00-0037254,Terrel Bernard,LB,BUF,6,2,2,0,0,0.0,0,0,0,0,0
00-0037260,DJ Davidson,DT,NYG,6,0,0,1,0,0.0,0,0,0,0,0
00-0037261,Khalil Shakir,WR,BUF,6,1,0,0,0,0.0,0,0,0,0,0
00-0037262,Thomas Booker,DT,LV,6,0,1,0,0,0.0,1,0,0,0,0
00-0037263,Tyler Allgeier,RB,ATL,6,1,0,0,0,0.0,0,0,0,0,0
00-0037270,Otito Ogbonnia,DT,LAC,6,1,0,0,0,0.0,0,0,0,0,0
00-0037271,D'Marco Jackson,LB,CHI,6,1,2,0,0,0.0,0,0,0,0,0
00-0037275,DaRon Bland,CB,DAL,6,2,1,0,0,0.0,0,0,0,0,0
00-0037280,Matthew Butler,DT,MIA,6,1,0,0,0,0.0,0,0,0,0,0
00-0037288,Christian Benford,CB,BUF,6,2,1,0,0,0.0,0,0,0,0,0
00-0037298,Sam Roberts,DT,ATL,6,1,3,0,0,1.0,1,0,0,0,0
00-0037304,Connor Heyward,FB,PIT,6,0,1,0,0,0.0,0,0,0,0,0
00-0037307,Ja'Sir Taylor,CB,LAC,6,2,0,0,0,0.0,0,0,0,0,0
00-0037310,James Houston,DE,DAL,6,2,3,0,0,0.0,0,0,0,0,0
00-0037313,Montaric Brown,CB,JAX,6,2,1,0,0,0.0,0,0,2,0,0
00-0037315,Cameron Goode,LB,MIA,6,1,0,0,0,0.0,0,0,0,0,0
00-0037316,Mark Robinson,LB,NYJ,6,1,0,0,0,0.0,0,0,0,0,0
00-0037321,Chase Lucas,CB,SF,6,1,0,0,0,0.0,0,0,0,0,0
00-0037323,Rodney Thomas,SAF,IND,6,1,0,0,0,0.0,0,0,0,0,0
00-0037384,Ja'Quan McMillian,CB,DEN,6,3,1,0,0,0.0,0,0,0,0,0
00-0037461,Tristin McCollum,DB,LV,6,1,0,0,0,0.0,0,0,0,0,0
00-0037475,Stone Smartt,TE,NYJ,6,1,0,0,0,0.0,0,0,0,0,0
00-0037512,Isaiah Pola-Mao,SAF,LV,6,2,1,0,0,0.0,0,0,0,0,0
00-0037549,Darrell Baker Jr.,CB,TEN,6,1,0,0,0,0.0,0,0,0,0,0
00-0037561,Markquese Bell,SAF,DAL,6,1,1,0,0,0.0,0,0,0,0,0
00-0037578,Juanyeh Thomas,SAF,DAL,6,1,2,0,0,0.0,0,0,0,0,0
00-0037587,Nate Landman,LB,LAR,6,8,9,0,0,0.0,1,0,0,0,0
00-0037593,Tre Avery,CB,CLE,6,0,1,0,0,0.0,0,0,0,0,0
00-0037594,Julius Chestnut,RB,TEN,6,1,0,0,0,0.0,0,0,0,0,0
00-0037596,Jack Gibbens,LB,NE,6,1,3,0,0,0.0,0,0,0,0,0
00-0037611,Kayvon Thibodeaux,LB,NYG,6,2,1,1,0,0.0,0,0,0,0,0
00-0037616,Nick Cross,SAF,IND,6,4,1,1,0,0.0,0,0,0,0,0
00-0037661,Ja'Marcus Ingram,CB,BUF,6,1,0,0,0,0.0,0,0,0,0,0
00-0037662,C.J. Brewer,DT,TB,6,0,2,0,0,0.5,1,0,0,0,0
00-0037663,Jermaine Johnson II,DE,NYJ,6,4,1,1,0,1.0,1,0,0,0,0
00-0037665,Sam Williams,DE,DAL,6,4,0,0,0,0.0,0,0,0,0,0
00-0037667,Kerby Joseph,SAF,DET,6,4,0,0,0,0.0,0,0,0,0,0
00-0037743,Daxton Hill,DB,CIN,6,5,4,0,0,0.0,0,0,0,0,0
00-0037752,Tycen Anderson,SAF,CIN,6,0,2,0,0,0.0,0,0,0,0,0
00-0037753,Cam Taylor-Britt,CB,CIN,6,4,0,1,0,0.0,0,0,0,0,0
00-0037756,Travis Jones,DT,BAL,6,0,1,0,0,0.0,0,0,0,0,0
00-0037758,Cordale Flott,CB,NYG,6,3,0,1,0,0.0,0,1,1,0,0
00-0037799,Dondrea Tillman,LB,DEN,6,0,1,0,0,0.0,0,0,0,0,0
00-0037804,Zachary Carter,DT,ARI,6,2,1,0,0,0.0,0,0,0,0,0
00-0037805,Jeremy Ruckert,TE,NYJ,6,0,1,0,0,0.0,0,0,0,0,0
00-0037808,DeAngelo Malone,LB,ATL,6,0,0,0,0,0.0,0,1,1,0,0
00-0037811,Chad Muma,LB,IND,6,1,0,0,0,0.0,0,0,0,0,0
00-0037819,Leo Chenal,LB,KC,6,4,3,0,0,0.0,0,0,0,0,0
00-0037839,Cobie Durant,CB,LAR,6,1,0,0,0,0.0,0,0,0,0,0
00-0037841,Quentin Lake,SAF,LAR,6,1,5,0,0,0.0,0,1,1,0,0
00-0037843,Daniel Hardy,DE,CHI,6,0,2,0,0,0.0,0,0,0,0,0
00-0038038,Kyle Hamilton,SAF,BAL,6,2,2,0,0,0.0,0,0,0,0,0
00-0038039,Jack Jones,CB,MIA,6,6,0,0,0,0.0,0,0,0,0,0
00-0038100,Percy Butler,SAF,WAS,6,1,1,0,0,0.0,0,0,0,0,0
00-0038106,Eyioma Uwazurike,DT,DEN,6,3,0,1,0,1.0,1,0,0,0,0
00-0038107,Micheal Clemons,DE,NYJ,6,1,0,0,0,0.0,0,0,0,0,0
00-0038111,Kyler Gordon,CB,CHI,6,0,2,0,0,0.0,0,0,0,0,0
00-0038116,Arnold Ebiketie,LB,ATL,6,1,2,0,0,0.0,1,0,0,0,0
00-0038119,Jalyn Armour-Davis,CB,TEN,6,0,1,0,0,0.0,0,0,0,0,0
00-0038121,Alontae Taylor,CB,NO,6,5,0,0,0,0.0,0,0,0,0,0
00-0038123,Dane Belton,SAF,NYG,6,3,4,0,1,0.0,0,0,1,0,0
00-0038125,Roger McCreary,CB,TEN,6,3,1,0,0,0.0,0,0,0,0,0
00-0038127,Logan Hall,DE,TB,6,1,1,0,0,0.0,0,0,0,0,0
00-0038133,Boye Mafe,DE,SEA,6,1,0,0,0,0.0,0,0,0,0,0
00-0038135,Jaquan Brisker,SAF,CHI,6,2,1,0,0,0.0,0,1,1,0,0
00-0038136,Coby Bryant,CB,SEA,6,5,2,2,0,0.0,0,0,0,0,0
00-0038381,Kyu Blu Kelly,CB,LV,6,5,0,0,0,0.0,0,0,0,0,0
00-0038387,Colby Wooden,DE,GB,6,1,1,0,0,0.0,0,0,0,0,0
00-0038390,Noah Sewell,LB,CHI,6,2,0,0,0,0.0,0,0,0,0,0
00-0038399,Zaire Barnes,LB,NYG,6,0,1,0,0,0.0,0,0,0,0,0
00-0038408,Carrington Valentine,DB,GB,6,3,0,0,0,0.0,0,0,1,0,0
00-0038412,Moro Ojomo,DT,PHI,6,1,3,0,0,0.0,0,0,0,0,0
00-0038488,Brady Russell,RB,SEA,6,1,0,0,0,0.0,0,0,0,0,0
00-0038492,Jason Brownlee,WR,KC,6,1,0,0,0,0.0,0,0,0,0,0
00-0038504,Trenton Simpson,LB,BAL,6,4,5,0,0,0.5,1,0,1,0,0
00-0038541,Tyree Wilson,DE,LV,6,2,2,1,0,0.0,0,0,0,0,0
00-0038546,Myles Murphy,DE,CIN,6,2,0,0,0,0.0,0,0,0,0,0
00-0038549,DJ Turner II,CB,CIN,6,3,1,1,0,0.0,0,0,5,0,0
00-0038552,Riley Moss,CB,DEN,6,5,1,1,0,0.0,0,0,0,0,0
00-0038553,Daiyan Henley,LB,LAC,6,3,4,0,0,0.0,0,0,0,0,0
00-0038554,Ji'Ayir Brown,SAF,SF,6,3,2,0,0,0.0,0,0,0,0,0
00-0038557,Dorian Williams,LB,BUF,6,5,1,0,0,0.0,0,0,0,0,0
00-0038560,Jordan Battle,SAF,CIN,6,4,3,0,0,0.0,0,0,0,0,0
00-0038564,Cameron Latu,TE,PHI,6,1,0,0,0,0.0,0,0,0,0,0
00-0038565,Mekhi Blackmon,DB,IND,6,4,1,0,0,0.0,0,1,2,0,0
00-0038570,Ventrell Miller,LB,JAX,6,2,4,0,0,0.0,0,0,0,0,0
00-0038574,Isaiah McGuire,DE,CLE,6,1,0,0,0,0.0,0,0,0,0,0
00-0038577,Nick Herbig,LB,PIT,6,2,0,2,0,2.0,4,0,1,0,0
00-0038588,Jordan Howden,SAF,NO,6,1,0,0,0,0.0,0,0,0,0,0
00-0038590,Justin Shorter,TE,LV,6,0,1,0,0,0.0,0,0,0,0,0
00-0038591,Mike Morris,DE,SEA,6,1,0,0,0,0.0,0,0,0,0,0
00-0038623,Dante Stills,DT,ARI,6,2,3,0,0,0.0,0,0,0,0,0
00-0038625,Dee Winters,LB,SF,6,3,1,0,0,0.0,0,0,1,0,0
00-0038628,DeMarcco Hellams,SAF,ATL,6,0,1,0,0,0.0,0,0,0,0,0
00-0038642,D.J. Ivey,CB,CIN,6,0,1,0,0,0.0,0,0,0,0,0
00-0038643,Brayden Willis,TE,SF,6,0,1,0,0,0.0,0,0,0,0,0
00-0038653,Cory Durden,DT,NE,6,0,1,0,0,0.0,0,0,0,0,0
00-0038660,Trevor Nowaske,LB,DET,6,0,2,0,0,0.0,0,0,0,0,0
00-0038684,Ethan Bonner,CB,MIA,6,1,0,0,0,0.0,0,0,0,0,0
00-0038685,Chris Brooks,RB,GB,6,0,1,0,0,0.0,0,0,0,0,0
00-0038710,Blake Whiteheart,TE,CLE,6,1,0,0,0,0.0,0,0,0,0,0
00-0038711,Mohamoud Diabate,LB,CLE,6,2,0,0,0,0.0,0,0,0,0,0
00-0038715,Ronnie Hickman Jr.,SAF,CLE,6,4,4,0,0,0.0,0,0,0,0,0
00-0038720,Julian Hill,TE,MIA,6,0,1,0,0,0.0,0,0,0,0,0
00-0038742,Tyrus Wheat,DE,DET,6,0,1,0,0,0.0,0,0,0,0,0
00-0038765,Ty Okada,SAF,SEA,6,1,0,0,0,0.0,0,0,0,0,0
00-0038788,Art Green,CB,NYG,6,0,1,0,0,0.0,0,0,0,0,0
00-0038791,Thomas Incoom,LB,CAR,6,1,0,0,0,0.0,0,0,0,0,0
00-0038795,PJ Mustipher,DT,ARI,6,1,1,0,0,0.0,0,0,0,0,0
00-0038820,Christian Izien,SAF,TB,6,1,0,0,0,0.0,0,0,0,0,0
00-0038823,Kaevon Merriweather,SAF,TB,6,0,1,0,0,0.0,0,0,0,0,0
00-0038824,Ryan Miller,WR,TB,6,1,0,0,0,0.0,0,0,0,0,0
00-0038890,Shaka Heyward,LB,CIN,6,1,0,0,0,0.0,0,0,0,0,0
00-0038922,Drake Thomas,LB,SEA,6,2,7,1,0,1.0,1,0,1,0,0
00-0038940,Tyler Lacy,DE,DET,6,0,2,0,0,0.0,0,0,0,0,0
00-0038958,Markees Watts,LB,TB,6,1,0,0,0,0.0,0,0,0,0,0
00-0038978,Byron Young,DT,PHI,6,1,3,0,0,0.0,0,0,0,0,0
00-0038980,Zach Harrison,DE,ATL,6,0,2,0,0,0.0,0,0,1,0,0
00-0038982,Chamarri Conner,DB,KC,6,10,4,0,1,0.0,0,0,0,0,0
00-0038984,Kei'Trel Clark,CB,ARI,6,1,1,0,0,0.0,0,0,0,0,0
00-0038986,Nic Jones,CB,NYG,6,1,2,0,0,0.0,0,0,0,0,0
00-0038995,Bryan Bresee,DT,NO,6,2,3,0,0,0.0,0,0,0,0,0
00-0039002,Sydney Brown,SAF,PHI,6,1,0,0,0,0.0,0,0,0,0,0
00-0039018,Jack Campbell,LB,DET,6,4,4,0,0,1.0,1,0,0,0,0
00-0039021,Roschon Johnson,RB,CHI,6,1,0,0,0,0.0,0,0,0,0,0
00-0039031,Adetomiwa Adebawore,DT,IND,6,1,0,0,0,0.0,0,0,0,0,0
00-0039032,Tyjae Spears,RB,TEN,6,1,0,0,0,0.0,0,0,0,0,0
00-0039040,De'Von Achane,RB,MIA,6,1,0,0,0,0.0,0,0,0,0,0
00-0039049,SirVocea Dennis,LB,TB,6,6,1,1,0,0.0,0,0,0,0,0
00-0039051,Josh Hayes,DB,TB,6,1,0,0,0,0.0,0,0,0,0,0
00-0039054,Marte Mapu,LB,NE,6,1,0,0,0,0.0,0,0,0,0,0
00-0039058,Steve Avila,G,LAR,6,1,0,0,0,0.0,0,0,0,0,0
00-0039059,Ethan Evans,P,LAR,6,1,0,0,0,0.0,0,0,0,0,0
00-0039064,Zay Flowers,WR,BAL,6,1,0,0,0,0.0,0,0,0,0,0
00-0039066,Michael Mayer,TE,LV,6,1,0,0,0,0.0,0,0,0,0,0
00-0039068,Yaya Diaby,LB,TB,6,3,0,2,0,2.0,2,0,0,0,0
00-0039070,Gervon Dexter Sr.,DT,CHI,6,2,3,0,0,1.5,1,0,0,0,0
00-0039071,Tyrique Stevenson,CB,CHI,6,0,3,0,0,0.0,0,0,0,0,0
00-0039076,Nick Hampton,LB,LAR,6,1,1,0,0,0.0,0,0,0,0,0
00-0039110,Keeanu Benton,DT,PIT,6,0,1,0,0,0.0,0,0,0,0,0
00-0039111,Tuli Tuipulotu,LB,LAC,6,1,0,1,0,1.0,2,0,0,0,0
00-0039112,Lukas Van Ness,LB,GB,6,1,1,1,0,1.0,2,0,0,0,0
00-0039137,Byron Young,LB,LAR,6,4,4,2,0,2.0,5,0,0,0,0
00-0039138,Kobie Turner,DE,LAR,6,1,0,0,0,0.0,0,0,0,0,0
00-0039140,Kelee Ringo,CB,PHI,6,3,0,0,0,0.0,0,0,0,0,0
00-0039141,Brian Branch,CB,DET,6,4,3,0,0,0.0,0,0,0,0,0
00-0039142,Will McDonald IV,DE,NYJ,6,1,1,0,0,0.0,1,0,0,0,0
00-0039147,Christian Gonzalez,CB,NE,6,4,1,0,0,0.0,0,0,0,0,0
00-0039149,Quan Martin,SAF,WAS,6,3,2,1,0,0.0,0,0,2,0,0
00-0039151,Emmanuel Forbes,CB,LAR,6,1,0,0,1,0.0,0,0,0,0,0
00-0039156,Julius Brents,CB,MIA,6,2,1,0,0,0.0,0,0,0,0,0
00-0039167,Joey Porter Jr.,CB,PIT,6,2,3,0,0,0.0,0,0,2,0,0
00-0039176,Basil Okoye,DT,BAL,6,0,1,0,0,0.0,0,0,0,0,0
00-0039178,Austin Ajiake,LB,IND,6,0,0,0,0,0.0,1,0,0,0,0
00-0039232,Nate Wiggins,CB,BAL,6,2,0,0,0,0.0,0,0,0,0,0
00-0039234,T.J. Tampa,CB,BAL,6,1,0,0,0,0.0,0,0,0,0,0
00-0039309,Byron Murphy II,DT,SEA,6,1,3,1,0,2.0,4,0,0,0,0
00-0039324,Christian Roland-Wallace,CB,KC,6,1,1,0,0,0.0,0,0,0,0,0
00-0039340,Laiatu Latu,DE,IND,6,1,2,0,0,0.0,3,0,0,0,0
00-0039345,Renardo Green,CB,SF,6,2,1,0,0,0.0,0,0,1,0,0
00-0039347,Trevin Wallace,LB,CAR,6,2,4,1,0,0.0,0,0,1,0,0
00-0039351,Dominick Puni,OT,SF,6,1,0,0,0,0.0,0,0,0,0,0
00-0039352,Marist Liufau,LB,DAL,6,4,0,1,0,1.0,1,0,0,0,0
00-0039355,Luke McCaffrey,WR,WAS,6,0,1,0,0,0.0,0,0,0,0,0
00-0039360,Malik Mustapha,SAF,SF,6,1,1,0,0,0.0,0,0,0,0,0
00-0039366,Tarheeb Still,CB,LAC,6,3,0,0,0,0.0,0,0,1,0,0
00-0039368,Jordan Magee,LB,WAS,6,0,1,0,0,0.0,0,0,0,0,0
00-0039369,Cam Hart,CB,LAC,6,2,0,0,0,0.0,0,0,1,0,0
00-0039371,Kris Abrams-Draine,CB,DEN,6,1,0,0,0,0.0,0,0,0,0,0
00-0039372,Jarvis Brownlee Jr.,DB,NYJ,6,4,1,1,1,0.0,0,0,0,0,0
00-0039374,Tommy Eichenberg,LB,LV,6,1,1,0,0,0.0,0,0,0,0,0
00-0039380,Chau Smith-Wade,CB,CAR,6,3,0,0,0,0.0,0,0,0,0,0
00-0039388,Jaylan Ford,LB,NO,6,1,1,0,0,0.0,0,0,0,0,0
00-0039407,Dylan Laube,RB,LV,6,1,0,0,0,0.0,0,0,0,0,0
00-0039417,Myles Harden,CB,CLE,6,0,1,0,0,0.0,0,0,0,0,0
00-0039423,Jonah Laulu,DT,LV,6,2,1,1,0,1.0,1,0,1,0,0
00-0039430,James Williams,LB,TEN,6,1,0,0,0,0.0,0,0,0,0,0
00-0039435,Tatum Bethune,LB,SF,6,5,5,0,0,0.0,0,0,0,0,0
00-0039465,Reddy Steward,DB,DAL,6,3,2,0,1,0.0,0,0,0,0,0
00-0039480,Jordan Colbert,SAF,MIA,6,0,1,0,0,0.0,0,0,0,0,0
00-0039622,Isaiah Stalbird,LB,NO,6,2,2,0,0,0.0,0,0,0,0,0
00-0039637,Maema Njongmeta,LB,CAR,6,1,0,0,0,0.0,0,0,0,0,0
00-0039660,Thomas Harper,SAF,DET,6,0,0,0,0,0.0,0,0,1,0,0
00-0039686,Colson Yankoff,TE,WAS,6,0,1,0,0,0.0,0,0,0,0,0
00-0039692,Dell Pettus,SAF,NE,6,0,1,0,0,0.0,0,0,0,0,0
00-0039733,Ruke Orhorhoro,DT,ATL,6,1,1,0,0,1.0,1,0,0,0,0
00-0039734,Braden Fiske,DT,LAR,6,0,1,0,0,0.0,0,0,0,0,0
00-0039740,Jalyx Hunt,LB,PHI,6,1,5,0,0,0.0,1,0,0,0,0
00-0039741,Payton Wilson,LB,PIT,6,4,3,1,0,0.0,0,0,0,0,0
00-0039749,Tyler Davis,DE,LAR,6,3,3,0,0,0.0,0,0,0,0,0
00-0039763,Joe Andreessen,LB,BUF,6,2,0,0,0,0.0,1,0,0,0,0
00-0039770,Charles Woods,CB,NE,6,0,0,0,0,0.0,0,0,1,0,0
00-0039776,Jaylen McCollough,SAF,LAR,6,2,0,0,0,0.0,0,0,0,0,0
00-0039783,Anthony Goodlow,DE,ARI,6,0,0,0,0,0.0,1,0,0,0,0
00-0039789,Qwan'tez Stiggers,DB,NYJ,6,1,0,0,0,0.0,0,0,0,0,0
00-0039795,Nehemiah Pritchett,CB,SEA,6,2,1,0,0,0.0,0,0,0,0,0
00-0039796,Rasheen Ali,RB,BAL,6,1,0,0,0,0.0,0,0,0,0,0
00-0039807,Max Melton,CB,ARI,6,2,2,0,0,0.0,0,0,1,0,0
00-0039812,Ty'Ron Hopper,LB,GB,6,1,0,0,0,0.0,0,0,0,0,0
00-0039813,Evan Williams,SAF,GB,6,1,5,1,0,0.0,0,0,0,0,0
00-0039815,Tyrice Knight,LB,SEA,6,1,0,0,0,0.0,0,0,0,0,0
00-0039821,Andru Phillips,DB,NYG,6,2,1,1,0,0.0,0,0,0,0,0
00-0039826,Jeremiah Trotter Jr.,LB,PHI,6,2,0,0,0,0.0,0,0,0,0,0
00-0039829,Darius Muasau,LB,NYG,6,1,1,0,0,1.0,1,0,0,0,0
00-0039834,Kamren Kinchens,SAF,LAR,6,3,2,0,0,0.0,0,0,0,0,0
00-0039835,Justin Eboigbe,DT,LAC,6,5,1,0,0,0.0,0,0,0,0,0
00-0039841,Cooper DeJean,CB,PHI,6,0,2,0,0,0.0,0,0,0,0,0
00-0039846,Tykee Smith,DB,TB,6,5,1,0,0,0.0,0,0,1,0,0
00-0039850,Edgerrin Cooper,LB,GB,6,4,7,1,0,0.0,0,0,0,0,0
00-0039852,Jared Verse,DE,LAR,6,3,3,2,1,1.0,4,0,0,0,0
00-0039858,Cedric Gray,LB,TEN,6,3,9,0,0,0.0,0,0,2,0,0
00-0039859,Brandon Dorlus,DE,ATL,6,0,1,0,0,0.0,0,0,0,0,0
00-0039860,Kool-Aid McKinstry,CB,NO,6,4,0,0,0,0.0,0,0,0,0,0
00-0039861,Tyler Nubin,SAF,NYG,6,6,3,0,0,0.0,0,0,0,0,0
00-0039864,Dadrion Taylor-Demerson,SAF,ARI,6,0,4,0,0,0.0,0,0,0,0,0
00-0039867,Javon Bullard,SAF,GB,6,4,2,1,0,0.0,0,0,0,0,0
00-0039872,Cole Bishop,SAF,BUF,6,1,4,1,0,0.0,0,0,0,0,0
00-0039879,Javon Solomon,LB,BUF,6,1,0,1,0,1.0,1,0,0,0,0
00-0039888,Quinyon Mitchell,CB,PHI,6,0,1,0,0,0.0,0,0,0,0,0
00-0039889,Maason Smith,DT,JAX,6,0,1,0,0,0.0,0,0,0,0,0
00-0039898,Mike Sainristil,CB,WAS,6,0,3,0,0,0.0,0,0,1,0,0
00-0039900,Marshawn Kneeland,DE,DAL,6,2,1,0,0,0.0,0,0,0,0,0
00-0039902,Chris Braswell,LB,TB,6,2,3,0,0,0.0,0,0,0,0,0
00-0039906,Jer'Zhan Newton,DT,WAS,6,2,1,0,0,0.0,0,0,0,0,0
00-0039908,Kris Jenkins,DT,CIN,6,2,0,0,0,0.0,0,0,0,0,0
00-0039910,Jayden Daniels,QB,WAS,6,1,0,0,0,0.0,0,0,0,0,0
00-0039911,Chop Robinson,LB,MIA,6,1,0,0,0,0.0,0,0,0,0,0
00-0039925,Amarius Mims,OT,CIN,6,0,1,0,0,0.0,0,0,0,0,0
00-0040010,Barryn Sorrell,DE,GB,6,0,0,0,0,0.0,1,0,0,0,0
00-0040011,Shemar James,LB,DAL,6,6,5,0,0,0.0,0,0,0,0,0
00-0040013,Smael Mondon Jr.,LB,PHI,6,1,0,0,0,0.0,0,0,0,0,0
00-0040019,Jay Toia,DT,DAL,6,1,0,0,0,0.0,0,0,0,0,0
00-0040041,Nazir Stackhouse,DT,GB,6,0,1,0,0,0.0,0,0,0,0,0
00-0040045,Alijah Clark,DB,DAL,6,1,1,0,0,0.0,0,0,0,0,0
00-0040069,Teddye Buchanan,LB,BAL,6,2,6,1,0,0.5,1,0,0,0,0
00-0040072,Jeffrey Bassa,LB,KC,6,0,1,0,0,0.0,0,0,0,0,0
00-0040104,Keondre Jackson,SAF,BAL,6,1,0,0,0,0.0,0,0,0,0,0
00-0040118,Cooper McDonald,LB,KC,6,1,2,0,0,0.0,0,0,0,0,0
00-0040127,Kenneth Grant,DT,MIA,6,1,0,1,0,1.0,1,0,0,0,0
00-0040136,Princely Umanmielen,LB,CAR,6,2,2,0,0,0.0,0,0,0,0,0
00-0040137,Jordan Burch,LB,ARI,6,0,1,0,0,0.0,0,0,0,0,0
00-0040143,Jacob Parrish,CB,TB,6,5,2,0,0,0.0,0,0,1,0,0
00-0040144,Jamaree Caldwell,DT,LAC,6,0,1,0,0,0.0,0,0,0,0,0
00-0040148,Xavier Watts,SAF,ATL,6,3,2,0,0,0.0,0,0,0,0,0
00-0040152,Upton Stout,CB,SF,6,3,2,1,0,0.0,0,0,0,0,0
00-0040155,Danny Stutsman,LB,NO,6,2,1,0,0,0.0,0,0,0,0,0
00-0040157,Barrett Carter,LB,CIN,6,7,3,0,0,0.0,0,0,0,0,0
00-0040159,Lathan Ransom,SAF,CAR,6,2,0,0,0,0.0,0,0,0,0,0
00-0040160,Jack Sawyer,LB,PIT,6,1,0,0,0,0.0,2,0,0,0,0
00-0040161,Kyle Kennard,LB,LAC,6,1,0,0,0,0.0,0,0,0,0,0
00-0040165,Malachi Moore,SAF,NYJ,6,1,3,0,0,0.0,0,0,0,0,0
00-0040166,Quincy Riley,CB,NO,6,1,0,0,0,0.0,0,0,1,0,0
00-0040168,Que Robinson,LB,DEN,6,1,1,0,0,0.0,0,0,0,0,0
00-0040171,Joshua Farmer,DT,NE,6,1,1,0,0,0.0,0,0,0,0,0
00-0040175,Jordan Phillips,DT,MIA,6,0,2,0,0,0.0,0,0,0,0,0
00-0040180,Jalen Rivers,OT,CIN,6,0,1,0,0,0.0,0,0,0,0,0
00-0040182,Dante Trader Jr.,SAF,MIA,6,1,1,0,0,0.0,0,0,0,0,0
00-0040183,Elijah Roberts,DE,TB,6,0,1,0,0,0.5,1,0,0,0,0
00-0040185,Marques Sigle,SAF,SF,6,4,0,1,0,0.0,0,0,0,0,0
00-0040186,Francisco Mauigoa,LB,NYJ,6,2,6,0,0,0.0,0,0,0,0,0
00-0040192,Jordan Hancock,CB,BUF,6,1,0,0,0,0.0,0,0,0,0,0
00-0040213,Rayuan Lane III,SAF,JAX,6,1,1,0,0,0.0,0,0,0,0,0
00-0040221,R.J. Mickens,SAF,LAC,6,2,1,0,0,0.0,0,0,0,0,0
00-0040228,Cody Lindenberg,LB,LV,6,0,1,0,0,0.0,0,0,0,0,0
00-0040230,Kitan Crawford,SAF,ARI,6,1,0,0,0,0.0,0,0,0,0,0
00-0040231,Carson Bruener,LB,PIT,6,0,1,0,0,0.0,0,0,0,0,0
00-0040263,Donovan McMillon,SAF,CLE,6,1,0,0,0,0.0,0,0,0,0,0
00-0040289,Bam Martin-Scott,LB,CAR,6,1,0,0,0,0.0,0,0,0,0,0
00-0040329,BJ Green II,DE,JAX,6,1,0,0,0,0.0,0,0,0,0,0
00-0040342,Danny Striggow,DE,JAX,6,0,1,0,0,0.0,0,0,0,0,0
00-0040347,Johnathan Edwards,DB,IND,6,4,0,0,0,0.0,0,0,0,0,0
00-0040384,Elijah Simmons,DL,TB,6,0,1,0,0,0.0,0,0,0,0,0
00-0040449,Karene Reid,LB,DEN,6,1,1,0,0,0.0,0,0,0,0,0
00-0040460,Marlowe Wax,LB,LAC,6,0,1,0,0,0.0,0,0,0,0,0
00-0040503,Dorian Mausi,LB,TEN,6,1,0,0,0,0.0,0,0,0,0,0
00-0040527,Sebastian Castro,SAF,TB,6,1,0,0,0,0.0,0,0,0,0,0
00-0040574,Elijah Ponder,LB,NE,6,1,1,0,0,0.0,0,0,0,0,0
00-0040577,Jalon Walker,LB,ATL,6,2,2,0,0,0.0,0,0,0,0,0
00-0040578,James Pearce Jr.,DE,ATL,6,1,0,1,0,0.0,0,0,0,0,0
00-0040579,Carson Schwesinger,LB,CLE,6,3,5,1,0,0.0,1,0,0,0,0
00-0040580,Josaiah Stewart,LB,LAR,6,1,2,0,0,0.0,0,0,0,0,0
00-0040585,Ty Hamilton,DT,LAR,6,0,1,0,0,0.0,0,0,0,0,0
00-0040613,Shaun Dolac,LB,LAR,6,5,1,1,0,0.0,0,0,0,0,0
00-0040643,Jonas Sanker,SAF,NO,6,4,2,1,0,0.0,0,0,0,0,0
00-0040645,Cody Simon,LB,ARI,6,1,0,0,0,0.0,0,0,0,0,0
00-0040660,Mykel Williams,DE,SF,6,2,1,1,0,1.0,1,0,0,0,0
00-0040662,Ty Robinson,DT,PHI,6,0,1,0,0,0.0,0,0,1,0,0
00-0040670,Nohl Williams,CB,KC,6,1,1,0,0,0.0,0,0,0,0,0
00-0040672,Tyleik Williams,DT,DET,6,0,2,0,0,0.0,0,0,0,0,0
00-0040678,Derrick Harmon,DT,PIT,6,1,3,0,0,1.0,2,0,0,0,0
00-0040685,Mason Graham,DT,CLE,6,0,1,0,0,0.0,0,0,0,0,0
00-0040688,Malaki Starks,SAF,BAL,6,4,1,0,0,0.0,0,0,0,0,0
00-0040708,Jihaad Campbell,LB,PHI,6,4,3,0,0,0.0,0,0,0,0,0
00-0040710,Deone Walker,DT,BUF,6,3,1,4,0,0.0,0,0,1,0,0
00-0040711,CJ West,DT,SF,6,1,1,0,0,0.0,0,0,0,0,0
00-0040716,Craig Woodson,SAF,NE,6,3,3,0,0,0.0,0,0,0,0,0
00-0040718,Travis Hunter,CB,JAX,6,2,0,0,0,0.0,0,0,0,0,0
00-0040721,Alfred Collins,DT,SF,6,0,1,0,0,0.0,0,0,0,0,0
00-0040722,Mike Green,LB,BAL,6,0,2,1,0,0.0,0,0,0,0,0
00-0040725,Donovan Ezeiruaku,DE,DAL,6,1,0,1,1,0.0,2,0,0,0,0
00-0040731,Trey Amos,CB,WAS,6,3,4,0,0,0.0,0,0,1,0,0
00-0040733,Nick Emmanwori,SAF,SEA,6,6,3,1,0,0.0,0,0,0,0,0
00-0040738,Demetrius Knight Jr.,LB,CIN,6,4,3,0,0,0.0,1,0,0,0,0
00-0040741,Shemar Turner,DT,CHI,6,3,0,1,0,0.0,0,0,0,0,0
00-0040749,Andrew Mukuba,SAF,PHI,6,3,4,0,0,0.0,0,0,1,0,0
00-0040751,Will Johnson,CB,ARI,6,2,1,0,0,0.0,0,0,0,0,0
00-0040752,Oluwafemi Oladejo,DE,TEN,6,2,1,2,0,0.0,1,0,0,0,0
00-0026190,Calais Campbell,DE,ARI,7,1,2,1,0,0.0,0,0,1,0,0
00-0027940,Von Miller,OLB,WAS,7,0,2,0,0,0.5,1,0,0,0,0
00-0027962,Cameron Jordan,LB,NO,7,0,3,0,0,0.0,0,0,0,0,0
00-0027969,Cameron Heyward,DE,PIT,7,2,1,1,0,0.5,1,0,0,0,0
00-0028292,Nick Bellore,LB,WAS,7,1,2,0,0,0.0,0,0,0,0,0
00-0029255,Bobby Wagner,MLB,WAS,7,3,5,0,0,0.0,0,0,0,0,0
00-0029562,Lavonte David,OLB,TB,7,0,6,1,0,0.0,0,0,0,0,0
00-0029606,Harrison Smith,FS,MIN,7,4,0,1,0,0.0,0,0,1,0,0
00-0029607,Demario Davis,OLB,NO,7,6,4,0,0,0.0,1,0,0,0,0
00-0030062,Darius Slay,CB,PIT,7,3,1,0,0,0.0,0,0,0,0,0
00-0030294,Tony Jefferson,S,LAC,7,5,1,0,0,0.0,0,0,0,0,0
00-0030757,Mike Pennel,DT,CIN,7,0,1,0,0,0.0,0,0,0,0,0
00-0031040,Khalil Mack,OLB,LAC,7,2,0,1,0,1.0,1,0,0,0,0
00-0031254,Denico Autry,DT,HOU,7,2,0,1,0,1.0,1,0,0,0,0
00-0031270,Shelby Harris,DE,CLE,7,1,2,0,0,0.0,1,0,0,0,0
00-0031357,C.J. Goodwin,CB,DAL,7,0,1,0,0,0.0,0,0,0,0,0
00-0031364,Jadeveon Clowney,OLB,DAL,7,1,4,1,0,1.0,1,0,2,0,0
00-0031411,DeMarcus Lawrence,LB,SEA,7,2,0,2,0,1.0,1,0,0,0,0
00-0031492,Jason Myers,K,SEA,7,1,0,0,0,0.0,0,0,0,0,0
00-0031565,Danielle Hunter,DE,HOU,7,2,2,0,0,0.0,1,0,0,0,0
00-0031608,Quandre Diggs,S,TEN,7,3,4,0,0,0.0,0,0,0,0,0
00-0031740,Neville Hewitt,LB,NYG,7,1,0,0,0,0.0,0,0,0,0,0
00-0031898,Alex Singleton,LB,DEN,7,3,5,0,0,0.0,0,0,0,0,0
00-0031933,Leonard Williams,DE,SEA,7,0,2,1,0,0.0,2,0,0,0,0
00-0031935,Preston Smith,DE,WAS,7,1,1,0,0,0.0,0,0,0,0,0
00-0031957,Rakeem Nunez-Roches,DT,NYG,7,0,0,0,0,0.0,0,0,1,0,0
00-0032052,Dante Fowler Jr.,DE,DAL,7,1,0,1,0,0.0,1,0,0,0,0
00-0032103,Denzel Perryman,MLB,LAC,7,2,1,0,0,0.0,0,0,0,0,0
00-0032146,Bud Dupree,OLB,LAC,7,1,0,0,0,0.0,0,0,0,0,0
00-0032164,Arik Armstead,DE,JAX,7,2,2,0,0,0.0,1,0,0,0,0
00-0032228,Joe Cardona,LS,MIA,7,1,0,0,0,0.0,0,0,0,0,0
00-0032378,DeForest Buckner,DT,IND,7,4,1,2,0,2.0,4,0,0,0,0
00-0032387,Jarran Reed,DT,SEA,7,0,1,0,0,0.0,0,0,0,0,0
00-0032388,Deion Jones,LB,TB,7,0,1,0,0,0.0,0,0,0,0,0
00-0032424,DJ Reader,DT,DET,7,0,0,0,0,0.0,2,0,0,0,0
00-0032442,Elandon Roberts,OLB,LV,7,6,11,1,0,0.0,0,0,0,0,0
00-0032580,Jonathan Jones,DB,WAS,7,1,0,0,0,0.0,0,0,0,0,0
00-0032667,Roy Robertson-Harris,DE,NYG,7,0,3,0,0,0.0,2,0,1,0,0
00-0032759,Sheldon Rankins,DT,HOU,7,0,3,0,0,0.0,0,0,0,0,0
00-0032762,Chris Jones,DE,KC,7,1,1,1,0,1.0,1,0,0,0,0
00-0032763,Austin Johnson,NT,JAX,7,1,1,0,0,0.0,0,0,0,0,0
00-0032889,A'Shawn Robinson,DT,CAR,7,3,1,1,0,1.0,1,0,0,0,0
00-0032918,C.J. Ham,FB,MIN,7,1,1,0,0,0.0,0,0,0,0,0
00-0032951,Laquon Treadwell,WR,IND,7,2,1,0,0,0.0,0,0,0,0,0
00-0033010,Sheldon Day,DT,WAS,7,2,2,0,0,0.0,0,0,0,0,0
00-0033038,Eric Murray,S,JAX,7,3,2,0,0,0.0,0,0,0,0,0
00-0033046,Jihad Ward,LB,TEN,7,3,1,1,0,1.0,1,0,0,0,0
00-0033051,David Onyemata,DT,ATL,7,1,0,1,0,0.0,0,0,0,0,0
00-0033055,Jalen Ramsey,CB,PIT,7,3,3,0,0,0.0,0,0,1,0,0
00-0033063,Zach Wood,LS,NO,7,1,0,0,0,0.0,0,0,0,0,0
00-0033066,Andrew Billings,DT,CHI,7,1,1,0,0,0.0,0,0,0,0,0
00-0033072,Leonard Floyd,DE,ATL,7,0,1,1,0,0.0,1,0,0,0,0
00-0033073,Emmanuel Ogbah,DE,JAX,7,1,1,0,0,0.0,0,0,0,0,0
00-0033093,Jonathan Bullard,DE,NO,7,1,0,0,0,0.0,0,0,0,0,0
00-0033109,Javon Hargrave,NT,MIN,7,0,1,0,0,0.0,0,0,0,0,0
00-0033131,Maliek Collins,DT,CLE,7,1,0,0,0,0.0,0,0,0,0,0
00-0033132,Kevin Byard,FS,CHI,7,1,1,0,0,0.0,0,1,2,0,0
00-0033290,Jermaine Eluemunor,G,NYG,7,1,0,0,0,0.0,0,0,0,0,0
00-0033294,Chuck Clark,SAF,PIT,7,3,0,1,0,0.0,0,0,1,0,0
00-0033297,D.J. Jones,DT,DEN,7,2,2,0,0,0.0,0,0,0,0,0
00-0033336,Eric Wilson,LB,MIN,7,1,5,1,0,1.5,1,0,0,0,0
00-0033393,Kenny Moore II,CB,IND,7,4,4,0,0,0.0,0,0,1,0,0
00-0033503,Arthur Maulet,CB,DET,7,5,0,0,0,0.0,0,1,1,0,0
00-0033523,Jonathan Allen,DE,MIN,7,3,1,0,0,0.5,1,0,0,0,0
00-0033546,Dalvin Tomlinson,DE,ARI,7,0,1,0,0,0.0,1,0,0,0,0
00-0033547,Zach Cunningham,ILB,DET,7,1,0,0,0,0.0,0,0,0,0,0
00-0033579,Xavier Woods,FS,TEN,7,1,3,0,0,1.0,0,0,0,0,0
00-0033595,Pat O'Connor,DE,DET,7,1,0,0,0,0.0,0,0,0,0,0
00-0033854,Dare Ogunbowale,RB,HOU,7,0,1,0,0,0.0,0,0,0,0,0
00-0033860,Davon Godchaux,DT,NO,7,0,2,0,0,0.0,0,0,0,0,0
00-0033868,Myles Garrett,DE,CLE,7,2,0,2,0,1.0,2,0,0,0,0
00-0033870,Solomon Thomas,DE,DAL,7,1,0,0,0,0.0,0,0,0,0,0
00-0033872,Jamal Adams,LB,LV,7,2,1,1,0,1.0,1,0,0,0,0
00-0033874,Marshon Lattimore,CB,WAS,7,3,1,0,0,0.0,0,0,1,0,0
00-0033875,Haason Reddick,OLB,TB,7,0,0,0,0,0.0,1,0,0,0,0
00-0033878,Adoree' Jackson,CB,PHI,7,2,1,0,0,0.0,0,0,0,0,0
00-0033883,Jabrill Peppers,FS,PIT,7,1,0,0,0,0.0,0,0,0,0,0
00-0033886,T.J. Watt,OLB,PIT,7,0,1,0,0,0.5,1,0,0,0,0
00-0033890,Budda Baker,S,ARI,7,4,4,0,0,0.0,0,0,0,0,0
00-0033906,Alvin Kamara,RB,NO,7,1,0,0,0,0.0,0,0,0,0,0
00-0033907,Dawuane Smoot,DE,JAX,7,1,0,0,0,0.0,0,0,0,0,0
00-0033914,Alex Anzalone,MLB,DET,7,3,1,0,0,0.0,0,0,0,0,0
00-0033928,Jourdan Lewis,CB,JAX,7,4,2,0,0,0.0,0,0,1,0,0
00-0033941,Rayshawn Jenkins,SAF,CLE,7,2,1,0,0,0.0,0,1,1,0,0
00-0033943,Josh Reynolds,WR,NYJ,7,1,0,0,0,0.0,0,0,0,0,0
00-0033945,Samson Ebukam,DE,IND,7,0,0,0,0,0.0,1,0,0,0,0
00-0033952,Grover Stewart,DT,IND,7,0,1,0,0,0.0,0,1,1,0,0
00-0033964,Al-Quadin Muhammad,LB,DET,7,0,1,0,0,0.5,1,0,0,0,0
00-0034145,Chris Lammons,DB,IND,7,3,0,0,0,0.0,0,0,0,0,0
00-0034163,Jacob Martin,DE,WAS,7,0,4,0,0,0.5,3,0,0,0,0
00-0034203,Darious Williams,CB,LAR,7,1,1,0,0,0.0,0,0,4,0,0
00-0034277,DeShon Elliott,SAF,PIT,7,6,3,0,0,0.0,1,0,0,0,0
00-0034285,Zach Sieler,DE,MIA,7,2,0,1,0,0.0,0,0,0,0,0
00-0034302,Frankie Luvu,LB,WAS,7,1,3,2,0,0.0,0,0,0,0,0
00-0034333,Daron Payne,NT,WAS,7,0,4,1,0,0.0,1,0,3,0,0
00-0034350,Uchenna Nwosu,LB,SEA,7,2,0,1,0,1.0,1,0,0,0,0
00-0034355,M.J. Stewart,SAF,HOU,7,4,2,0,1,0.0,0,0,0,0,0
00-0034356,Donte Jackson,CB,LAC,7,2,1,0,0,0.0,0,0,1,0,0
00-0034357,Isaiah Oliver,FS,NYJ,7,1,0,0,0,0.0,0,0,0,0,0
00-0034359,Tyquan Lewis,DE,IND,7,0,1,0,0,0.0,0,0,0,0,0
00-0034361,Justin Reid,S,NO,7,4,2,0,0,0.0,0,0,1,0,0
00-0034381,Josh Sweat,LB,ARI,7,0,1,1,0,0.0,0,0,0,0,0
00-0034387,Bilal Nichols,DT,ARI,7,0,1,0,0,0.0,0,0,0,0,0
00-0034391,Siran Neal,DB,SF,7,0,2,0,0,0.0,0,0,0,0,0
00-0034397,Tim Settle,DT,HOU,7,0,1,0,0,0.0,0,0,0,0,0
00-0034413,Foye Oluokun,LB,JAX,7,1,1,0,0,0.0,0,0,1,0,0
00-0034431,Zaire Franklin,OLB,IND,7,2,3,0,0,0.0,2,0,1,0,0
00-0034465,Jeremy Reaves,DB,WAS,7,2,2,0,0,0.0,0,0,0,0,0
00-0034473,Dennis Gardeck,LB,JAX,7,1,0,0,0,0.0,0,0,0,0,0
00-0034485,Jonathan Owens,SAF,CHI,7,1,0,0,0,0.0,0,0,0,0,0
00-0034488,Tavierre Thomas,SAF,MIN,7,1,0,0,0,0.0,0,0,0,0,0
00-0034673,Tremaine Edmunds,MLB,CHI,7,6,3,1,0,1.0,1,1,1,0,0
00-0034675,Jessie Bates,FS,ATL,7,4,6,0,0,0.0,0,0,0,0,0
00-0034720,Robert Spillane,LB,NE,7,1,1,0,0,0.0,0,0,0,0,0
00-0034754,Oren Burks,ILB,CIN,7,2,3,0,0,0.0,0,0,0,0,0
00-0034760,Nathan Shepherd,DE,NO,7,1,1,0,0,0.0,0,0,0,0,0
00-0034773,Vita Vea,DT,TB,7,0,2,1,0,0.0,2,0,0,0,0
00-0034778,Carlton Davis III,CB,NE,7,2,2,0,0,0.0,0,0,0,0,0
00-0034782,Harrison Phillips,DT,NYJ,7,1,2,0,0,0.0,0,0,0,0,0
00-0034789,Minkah Fitzpatrick,FS,MIA,7,3,1,0,0,0.0,0,0,0,0,0
00-0034790,Derwin James,FS,LAC,7,3,4,0,0,0.0,2,0,0,0,0
00-0034791,Nick Chubb,RB,HOU,7,1,0,0,0,0.0,0,0,0,0,0
00-0034797,Jerome Baker,OLB,CLE,7,1,3,1,1,1.0,0,0,0,0,0
00-0034800,B.J. Hill,DE,CIN,7,2,1,0,0,0.0,1,0,0,0,0
00-0034801,Josh Woods,LB,ATL,7,2,0,0,0,0.0,0,0,0,0,0
00-0034805,John Franklin-Myers,DE,DEN,7,2,1,1,0,0.0,0,0,0,0,0
00-0034810,Sebastian Joseph-Day,DT,TEN,7,3,1,1,0,0.0,0,0,0,0,0
00-0034818,Derrick Nnadi,NT,KC,7,0,1,0,0,0.0,0,0,0,0,0
00-0034828,Harold Landry III,LB,NE,7,2,1,1,0,1.0,1,0,0,0,0
00-0034832,Bradley Chubb,OLB,MIA,7,3,2,1,0,0.0,1,0,0,0,0
00-0034843,Mike Hughes,CB,ATL,7,3,2,0,0,0.0,0,0,1,0,0
00-0034854,KhaDarel Hodge,WR,ATL,7,1,0,0,0,0.0,0,0,0,0,0
00-0034856,Denzel Ward,CB,CLE,7,3,0,0,0,0.0,0,0,0,0,0
00-0034867,Malik Turner,WR,SF,7,3,0,0,0,0.0,0,0,0,0,0
00-0034959,Andrew Beck,FB,NYJ,7,1,0,0,0,0.0,0,0,0,0,0
00-0034967,Rashan Gary,LB,GB,7,2,0,1,1,1.0,2,0,0,0,0
00-0034968,Darnell Savage,DB,WAS,7,1,2,0,0,0.0,0,0,1,0,0
00-0034973,Maxx Crosby,DE,LV,7,1,2,0,0,0.0,0,0,0,0,0
00-0034982,Dre Greenlaw,LB,DEN,7,1,5,0,0,0.0,1,0,0,0,0
00-0034987,E.J. Speed,LB,HOU,7,5,1,0,0,0.0,0,0,0,0,0
00-0035133,Keisean Nixon,DB,GB,7,2,0,0,0,0.0,0,0,1,0,0
00-0035144,Mack Wilson,LB,ARI,7,3,0,0,0,0.0,0,0,0,0,0
00-0035166,Azeez Al-Shaair,LB,HOU,7,2,4,0,0,0.0,0,0,1,0,0
00-0035202,Del'Shawn Phillips,LB,LAC,7,0,1,0,0,0.0,0,0,0,0,0
00-0035236,Byron Murphy,CB,MIN,7,3,1,0,0,0.0,0,0,0,0,0
00-0035240,Jahlani Tavai,LB,NE,7,3,1,0,0,0.0,0,0,0,0,0
00-0035248,Zach Allen,DE,DEN,7,1,3,0,0,0.5,2,0,2,0,0
00-0035254,Anthony Nelson,LB,TB,7,3,2,0,0,1.0,1,0,0,0,0
00-0035262,Drue Tranquill,LB,KC,7,1,0,0,0,0.0,0,0,0,0,0
00-0035276,Blake Cashman,LB,MIN,7,2,2,0,0,0.0,1,0,0,0,0
00-0035277,Mike Jackson,CB,CAR,7,3,1,0,0,0.0,0,0,3,0,0
00-0035279,Charles Omenihu,DE,KC,7,0,1,0,0,0.0,0,0,0,0,0
00-0035286,Cole Holcomb,LB,PIT,7,4,3,0,0,0.0,0,0,0,0,0
00-0035301,Donovan Wilson,SAF,DAL,7,1,0,0,0,0.0,0,0,0,0,0
00-0035316,Kaden Elliss,LB,ATL,7,4,5,0,0,0.0,1,1,1,0,0
00-0035352,Tyrel Dodson,LB,MIA,7,5,3,1,0,1.0,1,0,0,0,0
00-0035378,Andrew Wingard,SAF,JAX,7,2,2,0,0,0.0,0,0,1,0,0
00-0035386,T.J. Edwards,LB,CHI,7,6,1,1,0,0.0,0,0,2,0,0
00-0035402,Carl Granderson,DE,NO,7,2,1,0,0,0.0,0,0,0,0,0
00-0035409,Shy Tuttle,DT,TEN,7,0,1,0,0,0.0,0,0,0,0,0
00-0035525,Devin Bush,LB,CLE,7,3,3,0,0,0.0,0,0,0,0,0
00-0035594,Travis Homer,RB,CHI,7,0,1,0,0,0.0,0,0,0,0,0
00-0035617,Troy Reeder,LB,LAR,7,3,0,0,0,0.0,0,0,0,0,0
00-0035625,Juan Thornhill,SAF,PIT,7,3,1,0,0,0.0,0,0,0,0,0
00-0035631,Drew Sample,TE,CIN,7,0,1,0,0,0.0,0,0,0,0,0
00-0035632,Amani Hooker,SAF,TEN,7,3,3,0,0,0.0,0,0,0,0,0
00-0035637,Rock Ya-Sin,CB,DET,7,2,2,0,0,0.0,0,0,2,0,0
00-0035640,DK Metcalf,WR,PIT,7,2,0,0,0,0.0,0,0,0,0,0
00-0035642,Josh Hines-Allen,DE,JAX,7,1,0,0,0,0.0,3,0,0,0,0
00-0035643,Jeffery Simmons,DT,TEN,7,1,1,0,0,0.0,0,0,0,0,0
00-0035647,Montez Sweat,DE,CHI,7,3,0,2,1,1.0,2,0,0,0,0
00-0035667,Greg Gaines,DT,TB,7,0,1,0,0,0.0,0,0,0,0,0
00-0035669,Nick Scott,SAF,CAR,7,2,5,0,0,0.0,0,0,0,0,0
00-0035672,Cody Barton,LB,TEN,7,1,3,0,0,0.0,0,0,0,0,0
00-0035674,Jerry Tillery,DT,KC,7,1,0,0,0,0.0,0,0,0,0,0
00-0035678,Dre'Mont Jones,DE,TEN,7,1,2,1,0,1.0,1,0,0,0,0
00-0035683,Dexter Lawrence,DT,NYG,7,0,1,0,0,0.0,1,0,1,0,0
00-0035687,Bobby Okereke,ILB,NYG,7,4,2,0,0,0.0,0,0,0,0,0
00-0035697,Germaine Pratt,LB,IND,7,2,2,0,0,0.0,0,0,0,0,0
00-0035699,Jamel Dean,CB,TB,7,1,1,0,0,0.0,0,1,1,0,0
00-0035705,Jalen Thompson,DB,ARI,7,3,1,1,0,0.0,0,0,1,0,0
00-0035707,Devin White,LB,LV,7,6,10,1,0,0.0,1,0,0,0,0
00-0035713,Brian Burns,LB,NYG,7,4,0,3,0,2.0,2,0,1,0,0
00-0035718,Quinnen Williams,DT,NYJ,7,4,4,1,0,0.0,0,0,0,0,0
00-0035763,Malcolm Roach,DT,DEN,7,2,3,0,0,0.5,1,0,0,0,0
00-0035841,Benito Jones,DT,MIA,7,0,1,0,0,0.0,0,0,0,0,0
00-0035857,Chris Williams,DT,CHI,7,1,0,0,0,0.0,0,0,0,0,0
00-0035890,Tershawn Wharton,DE,CAR,7,0,1,0,0,0.0,0,0,0,0,0
00-0035942,Christian Rozeboom,LB,CAR,7,2,5,0,0,0.0,0,0,0,0,0
00-0036151,Bryce Huff,DE,SF,7,2,3,1,1,1.0,2,0,0,0,0
00-0036159,Joshua Uche,LB,PHI,7,1,1,2,0,1.0,1,0,0,0,0
00-0036176,Mason Kinsey,WR,TEN,7,0,1,0,0,0.0,0,0,0,0,0
00-0036181,Teair Tart,DT,LAC,7,1,2,1,0,0.0,0,0,0,0,0
00-0036182,Nick Westbrook-Ikhine,WR,MIA,7,1,0,0,0,0.0,0,0,0,0,0
00-0036199,Geno Stone,SAF,CIN,7,3,2,0,0,0.0,0,0,1,0,0
00-0036220,Derrick Brown,DT,CAR,7,4,3,0,0,2.0,3,0,3,0,0
00-0036221,Brandon Jones,SAF,DEN,7,3,3,0,0,0.0,0,0,1,0,0
00-0036222,Isaiah Rodgers,CB,MIN,7,1,1,0,0,0.0,0,0,0,0,0
00-0036224,Jonathan Greenard,LB,MIN,7,2,0,2,0,0.0,0,0,0,0,0
00-0036231,Kyle Dugger,SAF,NE,7,1,1,0,0,0.0,0,0,0,0,0
00-0036232,Harrison Bryant,TE,HOU,7,1,0,0,0,0.0,0,0,0,0,0
00-0036237,Larrell Murchison,DT,LAR,7,1,0,1,0,1.0,1,0,0,0,0
00-0036260,Javon Kinlaw,DT,WAS,7,0,1,0,0,0.0,0,0,0,0,0
00-0036262,DaVon Hamilton,DT,JAX,7,3,0,1,0,0.0,0,0,0,0,0
00-0036266,Jordan Elliott,DT,SF,7,0,2,0,0,0.0,0,0,0,0,0
00-0036274,Jeff Okudah,CB,MIN,7,2,1,0,0,0.0,0,0,0,0,0
00-0036282,Grant Delpit,SAF,CLE,7,3,1,1,1,1.0,2,0,0,0,0
00-0036285,A.J. Terrell,CB,ATL,7,1,1,0,0,0.0,0,0,0,0,0
00-0036286,K'Lavon Chaisson,LB,NE,7,2,1,2,0,2.0,2,0,0,0,0
00-0036293,Jeremy Chinn,SAF,LV,7,8,2,0,1,0.0,0,0,0,0,0
00-0036294,Logan Wilson,LB,CIN,7,1,3,0,0,0.0,0,0,1,0,0
00-0036298,Akeem Davis-Gaither,LB,ARI,7,4,4,0,1,0.0,0,0,1,0,0
00-0036300,Mykal Walker,LB,NYJ,7,1,1,0,0,0.0,0,0,0,0,0
00-0036321,Chase Young,DE,NO,7,2,1,0,0,0.5,3,0,2,0,0
00-0036323,Patrick Queen,LB,PIT,7,1,3,0,0,0.0,0,0,0,0,0
00-0036329,Ashtyn Davis,SAF,MIA,7,6,1,1,0,0.0,0,0,0,0,0
00-0036333,Alex Highsmith,LB,PIT,7,1,2,0,0,0.0,0,0,0,0,0
00-0036335,D.J. Wonnum,LB,CAR,7,2,0,0,0,0.0,0,0,0,0,0
00-0036337,James Lynch,DT,TEN,7,2,1,1,0,0.0,0,0,0,0,0
00-0036348,Josh Metellus,SAF,MIN,7,3,5,1,0,0.5,0,0,0,0,0
00-0036349,Kam Curl,SAF,LAR,7,8,2,0,0,0.0,0,0,1,0,0
00-0036355,Justin Herbert,QB,LAC,7,0,1,0,0,0.0,0,0,0,0,0
00-0036366,Neville Gallimore,DT,IND,7,1,3,1,0,0.0,0,0,1,0,0
00-0036371,Leki Fotu,DT,LV,7,0,2,1,0,0.0,0,0,0,0,0
00-0036374,L'Jarius Sneed,SAF,TEN,7,2,0,0,0,0.0,0,0,0,0,0
00-0036375,Amik Robertson,CB,DET,7,3,0,0,1,0.0,0,0,1,0,0
00-0036378,Michael Danna,LB,KC,7,0,1,0,0,0.0,1,0,0,0,0
00-0036388,Xavier McKinney,SAF,GB,7,2,6,0,0,0.0,0,0,1,0,0
00-0036394,Darnay Holmes,CB,LV,7,1,0,0,0,0.0,0,0,0,0,0
00-0036409,Jordyn Brooks,LB,MIA,7,5,4,1,0,0.0,0,0,0,0,0
00-0036411,Antoine Winfield Jr.,SAF,TB,7,6,2,0,0,0.0,0,0,0,0,0
00-0036418,Zack Baun,LB,PHI,7,6,4,0,0,0.0,0,0,0,0,0
00-0036421,Terrell Burgess,SAF,NO,7,0,1,0,0,0.0,0,0,0,0,0
00-0036428,Justin Strnad,LB,DEN,7,2,3,0,0,0.0,1,1,1,0,0
00-0036441,"Kenneth Murray, Jr.",LB,DAL,7,6,3,2,0,1.0,0,0,0,0,0
00-0036443,Rex Sunahara,LS,CLE,7,0,1,0,0,0.0,0,0,0,0,0
00-0036479,Kwity Paye,DE,IND,7,0,0,0,0,0.0,2,0,0,0,0
00-0036480,Dayo Odeyingbo,DE,CHI,7,0,1,0,0,0.0,0,0,0,0,0
00-0036500,Jamien Sherwood,LB,NYJ,7,6,3,2,0,1.0,2,0,1,0,0
00-0036502,Jason Pinnock,SAF,SF,7,2,1,0,0,0.0,0,0,0,0,0
00-0036504,Brandin Echols,CB,PIT,7,2,1,0,0,0.0,0,0,1,0,0
00-0036563,Deommodore Lenoir,CB,SF,7,2,1,0,0,0.0,0,0,1,0,0
00-0036564,Talanoa Hufanga,SAF,DEN,7,4,1,0,0,0.0,0,0,2,0,0
00-0036568,Roy Lopez,DT,DET,7,0,3,0,0,0.0,0,0,0,0,0
00-0036621,Nick Bolton,LB,KC,7,1,1,0,0,0.0,0,0,0,0,0
00-0036624,Alim McNeill,DT,DET,7,0,1,0,0,0.0,0,0,1,0,0
00-0036625,Benjamin St-Juste,CB,LAC,7,2,1,0,0,0.0,0,0,2,0,0
00-0036629,Camryn Bynum,SAF,IND,7,3,5,0,0,0.0,0,0,0,0,0
00-0036642,Tedarrell Slaton,DT,CIN,7,0,2,0,0,0.0,0,0,0,0,0
00-0036646,Simi Fehoko,WR,ARI,7,1,0,0,0,0.0,0,0,0,0,0
00-0036648,Nick Niemann,LB,GB,7,1,1,0,0,0.0,0,0,0,0,0
00-0036658,Isaiah McDuffie,LB,GB,7,3,4,0,0,0.0,0,0,0,0,0
00-0036672,Grant Stuard,LB,DET,7,0,2,0,0,0.0,0,0,0,0,0
00-0036683,Devon Key,SAF,DEN,7,2,1,0,0,0.0,0,0,0,0,0
00-0036695,Naquan Jones,DT,LAC,7,1,1,0,0,0.0,0,0,0,0,0
00-0036711,Charles Snowden,LB,LV,7,0,1,1,0,0.0,0,0,0,0,0
00-0036727,Adam Prentice,FB,DEN,7,0,1,0,0,0.0,0,0,0,0,0
00-0036728,Curtis Robinson,LB,SF,7,1,0,0,0,0.0,0,0,0,0,0
00-0036802,Jon Rhattigan,LB,LV,7,1,0,0,0,0.0,0,0,0,0,0
00-0036813,Christian Elliss,LB,NE,7,2,1,0,0,0.0,1,0,0,0,0
00-0036850,Cameron Sample,DE,CIN,7,1,0,1,0,0.0,0,0,0,0,0
00-0036862,Ben Skowronek,WR,PIT,7,1,0,0,0,0.0,0,0,0,0,0
00-0036867,Chris Rumph II,LB,NO,7,2,0,0,0,0.0,0,0,0,0,0
00-0036870,Buddy Johnson,LB,IND,7,1,0,0,0,0.0,0,0,0,0,0
00-0036871,Nate Hobbs,CB,GB,7,3,3,0,0,0.0,0,0,0,0,0
00-0036874,Pat Surtain II,CB,DEN,7,0,0,0,0,0.0,0,0,1,0,0
00-0036883,Tommy Togiai,DT,HOU,7,2,0,2,0,0.0,1,0,1,0,0
00-0036884,Marco Wilson,CB,CIN,7,1,0,0,0,0.0,0,0,0,0,0
00-0036887,Luke Farrell,TE,SF,7,0,1,0,0,0.0,0,0,0,0,0
00-0036896,Victor Dimukeje,LB,NYG,7,0,2,0,0,0.0,0,0,1,0,0
00-0036901,Eric Stokes,CB,LV,7,2,0,0,0,0.0,0,0,0,0,0
00-0036902,Joseph Ossai,DE,CIN,7,1,1,1,0,0.0,0,0,0,0,0
00-0036903,Bobby Brown III,DT,CAR,7,2,0,0,0,0.0,0,0,0,0,0
00-0036909,Khyiris Tonga,DT,NE,7,1,1,0,0,0.0,0,0,0,0,0
00-0036916,Milton Williams,DT,NE,7,3,2,1,0,1.0,1,0,0,0,0
00-0036922,Patrick Johnson,LB,PHI,7,2,1,0,0,0.0,1,0,0,0,0
00-0036927,Pete Werner,LB,NO,7,0,2,0,0,0.0,0,0,0,0,0
00-0036932,Micah Parsons,LB,GB,7,3,1,4,0,3.0,5,0,0,0,0
00-0036933,Zaven Collins,LB,ARI,7,1,0,1,0,1.0,1,0,0,0,0
00-0036934,Jaelan Phillips,LB,MIA,7,1,1,1,0,1.0,1,0,0,0,0
00-0036937,Paulson Adebo,CB,NYG,7,4,0,0,0,0.0,0,0,0,0,0
00-0036940,Odafe Oweh,LB,LAC,7,1,2,0,0,0.0,0,0,0,0,0
00-0036941,Andre Cisco,SAF,NYJ,7,5,1,0,0,0.0,0,0,0,0,0
00-0036942,Osa Odighizuwa,DT,DAL,7,0,1,0,0,0.0,0,0,0,0,0
00-0036944,Jaycee Horn,CB,CAR,7,0,1,0,0,0.0,0,2,2,0,0
00-0036948,Ta'Quon Graham,DT,ATL,7,3,1,1,0,0.0,0,0,0,0,0
00-0036952,Jonathon Cooper,LB,DEN,7,1,2,1,0,1.5,2,0,0,0,0
00-0036956,Darren Hall,CB,ARI,7,0,1,0,0,0.0,0,0,0,0,0
00-0036962,Tre'von Moehrig,SAF,CAR,7,3,3,1,0,1.0,1,0,0,0,0
00-0036963,Amon-Ra St. Brown,WR,DET,7,1,0,0,0,0.0,0,0,0,0,0
00-0036964,Derrick Barnes,LB,DET,7,2,3,1,0,1.0,1,0,1,0,0
00-0036972,Mac Jones,QB,SF,7,1,0,0,0,0.0,0,0,0,0,0
00-0036974,Tyson Campbell,CB,CLE,7,1,1,0,0,0.0,0,1,2,1,0
00-0036986,Nahshon Wright,CB,CHI,7,2,0,0,0,0.0,0,1,2,0,0
00-0036987,Brandon Stephens,CB,NYJ,7,5,0,0,0,0.0,0,0,2,0,0
00-0036989,Malcolm Koonce,DE,LV,7,2,4,0,0,0.0,0,0,0,0,0
00-0036990,Divine Deablo,LB,ATL,7,1,0,0,0,0.0,0,0,0,0,0
00-0036993,Ifeatu Melifonwu,SAF,MIA,7,1,1,0,0,0.0,0,0,0,0,0
00-0036994,Ernest Jones,LB,SEA,7,4,7,1,0,0.0,0,1,1,0,0
00-0036995,Baron Browning,LB,ARI,7,1,0,0,0,0.0,0,0,0,0,0
00-0036996,Greg Newsome II,CB,JAX,7,2,0,0,0,0.0,0,0,0,0,0
00-0037003,Chazz Surratt,LB,SEA,7,2,0,0,0,0.0,0,0,0,0,0
00-0037034,Dee Alford,CB,ATL,7,1,0,0,0,0.0,0,0,0,0,0
00-0037073,Jordan Davis,DT,PHI,7,2,1,1,0,0.0,1,0,0,0,0
00-0037074,Quay Walker,LB,GB,7,5,4,1,0,1.5,3,0,0,0,0
00-0037079,Riq Woolen,CB,SEA,7,2,0,0,0,0.0,0,0,2,0,0
00-0037082,Dominique Robinson,DE,CHI,7,1,0,1,0,0.0,1,0,0,0,0
00-0037083,Kingsley Enagbare,LB,GB,7,2,3,1,0,0.5,1,0,0,0,0
00-0037085,Tyler Badie,RB,DEN,7,1,0,0,0,0.0,0,0,0,0,0
00-0037096,Elijah Hicks,SAF,CHI,7,0,1,0,0,0.0,0,0,0,0,0
00-0037129,Josh Blackwell,CB,CHI,7,0,2,0,0,0.0,0,0,0,0,0
00-0037130,Reed Blankenship,SAF,PHI,7,2,2,0,0,0.0,0,0,0,0,0
00-0037137,Josh Jobe,CB,SEA,7,4,1,0,0,0.0,1,0,2,0,0
00-0037190,Sauce Gardner,CB,NYJ,7,2,2,0,0,0.0,0,0,1,0,0
00-0037191,Trent McDuffie,CB,KC,7,4,2,0,0,0.0,0,0,0,0,0
00-0037192,George Karlaftis,DE,KC,7,1,0,0,0,0.0,0,0,0,0,0
00-0037195,Jaylen Watson,CB,KC,7,0,0,0,0,0.0,0,0,1,0,0
00-0037205,Brenden Schooler,SAF,NE,7,2,0,0,0,0.0,0,0,0,0,0
00-0037235,Travon Walker,DE,JAX,7,0,1,0,0,0.0,0,0,0,0,0
00-0037236,Aidan Hutchinson,DE,DET,7,1,1,0,0,0.0,1,0,1,0,0
00-0037237,Derek Stingley Jr.,CB,HOU,7,2,0,0,0,0.0,0,1,1,0,0
00-0037242,Kaiir Elam,CB,DAL,7,2,2,0,0,0.0,0,0,1,0,0
00-0037246,Jalen Pitre,SAF,HOU,7,4,5,0,0,0.0,0,0,0,0,0
00-0037249,Nik Bonitto,LB,DEN,7,1,1,0,0,0.0,1,0,0,0,0
00-0037251,Alex Wright,DE,CLE,7,4,1,2,0,0.0,0,0,0,0,0
00-0037253,Marcus Jones,CB,NE,7,2,1,1,0,0.0,0,1,1,0,0
00-0037262,Thomas Booker,DT,LV,7,2,4,0,0,0.0,0,0,0,0,0
00-0037268,Zyon McCollum,CB,TB,7,1,4,0,0,0.0,0,0,0,0,0
00-0037271,D'Marco Jackson,LB,CHI,7,1,0,0,0,0.0,0,0,1,0,0
00-0037275,DaRon Bland,CB,DAL,7,5,2,0,0,0.0,0,1,1,1,0
00-0037280,Matthew Butler,DT,MIA,7,1,0,0,0,0.0,0,0,0,0,0
00-0037292,Andrew Ogletree,TE,IND,7,1,0,0,0,0.0,0,0,0,0,0
00-0037298,Sam Roberts,DT,ATL,7,2,1,1,0,0.0,1,0,0,0,0
00-0037301,Theo Jackson,DB,MIN,7,2,3,0,0,0.0,0,0,0,0,0
00-0037302,Austin Deculus,OT,LAC,7,0,1,0,0,0.0,0,0,0,0,0
00-0037307,Ja'Sir Taylor,CB,LAC,7,1,0,0,0,0.0,0,0,0,0,0
00-0037310,James Houston,DE,DAL,7,1,1,0,0,0.0,1,0,0,0,0
00-0037313,Montaric Brown,CB,JAX,7,4,0,0,0,0.0,0,0,0,0,0
00-0037315,Cameron Goode,LB,MIA,7,1,0,0,0,0.0,0,0,0,0,0
00-0037321,Chase Lucas,CB,SF,7,0,0,0,0,0.0,1,0,1,0,0
00-0037323,Rodney Thomas,SAF,IND,7,1,1,0,0,0.0,0,0,0,0,0
00-0037384,Ja'Quan McMillian,CB,DEN,7,3,1,0,0,0.0,0,0,1,0,0
00-0037457,Jake Hansen,LB,HOU,7,2,0,0,0,0.0,0,0,0,0,0
00-0037461,Tristin McCollum,DB,LV,7,1,1,0,0,0.0,0,0,0,0,0
00-0037512,Isaiah Pola-Mao,SAF,LV,7,8,2,0,0,0.0,0,0,0,0,0
00-0037549,Darrell Baker Jr.,CB,TEN,7,2,1,0,0,0.0,0,0,0,0,0
00-0037561,Markquese Bell,SAF,DAL,7,4,2,0,0,0.0,0,0,1,0,0
00-0037563,Malik Davis,RB,DAL,7,2,1,0,0,0.0,0,0,0,0,0
00-0037587,Nate Landman,LB,LAR,7,3,6,1,0,1.5,1,0,0,0,0
00-0037593,Tre Avery,CB,CLE,7,1,1,0,0,0.0,0,0,0,0,0
00-0037594,Julius Chestnut,RB,TEN,7,0,1,0,0,0.0,0,0,0,0,0
00-0037596,Jack Gibbens,LB,NE,7,1,0,0,0,0.0,0,0,0,0,0
00-0037602,Sam Okuayinonu,DT,SF,7,1,2,1,0,1.0,1,0,0,0,0
00-0037611,Kayvon Thibodeaux,LB,NYG,7,0,1,0,0,0.0,0,0,0,0,0
00-0037615,Nakobe Dean,LB,PHI,7,3,3,1,0,0.0,0,0,0,0,0
00-0037616,Nick Cross,SAF,IND,7,6,0,0,0,0.0,0,1,1,0,0
00-0037617,Hassan Haskins,RB,LAC,7,0,1,0,0,0.0,0,0,0,0,0
00-0037663,Jermaine Johnson II,DE,NYJ,7,2,2,0,0,0.0,1,0,0,0,0
00-0037743,Daxton Hill,DB,CIN,7,2,1,0,0,0.0,0,0,0,0,0
00-0037752,Tycen Anderson,SAF,CIN,7,0,3,0,0,0.0,0,0,0,0,0
00-0037758,Cordale Flott,CB,NYG,7,1,2,1,0,0.0,0,0,2,0,0
00-0037799,Dondrea Tillman,LB,DEN,7,1,2,1,0,1.0,1,0,0,0,0
00-0037805,Jeremy Ruckert,TE,NYJ,7,0,1,0,0,0.0,0,0,0,0,0
00-0037808,DeAngelo Malone,LB,ATL,7,0,1,0,0,0.0,0,0,0,0,0
00-0037809,Chig Okonkwo,TE,TEN,7,1,0,0,0,0.0,0,0,0,0,0
00-0037815,Cameron Thomas,DE,CLE,7,0,1,0,0,0.0,0,0,0,0,0
00-0037819,Leo Chenal,LB,KC,7,0,3,0,0,0.0,0,0,0,0,0
00-0037832,Kalia Davis,DT,SF,7,1,0,0,0,0.0,0,0,0,0,0
00-0037839,Cobie Durant,CB,LAR,7,2,0,0,0,0.0,0,0,0,0,0
00-0037841,Quentin Lake,SAF,LAR,7,4,2,1,1,1.0,1,0,2,0,0
00-0037843,Daniel Hardy,DE,CHI,7,0,1,0,0,0.0,0,0,0,0,0
00-0038039,Jack Jones,CB,MIA,7,2,0,1,0,0.0,0,0,1,0,0
00-0038100,Percy Butler,SAF,WAS,7,1,0,0,0,0.0,0,0,0,0,0
00-0038106,Eyioma Uwazurike,DT,DEN,7,1,1,0,0,0.0,0,0,0,0,0
00-0038107,Micheal Clemons,DE,NYJ,7,0,0,0,0,0.0,1,0,0,0,0
00-0038111,Kyler Gordon,CB,CHI,7,4,0,1,0,1.0,1,0,0,0,0
00-0038116,Arnold Ebiketie,LB,ATL,7,2,2,0,0,0.0,0,0,0,0,0
00-0038119,Jalyn Armour-Davis,CB,TEN,7,1,3,0,0,0.0,0,0,0,0,0
00-0038121,Alontae Taylor,CB,NO,7,4,3,1,0,0.0,0,0,0,0,0
00-0038123,Dane Belton,SAF,NYG,7,6,4,0,0,0.0,0,0,0,0,0
00-0038125,Roger McCreary,CB,TEN,7,4,2,0,0,0.0,0,0,0,0,0
00-0038127,Logan Hall,DE,TB,7,2,1,0,0,0.0,1,0,0,0,0
00-0038129,Cade Otton,TE,TB,7,1,0,0,0,0.0,0,0,0,0,0
00-0038133,Boye Mafe,DE,SEA,7,0,0,0,0,0.0,0,0,1,0,0
00-0038135,Jaquan Brisker,SAF,CHI,7,4,2,1,0,1.0,2,0,0,0,0
00-0038136,Coby Bryant,CB,SEA,7,5,0,1,0,0.0,0,0,0,0,0
00-0038386,Jalen Carter,DT,PHI,7,2,0,0,0,0.0,2,0,0,0,0
00-0038387,Colby Wooden,DE,GB,7,3,3,1,0,0.0,0,0,0,0,0
00-0038398,Karl Brooks,DT,GB,7,0,1,0,0,0.0,1,0,0,0,0
00-0038399,Zaire Barnes,LB,NYG,7,1,1,0,0,0.0,0,0,0,0,0
00-0038412,Moro Ojomo,DT,PHI,7,1,1,1,0,1.0,1,0,0,0,0
00-0038414,Kendall Williamson,SAF,LAC,7,0,1,0,0,0.0,0,0,0,0,0
00-0038488,Brady Russell,RB,SEA,7,3,0,0,0,0.0,0,0,0,0,0
00-0038493,Claudin Cherelus,LB,CAR,7,1,0,0,0,0.0,0,0,0,0,0
00-0038541,Tyree Wilson,DE,LV,7,1,0,1,0,0.0,0,0,0,0,0
00-0038543,Jaxon Smith-Njigba,WR,SEA,7,2,0,0,0,0.0,0,0,0,0,0
00-0038545,Mazi Smith,DT,DAL,7,0,1,0,0,0.0,0,0,0,0,0
00-0038546,Myles Murphy,DE,CIN,7,1,1,0,0,0.0,0,0,0,0,0
00-0038549,DJ Turner II,CB,CIN,7,1,0,0,0,0.0,0,1,2,0,0
00-0038552,Riley Moss,CB,DEN,7,1,0,0,0,0.0,0,0,0,0,0
00-0038553,Daiyan Henley,LB,LAC,7,0,2,0,0,0.0,0,0,0,0,0
00-0038554,Ji'Ayir Brown,SAF,SF,7,5,0,0,0,0.0,0,0,0,0,0
00-0038560,Jordan Battle,SAF,CIN,7,3,2,0,0,0.0,0,1,1,0,0
00-0038564,Cameron Latu,TE,PHI,7,0,1,0,0,0.0,0,0,0,0,0
00-0038565,Mekhi Blackmon,DB,IND,7,5,1,0,0,0.0,0,0,1,0,0
00-0038570,Ventrell Miller,LB,JAX,7,4,3,0,0,0.0,0,0,0,0,0
00-0038574,Isaiah McGuire,DE,CLE,7,0,1,1,0,0.0,0,0,0,0,0
00-0038577,Nick Herbig,LB,PIT,7,1,1,0,0,0.0,1,0,0,0,0
00-0038580,Yasir Abdullah,LB,JAX,7,1,0,0,0,0.0,0,0,0,0,0
00-0038585,Cameron Mitchell,DB,IND,7,1,0,0,0,0.0,0,0,0,0,0
00-0038588,Jordan Howden,SAF,NO,7,0,1,0,0,0.0,0,0,0,0,0
00-0038591,Mike Morris,DE,SEA,7,1,0,0,0,0.0,0,0,0,0,0
00-0038594,Darrell Luter Jr.,CB,SF,7,4,1,0,0,0.0,0,0,0,0,0
00-0038596,Antonio Johnson,SAF,JAX,7,0,2,0,0,0.0,0,0,0,0,0
00-0038599,Henry To'oTo'o,LB,HOU,7,2,1,0,0,0.0,0,0,0,0,0
00-0038600,Owen Pappoe,LB,ARI,7,1,0,0,0,0.0,0,0,0,0,0
00-0038605,JL Skinner,SAF,DEN,7,1,0,0,0,0.0,0,0,0,0,0
00-0038620,Erick Hallett,SAF,DET,7,6,2,0,0,0.0,0,0,0,0,0
00-0038625,Dee Winters,LB,SF,7,3,0,1,0,0.0,0,0,0,0,0
00-0038642,D.J. Ivey,CB,CIN,7,0,0,0,0,0.0,0,0,1,0,0
00-0038653,Cory Durden,DT,NE,7,0,0,1,0,0.0,0,0,0,0,0
00-0038660,Trevor Nowaske,LB,DET,7,2,0,0,0,0.0,0,0,0,0,0
00-0038684,Ethan Bonner,CB,MIA,7,1,1,1,0,0.0,0,0,1,0,0
00-0038685,Chris Brooks,RB,GB,7,1,0,0,0,0.0,0,0,0,0,0
00-0038694,Brandon Pili,DT,SEA,7,0,1,0,0,0.0,0,0,0,0,0
00-0038715,Ronnie Hickman Jr.,SAF,CLE,7,1,1,0,0,0.0,0,1,1,0,0
00-0038738,Hunter Luepke,RB,DAL,7,0,1,0,0,0.0,0,0,0,0,0
00-0038742,Tyrus Wheat,DE,DET,7,1,2,1,1,1.5,1,0,0,0,0
00-0038765,Ty Okada,SAF,SEA,7,6,3,1,0,1.0,1,0,1,0,0
00-0038778,Jalen Redmond,DL,MIN,7,2,2,1,0,0.0,0,0,0,0,0
00-0038788,Art Green,CB,NYG,7,0,1,0,0,0.0,0,0,0,0,0
00-0038791,Thomas Incoom,LB,CAR,7,1,0,0,0,0.0,0,0,0,0,0
00-0038795,PJ Mustipher,DT,ARI,7,1,0,0,0,0.0,0,0,0,0,0
00-0038840,Brycen Tremayne,WR,CAR,7,1,1,0,0,0.0,0,0,0,0,0
00-0038841,Nick Whiteside,DB,DET,7,2,0,0,0,0.0,0,0,3,0,0
00-0038890,Shaka Heyward,LB,CIN,7,1,0,0,0,0.0,0,0,0,0,0
00-0038896,Jacob Saylors,RB,DET,7,1,0,0,0,0.0,0,0,0,0,0
00-0038922,Drake Thomas,LB,SEA,7,3,0,2,0,0.0,1,0,3,0,0
00-0038980,Zach Harrison,DE,ATL,7,3,1,2,0,1.0,1,0,0,0,0
00-0038982,Chamarri Conner,DB,KC,7,1,1,0,0,0.0,0,0,0,0,0
00-0038984,Kei'Trel Clark,CB,ARI,7,1,0,0,0,0.0,0,0,0,0,0
00-0038994,Jordan Addison,WR,MIN,7,1,0,0,0,0.0,0,0,0,0,0
00-0038995,Bryan Bresee,DT,NO,7,1,3,0,0,0.5,1,0,0,0,0
00-0039000,Deonte Banks,CB,NYG,7,2,1,0,0,0.0,0,0,0,0,0
00-0039009,Dylan Horton,DE,HOU,7,0,1,0,0,0.0,1,0,0,0,0
00-0039018,Jack Campbell,LB,DET,7,3,5,2,0,1.0,1,0,1,0,0
00-0039031,Adetomiwa Adebawore,DT,IND,7,1,1,0,0,0.0,0,0,0,0,0
00-0039040,De'Von Achane,RB,MIA,7,1,0,0,0,0.0,0,0,0,0,0
00-0039041,Elijah Higgins,TE,ARI,7,1,0,0,0,0.0,0,0,0,0,0
00-0039049,SirVocea Dennis,LB,TB,7,8,4,1,0,1.0,1,0,0,0,0
00-0039051,Josh Hayes,DB,TB,7,0,1,0,0,0.0,0,0,0,0,0
00-0039054,Marte Mapu,LB,NE,7,6,2,0,0,0.0,0,0,1,0,0
00-0039068,Yaya Diaby,LB,TB,7,2,3,2,1,1.0,1,0,0,0,0
00-0039070,Gervon Dexter Sr.,DT,CHI,7,0,1,0,0,0.0,0,0,0,0,0
00-0039071,Tyrique Stevenson,CB,CHI,7,2,1,0,0,0.0,0,0,1,0,0
00-0039108,Will Anderson Jr.,DE,HOU,7,3,2,1,1,1.0,1,0,0,0,0
00-0039110,Keeanu Benton,DT,PIT,7,3,0,1,0,1.0,1,0,0,0,0
00-0039111,Tuli Tuipulotu,LB,LAC,7,1,0,0,0,0.0,1,0,0,0,0
00-0039137,Byron Young,LB,LAR,7,1,1,0,0,1.5,2,0,0,0,0
00-0039138,Kobie Turner,DE,LAR,7,1,2,0,0,0.0,1,0,1,0,0
00-0039140,Kelee Ringo,CB,PHI,7,4,1,0,0,0.0,0,0,0,0,0
00-0039142,Will McDonald IV,DE,NYJ,7,0,3,0,0,0.0,0,0,0,0,0
00-0039147,Christian Gonzalez,CB,NE,7,5,0,0,0,0.0,0,0,0,0,0
00-0039148,Keion White,DE,NE,7,0,1,0,0,0.0,0,0,0,0,0
00-0039149,Quan Martin,SAF,WAS,7,3,4,0,0,0.0,0,0,0,0,0
00-0039151,Emmanuel Forbes,CB,LAR,7,4,0,0,0,0.0,0,0,0,0,0
00-0039167,Joey Porter Jr.,CB,PIT,7,5,0,0,0,0.0,0,0,2,0,0
00-0039178,Austin Ajiake,LB,IND,7,2,1,0,0,0.0,0,0,0,0,0
00-0039241,Beau Brade,SAF,NYG,7,1,0,0,0,0.0,0,0,0,0,0
00-0039284,Braiden McGregor,DE,NYJ,7,0,1,0,0,0.0,1,0,1,0,0
00-0039288,Jackson Sirmon,LB,NYJ,7,1,0,0,0,0.0,0,0,0,0,0
00-0039309,Byron Murphy II,DT,SEA,7,2,3,1,0,0.0,0,0,0,0,0
00-0039324,Christian Roland-Wallace,CB,KC,7,3,1,0,0,0.0,0,0,0,0,0
00-0039340,Laiatu Latu,DE,IND,7,1,2,1,0,1.0,4,0,0,0,0
00-0039343,Kamari Lassiter,CB,HOU,7,4,3,3,0,0.0,0,0,1,0,0
00-0039345,Renardo Green,CB,SF,7,1,1,0,0,0.0,0,0,0,0,0
00-0039347,Trevin Wallace,LB,CAR,7,2,2,0,0,0.0,1,0,1,0,0
00-0039352,Marist Liufau,LB,DAL,7,1,0,0,0,0.0,0,0,0,0,0
00-0039353,Jarrian Jones,CB,JAX,7,1,0,0,0,0.0,0,0,0,0,0
00-0039356,Ja'Tavion Sanders,TE,CAR,7,1,0,0,0,0.0,0,0,0,0,0
00-0039360,Malik Mustapha,SAF,SF,7,3,3,0,0,0.0,0,0,0,0,0
00-0039363,Isaac Guerendo,RB,SF,7,1,0,0,0,0.0,0,0,0,0,0
00-0039366,Tarheeb Still,CB,LAC,7,1,2,0,0,0.0,1,0,0,0,0
00-0039368,Jordan Magee,LB,WAS,7,3,1,0,0,0.0,0,0,0,0,0
00-0039369,Cam Hart,CB,LAC,7,3,0,0,0,0.0,0,0,1,0,0
00-0039370,JD Bertrand,LB,ATL,7,4,6,0,0,0.0,0,0,0,0,0
00-0039372,Jarvis Brownlee Jr.,DB,NYJ,7,4,2,0,0,0.0,0,0,0,0,0
00-0039375,Josh Newton,CB,CIN,7,1,0,0,0,0.0,0,0,0,0,0
00-0039376,Spencer Rattler,QB,NO,7,1,0,0,0,0.0,0,0,0,0,0
00-0039380,Chau Smith-Wade,CB,CAR,7,3,0,0,0,0.0,0,0,0,0,0
00-0039388,Jaylan Ford,LB,NO,7,2,1,0,0,0.0,0,0,0,0,0
00-0039395,Jamal Hill,LB,HOU,7,1,0,0,0,0.0,0,0,0,0,0
00-0039401,Khristian Boyd,DT,NO,7,0,2,0,0,0.0,0,0,0,0,0
00-0039410,Ryan Flournoy,WR,DAL,7,0,1,0,0,0.0,0,0,0,0,0
00-0039417,Myles Harden,CB,CLE,7,3,1,1,0,0.0,0,0,1,0,0
00-0039421,Levi Drake Rodriguez,DL,MIN,7,1,1,1,0,0.0,0,0,0,0,0
00-0039423,Jonah Laulu,DT,LV,7,1,2,0,0,0.0,1,0,2,0,0
00-0039431,Jowon Briggs,DE,NYJ,7,3,1,2,0,1.0,2,0,0,0,0
00-0039435,Tatum Bethune,LB,SF,7,4,6,1,0,0.0,0,0,0,0,0
00-0039436,Jaylen Harrell,DE,TEN,7,3,0,0,0,0.0,0,0,0,0,0
00-0039445,Hogan Hatten,LS,DET,7,0,1,0,0,0.0,0,0,0,0,0
00-0039448,Loren Strickland,SAF,DET,7,1,1,0,0,0.0,0,0,0,0,0
00-0039460,Carl Jones,LB,CHI,7,1,1,0,0,0.0,0,0,0,0,0
00-0039465,Reddy Steward,DB,DAL,7,0,1,0,0,0.0,0,0,0,0,0
00-0039530,Brevyn Spann-Ford,TE,DAL,7,1,1,0,0,0.0,0,0,0,0,0
00-0039632,PJ Jules,SAF,CIN,7,1,1,0,0,0.0,0,0,0,0,0
00-0039637,Maema Njongmeta,LB,CAR,7,0,1,0,0,0.0,0,0,0,0,0
00-0039660,Thomas Harper,SAF,DET,7,2,1,0,0,0.0,0,0,1,0,0
00-0039681,Tyler Owens,DB,WAS,7,1,0,0,0,0.0,0,0,0,0,0
00-0039686,Colson Yankoff,TE,WAS,7,1,0,0,0,0.0,0,0,0,0,0
00-0039733,Ruke Orhorhoro,DT,ATL,7,1,2,0,0,0.0,0,0,0,0,0
00-0039734,Braden Fiske,DT,LAR,7,1,0,0,0,0.0,0,0,1,0,0
00-0039740,Jalyx Hunt,LB,PHI,7,0,1,0,0,0.0,2,1,1,1,0
00-0039741,Payton Wilson,LB,PIT,7,3,3,0,0,0.0,0,0,0,0,0
00-0039772,Josh Wallace,CB,LAR,7,2,0,0,0,0.0,0,0,0,0,0
00-0039774,Omar Speights,LB,LAR,7,1,1,0,0,0.0,0,0,0,0,0
00-0039776,Jaylen McCollough,SAF,LAR,7,3,1,0,0,0.0,0,0,1,0,0
00-0039795,Nehemiah Pritchett,CB,SEA,7,1,0,0,0,0.0,0,0,0,0,0
00-0039807,Max Melton,CB,ARI,7,4,0,1,0,0.0,0,0,0,0,0
00-0039812,Ty'Ron Hopper,LB,GB,7,0,0,1,0,0.0,0,0,0,0,0
00-0039813,Evan Williams,SAF,GB,7,3,5,0,0,0.0,0,0,1,0,0
00-0039815,Tyrice Knight,LB,SEA,7,1,0,0,0,0.0,0,0,0,0,0
00-0039818,Kitan Oladapo,SAF,GB,7,0,1,0,0,0.0,0,0,0,0,0
00-0039821,Andru Phillips,DB,NYG,7,8,0,1,0,0.0,0,0,0,0,0
00-0039825,Jaden Hicks,SAF,KC,7,1,2,0,0,0.0,0,0,0,0,0
00-0039829,Darius Muasau,LB,NYG,7,3,3,0,0,0.0,0,0,0,0,0
00-0039834,Kamren Kinchens,SAF,LAR,7,4,1,0,0,0.0,0,0,0,0,0
00-0039838,Calen Bullock,SAF,HOU,7,3,1,0,0,0.0,0,1,1,0,0
00-0039841,Cooper DeJean,CB,PHI,7,7,1,1,0,0.0,0,0,1,0,0
00-0039846,Tykee Smith,DB,TB,7,7,5,2,0,1.0,1,0,0,0,0
00-0039850,Edgerrin Cooper,LB,GB,7,3,2,0,0,0.0,0,0,1,0,0
00-0039852,Jared Verse,DE,LAR,7,1,1,1,0,1.0,2,0,0,0,0
00-0039854,Darius Robinson,DL,ARI,7,1,1,0,0,0.0,0,0,0,0,0
00-0039858,Cedric Gray,LB,TEN,7,7,3,1,0,0.0,0,0,0,0,0
00-0039859,Brandon Dorlus,DE,ATL,7,0,1,1,0,0.0,0,0,0,0,0
00-0039860,Kool-Aid McKinstry,CB,NO,7,5,0,1,0,0.0,0,0,1,0,0
00-0039861,Tyler Nubin,SAF,NYG,7,3,1,0,0,0.0,0,0,0,0,0
00-0039864,Dadrion Taylor-Demerson,SAF,ARI,7,2,4,0,0,0.0,0,0,0,0,0
00-0039867,Javon Bullard,SAF,GB,7,3,5,0,0,0.0,0,0,0,0,0
00-0039886,T'Vondre Sweat,DT,TEN,7,2,4,1,0,1.0,1,0,0,0,0
00-0039888,Quinyon Mitchell,CB,PHI,7,4,0,0,0,0.0,0,0,0,0,0
00-0039889,Maason Smith,DT,JAX,7,2,1,0,0,0.0,0,0,0,0,0
00-0039898,Mike Sainristil,CB,WAS,7,2,1,0,0,0.0,0,0,2,0,0
00-0039902,Chris Braswell,LB,TB,7,1,2,0,0,0.0,0,0,0,0,0
00-0039906,Jer'Zhan Newton,DT,WAS,7,1,2,0,0,0.0,0,0,0,0,0
00-0039908,Kris Jenkins,DT,CIN,7,2,0,0,0,0.0,0,0,0,0,0
00-0039911,Chop Robinson,LB,MIA,7,1,0,0,0,0.0,0,0,0,0,0
00-0039924,Dallas Turner,LB,MIN,7,2,1,1,0,0.5,1,0,0,0,0
00-0040011,Shemar James,LB,DAL,7,4,5,1,1,1.0,2,0,0,0,0
00-0040016,Warren Brinson,DT,GB,7,1,3,0,0,0.0,0,0,0,0,0
00-0040041,Nazir Stackhouse,DT,GB,7,0,2,0,0,0.0,0,0,0,0,0
00-0040045,Alijah Clark,DB,DAL,7,2,0,0,0,0.0,0,0,0,0,0
00-0040118,Cooper McDonald,LB,KC,7,2,0,0,0,0.0,0,0,0,0,0
00-0040127,Kenneth Grant,DT,MIA,7,4,1,1,0,0.0,0,0,0,0,0
00-0040133,Azareye'h Thomas,CB,NYJ,7,1,2,0,0,0.0,0,0,1,0,0
00-0040135,Nick Martin,LB,SF,7,0,1,0,0,0.0,0,0,0,0,0
00-0040136,Princely Umanmielen,LB,CAR,7,0,1,0,0,0.5,2,0,0,0,0
00-0040141,Kevin Winston Jr.,SAF,TEN,7,1,0,0,0,0.0,1,0,0,0,0
00-0040143,Jacob Parrish,CB,TB,7,2,3,0,0,0.0,0,0,0,0,0
00-0040144,Jamaree Caldwell,DT,LAC,7,2,2,1,0,0.0,0,0,0,0,0
00-0040148,Xavier Watts,SAF,ATL,7,3,6,0,0,0.0,0,0,0,0,0
00-0040154,Tai Felton,WR,MIN,7,1,1,0,0,0.0,0,0,0,0,0
00-0040155,Danny Stutsman,LB,NO,7,1,5,0,0,0.0,0,0,0,0,0
00-0040157,Barrett Carter,LB,CIN,7,8,4,0,0,0.0,0,0,0,0,0
00-0040159,Lathan Ransom,SAF,CAR,7,1,0,0,0,0.0,0,0,0,0,0
00-0040160,Jack Sawyer,LB,PIT,7,0,0,0,0,0.0,1,0,1,0,0
00-0040165,Malachi Moore,SAF,NYJ,7,3,1,1,0,0.0,0,0,1,0,0
00-0040166,Quincy Riley,CB,NO,7,3,0,0,0,0.0,0,1,1,0,0
00-0040168,Que Robinson,LB,DEN,7,0,2,1,0,0.5,1,0,0,0,0
00-0040171,Joshua Farmer,DT,NE,7,0,1,0,0,0.0,0,0,0,0,0
00-0040175,Jordan Phillips,DT,MIA,7,1,0,0,0,0.0,0,0,0,0,0
00-0040183,Elijah Roberts,DE,TB,7,1,1,0,0,0.0,1,0,1,0,0
00-0040185,Marques Sigle,SAF,SF,7,1,1,0,0,0.0,0,0,0,0,0
00-0040186,Francisco Mauigoa,LB,NYJ,7,2,4,0,0,0.0,0,0,0,0,0
00-0040221,R.J. Mickens,SAF,LAC,7,4,1,0,0,0.0,0,0,0,0,0
00-0040225,Thomas Fidone II,TE,NYG,7,1,0,0,0,0.0,0,0,0,0,0
00-0040231,Carson Bruener,LB,PIT,7,0,1,0,0,0.0,0,0,0,0,0
00-0040251,Trikweze Bridges,DB,DAL,7,4,0,0,0,0.0,0,0,0,0,0
00-0040255,Adin Huntington,DE,CLE,7,0,1,0,0,0.0,0,0,0,0,0
00-0040258,Dom Jones,CB,CLE,7,1,0,0,0,0.0,0,0,0,0,0
00-0040261,Easton Mascarenas-Arnold,LB,CLE,7,1,1,0,0,0.0,0,0,0,0,0
00-0040263,Donovan McMillon,SAF,CLE,7,2,0,1,0,1.0,1,0,0,0,0
00-0040289,Bam Martin-Scott,LB,CAR,7,0,2,0,0,0.0,0,0,0,0,0
00-0040329,BJ Green II,DE,JAX,7,1,0,0,0,0.0,0,0,0,0,0
00-0040347,Johnathan Edwards,DB,IND,7,3,3,0,0,0.0,0,0,0,0,0
00-0040408,Ja'Markis Weston,LB,NYJ,7,0,1,0,0,0.0,0,0,0,0,0
00-0040432,Beaux Collins,WR,NYG,7,0,1,0,0,0.0,0,0,0,0,0
00-0040460,Marlowe Wax,LB,LAC,7,0,1,0,0,0.0,0,0,0,0,0
00-0040492,Tyler Batty,LB,MIN,7,1,0,0,0,0.0,0,0,0,0,0
00-0040501,Austin Keys,LB,MIN,7,1,0,0,0,0.0,0,0,0,0,0
00-0040574,Elijah Ponder,LB,NE,7,2,0,0,0,0.0,0,0,0,0,0
00-0040578,James Pearce Jr.,DE,ATL,7,1,0,0,0,0.0,0,0,0,0,0
00-0040579,Carson Schwesinger,LB,CLE,7,2,4,1,0,0.0,0,0,0,0,0
00-0040580,Josaiah Stewart,LB,LAR,7,2,0,1,0,1.0,2,0,0,0,0
00-0040585,Ty Hamilton,DT,LAR,7,0,0,0,0,0.0,1,0,0,0,0
00-0040624,Elijah Williams,DE,MIN,7,1,1,0,0,0.0,0,0,0,0,0
00-0040640,Ashton Gillotte,DE,KC,7,0,2,0,0,0.0,0,0,0,0,0
00-0040643,Jonas Sanker,SAF,NO,7,3,2,0,0,0.0,0,0,0,0,0
00-0040645,Cody Simon,LB,ARI,7,1,0,0,0,0.0,0,0,0,0,0
00-0040660,Mykel Williams,DE,SF,7,0,3,0,0,0.0,0,0,0,0,0
00-0040670,Nohl Williams,CB,KC,7,1,2,0,0,0.0,0,0,0,0,0
00-0040672,Tyleik Williams,DT,DET,7,0,0,0,0,0.0,1,0,0,0,0
00-0040677,Abdul Carter,LB,NYG,7,1,2,0,0,0.0,0,0,0,0,0
00-0040678,Derrick Harmon,DT,PIT,7,0,2,0,0,0.0,0,0,0,0,0
00-0040685,Mason Graham,DT,CLE,7,3,0,1,0,0.0,0,0,1,0,0
00-0040694,Darius Alexander,DT,NYG,7,0,1,0,0,0.0,0,0,1,0,0
00-0040708,Jihaad Campbell,LB,PHI,7,3,0,0,0,0.0,0,0,0,0,0
00-0040716,Craig Woodson,SAF,NE,7,0,1,0,0,0.0,0,0,0,0,0
00-0040718,Travis Hunter,CB,JAX,7,0,0,0,0,0.0,0,0,1,0,0
00-0040721,Alfred Collins,DT,SF,7,0,0,0,0,0.0,1,0,0,0,0
00-0040725,Donovan Ezeiruaku,DE,DAL,7,3,1,2,0,1.0,1,0,0,0,0
00-0040731,Trey Amos,CB,WAS,7,3,0,0,0,0.0,0,0,0,0,0
00-0040733,Nick Emmanwori,SAF,SEA,7,0,2,0,0,0.0,0,0,2,0,0
00-0040738,Demetrius Knight Jr.,LB,CIN,7,2,2,0,0,0.0,1,0,0,0,0
00-0040744,Jaylahn Tuimolaou,DE,IND,7,0,0,0,0,0.0,2,0,0,0,0
00-0040746,Nic Scourton,LB,CAR,7,1,1,1,0,1.5,3,0,0,0,0
00-0040749,Andrew Mukuba,SAF,PHI,7,1,2,0,0,0.0,0,1,1,0,0
00-0040751,Will Johnson,CB,ARI,7,1,2,0,0,0.0,0,0,0,0,0
00-0027962,Cameron Jordan,LB,NO,8,0,1,0,0,0.0,0,0,0,0,0
00-0027969,Cameron Heyward,DE,PIT,8,4,3,0,0,0.0,0,0,0,0,0
00-0027973,Andy Dalton,QB,CAR,8,0,1,0,0,0.0,0,0,0,0,0
00-0028292,Nick Bellore,LB,WAS,8,0,1,0,0,0.0,0,0,0,0,0
00-0028872,Johnny Hekker,P,TEN,8,1,0,0,0,0.0,0,0,0,0,0
00-0029255,Bobby Wagner,MLB,WAS,8,7,3,0,0,0.0,0,1,1,0,0
00-0029562,Lavonte David,OLB,TB,8,3,7,0,0,0.0,0,0,0,0,0
00-0029606,Harrison Smith,FS,MIN,8,8,1,0,0,0.0,0,0,0,0,0
00-0029607,Demario Davis,OLB,NO,8,4,6,0,1,0.0,0,0,0,0,0
00-0030061,Zach Ertz,TE,WAS,8,1,0,0,0,0.0,0,0,0,0,0
00-0030062,Darius Slay,CB,PIT,8,2,2,1,0,0.0,0,0,0,0,0
00-0030070,John Jenkins,DT,BAL,8,0,2,0,0,0.0,0,0,0,0,0
00-0030114,Jordan Poyer,FS,BUF,8,1,4,0,0,0.0,0,0,0,0,0
00-0030506,Travis Kelce,TE,KC,8,0,1,0,0,0.0,0,0,0,0,0
00-0031040,Khalil Mack,OLB,LAC,8,2,0,1,1,1.0,1,0,0,0,0
00-0031270,Shelby Harris,DE,CLE,8,1,0,2,0,0.0,0,0,0,0,0
00-0031279,Jake Matthews,OT,ATL,8,0,1,0,0,0.0,0,0,0,0,0
00-0031357,C.J. Goodwin,CB,DAL,8,0,1,0,0,0.0,0,0,0,0,0
00-0031360,Kyle Van Noy,MLB,BAL,8,1,1,1,0,0.0,1,0,0,0,0
00-0031364,Jadeveon Clowney,OLB,DAL,8,1,1,0,0,0.0,0,0,0,0,0
00-0031550,Shaq Thompson,OLB,BUF,8,3,1,0,0,0.0,0,0,0,0,0
00-0031551,Eddie Goldman,NT,WAS,8,0,1,0,0,0.0,0,0,0,0,0
00-0031557,Jordan Phillips,DT,BUF,8,1,0,1,0,1.0,1,0,0,0,0
00-0031565,Danielle Hunter,DE,HOU,8,1,0,0,0,0.0,0,0,0,0,0
00-0031583,Grady Jarrett,DT,CHI,8,1,3,0,0,0.0,0,0,0,0,0
00-0031588,Stefon Diggs,WR,NE,8,1,0,0,0,0.0,0,0,0,0,0
00-0031608,Quandre Diggs,S,TEN,8,3,0,0,0,0.0,0,0,0,0,0
00-0031740,Neville Hewitt,LB,NYG,8,1,1,0,0,0.0,0,0,0,0,0
00-0031898,Alex Singleton,LB,DEN,8,2,9,0,1,0.0,0,0,0,0,0
00-0031957,Rakeem Nunez-Roches,DT,NYG,8,2,1,1,0,1.0,1,0,0,0,0
00-0032052,Dante Fowler Jr.,DE,DAL,8,1,0,0,0,0.0,0,0,0,0,0
00-0032103,Denzel Perryman,MLB,LAC,8,2,0,0,0,0.0,0,0,1,0,0
00-0032104,Ameer Abdullah,RB,IND,8,1,0,0,0,0.0,0,0,0,0,0
00-0032228,Joe Cardona,LS,MIA,8,0,1,0,0,0.0,0,0,0,0,0
00-0032234,Laken Tomlinson,G,HOU,8,1,0,0,1,0.0,0,0,0,0,0
00-0032378,DeForest Buckner,DT,IND,8,2,0,1,0,1.0,2,0,0,0,0
00-0032388,Deion Jones,LB,TB,8,4,0,0,0,0.0,0,0,0,0,0
00-0032415,Matthew Judon,OLB,MIA,8,1,1,0,0,0.0,0,0,0,0,0
00-0032667,Roy Robertson-Harris,DE,NYG,8,2,1,0,0,0.0,0,0,0,0,0
00-0032762,Chris Jones,DE,KC,8,1,0,0,0,0.0,0,0,0,0,0
00-0032889,A'Shawn Robinson,DT,CAR,8,1,2,0,0,0.5,1,0,0,0,0
00-0033010,Sheldon Day,DT,WAS,8,1,0,0,0,0.0,0,0,0,0,0
00-0033046,Jihad Ward,LB,TEN,8,1,0,0,0,0.0,0,0,0,0,0
00-0033051,David Onyemata,DT,ATL,8,1,4,0,0,0.0,0,0,0,0,0
00-0033055,Jalen Ramsey,CB,PIT,8,3,1,0,0,0.0,0,0,0,0,0
00-0033066,Andrew Billings,DT,CHI,8,1,0,0,0,0.0,0,0,0,0,0
00-0033072,Leonard Floyd,DE,ATL,8,0,1,0,0,0.0,0,0,0,0,0
00-0033093,Jonathan Bullard,DE,NO,8,1,1,0,0,0.0,0,0,0,0,0
00-0033109,Javon Hargrave,NT,MIN,8,0,1,0,0,0.0,1,0,0,0,0
00-0033120,Kenny Clark,NT,DAL,8,1,0,0,0,0.0,0,0,0,0,0
00-0033131,Maliek Collins,DT,CLE,8,1,0,0,0,0.0,1,0,0,0,0
00-0033132,Kevin Byard,FS,CHI,8,4,2,0,0,0.0,0,0,0,0,0
00-0033156,Joey Bosa,DE,BUF,8,1,1,1,0,1.0,2,0,0,0,0
00-0033281,Marlon Humphrey,CB,BAL,8,4,1,0,0,0.0,1,0,0,0,0
00-0033294,Chuck Clark,SAF,PIT,8,3,2,0,0,0.0,0,0,0,0,0
00-0033297,D.J. Jones,DT,DEN,8,1,1,0,0,0.0,0,0,0,0,0
00-0033336,Eric Wilson,LB,MIN,8,6,4,1,0,0.0,0,0,0,0,0
00-0033393,Kenny Moore II,CB,IND,8,4,1,0,0,0.5,1,0,0,0,0
00-0033523,Jonathan Allen,DE,MIN,8,1,3,2,0,1.0,1,0,0,0,0
00-0033526,Samaje Perine,RB,CIN,8,0,1,0,0,0.0,0,0,0,0,0
00-0033548,Chidobe Awuzie,CB,BAL,8,1,1,0,0,0.0,0,0,0,0,0
00-0033551,Rasul Douglas,CB,MIA,8,3,0,0,0,0.0,0,0,1,0,0
00-0033579,Xavier Woods,FS,TEN,8,3,1,0,0,0.0,0,0,0,0,0
00-0033854,Dare Ogunbowale,RB,HOU,8,1,0,0,0,0.0,0,0,0,0,0
00-0033860,Davon Godchaux,DT,NO,8,2,3,0,0,0.0,0,0,0,0,0
00-0033868,Myles Garrett,DE,CLE,8,6,0,5,1,5.0,5,0,0,0,0
00-0033870,Solomon Thomas,DE,DAL,8,0,1,0,0,0.0,0,0,0,0,0
00-0033874,Marshon Lattimore,CB,WAS,8,0,0,0,0,0.0,0,1,1,0,0
00-0033876,Derek Barnett,DE,HOU,8,2,0,1,0,1.0,2,0,0,0,0
00-0033884,Tre'Davious White,CB,BUF,8,1,0,0,0,0.0,0,0,0,0,0
00-0033886,T.J. Watt,OLB,PIT,8,2,4,0,0,0.0,1,0,0,0,0
00-0033905,Larry Ogunjobi,DT,BUF,8,1,2,0,0,0.0,0,0,0,0,0
00-0033935,Trey Hendrickson,DE,CIN,8,1,0,0,0,0.0,0,0,0,0,0
00-0033941,Rayshawn Jenkins,SAF,CLE,8,2,2,0,0,0.0,0,0,0,0,0
00-0033952,Grover Stewart,DT,IND,8,2,1,1,0,0.0,0,0,1,0,0
00-0034051,Christian Kuntz,LS,PIT,8,1,0,0,0,0.0,0,0,0,0,0
00-0034145,Chris Lammons,DB,IND,8,4,0,0,0,0.0,0,1,1,0,0
00-0034163,Jacob Martin,DE,WAS,8,2,0,2,0,2.0,3,0,0,0,0
00-0034264,Jalyn Holmes,DT,WAS,8,2,2,0,0,0.0,0,0,0,0,0
00-0034277,DeShon Elliott,SAF,PIT,8,1,4,0,0,0.0,0,0,0,0,0
00-0034285,Zach Sieler,DE,MIA,8,1,1,1,0,0.0,0,0,0,0,0
00-0034302,Frankie Luvu,LB,WAS,8,2,1,0,0,0.0,1,0,0,0,0
00-0034333,Daron Payne,NT,WAS,8,1,0,0,0,0.0,0,0,0,0,0
00-0034355,M.J. Stewart,SAF,HOU,8,2,2,0,0,0.0,0,0,0,0,0
00-0034356,Donte Jackson,CB,LAC,8,0,1,0,0,0.0,0,0,1,0,0
00-0034357,Isaiah Oliver,FS,NYJ,8,1,0,0,0,0.0,0,0,0,0,0
00-0034361,Justin Reid,S,NO,8,4,3,0,0,0.5,1,0,0,0,0
00-0034376,Taron Johnson,CB,BUF,8,2,2,0,0,0.0,0,0,0,0,0
00-0034391,Siran Neal,DB,SF,8,1,1,0,0,0.0,0,0,0,0,0
00-0034431,Zaire Franklin,OLB,IND,8,0,2,0,0,0.0,0,0,0,0,0
00-0034465,Jeremy Reaves,DB,WAS,8,5,1,2,0,0.0,0,0,0,0,0
00-0034485,Jonathan Owens,SAF,CHI,8,1,0,0,0,0.0,0,0,0,0,0
00-0034639,Mike Ford,DB,ATL,8,2,0,0,0,0.0,0,0,0,0,0
00-0034673,Tremaine Edmunds,MLB,CHI,8,2,1,0,0,0.0,0,0,1,0,0
00-0034675,Jessie Bates,FS,ATL,8,2,4,0,0,0.0,0,0,0,0,0
00-0034720,Robert Spillane,LB,NE,8,5,9,2,0,0.0,0,1,1,0,0
00-0034754,Oren Burks,ILB,CIN,8,1,1,0,0,0.0,0,0,0,0,0
00-0034760,Nathan Shepherd,DE,NO,8,1,2,1,0,1.0,1,0,0,0,0
00-0034773,Vita Vea,DT,TB,8,0,1,0,0,0.0,0,0,1,0,0
00-0034778,Carlton Davis III,CB,NE,8,1,2,0,0,0.0,0,0,0,0,0
00-0034779,Ronnie Harrison,LB,ATL,8,0,2,0,0,0.0,0,0,0,0,0
00-0034782,Harrison Phillips,DT,NYJ,8,1,1,1,0,0.0,0,0,0,0,0
00-0034789,Minkah Fitzpatrick,FS,MIA,8,3,0,0,0,0.0,0,0,0,0,0
00-0034797,Jerome Baker,OLB,CLE,8,0,2,0,0,0.0,0,0,0,0,0
00-0034800,B.J. Hill,DE,CIN,8,1,5,0,0,0.0,0,0,0,0,0
00-0034805,John Franklin-Myers,DE,DEN,8,1,1,1,0,1.0,1,0,0,0,0
00-0034828,Harold Landry III,LB,NE,8,0,2,0,0,0.0,0,0,0,0,0
00-0034832,Bradley Chubb,OLB,MIA,8,0,2,0,0,0.0,0,0,0,0,0
00-0034843,Mike Hughes,CB,ATL,8,4,2,0,0,0.0,0,0,1,0,0
00-0034856,Denzel Ward,CB,CLE,8,4,1,0,0,0.0,0,0,0,0,0
00-0034874,Roquan Smith,ILB,BAL,8,7,5,0,0,0.0,0,0,0,0,0
00-0034959,Andrew Beck,FB,NYJ,8,0,1,0,0,0.0,0,0,0,0,0
00-0034967,Rashan Gary,LB,GB,8,3,1,2,0,2.0,2,0,0,0,0
00-0034968,Darnell Savage,DB,WAS,8,2,0,0,1,0.0,0,0,0,0,0
00-0034987,E.J. Speed,LB,HOU,8,2,0,0,0,0.0,0,0,0,0,0
00-0034993,Marcus Epps,SAF,PHI,8,2,0,0,0,0.0,0,0,0,0,0
00-0035021,Ashton Dulin,WR,IND,8,1,0,0,0,0.0,0,0,0,0,0
00-0035042,Jamie Gillan,P,NYG,8,1,0,0,0,0.0,0,0,0,0,0
00-0035118,Matthew Orzech,LS,GB,8,1,0,0,0,0.0,0,0,0,0,0
00-0035133,Keisean Nixon,DB,GB,8,4,1,0,0,0.0,0,0,1,0,0
00-0035166,Azeez Al-Shaair,LB,HOU,8,1,3,0,0,0.0,0,0,1,0,0
00-0035227,P.J. Locke,DB,DEN,8,0,1,0,0,0.0,0,0,0,0,0
00-0035230,Ed Oliver,DT,BUF,8,2,1,2,0,1.0,2,0,0,0,0
00-0035236,Byron Murphy,CB,MIN,8,2,1,0,0,0.0,0,0,0,0,0
00-0035240,Jahlani Tavai,LB,NE,8,2,2,1,0,0.0,0,0,0,0,0
00-0035248,Zach Allen,DE,DEN,8,1,0,1,0,1.0,4,0,0,0,0
00-0035254,Anthony Nelson,LB,TB,8,2,2,2,1,2.0,2,1,1,1,0
00-0035255,Kendall Sheffield,DB,MIA,8,1,0,0,0,0.0,0,0,0,0,0
00-0035262,Drue Tranquill,LB,KC,8,4,2,0,0,0.0,0,0,0,0,0
00-0035276,Blake Cashman,LB,MIN,8,6,5,1,0,0.0,0,0,0,0,0
00-0035277,Mike Jackson,CB,CAR,8,1,0,0,0,0.0,0,0,2,0,0
00-0035279,Charles Omenihu,DE,KC,8,0,0,0,0,0.0,1,0,0,0,0
00-0035286,Cole Holcomb,LB,PIT,8,3,1,0,0,0.0,0,0,0,0,0
00-0035316,Kaden Elliss,LB,ATL,8,6,5,2,0,0.0,0,0,1,0,0
00-0035352,Tyrel Dodson,LB,MIA,8,3,1,0,0,0.0,0,0,0,0,0
00-0035357,Cam Lewis,CB,BUF,8,3,0,0,0,0.0,0,0,0,0,0
00-0035363,Joe Giles-Harris,LB,CIN,8,1,2,0,0,0.0,0,0,0,0,0
00-0035386,T.J. Edwards,LB,CHI,8,1,5,0,0,0.0,0,0,0,0,0
00-0035402,Carl Granderson,DE,NO,8,0,1,0,0,0.0,0,0,0,0,0
00-0035409,Shy Tuttle,DT,TEN,8,1,1,0,0,0.0,0,0,0,0,0
00-0035413,Luke Gifford,LB,SF,8,0,1,0,0,0.0,0,0,0,0,0
00-0035525,Devin Bush,LB,CLE,8,2,3,0,0,0.0,0,0,1,0,0
00-0035594,Travis Homer,RB,CHI,8,1,0,0,0,0.0,0,0,0,0,0
00-0035625,Juan Thornhill,SAF,PIT,8,0,1,0,0,0.0,0,0,0,0,0
00-0035632,Amani Hooker,SAF,TEN,8,4,1,0,0,0.0,0,0,3,0,0
00-0035633,Corey Ballentine,DB,DAL,8,0,1,0,0,0.0,0,0,0,0,0
00-0035647,Montez Sweat,DE,CHI,8,3,4,1,0,1.0,1,0,0,0,0
00-0035662,Marquise Brown,WR,KC,8,1,0,0,0,0.0,0,0,0,0,0
00-0035669,Nick Scott,SAF,CAR,8,5,3,0,0,0.0,0,0,0,0,0
00-0035672,Cody Barton,LB,TEN,8,2,1,1,0,0.0,0,0,1,0,0
00-0035674,Jerry Tillery,DT,KC,8,2,2,0,0,0.0,0,0,0,0,0
00-0035678,Dre'Mont Jones,DE,TEN,8,2,0,1,0,1.0,2,0,0,0,0
00-0035680,Quincy Williams,LB,NYJ,8,3,4,1,0,0.0,0,0,2,0,0
00-0035683,Dexter Lawrence,DT,NYG,8,0,3,0,0,0.5,1,0,0,0,0
00-0035687,Bobby Okereke,ILB,NYG,8,7,1,0,0,1.0,0,0,0,0,0
00-0035697,Germaine Pratt,LB,IND,8,3,5,1,0,0.0,0,0,0,0,0
00-0035699,Jamel Dean,CB,TB,8,5,1,0,1,0.0,1,0,0,0,0
00-0035713,Brian Burns,LB,NYG,8,2,2,1,0,1.0,1,0,0,0,0
00-0035718,Quinnen Williams,DT,NYJ,8,0,1,0,0,0.0,0,0,0,0,0
00-0035719,Deebo Samuel Sr.,WR,WAS,8,1,0,0,0,0.0,0,0,0,0,0
00-0035763,Malcolm Roach,DT,DEN,8,0,4,0,0,0.0,0,0,0,0,0
00-0035841,Benito Jones,DT,MIA,8,0,1,0,0,0.0,0,0,0,0,0
00-0035890,Tershawn Wharton,DE,CAR,8,2,2,0,0,0.0,0,0,0,0,0
00-0035933,Michael Hoecht,LB,BUF,8,1,2,1,1,1.5,1,0,0,0,0
00-0035942,Christian Rozeboom,LB,CAR,8,6,5,2,0,0.0,0,0,1,0,0
00-0036139,Rico Dowdle,RB,CAR,8,1,0,0,0,0.0,0,0,0,0,0
00-0036159,Joshua Uche,LB,PHI,8,1,0,0,0,0.0,1,0,1,0,0
00-0036181,Teair Tart,DT,LAC,8,1,1,0,0,0.0,0,0,0,0,0
00-0036182,Nick Westbrook-Ikhine,WR,MIA,8,1,1,0,0,0.0,0,0,0,0,0
00-0036187,Reggie Gilliam,RB,BUF,8,0,2,0,0,0.0,0,0,0,0,0
00-0036192,A.J. Epenesa,DE,BUF,8,3,1,1,0,1.0,1,1,1,0,0
00-0036193,Anfernee Jennings,LB,NE,8,1,0,1,0,1.0,1,0,0,0,0
00-0036199,Geno Stone,SAF,CIN,8,7,2,0,0,0.0,0,0,0,0,0
00-0036220,Derrick Brown,DT,CAR,8,0,1,0,0,0.0,0,0,0,0,0
00-0036221,Brandon Jones,SAF,DEN,8,3,3,0,0,0.0,1,0,1,0,0
00-0036222,Isaiah Rodgers,CB,MIN,8,5,0,0,0,0.0,0,0,0,0,0
00-0036224,Jonathan Greenard,LB,MIN,8,5,1,3,0,1.0,2,0,0,0,0
00-0036259,Jauan Jennings,WR,SF,8,1,0,0,0,0.0,0,0,0,0,0
00-0036260,Javon Kinlaw,DT,WAS,8,1,2,0,0,0.0,1,0,0,0,0
00-0036274,Jeff Okudah,CB,MIN,8,1,1,0,0,0.0,0,0,0,0,0
00-0036282,Grant Delpit,SAF,CLE,8,3,1,0,0,0.0,0,0,0,0,0
00-0036285,A.J. Terrell,CB,ATL,8,2,3,0,0,0.0,0,0,0,0,0
00-0036286,K'Lavon Chaisson,LB,NE,8,0,1,0,0,0.0,0,0,0,0,0
00-0036294,Logan Wilson,LB,CIN,8,2,3,0,0,0.0,0,0,0,0,0
00-0036300,Mykal Walker,LB,NYJ,8,0,2,0,0,0.0,0,0,0,0,0
00-0036302,Jaylinn Hawkins,SAF,NE,8,4,1,0,0,0.0,0,1,1,0,0
00-0036305,Trevis Gipson,LB,SF,8,0,1,0,0,0.0,0,0,0,0,0
00-0036321,Chase Young,DE,NO,8,1,3,1,1,1.5,2,0,1,0,0
00-0036323,Patrick Queen,LB,PIT,8,1,2,0,0,0.0,1,0,0,0,0
00-0036333,Alex Highsmith,LB,PIT,8,2,1,0,0,0.0,1,0,0,0,0
00-0036335,D.J. Wonnum,LB,CAR,8,1,2,0,0,0.0,0,0,0,0,0
00-0036337,James Lynch,DT,TEN,8,0,1,0,0,0.0,1,0,0,0,0
00-0036338,Troy Dye,LB,LAC,8,0,1,0,0,0.0,0,0,0,0,0
00-0036347,Blake Brandel,OT,MIN,8,0,1,0,0,0.0,0,0,0,0,0
00-0036348,Josh Metellus,SAF,MIN,8,3,3,0,0,0.0,1,1,1,0,0
00-0036362,Willie Gay Jr.,LB,MIA,8,3,2,0,0,0.0,0,0,0,0,0
00-0036366,Neville Gallimore,DT,IND,8,2,0,1,0,1.0,1,0,0,0,0
00-0036378,Michael Danna,LB,KC,8,1,2,1,0,1.0,1,1,1,0,0
00-0036380,Alohi Gilman,SAF,BAL,8,3,2,0,0,0.0,0,0,1,0,0
00-0036388,Xavier McKinney,SAF,GB,8,6,1,0,0,0.0,0,0,0,0,0
00-0036409,Jordyn Brooks,LB,MIA,8,6,3,3,0,1.0,1,0,0,0,0
00-0036411,Antoine Winfield Jr.,SAF,TB,8,4,2,0,0,0.0,0,1,1,0,0
00-0036418,Zack Baun,LB,PHI,8,3,3,2,0,1.0,1,0,2,0,0
00-0036421,Terrell Burgess,SAF,NO,8,2,0,0,0,0.0,0,0,0,0,0
00-0036428,Justin Strnad,LB,DEN,8,1,2,1,0,0.0,1,0,0,0,0
00-0036431,Jordan Fuller,SAF,ATL,8,1,0,0,0,0.0,0,0,0,0,0
00-0036441,"Kenneth Murray, Jr.",LB,DAL,8,3,4,0,0,0.0,0,0,0,0,0
00-0036479,Kwity Paye,DE,IND,8,1,1,0,0,0.0,0,0,0,0,0
00-0036480,Dayo Odeyingbo,DE,CHI,8,4,4,1,0,0.0,0,0,0,0,0
00-0036500,Jamien Sherwood,LB,NYJ,8,2,3,0,0,0.0,0,0,1,0,0
00-0036501,Michael Carter II,CB,NYJ,8,0,1,0,0,0.0,0,0,0,0,0
00-0036504,Brandin Echols,CB,PIT,8,3,0,0,0,0.0,0,0,0,0,0
00-0036553,Carlos Basham,LB,CAR,8,1,1,0,0,0.0,0,0,0,0,0
00-0036555,Chuba Hubbard,RB,CAR,8,1,0,0,0,0.0,0,0,0,0,0
00-0036563,Deommodore Lenoir,CB,SF,8,2,1,0,0,0.0,0,1,1,0,0
00-0036564,Talanoa Hufanga,SAF,DEN,8,2,5,0,0,0.0,0,0,0,0,0
00-0036621,Nick Bolton,LB,KC,8,1,5,0,0,0.0,1,0,0,0,0
00-0036625,Benjamin St-Juste,CB,LAC,8,7,0,0,0,0.0,0,0,0,0,0
00-0036629,Camryn Bynum,SAF,IND,8,3,2,0,0,0.0,0,0,1,0,0
00-0036642,Tedarrell Slaton,DT,CIN,8,1,1,1,0,0.0,0,0,0,0,0
00-0036643,K.J. Britt,LB,MIA,8,0,1,0,0,0.0,0,0,0,0,0
00-0036648,Nick Niemann,LB,GB,8,2,1,0,0,0.0,0,0,0,0,0
00-0036658,Isaiah McDuffie,LB,GB,8,2,4,0,0,0.0,0,0,0,0,0
00-0036695,Naquan Jones,DT,LAC,8,0,1,0,0,0.0,0,0,0,0,0
00-0036728,Curtis Robinson,LB,SF,8,2,4,1,0,0.0,0,0,0,0,0
00-0036813,Christian Elliss,LB,NE,8,0,3,0,0,0.0,0,0,0,0,0
00-0036867,Chris Rumph II,LB,NO,8,2,3,0,0,0.0,0,0,0,0,0
00-0036870,Buddy Johnson,LB,IND,8,2,1,1,0,0.0,0,0,0,0,0
00-0036874,Pat Surtain II,CB,DEN,8,4,1,0,0,0.0,0,0,1,0,0
00-0036883,Tommy Togiai,DT,HOU,8,0,0,0,0,0.0,1,0,0,0,0
00-0036887,Luke Farrell,TE,SF,8,0,1,0,0,0.0,0,0,0,0,0
00-0036896,Victor Dimukeje,LB,NYG,8,1,0,0,0,0.0,0,0,0,0,0
00-0036902,Joseph Ossai,DE,CIN,8,1,3,0,0,0.0,0,0,0,0,0
00-0036903,Bobby Brown III,DT,CAR,8,0,2,0,0,0.0,0,0,0,0,0
00-0036909,Khyiris Tonga,DT,NE,8,1,1,1,0,0.0,0,0,0,0,0
00-0036914,Greg Rousseau,LB,BUF,8,3,0,1,1,1.0,1,0,0,0,0
00-0036916,Milton Williams,DT,NE,8,0,1,0,0,0.0,1,0,1,0,0
00-0036919,Kenny Gainwell,RB,PIT,8,0,1,0,0,0.0,0,0,0,0,0
00-0036920,Marlon Tuipulotu,DT,KC,8,0,1,0,0,0.0,0,0,0,0,0
00-0036927,Pete Werner,LB,NO,8,1,3,0,0,0.0,0,0,0,0,0
00-0036932,Micah Parsons,LB,GB,8,1,0,1,0,1.0,1,0,0,0,0
00-0036934,Jaelan Phillips,LB,MIA,8,1,1,0,0,0.0,2,0,0,0,0
00-0036940,Odafe Oweh,LB,LAC,8,2,1,1,0,1.0,1,0,0,0,0
00-0036941,Andre Cisco,SAF,NYJ,8,1,2,0,0,0.0,0,0,0,0,0
00-0036942,Osa Odighizuwa,DT,DAL,8,0,1,1,0,0.0,0,0,0,0,0
00-0036944,Jaycee Horn,CB,CAR,8,1,1,0,0,0.0,0,0,0,0,0
00-0036952,Jonathon Cooper,LB,DEN,8,0,4,0,0,0.0,1,0,2,0,0
00-0036961,Richie Grant,SAF,NE,8,1,0,0,0,0.0,0,0,0,0,0
00-0036962,Tre'von Moehrig,SAF,CAR,8,1,3,0,0,0.0,0,0,0,0,0
00-0036967,Joe Tryon-Shoyinka,DE,CLE,8,0,1,0,0,0.0,0,0,0,0,0
00-0036968,Brady Christensen,OT,CAR,8,0,1,0,0,0.0,0,0,0,0,0
00-0036974,Tyson Campbell,CB,CLE,8,2,3,0,0,0.0,1,0,0,0,0
00-0036981,Christian Barmore,DT,NE,8,0,1,0,0,0.0,0,0,0,0,0
00-0036986,Nahshon Wright,CB,CHI,8,6,3,0,0,0.0,1,0,0,0,0
00-0036987,Brandon Stephens,CB,NYJ,8,1,2,0,0,0.0,0,0,0,0,0
00-0036992,Elijah Molden,CB,LAC,8,0,1,0,0,0.0,0,0,0,0,0
00-0036993,Ifeatu Melifonwu,SAF,MIA,8,4,1,0,0,0.0,0,0,0,0,0
00-0037034,Dee Alford,CB,ATL,8,5,0,1,0,1.0,1,0,0,0,0
00-0037073,Jordan Davis,DT,PHI,8,2,0,1,0,1.0,1,0,0,0,0
00-0037074,Quay Walker,LB,GB,8,1,4,0,0,0.0,0,0,2,0,0
00-0037075,Devonte Wyatt,DT,GB,8,1,1,0,0,0.0,0,0,0,0,0
00-0037083,Kingsley Enagbare,LB,GB,8,2,1,1,0,0.0,1,0,0,0,0
00-0037091,Bo Melton,CB,GB,8,1,0,0,0,0.0,0,0,0,0,0
00-0037094,Jonathan Ford,DT,CHI,8,0,1,0,0,0.0,0,0,0,0,0
00-0037096,Elijah Hicks,SAF,CHI,8,0,1,0,0,0.0,0,0,0,0,0
00-0037106,Jaylon Jones,DB,CHI,8,3,0,0,1,0.0,0,0,0,0,0
00-0037112,Jake Tonges,TE,SF,8,1,0,0,0,0.0,0,0,0,0,0
00-0037130,Reed Blankenship,SAF,PHI,8,5,0,0,0,0.0,0,0,0,0,0
00-0037155,Tony Adams,SAF,NYJ,8,1,0,0,0,0.0,0,0,1,0,0
00-0037191,Trent McDuffie,CB,KC,8,3,0,0,0,0.0,0,0,0,0,0
00-0037192,George Karlaftis,DE,KC,8,1,2,1,0,1.0,1,0,1,0,0
00-0037193,Bryan Cook,SAF,KC,8,1,2,0,0,0.0,0,0,0,0,0
00-0037195,Jaylen Watson,CB,KC,8,3,1,1,0,0.0,0,0,0,0,0
00-0037205,Brenden Schooler,SAF,NE,8,0,1,0,0,0.0,0,0,0,0,0
00-0037207,Mike Caliendo,G,KC,8,0,1,0,0,0.0,0,0,0,0,0
00-0037208,Jack Cochrane,LB,KC,8,0,3,0,0,0.0,0,1,1,0,0
00-0037224,Cameron Dicker,K,LAC,8,1,0,0,0,0.0,0,0,0,0,0
00-0037237,Derek Stingley Jr.,CB,HOU,8,2,0,0,0,0.0,0,0,1,0,0
00-0037239,Chris Olave,WR,NO,8,1,0,0,0,0.0,0,0,0,0,0
00-0037242,Kaiir Elam,CB,DAL,8,2,1,0,0,0.0,0,0,0,0,0
00-0037246,Jalen Pitre,SAF,HOU,8,3,5,1,0,0.0,0,0,0,0,0
00-0037249,Nik Bonitto,LB,DEN,8,1,0,0,0,0.0,0,0,0,0,0
00-0037251,Alex Wright,DE,CLE,8,3,0,3,0,1.0,1,0,0,0,0
00-0037253,Marcus Jones,CB,NE,8,5,1,1,0,0.0,0,0,2,0,0
00-0037260,DJ Davidson,DT,NYG,8,1,0,0,0,0.0,0,0,1,0,0
00-0037268,Zyon McCollum,CB,TB,8,2,4,0,0,0.0,0,0,2,0,0
00-0037269,Eric Johnson,DT,IND,8,1,1,0,0,0.0,0,0,0,0,0
00-0037271,D'Marco Jackson,LB,CHI,8,1,1,0,0,0.0,0,0,0,0,0
00-0037274,Esezi Otomewo,DT,PIT,8,0,1,0,0,0.0,0,0,0,0,0
00-0037275,DaRon Bland,CB,DAL,8,3,4,1,0,0.0,0,0,0,0,0
00-0037281,Damone Clark,LB,DAL,8,1,1,0,0,0.0,0,0,0,0,0
00-0037283,John Ridgeway,DT,NO,8,0,1,0,0,0.0,0,0,0,0,0
00-0037288,Christian Benford,CB,BUF,8,2,1,0,0,0.0,0,0,0,0,0
00-0037292,Andrew Ogletree,TE,IND,8,1,1,0,0,0.0,0,0,0,0,0
00-0037298,Sam Roberts,DT,ATL,8,1,5,0,0,0.0,0,0,0,0,0
00-0037301,Theo Jackson,DB,MIN,8,0,1,0,0,0.0,0,0,0,0,0
00-0037304,Connor Heyward,FB,PIT,8,2,2,0,0,0.0,0,0,0,0,0
00-0037307,Ja'Sir Taylor,CB,LAC,8,2,0,0,0,0.0,0,0,0,0,0
00-0037315,Cameron Goode,LB,MIA,8,0,1,0,0,0.0,0,0,0,0,0
00-0037323,Rodney Thomas,SAF,IND,8,1,2,0,0,0.0,0,0,0,0,0
00-0037348,Tanner Conner,TE,MIA,8,0,1,0,0,0.0,0,0,0,0,0
00-0037364,Arron Mosby,DE,GB,8,0,1,0,0,0.0,0,0,0,0,0
00-0037384,Ja'Quan McMillian,CB,DEN,8,0,0,0,0,0.0,0,0,2,0,0
00-0037457,Jake Hansen,LB,HOU,8,0,1,0,0,0.0,0,0,0,0,0
00-0037468,Raheem Layne,SAF,NYG,8,1,0,0,0,0.0,0,0,0,0,0
00-0037525,Jordan Mason,RB,MIN,8,0,1,0,0,0.0,0,0,0,0,0
00-0037549,Darrell Baker Jr.,CB,TEN,8,4,1,0,0,0.0,0,0,0,0,0
00-0037561,Markquese Bell,SAF,DAL,8,3,1,0,0,0.0,0,0,0,0,0
00-0037594,Julius Chestnut,RB,TEN,8,1,0,0,0,0.0,0,0,0,0,0
00-0037596,Jack Gibbens,LB,NE,8,1,0,0,0,0.0,0,0,0,0,0
00-0037602,Sam Okuayinonu,DT,SF,8,2,1,0,0,0.0,1,0,0,0,0
00-0037611,Kayvon Thibodeaux,LB,NYG,8,1,4,0,0,0.0,1,0,1,0,0
00-0037615,Nakobe Dean,LB,PHI,8,4,1,0,0,0.0,0,0,0,0,0
00-0037616,Nick Cross,SAF,IND,8,2,1,0,0,0.0,0,0,0,0,0
00-0037633,Jacob Hummel,LB,BAL,8,0,0,1,0,0.0,0,0,0,0,0
00-0037661,Ja'Marcus Ingram,CB,BUF,8,1,0,0,0,0.0,0,0,0,0,0
00-0037663,Jermaine Johnson II,DE,NYJ,8,3,0,0,0,0.0,0,0,0,0,0
00-0037665,Sam Williams,DE,DAL,8,1,0,1,0,0.0,0,0,0,0,0
00-0037743,Daxton Hill,DB,CIN,8,5,0,0,0,0.0,0,0,0,0,0
00-0037753,Cam Taylor-Britt,CB,CIN,8,1,3,0,0,0.0,1,0,2,0,0
00-0037756,Travis Jones,DT,BAL,8,0,1,0,0,0.0,0,0,0,0,0
00-0037758,Cordale Flott,CB,NYG,8,1,1,0,0,0.0,0,0,0,0,0
00-0037799,Dondrea Tillman,LB,DEN,8,0,3,0,0,0.0,0,1,1,0,0
00-0037808,DeAngelo Malone,LB,ATL,8,0,1,0,0,0.0,0,0,0,0,0
00-0037815,Cameron Thomas,DE,CLE,8,1,3,0,0,0.0,0,0,0,0,0
00-0037819,Leo Chenal,LB,KC,8,0,4,0,0,0.0,0,0,0,0,0
00-0037832,Kalia Davis,DT,SF,8,1,1,0,0,0.0,0,0,1,0,0
00-0037843,Daniel Hardy,DE,CHI,8,0,1,0,0,0.0,0,0,0,0,0
00-0038038,Kyle Hamilton,SAF,BAL,8,4,4,0,0,0.0,1,0,0,0,0
00-0038039,Jack Jones,CB,MIA,8,3,1,0,0,0.0,0,0,0,0,0
00-0038041,Jake Ferguson,TE,DAL,8,1,0,0,0,0.0,0,0,0,0,0
00-0038043,Joshua Williams,CB,KC,8,1,0,0,0,0.0,0,0,0,0,0
00-0038046,Charlie Kolar,TE,BAL,8,0,1,0,0,0.0,0,0,0,0,0
00-0038100,Percy Butler,SAF,WAS,8,1,0,0,0,0.0,0,0,0,0,0
00-0038101,Akayleb Evans,CB,CAR,8,0,1,0,0,0.0,0,0,0,0,0
00-0038106,Eyioma Uwazurike,DT,DEN,8,0,4,0,0,0.0,0,0,0,0,0
00-0038107,Micheal Clemons,DE,NYJ,8,0,1,0,0,0.0,1,0,0,0,0
00-0038116,Arnold Ebiketie,LB,ATL,8,2,2,0,0,0.0,0,0,0,0,0
00-0038119,Jalyn Armour-Davis,CB,TEN,8,0,1,0,0,0.0,0,0,0,0,0
00-0038121,Alontae Taylor,CB,NO,8,2,0,0,0,0.0,0,0,1,0,0
00-0038123,Dane Belton,SAF,NYG,8,4,4,0,0,0.0,0,0,0,0,0
00-0038125,Roger McCreary,CB,TEN,8,3,0,1,0,1.0,1,0,0,0,0
00-0038127,Logan Hall,DE,TB,8,0,1,0,0,0.5,1,0,0,0,0
00-0038135,Jaquan Brisker,SAF,CHI,8,4,1,0,0,0.0,0,0,0,0,0
00-0038142,David Ojabo,LB,BAL,8,1,2,0,0,0.0,0,0,0,0,0
00-0038386,Jalen Carter,DT,PHI,8,2,0,1,0,1.0,1,0,0,0,0
00-0038387,Colby Wooden,DE,GB,8,2,1,1,0,0.0,0,0,0,0,0
00-0038390,Noah Sewell,LB,CHI,8,3,2,0,0,0.0,0,0,0,0,0
00-0038398,Karl Brooks,DT,GB,8,0,0,0,0,0.0,1,0,1,0,0
00-0038408,Carrington Valentine,DB,GB,8,3,0,0,0,0.0,0,0,1,0,0
00-0038412,Moro Ojomo,DT,PHI,8,2,1,1,0,1.0,1,0,0,0,0
00-0038414,Kendall Williamson,SAF,LAC,8,2,0,0,0,0.0,0,0,0,0,0
00-0038493,Claudin Cherelus,LB,CAR,8,0,3,0,0,0.0,0,0,0,0,0
00-0038545,Mazi Smith,DT,DAL,8,0,1,0,0,0.0,0,0,0,0,0
00-0038546,Myles Murphy,DE,CIN,8,0,1,0,0,0.0,0,0,0,0,0
00-0038547,Luke Schoonmaker,TE,DAL,8,1,0,0,0,0.0,0,0,0,0,0
00-0038549,DJ Turner II,CB,CIN,8,3,0,1,0,0.0,0,0,0,0,0
00-0038552,Riley Moss,CB,DEN,8,3,3,0,0,0.0,0,0,4,0,0
00-0038553,Daiyan Henley,LB,LAC,8,1,3,0,0,0.0,1,0,0,0,0
00-0038554,Ji'Ayir Brown,SAF,SF,8,4,1,1,0,0.0,0,0,0,0,0
00-0038557,Dorian Williams,LB,BUF,8,4,4,0,0,0.0,0,0,0,0,0
00-0038560,Jordan Battle,SAF,CIN,8,4,4,0,0,0.0,0,0,1,0,0
00-0038564,Cameron Latu,TE,PHI,8,1,0,0,0,0.0,0,0,0,0,0
00-0038565,Mekhi Blackmon,DB,IND,8,3,0,1,0,0.0,0,0,1,0,0
00-0038574,Isaiah McGuire,DE,CLE,8,2,0,0,0,0.0,0,0,0,0,0
00-0038577,Nick Herbig,LB,PIT,8,2,0,0,1,0.0,1,0,0,0,0
00-0038578,Jay Ward,SAF,MIN,8,0,1,0,0,0.0,0,0,0,0,0
00-0038585,Cameron Mitchell,DB,IND,8,2,0,1,0,0.0,0,0,0,0,0
00-0038588,Jordan Howden,SAF,NO,8,2,0,0,0,0.0,0,0,0,0,0
00-0038599,Henry To'oTo'o,LB,HOU,8,1,3,0,0,0.0,0,0,1,0,0
00-0038603,Robert Beal Jr.,DE,SF,8,2,3,0,0,0.0,0,0,0,0,0
00-0038605,JL Skinner,SAF,DEN,8,0,1,0,0,0.0,0,0,0,0,0
00-0038611,Chris Rodriguez Jr.,RB,WAS,8,1,0,0,0,0.0,0,0,0,0,0
00-0038625,Dee Winters,LB,SF,8,7,4,0,0,0.0,0,0,0,0,0
00-0038642,D.J. Ivey,CB,CIN,8,1,1,0,0,0.0,0,0,0,0,0
00-0038646,Alex Austin,CB,NE,8,1,0,0,0,0.0,0,0,0,0,0
00-0038653,Cory Durden,DT,NE,8,0,1,0,0,0.0,0,0,0,0,0
00-0038684,Ethan Bonner,CB,MIA,8,0,3,0,0,0.0,0,0,0,0,0
00-0038703,Kendell Brooks,SAF,TEN,8,0,1,0,0,0.0,0,0,0,0,0
00-0038711,Mohamoud Diabate,LB,CLE,8,5,0,1,1,0.0,0,0,0,0,0
00-0038715,Ronnie Hickman Jr.,SAF,CLE,8,1,7,0,0,0.0,0,0,0,0,0
00-0038724,Ali Gaye,DE,TEN,8,1,0,0,0,0.0,0,0,0,0,0
00-0038738,Hunter Luepke,RB,DAL,8,1,0,0,0,0.0,0,0,0,0,0
00-0038778,Jalen Redmond,DL,MIN,8,1,1,0,0,0.0,1,0,1,0,0
00-0038791,Thomas Incoom,LB,CAR,8,1,2,0,0,0.0,0,0,0,0,0
00-0038807,Ivan Pace Jr.,LB,MIN,8,2,2,0,0,0.0,1,0,0,0,0
00-0038820,Christian Izien,SAF,TB,8,1,0,0,0,0.0,0,0,0,0,0
00-0038840,Brycen Tremayne,WR,CAR,8,0,1,0,0,0.0,0,0,0,0,0
00-0038958,Markees Watts,LB,TB,8,0,1,0,0,0.5,1,0,0,0,0
00-0038966,Natrone Brooks,DB,ATL,8,2,0,0,0,0.0,0,0,0,0,0
00-0038978,Byron Young,DT,PHI,8,2,0,0,0,0.0,0,0,0,0,0
00-0038982,Chamarri Conner,DB,KC,8,5,5,0,0,0.0,0,0,0,0,0
00-0038995,Bryan Bresee,DT,NO,8,0,2,0,0,0.0,0,0,0,0,0
00-0039000,Deonte Banks,CB,NYG,8,1,2,0,0,0.0,0,0,0,0,0
00-0039002,Sydney Brown,SAF,PHI,8,1,0,0,0,0.0,0,0,0,0,0
00-0039009,Dylan Horton,DE,HOU,8,1,0,0,0,0.0,0,0,0,0,0
00-0039031,Adetomiwa Adebawore,DT,IND,8,1,0,1,0,1.0,1,0,0,0,0
00-0039048,Matthew Bergeron,OL,ATL,8,0,1,0,0,0.0,0,0,0,0,0
00-0039049,SirVocea Dennis,LB,TB,8,4,3,1,0,1.0,1,0,0,0,0
00-0039051,Josh Hayes,DB,TB,8,1,1,0,0,0.0,0,0,0,0,0
00-0039054,Marte Mapu,LB,NE,8,0,3,0,0,0.0,0,0,0,0,0
00-0039068,Yaya Diaby,LB,TB,8,0,2,0,0,0.0,0,0,0,0,0
00-0039070,Gervon Dexter Sr.,DT,CHI,8,4,2,2,0,1.0,1,0,0,0,0
00-0039108,Will Anderson Jr.,DE,HOU,8,1,0,1,0,1.0,3,0,1,0,0
00-0039110,Keeanu Benton,DT,PIT,8,2,0,0,0,0.0,0,0,0,0,0
00-0039111,Tuli Tuipulotu,LB,LAC,8,1,1,2,0,1.0,1,0,0,0,0
00-0039140,Kelee Ringo,CB,PHI,8,0,2,0,0,0.0,0,0,0,0,0
00-0039142,Will McDonald IV,DE,NYJ,8,1,2,1,0,1.0,1,0,0,0,0
00-0039147,Christian Gonzalez,CB,NE,8,3,0,1,0,0.0,0,0,2,0,0
00-0039149,Quan Martin,SAF,WAS,8,10,4,0,0,0.0,0,0,0,0,0
00-0039167,Joey Porter Jr.,CB,PIT,8,3,0,0,0,0.0,0,0,1,0,0
00-0039176,Basil Okoye,DT,BAL,8,0,1,0,0,0.0,0,0,0,0,0
00-0039178,Austin Ajiake,LB,IND,8,2,3,0,0,0.0,0,0,0,0,0
00-0039207,Durell Nchami,DE,IND,8,1,1,0,0,0.0,0,0,0,0,0
00-0039232,Nate Wiggins,CB,BAL,8,6,1,1,0,0.0,0,1,1,0,0
00-0039234,T.J. Tampa,CB,BAL,8,2,0,0,0,0.0,0,0,0,0,0
00-0039284,Braiden McGregor,DE,NYJ,8,1,0,0,0,0.0,0,0,0,0,0
00-0039324,Christian Roland-Wallace,CB,KC,8,0,1,0,0,0.0,0,0,0,0,0
00-0039332,C.J. Ravenell,DE,TEN,8,0,1,0,0,0.0,0,0,0,0,0
00-0039340,Laiatu Latu,DE,IND,8,0,2,0,0,0.5,1,0,0,0,0
00-0039343,Kamari Lassiter,CB,HOU,8,3,3,1,0,0.0,0,1,1,0,0
00-0039345,Renardo Green,CB,SF,8,4,4,0,0,0.0,0,0,0,0,0
00-0039347,Trevin Wallace,LB,CAR,8,5,2,1,0,1.0,1,0,0,0,0
00-0039352,Marist Liufau,LB,DAL,8,0,3,0,0,0.0,0,0,0,0,0
00-0039355,Luke McCaffrey,WR,WAS,8,0,1,0,0,0.0,0,0,0,0,0
00-0039356,Ja'Tavion Sanders,TE,CAR,8,1,0,0,0,0.0,0,0,0,0,0
00-0039360,Malik Mustapha,SAF,SF,8,6,5,1,0,0.0,0,0,0,0,0
00-0039366,Tarheeb Still,CB,LAC,8,2,1,1,0,0.0,0,0,1,0,0
00-0039368,Jordan Magee,LB,WAS,8,3,1,0,0,0.0,0,0,0,0,0
00-0039369,Cam Hart,CB,LAC,8,4,0,0,0,0.0,1,0,3,0,0
00-0039370,JD Bertrand,LB,ATL,8,3,6,0,0,0.0,0,0,1,0,0
00-0039371,Kris Abrams-Draine,CB,DEN,8,5,4,0,0,0.0,0,0,0,0,0
00-0039372,Jarvis Brownlee Jr.,DB,NYJ,8,4,3,0,0,0.0,0,0,2,0,0
00-0039375,Josh Newton,CB,CIN,8,0,1,0,0,0.0,0,0,0,0,0
00-0039380,Chau Smith-Wade,CB,CAR,8,2,1,0,0,0.0,0,0,1,0,0
00-0039417,Myles Harden,CB,CLE,8,1,1,0,0,0.0,0,0,0,0,0
00-0039421,Levi Drake Rodriguez,DL,MIN,8,3,2,1,0,0.0,0,0,0,0,0
00-0039435,Tatum Bethune,LB,SF,8,4,10,0,0,0.0,0,0,0,0,0
00-0039436,Jaylen Harrell,DE,TEN,8,1,0,0,0,0.0,1,0,0,0,0
00-0039460,Carl Jones,LB,CHI,8,0,1,0,0,0.0,0,0,0,0,0
00-0039465,Reddy Steward,DB,DAL,8,4,1,0,0,0.0,0,0,0,0,0
00-0039489,Hayden Rucci,TE,MIA,8,0,1,0,0,0.0,0,0,0,0,0
00-0039530,Brevyn Spann-Ford,TE,DAL,8,0,1,0,0,0.0,0,0,0,0,0
00-0039603,British Brooks,RB,HOU,8,2,1,0,0,0.0,0,0,0,0,0
00-0039622,Isaiah Stalbird,LB,NO,8,2,1,0,0,0.0,0,0,0,0,0
00-0039632,PJ Jules,SAF,CIN,8,2,1,0,0,0.0,0,0,0,0,0
00-0039648,David Martin-Robinson,TE,TEN,8,0,1,0,0,0.0,0,0,0,0,0
00-0039681,Tyler Owens,DB,WAS,8,2,1,0,0,0.0,0,0,0,0,0
00-0039718,Bo Richter,LB,MIN,8,1,0,0,0,0.0,0,0,0,0,0
00-0039733,Ruke Orhorhoro,DT,ATL,8,2,0,0,0,0.0,0,0,0,0,0
00-0039740,Jalyx Hunt,LB,PHI,8,4,0,1,0,1.0,1,0,0,0,0
00-0039741,Payton Wilson,LB,PIT,8,5,4,0,0,0.0,0,0,0,0,0
00-0039746,Will Shipley,RB,PHI,8,2,0,0,0,0.0,0,0,0,0,0
00-0039757,Terrell Jennings,RB,NE,8,1,0,0,0,0.0,0,0,0,0,0
00-0039763,Joe Andreessen,LB,BUF,8,2,5,0,0,0.0,0,0,0,0,0
00-0039809,Jonah Elliss,LB,DEN,8,1,1,0,0,0.0,0,0,0,0,0
00-0039813,Evan Williams,SAF,GB,8,2,2,0,0,0.0,0,0,0,0,0
00-0039821,Andru Phillips,DB,NYG,8,2,0,0,0,0.0,0,0,1,0,0
00-0039825,Jaden Hicks,SAF,KC,8,2,0,0,0,0.0,0,0,0,0,0
00-0039826,Jeremiah Trotter Jr.,LB,PHI,8,1,0,0,0,0.0,0,0,0,0,0
00-0039829,Darius Muasau,LB,NYG,8,1,1,0,0,0.0,0,0,0,0,0
00-0039835,Justin Eboigbe,DT,LAC,8,2,1,2,0,2.0,3,0,0,0,0
00-0039838,Calen Bullock,SAF,HOU,8,2,1,0,0,0.0,0,0,0,0,0
00-0039841,Cooper DeJean,CB,PHI,8,1,5,1,0,0.0,0,0,0,0,0
00-0039846,Tykee Smith,DB,TB,8,4,4,0,0,0.0,0,0,1,0,0
00-0039850,Edgerrin Cooper,LB,GB,8,4,1,0,1,0.0,0,0,0,0,0
00-0039858,Cedric Gray,LB,TEN,8,4,1,1,0,0.0,0,0,0,0,0
00-0039859,Brandon Dorlus,DE,ATL,8,1,1,2,0,0.0,0,0,0,0,0
00-0039860,Kool-Aid McKinstry,CB,NO,8,3,1,0,0,0.0,0,0,2,0,0
00-0039861,Tyler Nubin,SAF,NYG,8,3,2,1,0,0.0,0,0,1,0,0
00-0039867,Javon Bullard,SAF,GB,8,3,3,0,0,0.0,0,0,0,0,0
00-0039872,Cole Bishop,SAF,BUF,8,3,4,0,0,0.0,0,0,0,0,0
00-0039879,Javon Solomon,LB,BUF,8,1,1,0,0,0.0,0,0,0,0,0
00-0039886,T'Vondre Sweat,DT,TEN,8,2,0,1,0,1.0,0,0,0,0,0
00-0039888,Quinyon Mitchell,CB,PHI,8,0,0,0,0,0.0,0,0,1,0,0
00-0039898,Mike Sainristil,CB,WAS,8,3,1,0,0,0.0,0,0,0,0,0
00-0039900,Marshawn Kneeland,DE,DAL,8,0,1,0,0,0.0,0,0,0,0,0
00-0039902,Chris Braswell,LB,TB,8,1,0,0,0,0.0,1,0,0,0,0
00-0039905,Graham Barton,C,TB,8,1,0,0,0,0.0,0,0,0,0,0
00-0039906,Jer'Zhan Newton,DT,WAS,8,2,2,0,1,1.0,2,0,0,0,0
00-0039915,Ladd McConkey,WR,LAC,8,1,0,0,0,0.0,0,0,0,0,0
00-0039924,Dallas Turner,LB,MIN,8,0,2,0,0,0.0,1,0,0,0,0
00-0040010,Barryn Sorrell,DE,GB,8,1,0,0,0,0.0,0,0,0,0,0
00-0040011,Shemar James,LB,DAL,8,1,3,0,0,0.0,0,0,0,0,0
00-0040045,Alijah Clark,DB,DAL,8,4,2,0,0,0.0,0,0,0,0,0
00-0040069,Teddye Buchanan,LB,BAL,8,4,2,2,0,0.0,0,0,0,0,0
00-0040072,Jeffrey Bassa,LB,KC,8,2,2,0,1,0.0,0,0,0,0,0
00-0040100,Jay Higgins,LB,BAL,8,1,0,0,1,0.0,0,0,0,0,0
00-0040104,Keondre Jackson,SAF,BAL,8,2,0,0,0,0.0,0,0,0,0,0
00-0040118,Cooper McDonald,LB,KC,8,0,1,0,0,0.0,0,0,0,0,0
00-0040126,Colston Loveland,TE,CHI,8,1,0,0,0,0.0,0,0,0,0,0
00-0040127,Kenneth Grant,DT,MIA,8,0,0,0,0,0.0,1,0,0,0,0
00-0040133,Azareye'h Thomas,CB,NYJ,8,4,2,0,0,0.0,0,0,1,0,0
00-0040134,Pat Bryant,WR,DEN,8,1,1,0,0,0.0,0,0,0,0,0
00-0040141,Kevin Winston Jr.,SAF,TEN,8,1,0,0,0,0.0,0,0,0,0,0
00-0040143,Jacob Parrish,CB,TB,8,5,1,2,0,1.0,1,0,0,0,0
00-0040148,Xavier Watts,SAF,ATL,8,2,2,0,0,0.0,0,0,0,0,0
00-0040152,Upton Stout,CB,SF,8,6,3,0,0,0.0,0,0,0,0,0
00-0040155,Danny Stutsman,LB,NO,8,1,0,0,0,0.0,0,0,0,0,0
00-0040157,Barrett Carter,LB,CIN,8,5,3,1,0,0.0,0,0,0,0,0
00-0040159,Lathan Ransom,SAF,CAR,8,1,0,1,0,0.0,0,0,0,0,0
00-0040162,Dylan Sampson,RB,CLE,8,0,1,0,0,0.0,0,0,0,0,0
00-0040165,Malachi Moore,SAF,NYJ,8,5,3,0,0,0.0,0,0,0,0,0
00-0040166,Quincy Riley,CB,NO,8,2,0,0,0,0.0,0,0,0,0,0
00-0040171,Joshua Farmer,DT,NE,8,0,0,0,0,0.0,0,0,1,0,0
00-0040175,Jordan Phillips,DT,MIA,8,0,2,0,0,0.0,0,0,0,0,0
00-0040182,Dante Trader Jr.,SAF,MIA,8,0,2,0,0,0.0,0,0,1,0,0
00-0040183,Elijah Roberts,DE,TB,8,2,0,0,0,0.0,0,0,0,0,0
00-0040185,Marques Sigle,SAF,SF,8,0,1,0,0,0.0,0,0,0,0,0
00-0040186,Francisco Mauigoa,LB,NYJ,8,2,2,0,0,0.0,0,0,0,0,0
00-0040188,Yahya Black,DE,PIT,8,0,0,0,0,0.0,1,0,0,0,0
00-0040192,Jordan Hancock,CB,BUF,8,2,3,0,0,0.0,0,0,0,0,0
00-0040201,Marcus Harris,CB,TEN,8,1,1,0,0,0.0,0,0,0,0,0
00-0040208,Tahj Brooks,RB,CIN,8,1,0,0,0,0.0,0,0,0,0,0
00-0040221,R.J. Mickens,SAF,LAC,8,1,1,0,0,0.0,0,1,1,0,0
00-0040231,Carson Bruener,LB,PIT,8,2,1,0,0,0.0,0,0,0,0,0
00-0040243,Korie Black,CB,NYG,8,0,1,0,0,0.0,0,0,0,0,0
00-0040251,Trikweze Bridges,DB,DAL,8,4,0,0,0,0.0,0,1,2,0,0
00-0040258,Dom Jones,CB,CLE,8,3,1,0,0,0.0,0,0,0,0,0
00-0040263,Donovan McMillon,SAF,CLE,8,0,1,0,0,0.0,0,0,0,0,0
00-0040277,Jahdae Walker,WR,CHI,8,0,1,0,0,0.0,0,0,0,0,0
00-0040289,Bam Martin-Scott,LB,CAR,8,0,1,0,0,0.0,0,0,0,0,0
00-0040296,Corey Thornton,CB,CAR,8,1,1,0,0,0.0,0,0,0,0,0
00-0040347,Johnathan Edwards,DB,IND,8,4,0,0,0,0.0,0,0,0,0,0
00-0040357,Trey Washington,SAF,IND,8,0,1,0,0,0.0,0,0,0,0,0
00-0040416,John Bullock,LB,TB,8,0,1,0,0,0.0,0,0,0,0,0
00-0040449,Karene Reid,LB,DEN,8,1,0,0,0,0.0,0,0,0,0,0
00-0040460,Marlowe Wax,LB,LAC,8,1,0,0,0,0.0,0,0,0,0,0
00-0040492,Tyler Batty,LB,MIN,8,2,1,2,0,0.0,0,0,0,0,0
00-0040501,Austin Keys,LB,MIN,8,0,1,0,0,0.0,0,0,0,0,0
00-0040574,Elijah Ponder,LB,NE,8,0,1,0,0,0.0,0,0,0,0,0
00-0040578,James Pearce Jr.,DE,ATL,8,2,2,0,0,0.0,1,0,0,0,0
00-0040579,Carson Schwesinger,LB,CLE,8,1,4,0,0,0.0,0,1,1,0,0
00-0040634,Jordan Turner,LB,DEN,8,0,2,0,0,0.0,0,0,0,0,0
00-0040640,Ashton Gillotte,DE,KC,8,0,1,0,0,0.0,0,0,0,0,0
00-0040643,Jonas Sanker,SAF,NO,8,3,1,0,0,0.0,0,0,0,0,0
00-0040660,Mykel Williams,DE,SF,8,2,1,0,0,0.0,0,0,0,0,0
00-0040677,Abdul Carter,LB,NYG,8,2,3,0,0,0.0,0,0,0,0,0
00-0040678,Derrick Harmon,DT,PIT,8,0,2,0,0,0.0,0,0,0,0,0
00-0040685,Mason Graham,DT,CLE,8,0,0,0,0,0.0,0,0,1,0,0
00-0040688,Malaki Starks,SAF,BAL,8,5,0,0,0,0.0,0,0,0,0,0
00-0040694,Darius Alexander,DT,NYG,8,0,1,0,0,0.5,1,0,0,0,0
00-0040704,Dillon Gabriel,QB,CLE,8,0,1,0,0,0.0,0,0,0,0,0
00-0040708,Jihaad Campbell,LB,PHI,8,1,1,0,0,0.0,0,0,0,0,0
00-0040709,Maxwell Hairston,CB,BUF,8,1,0,0,0,0.0,0,0,0,0,0
00-0040710,Deone Walker,DT,BUF,8,0,2,0,0,0.5,1,0,0,0,0
00-0040716,Craig Woodson,SAF,NE,8,0,3,0,0,0.0,0,0,0,0,0
00-0040720,Jahdae Barron,CB,DEN,8,2,0,0,0,0.0,0,1,1,0,0
00-0040721,Alfred Collins,DT,SF,8,0,2,0,0,0.0,1,0,0,0,0
00-0040722,Mike Green,LB,BAL,8,1,0,1,0,1.0,1,0,0,0,0
00-0040725,Donovan Ezeiruaku,DE,DAL,8,0,1,0,0,0.0,1,0,0,0,0
00-0040731,Trey Amos,CB,WAS,8,0,2,0,0,0.0,0,0,1,0,0
00-0040738,Demetrius Knight Jr.,LB,CIN,8,6,6,0,0,0.0,0,0,1,0,0
00-0040744,Jaylahn Tuimolaou,DE,IND,8,0,0,0,0,0.0,1,0,0,0,0
00-0040746,Nic Scourton,LB,CAR,8,1,3,0,0,0.5,1,0,0,0,0
00-0040747,Benjamin Morrison,CB,TB,8,2,1,0,0,0.0,0,0,1,0,0
00-0040749,Andrew Mukuba,SAF,PHI,8,1,1,0,0,0.0,0,0,0,0,0
00-0040756,Shemar Stewart,DE,CIN,8,0,1,0,0,0.0,0,0,0,0,0
00-0040782,Isaiah Bond,WR,CLE,8,1,0,0,0,0.0,0,0,0,0,0
00-0026190,Calais Campbell,DE,ARI,9,2,0,2,0,2.0,3,0,0,0,0
00-0027857,Trent Williams,OT,SF,9,1,0,0,0,0.0,0,0,0,0,0
00-0027962,Cameron Jordan,LB,NO,9,0,1,0,0,0.0,0,0,0,0,0
00-0027969,Cameron Heyward,DE,PIT,9,0,4,0,0,0.0,1,0,2,0,0
00-0029255,Bobby Wagner,MLB,WAS,9,2,4,1,0,0.0,0,0,0,0,0
00-0029606,Harrison Smith,FS,MIN,9,1,2,0,0,0.0,0,0,1,0,0
00-0029607,Demario Davis,OLB,NO,9,3,9,0,0,0.0,0,0,0,0,0
00-0030062,Darius Slay,CB,PIT,9,4,1,0,0,0.0,0,0,0,0,0
00-0030070,John Jenkins,DT,BAL,9,0,2,0,0,0.0,0,0,0,0,0
00-0030114,Jordan Poyer,FS,BUF,9,2,3,0,0,0.0,0,0,0,0,0
00-0030757,Mike Pennel,DT,KC,9,0,3,0,0,0.0,0,0,0,0,0
00-0031040,Khalil Mack,OLB,LAC,9,2,0,0,0,0.0,0,0,0,0,0
00-0031177,Brent Urban,DE,BAL,9,0,1,0,0,0.5,2,0,0,0,0
00-0031357,C.J. Goodwin,CB,DAL,9,2,0,0,0,0.0,0,0,0,0,0
00-0031360,Kyle Van Noy,MLB,BAL,9,1,0,1,0,0.0,0,0,0,0,0
00-0031364,Jadeveon Clowney,OLB,DAL,9,3,2,2,0,1.0,1,0,1,0,0
00-0031411,DeMarcus Lawrence,LB,SEA,9,0,2,0,0,0.5,1,0,0,0,0
00-0031551,Eddie Goldman,NT,WAS,9,1,2,0,0,0.0,0,0,0,0,0
00-0031557,Jordan Phillips,DT,BUF,9,1,0,1,0,0.0,0,0,0,0,0
00-0031565,Danielle Hunter,DE,HOU,9,1,2,0,0,0.0,2,0,1,0,0
00-0031608,Quandre Diggs,S,TEN,9,3,2,0,0,0.0,0,0,0,0,0
00-0031898,Alex Singleton,LB,DEN,9,4,6,1,0,0.0,0,0,0,0,0
00-0031933,Leonard Williams,DE,SEA,9,3,2,1,0,1.0,1,0,0,0,0
00-0031935,Preston Smith,DE,WAS,9,0,0,0,0,0.0,1,0,0,0,0
00-0031957,Rakeem Nunez-Roches,DT,NYG,9,2,4,1,0,1.0,1,0,0,0,0
00-0032052,Dante Fowler Jr.,DE,DAL,9,2,0,1,0,1.0,1,0,0,0,0
00-0032103,Denzel Perryman,MLB,LAC,9,5,2,0,0,0.0,0,0,1,0,0
00-0032164,Arik Armstead,DE,JAX,9,1,0,1,0,0.0,0,0,0,0,0
00-0032378,DeForest Buckner,DT,IND,9,2,2,1,0,0.0,0,0,0,0,0
00-0032387,Jarran Reed,DT,SEA,9,0,1,0,0,0.5,1,0,0,0,0
00-0032415,Matthew Judon,OLB,MIA,9,1,2,1,0,0.0,0,0,0,0,0
00-0032424,DJ Reader,DT,DET,9,0,1,0,0,0.0,0,0,0,0,0
00-0032442,Elandon Roberts,OLB,LV,9,4,2,0,0,0.0,0,0,0,0,0
00-0032580,Jonathan Jones,DB,WAS,9,1,2,0,0,0.0,0,0,0,0,0
00-0032667,Roy Robertson-Harris,DE,NYG,9,0,0,0,0,0.0,1,0,0,0,0
00-0032753,Luke Rhodes,LS,IND,9,1,0,0,0,0.0,0,0,0,0,0
00-0032759,Sheldon Rankins,DT,HOU,9,1,2,0,0,0.0,0,0,0,0,0
00-0032762,Chris Jones,DE,KC,9,0,2,0,0,0.0,0,0,0,0,0
00-0032889,A'Shawn Robinson,DT,CAR,9,0,2,0,0,0.0,1,0,0,0,0
00-0033010,Sheldon Day,DT,WAS,9,2,1,0,0,0.0,0,0,0,0,0
00-0033046,Jihad Ward,LB,TEN,9,2,2,2,0,2.5,4,0,0,0,0
00-0033051,David Onyemata,DT,ATL,9,2,0,0,0,0.0,0,0,0,0,0
00-0033055,Jalen Ramsey,CB,PIT,9,5,0,0,0,0.0,0,0,0,0,0
00-0033063,Zach Wood,LS,NO,9,0,1,0,0,0.0,0,0,0,0,0
00-0033066,Andrew Billings,DT,CHI,9,1,0,0,0,0.0,0,0,0,0,0
00-0033073,Emmanuel Ogbah,DE,JAX,9,1,1,1,0,0.5,1,0,0,0,0
00-0033093,Jonathan Bullard,DE,NO,9,0,2,0,0,0.0,0,0,0,0,0
00-0033109,Javon Hargrave,NT,MIN,9,2,6,2,0,1.0,2,0,0,0,0
00-0033120,Kenny Clark,NT,DAL,9,4,1,2,0,1.0,1,0,0,0,0
00-0033132,Kevin Byard,FS,CHI,9,4,0,1,0,0.0,0,0,0,0,0
00-0033156,Joey Bosa,DE,BUF,9,2,1,2,0,1.0,5,0,0,0,0
00-0033281,Marlon Humphrey,CB,BAL,9,4,2,0,1,0.0,0,0,2,0,0
00-0033297,D.J. Jones,DT,DEN,9,0,1,0,0,0.0,0,0,0,0,0
00-0033336,Eric Wilson,LB,MIN,9,3,2,3,0,2.0,2,0,0,0,0
00-0033381,Adam Butler,DT,LV,9,3,1,2,0,0.0,1,0,0,0,0
00-0033393,Kenny Moore II,CB,IND,9,1,2,0,1,0.0,0,0,1,0,0
00-0033503,Arthur Maulet,CB,DET,9,2,0,0,0,0.0,0,0,0,0,0
00-0033523,Jonathan Allen,DE,MIN,9,1,1,0,0,0.0,3,0,0,0,0
00-0033546,Dalvin Tomlinson,DE,ARI,9,0,1,0,0,0.0,0,0,0,0,0
00-0033548,Chidobe Awuzie,CB,BAL,9,1,0,0,0,0.0,0,0,0,0,0
00-0033551,Rasul Douglas,CB,MIA,9,2,3,1,0,0.0,0,0,0,0,0
00-0033571,Matt Milano,OLB,BUF,9,1,3,0,0,0.0,0,0,0,0,0
00-0033595,Pat O'Connor,DE,DET,9,0,1,0,0,0.0,0,0,0,0,0
00-0033854,Dare Ogunbowale,RB,HOU,9,0,1,0,0,0.0,0,0,0,0,0
00-0033860,Davon Godchaux,DT,NO,9,0,7,0,0,0.0,0,0,0,0,0
00-0033870,Solomon Thomas,DE,DAL,9,0,1,0,0,0.0,0,0,0,0,0
00-0033872,Jamal Adams,LB,LV,9,1,0,0,0,0.0,0,0,0,0,0
00-0033874,Marshon Lattimore,CB,WAS,9,0,2,0,0,0.0,0,0,1,0,0
00-0033876,Derek Barnett,DE,HOU,9,1,0,1,0,0.0,0,0,0,0,0
00-0033884,Tre'Davious White,CB,BUF,9,0,1,0,0,0.0,0,0,0,0,0
00-0033886,T.J. Watt,OLB,PIT,9,1,2,1,1,1.0,1,0,0,0,0
00-0033890,Budda Baker,S,ARI,9,3,4,0,0,0.0,0,0,0,0,0
00-0033905,Larry Ogunjobi,DT,BUF,9,0,1,0,0,0.0,0,0,0,0,0
00-0033907,Dawuane Smoot,DE,JAX,9,1,0,1,0,0.0,0,0,0,0,0
00-0033914,Alex Anzalone,MLB,DET,9,4,3,0,0,0.0,1,0,0,0,0
00-0033918,Fabian Moreau,CB,MIN,9,1,2,0,0,0.0,0,0,0,0,0
00-0033928,Jourdan Lewis,CB,JAX,9,0,1,0,0,0.0,0,0,0,0,0
00-0033952,Grover Stewart,DT,IND,9,2,1,0,0,0.0,0,0,0,0,0
00-0033964,Al-Quadin Muhammad,LB,DET,9,1,0,0,0,1.0,2,0,0,0,0
00-0034161,Daniel Carlson,K,LV,9,1,0,0,0,0.0,0,0,0,0,0
00-0034163,Jacob Martin,DE,WAS,9,0,2,0,0,0.0,0,0,0,0,0
00-0034234,Poona Ford,DT,LAR,9,0,3,0,0,0.0,0,0,0,0,0
00-0034278,Tremon Smith,CB,HOU,9,0,2,0,0,0.0,0,0,0,0,0
00-0034285,Zach Sieler,DE,MIA,9,1,0,0,0,0.0,0,0,1,0,0
00-0034302,Frankie Luvu,LB,WAS,9,4,3,0,1,0.0,0,0,1,0,0
00-0034333,Daron Payne,NT,WAS,9,0,3,0,0,0.0,0,0,0,0,0
00-0034350,Uchenna Nwosu,LB,SEA,9,1,1,0,0,0.5,1,0,0,0,0
00-0034355,M.J. Stewart,SAF,HOU,9,3,1,0,0,0.0,0,0,1,0,0
00-0034356,Donte Jackson,CB,LAC,9,0,1,0,0,0.0,0,0,0,0,0
00-0034361,Justin Reid,S,NO,9,7,6,0,0,0.0,0,0,1,0,0
00-0034381,Josh Sweat,LB,ARI,9,2,0,2,0,2.0,5,0,1,0,0
00-0034391,Siran Neal,DB,SF,9,0,2,0,0,0.0,0,0,0,0,0
00-0034413,Foye Oluokun,LB,JAX,9,4,6,1,0,0.0,0,0,1,0,0
00-0034431,Zaire Franklin,OLB,IND,9,4,2,0,0,0.0,0,0,0,0,0
00-0034465,Jeremy Reaves,DB,WAS,9,3,5,1,0,0.0,0,0,0,0,0
00-0034473,Dennis Gardeck,LB,JAX,9,3,2,0,0,0.0,1,0,0,0,0
00-0034485,Jonathan Owens,SAF,CHI,9,0,1,0,0,0.0,0,0,0,0,0
00-0034488,Tavierre Thomas,SAF,MIN,9,1,0,0,0,0.0,0,0,0,0,0
00-0034639,Mike Ford,DB,ATL,9,2,0,0,0,0.0,0,0,0,0,0
00-0034673,Tremaine Edmunds,MLB,CHI,9,5,4,0,0,0.0,0,1,1,0,0
00-0034675,Jessie Bates,FS,ATL,9,1,1,0,0,0.0,0,1,1,0,0
00-0034720,Robert Spillane,LB,NE,9,2,3,0,0,0.0,0,0,0,0,0
00-0034754,Oren Burks,ILB,CIN,9,3,3,0,0,0.0,0,0,1,0,0
00-0034760,Nathan Shepherd,DE,NO,9,1,1,0,0,0.0,0,0,0,0,0
00-0034778,Carlton Davis III,CB,NE,9,5,1,0,0,0.0,0,0,1,0,0
00-0034779,Ronnie Harrison,LB,ATL,9,2,0,0,0,0.0,0,0,0,0,0
00-0034780,Isaac Yiadom,CB,NO,9,1,1,0,0,0.0,0,0,0,0,0
00-0034789,Minkah Fitzpatrick,FS,MIA,9,3,2,0,0,0.0,0,0,0,0,0
00-0034790,Derwin James,FS,LAC,9,5,3,0,0,0.0,1,0,0,0,0
00-0034800,B.J. Hill,DE,CIN,9,3,1,1,0,1.0,1,0,0,0,0
00-0034805,John Franklin-Myers,DE,DEN,9,1,1,0,0,0.0,0,0,0,0,0
00-0034810,Sebastian Joseph-Day,DT,TEN,9,2,1,1,0,1.0,1,0,0,0,0
00-0034818,Derrick Nnadi,NT,KC,9,1,0,0,0,0.0,0,0,0,0,0
00-0034828,Harold Landry III,LB,NE,9,2,0,0,0,0.0,0,0,0,0,0
00-0034832,Bradley Chubb,OLB,MIA,9,1,2,0,0,0.0,0,0,0,0,0
00-0034843,Mike Hughes,CB,ATL,9,3,2,0,0,0.0,0,0,0,0,0
00-0034854,KhaDarel Hodge,WR,ATL,9,0,1,0,0,0.0,0,0,0,0,0
00-0034874,Roquan Smith,ILB,BAL,9,9,3,0,0,0.0,0,0,1,0,0
00-0034967,Rashan Gary,LB,GB,9,0,3,0,0,0.0,0,0,0,0,0
00-0034968,Darnell Savage,DB,WAS,9,1,1,0,0,0.0,0,0,0,0,0
00-0034973,Maxx Crosby,DE,LV,9,3,1,3,0,1.0,1,0,1,0,0
00-0034982,Dre Greenlaw,LB,DEN,9,1,7,0,0,1.0,1,0,0,0,0
00-0034999,Ty Summers,LB,DET,9,0,1,0,0,0.0,0,0,0,0,0
00-0035020,Demetrius Flannigan-Fowles,LB,NYG,9,6,1,1,0,0.0,0,0,0,0,0
00-0035021,Ashton Dulin,WR,IND,9,0,1,0,0,0.0,0,0,0,0,0
00-0035026,Kevin Givens,DT,SF,9,0,1,0,0,0.0,0,0,0,0,0
00-0035133,Keisean Nixon,DB,GB,9,4,1,0,0,0.0,0,0,0,0,0
00-0035144,Mack Wilson,LB,ARI,9,3,4,0,1,0.0,0,0,0,0,0
00-0035156,Jack Fox,P,DET,9,1,0,0,0,0.0,0,0,0,0,0
00-0035166,Azeez Al-Shaair,LB,HOU,9,4,5,1,0,0.0,0,0,0,0,0
00-0035236,Byron Murphy,CB,MIN,9,5,3,0,0,0.0,0,0,0,0,0
00-0035240,Jahlani Tavai,LB,NE,9,1,0,0,0,0.0,0,0,0,0,0
00-0035248,Zach Allen,DE,DEN,9,4,1,1,0,1.0,3,0,2,0,0
00-0035253,C.J. Gardner-Johnson,SAF,CHI,9,5,1,1,0,1.0,1,0,0,0,0
00-0035262,Drue Tranquill,LB,KC,9,1,2,0,0,0.0,0,0,0,0,0
00-0035272,Andrew Van Ginkel,OLB,MIN,9,1,2,1,0,0.0,1,0,0,0,0
00-0035276,Blake Cashman,LB,MIN,9,5,8,1,1,0.0,0,0,0,0,0
00-0035277,Mike Jackson,CB,CAR,9,5,0,0,0,0.0,0,0,0,0,0
00-0035316,Kaden Elliss,LB,ATL,9,4,2,0,0,0.0,1,0,0,0,0
00-0035352,Tyrel Dodson,LB,MIA,9,3,5,1,0,0.0,0,0,0,0,0
00-0035357,Cam Lewis,CB,BUF,9,2,1,0,0,0.0,0,0,0,0,0
00-0035378,Andrew Wingard,SAF,JAX,9,2,4,0,0,0.0,0,0,0,0,0
00-0035386,T.J. Edwards,LB,CHI,9,1,4,0,0,0.0,0,0,1,0,0
00-0035402,Carl Granderson,DE,NO,9,2,0,0,0,0.0,0,0,0,0,0
00-0035413,Luke Gifford,LB,SF,9,1,2,0,0,0.0,0,0,0,0,0
00-0035594,Travis Homer,RB,CHI,9,2,0,0,0,0.0,0,0,0,0,0
00-0035632,Amani Hooker,SAF,TEN,9,6,1,0,0,0.0,0,0,0,0,0
00-0035642,Josh Hines-Allen,DE,JAX,9,1,2,1,0,1.5,2,0,0,0,0
00-0035647,Montez Sweat,DE,CHI,9,2,0,1,0,1.0,1,0,2,0,0
00-0035669,Nick Scott,SAF,CAR,9,1,2,0,0,0.0,0,0,0,0,0
00-0035672,Cody Barton,LB,TEN,9,2,4,0,0,0.0,0,1,1,1,0
00-0035678,Dre'Mont Jones,DE,TEN,9,2,2,1,0,1.5,4,0,0,0,0
00-0035683,Dexter Lawrence,DT,NYG,9,0,0,1,0,0.0,0,0,0,0,0
00-0035687,Bobby Okereke,ILB,NYG,9,6,7,1,0,0.0,0,0,0,0,0
00-0035692,Clelin Ferrell,DE,SF,9,1,2,1,0,1.0,1,0,0,0,0
00-0035697,Germaine Pratt,LB,IND,9,4,4,1,0,0.0,0,0,1,0,0
00-0035705,Jalen Thompson,DB,ARI,9,3,2,0,0,0.0,0,0,0,0,0
00-0035707,Devin White,LB,LV,9,8,8,0,0,0.0,0,0,0,0,0
00-0035710,Daniel Jones,QB,IND,9,1,0,0,0,0.0,0,0,0,0,0
00-0035713,Brian Burns,LB,NYG,9,2,2,1,1,1.0,1,0,1,0,0
00-0035763,Malcolm Roach,DT,DEN,9,0,3,0,0,0.5,1,0,0,0,0
00-0035795,James Pierre,CB,PIT,9,0,0,0,0,0.0,0,0,1,0,0
00-0035841,Benito Jones,DT,MIA,9,1,1,1,0,1.0,1,0,0,0,0
00-0035857,Chris Williams,DT,CHI,9,0,1,0,0,0.0,0,0,0,0,0
00-0035890,Tershawn Wharton,DE,CAR,9,2,5,1,0,1.0,2,0,0,0,0
00-0035891,Cody White,WR,SEA,9,1,0,0,0,0.0,0,0,0,0,0
00-0035933,Michael Hoecht,LB,BUF,9,1,1,0,0,0.5,1,0,0,0,0
00-0035942,Christian Rozeboom,LB,CAR,9,7,8,1,1,0.0,0,0,0,0,0
00-0035944,Jonah Williams,DE,NO,9,1,1,2,0,1.0,1,0,0,0,0
00-0036166,Dane Jackson,CB,BUF,9,0,3,0,0,0.0,0,0,0,0,0
00-0036176,Mason Kinsey,WR,TEN,9,1,0,0,0,0.0,0,0,0,0,0
00-0036181,Teair Tart,DT,LAC,9,2,0,0,0,0.0,0,0,0,0,0
00-0036187,Reggie Gilliam,RB,BUF,9,1,1,0,0,0.0,0,0,0,0,0
00-0036192,A.J. Epenesa,DE,BUF,9,0,0,0,0,0.0,2,0,0,0,0
00-0036193,Anfernee Jennings,LB,NE,9,0,0,0,0,0.0,1,0,0,0,0
00-0036199,Geno Stone,SAF,CIN,9,4,3,0,0,0.0,0,0,0,0,0
00-0036204,LaCale London,DE,ATL,9,4,1,2,1,2.0,1,0,0,0,0
00-0036220,Derrick Brown,DT,CAR,9,2,2,0,0,0.0,1,0,0,0,0
00-0036221,Brandon Jones,SAF,DEN,9,3,3,0,0,0.0,0,0,1,0,0
00-0036222,Isaiah Rodgers,CB,MIN,9,2,0,0,0,0.0,0,0,0,0,0
00-0036224,Jonathan Greenard,LB,MIN,9,2,3,1,0,0.0,0,0,0,0,0
00-0036231,Kyle Dugger,SAF,PIT,9,1,3,0,0,0.0,0,0,0,0,0
00-0036260,Javon Kinlaw,DT,WAS,9,0,1,0,0,0.0,0,0,0,0,0
00-0036266,Jordan Elliott,DT,SF,9,1,1,0,0,0.0,0,0,0,0,0
00-0036280,Malik Harrison,LB,PIT,9,2,1,0,0,0.0,0,0,0,0,0
00-0036285,A.J. Terrell,CB,ATL,9,5,3,0,0,0.0,0,0,0,0,0
00-0036286,K'Lavon Chaisson,LB,NE,9,2,0,2,1,1.0,1,0,0,0,0
00-0036293,Jeremy Chinn,SAF,LV,9,4,3,0,0,0.0,0,0,0,0,0
00-0036298,Akeem Davis-Gaither,LB,ARI,9,4,3,0,0,0.0,0,0,0,0,0
00-0036302,Jaylinn Hawkins,SAF,NE,9,2,2,0,0,0.0,0,0,0,0,0
00-0036305,Trevis Gipson,LB,CAR,9,1,1,0,0,0.0,0,0,0,0,0
00-0036321,Chase Young,DE,NO,9,2,0,1,0,1.0,1,0,0,0,0
00-0036323,Patrick Queen,LB,PIT,9,0,5,0,1,0.0,0,0,1,0,0
00-0036333,Alex Highsmith,LB,PIT,9,3,1,3,1,2.0,1,0,1,0,0
00-0036335,D.J. Wonnum,LB,CAR,9,1,0,0,0,0.0,0,0,0,0,0
00-0036337,James Lynch,DT,TEN,9,2,1,0,0,0.0,1,0,0,0,0
00-0036338,Troy Dye,LB,LAC,9,2,1,0,0,0.0,0,0,0,0,0
00-0036348,Josh Metellus,SAF,MIN,9,1,4,0,0,0.0,0,0,0,0,0
00-0036349,Kam Curl,SAF,LAR,9,2,1,0,0,0.0,1,0,0,0,0
00-0036362,Willie Gay Jr.,LB,MIA,9,0,1,0,0,0.0,0,0,0,0,0
00-0036366,Neville Gallimore,DT,IND,9,1,4,0,0,0.5,1,0,0,0,0
00-0036375,Amik Robertson,CB,DET,9,2,1,1,0,0.0,0,0,0,0,0
00-0036378,Michael Danna,LB,KC,9,1,0,0,0,0.0,0,0,0,0,0
00-0036380,Alohi Gilman,SAF,BAL,9,2,2,0,1,0.0,0,0,0,0,0
00-0036388,Xavier McKinney,SAF,GB,9,3,6,0,1,1.0,1,1,1,0,0
00-0036409,Jordyn Brooks,LB,MIA,9,2,6,0,0,0.0,0,0,0,0,0
00-0036413,Darrell Taylor,DE,HOU,9,0,1,0,0,0.0,0,0,0,0,0
00-0036421,Terrell Burgess,SAF,NO,9,0,2,0,0,0.0,0,0,0,0,0
00-0036428,Justin Strnad,LB,DEN,9,2,1,0,0,0.0,0,0,0,0,0
00-0036441,"Kenneth Murray, Jr.",LB,DAL,9,2,3,0,0,0.0,0,0,0,0,0
00-0036479,Kwity Paye,DE,IND,9,2,1,0,0,0.0,0,0,0,0,0
00-0036480,Dayo Odeyingbo,DE,CHI,9,1,0,0,0,0.0,1,0,0,0,0
00-0036504,Brandin Echols,CB,PIT,9,4,2,0,0,0.0,1,0,1,0,0
00-0036563,Deommodore Lenoir,CB,SF,9,1,0,0,0,0.0,0,0,0,0,0
00-0036564,Talanoa Hufanga,SAF,DEN,9,5,4,0,0,0.0,0,0,2,0,0
00-0036589,Nick McCloud,CB,CHI,9,1,1,0,0,0.0,0,0,0,0,0
00-0036621,Nick Bolton,LB,KC,9,5,9,1,0,0.0,0,0,0,0,0
00-0036624,Alim McNeill,DT,DET,9,1,1,0,0,0.0,0,0,0,0,0
00-0036625,Benjamin St-Juste,CB,LAC,9,0,1,0,0,0.0,0,0,0,0,0
00-0036629,Camryn Bynum,SAF,IND,9,0,4,0,0,0.0,0,0,0,0,0
00-0036630,Tylan Wallace,WR,BAL,9,1,0,0,0,0.0,0,0,0,0,0
00-0036642,Tedarrell Slaton,DT,CIN,9,1,4,0,0,0.0,1,0,0,0,0
00-0036643,K.J. Britt,LB,MIA,9,1,0,0,0,0.0,0,0,0,0,0
00-0036646,Simi Fehoko,WR,ARI,9,0,1,0,0,0.0,0,0,0,0,0
00-0036672,Grant Stuard,LB,DET,9,1,0,1,0,0.0,0,0,0,0,0
00-0036677,Zayne Anderson,SAF,GB,9,0,1,0,0,0.0,0,0,0,0,0
00-0036683,Devon Key,SAF,DEN,9,2,0,0,0,0.0,0,0,0,0,0
00-0036711,Charles Snowden,LB,LV,9,1,0,0,0,0.0,0,0,0,0,0
00-0036728,Curtis Robinson,LB,SF,9,1,0,0,0,0.0,0,0,0,0,0
00-0036802,Jon Rhattigan,LB,LV,9,0,1,0,0,0.0,0,0,0,0,0
00-0036813,Christian Elliss,LB,NE,9,1,4,0,0,0.0,1,0,0,0,0
00-0036825,Feleipe Franks,TE,ATL,9,0,1,0,0,0.0,0,0,0,0,0
00-0036850,Cameron Sample,DE,CIN,9,0,0,0,0,0.0,1,0,0,0,0
00-0036862,Ben Skowronek,WR,PIT,9,1,2,0,0,0.0,0,0,0,0,0
00-0036867,Chris Rumph II,LB,NO,9,1,4,0,0,0.0,0,0,0,0,0
00-0036883,Tommy Togiai,DT,HOU,9,1,2,0,0,0.0,0,0,0,0,0
00-0036887,Luke Farrell,TE,SF,9,2,0,0,0,0.0,0,0,0,0,0
00-0036901,Eric Stokes,CB,LV,9,3,2,1,0,0.0,0,0,0,0,0
00-0036902,Joseph Ossai,DE,CIN,9,1,2,1,0,1.0,2,0,0,0,0
00-0036909,Khyiris Tonga,DT,NE,9,1,1,0,0,0.0,0,0,0,0,0
00-0036914,Greg Rousseau,LB,BUF,9,3,3,0,0,0.5,4,0,0,0,0
00-0036916,Milton Williams,DT,NE,9,0,2,0,0,0.0,1,0,0,0,0
00-0036927,Pete Werner,LB,NO,9,1,1,0,0,0.0,0,0,0,0,0
00-0036932,Micah Parsons,LB,GB,9,1,2,1,0,0.0,0,0,0,0,0
00-0036933,Zaven Collins,LB,ARI,9,0,1,0,0,0.0,0,0,0,0,0
00-0036934,Jaelan Phillips,LB,MIA,9,3,1,1,0,1.0,1,0,0,0,0
00-0036940,Odafe Oweh,LB,LAC,9,2,1,2,0,2.0,2,0,0,0,0
00-0036942,Osa Odighizuwa,DT,DAL,9,2,2,0,0,0.0,4,0,0,0,0
00-0036943,Mitchell Fraboni,LS,DEN,9,1,0,0,0,0.0,0,0,0,0,0
00-0036944,Jaycee Horn,CB,CAR,9,1,3,0,0,0.0,0,0,1,0,0
00-0036952,Jonathon Cooper,LB,DEN,9,1,1,1,0,1.0,1,0,0,0,0
00-0036962,Tre'von Moehrig,SAF,CAR,9,2,2,2,0,0.0,0,1,2,0,0
00-0036964,Derrick Barnes,LB,DET,9,4,1,2,0,1.0,1,0,0,0,0
00-0036984,Trey Sermon,RB,PIT,9,0,1,0,0,0.0,0,0,0,0,0
00-0036986,Nahshon Wright,CB,CHI,9,2,2,0,0,0.0,0,1,2,0,0
00-0036989,Malcolm Koonce,DE,LV,9,0,1,0,0,0.0,0,0,0,0,0
00-0036992,Elijah Molden,CB,LAC,9,1,3,0,0,0.0,0,0,0,0,0
00-0036993,Ifeatu Melifonwu,SAF,MIA,9,1,0,0,0,0.0,0,0,0,0,0
00-0036994,Ernest Jones,LB,SEA,9,1,5,0,0,0.0,0,0,0,0,0
00-0036995,Baron Browning,LB,ARI,9,1,1,0,0,0.0,0,0,0,0,0
00-0036996,Greg Newsome II,CB,JAX,9,2,1,0,0,0.0,0,0,2,0,0
00-0037003,Chazz Surratt,LB,SEA,9,0,2,0,0,0.0,0,0,0,0,0
00-0037034,Dee Alford,CB,ATL,9,4,0,0,0,0.0,0,0,1,0,0
00-0037074,Quay Walker,LB,GB,9,2,5,0,0,0.0,1,0,0,0,0
00-0037075,Devonte Wyatt,DT,GB,9,1,5,0,0,0.0,0,0,0,0,0
00-0037079,Riq Woolen,CB,SEA,9,1,2,0,0,0.0,0,0,1,0,0
00-0037083,Kingsley Enagbare,LB,GB,9,0,3,0,0,0.0,0,0,0,0,0
00-0037094,Jonathan Ford,DT,CHI,9,0,2,0,0,0.0,0,0,0,0,0
00-0037096,Elijah Hicks,SAF,CHI,9,0,1,0,0,0.0,0,0,0,0,0
00-0037106,Jaylon Jones,DB,CHI,9,1,0,0,0,0.0,0,0,0,0,0
00-0037137,Josh Jobe,CB,SEA,9,1,0,0,0,0.0,0,0,0,0,0
00-0037191,Trent McDuffie,CB,KC,9,5,7,1,0,1.0,1,0,0,0,0
00-0037192,George Karlaftis,DE,KC,9,1,5,0,0,0.5,2,0,0,0,0
00-0037193,Bryan Cook,SAF,KC,9,6,2,0,0,0.0,0,0,1,0,0
00-0037195,Jaylen Watson,CB,KC,9,4,1,0,0,0.0,0,0,0,0,0
00-0037208,Jack Cochrane,LB,KC,9,0,1,0,0,0.0,0,0,0,0,0
00-0037224,Cameron Dicker,K,LAC,9,1,0,0,0,0.0,0,0,0,0,0
00-0037235,Travon Walker,DE,JAX,9,0,1,0,0,0.0,0,0,0,0,0
00-0037236,Aidan Hutchinson,DE,DET,9,2,0,1,0,1.0,3,0,0,0,0
00-0037237,Derek Stingley Jr.,CB,HOU,9,2,2,0,0,0.0,0,0,2,0,0
00-0037240,Jameson Williams,WR,DET,9,1,0,0,0,0.0,0,0,0,0,0
00-0037242,Kaiir Elam,CB,DAL,9,1,0,0,0,0.0,0,0,0,0,0
00-0037246,Jalen Pitre,SAF,HOU,9,1,6,0,0,0.0,0,0,0,0,0
00-0037249,Nik Bonitto,LB,DEN,9,1,0,0,0,0.0,0,0,0,0,0
00-0037252,Greg Dulcich,TE,MIA,9,0,1,0,0,0.0,0,0,0,0,0
00-0037253,Marcus Jones,CB,NE,9,2,1,0,0,0.0,0,0,0,0,0
00-0037254,Terrel Bernard,LB,BUF,9,4,2,0,0,0.0,0,0,0,0,0
00-0037260,DJ Davidson,DT,NYG,9,2,1,0,0,0.0,0,0,0,0,0
00-0037262,Thomas Booker,DT,LV,9,0,1,0,0,0.0,0,0,0,0,0
00-0037269,Eric Johnson,DT,IND,9,0,1,0,0,0.0,0,0,0,0,0
00-0037271,D'Marco Jackson,LB,CHI,9,1,2,0,0,0.0,0,0,0,0,0
00-0037275,DaRon Bland,CB,DAL,9,6,8,0,0,0.0,0,0,1,0,0
00-0037280,Matthew Butler,DT,MIA,9,0,1,0,0,0.0,1,0,0,0,0
00-0037288,Christian Benford,CB,BUF,9,2,1,1,0,1.0,1,0,0,0,0
00-0037291,Jalen Nailor,WR,MIN,9,1,0,0,0,0.0,0,0,0,0,0
00-0037292,Andrew Ogletree,TE,IND,9,2,0,0,0,0.0,0,0,0,0,0
00-0037298,Sam Roberts,DT,ATL,9,2,2,0,0,0.0,0,0,0,0,0
00-0037301,Theo Jackson,DB,MIN,9,0,2,0,0,0.0,0,0,0,0,0
00-0037310,James Houston,DE,DAL,9,1,1,0,0,0.0,0,0,0,0,0
00-0037313,Montaric Brown,CB,JAX,9,4,1,0,0,0.0,0,1,1,0,0
00-0037332,D'Anthony Bell,SAF,SEA,9,0,2,0,0,0.0,0,0,0,0,0
00-0037364,Arron Mosby,DE,GB,9,1,0,0,0,0.0,0,0,0,0,0
00-0037384,Ja'Quan McMillian,CB,DEN,9,2,0,0,0,0.0,0,0,1,0,0
00-0037457,Jake Hansen,LB,HOU,9,2,1,0,0,0.0,0,0,0,0,0
00-0037461,Tristin McCollum,DB,LV,9,2,1,1,0,0.0,0,0,1,0,0
00-0037512,Isaiah Pola-Mao,SAF,LV,9,6,2,0,0,0.0,0,1,2,0,0
00-0037527,Segun Olubi,LB,IND,9,1,0,0,0,0.0,0,0,0,0,0
00-0037545,Rashid Shaheed,WR,NO,9,1,0,0,0,0.0,0,0,0,0,0
00-0037549,Darrell Baker Jr.,CB,TEN,9,2,2,0,0,0.0,0,0,1,0,0
00-0037561,Markquese Bell,SAF,DAL,9,2,5,0,0,0.0,0,0,0,0,0
00-0037578,Juanyeh Thomas,SAF,DAL,9,4,0,0,0,0.0,0,0,0,0,0
00-0037587,Nate Landman,LB,LAR,9,0,5,0,1,0.0,0,0,0,0,0
00-0037594,Julius Chestnut,RB,TEN,9,0,1,0,0,0.0,0,0,0,0,0
00-0037596,Jack Gibbens,LB,NE,9,0,1,0,0,0.0,0,0,1,0,0
00-0037602,Sam Okuayinonu,DT,SF,9,3,1,1,0,1.0,1,0,0,0,0
00-0037611,Kayvon Thibodeaux,LB,NYG,9,0,1,0,0,0.0,0,0,0,0,0
00-0037616,Nick Cross,SAF,IND,9,3,3,0,0,0.0,0,0,0,0,0
00-0037633,Jacob Hummel,LB,BAL,9,1,0,0,0,0.0,0,0,0,0,0
00-0037661,Ja'Marcus Ingram,CB,BUF,9,1,1,0,0,0.0,0,0,0,0,0
00-0037664,Alec Pierce,WR,IND,9,1,0,0,0,0.0,0,0,0,0,0
00-0037743,Daxton Hill,DB,CIN,9,4,3,0,0,0.0,0,0,0,0,0
00-0037752,Tycen Anderson,SAF,CIN,9,1,1,0,0,0.0,0,0,0,0,0
00-0037753,Cam Taylor-Britt,CB,CIN,9,0,2,0,0,0.0,0,0,1,0,0
00-0037756,Travis Jones,DT,BAL,9,2,3,1,0,0.5,1,0,0,0,0
00-0037799,Dondrea Tillman,LB,DEN,9,1,3,0,0,0.5,1,0,0,0,0
00-0037801,KaVontae Turpin,WR,DAL,9,1,0,0,0,0.0,0,0,0,0,0
00-0037808,DeAngelo Malone,LB,ATL,9,1,0,0,0,0.0,0,0,0,0,0
00-0037819,Leo Chenal,LB,KC,9,3,3,1,0,1.0,1,0,0,0,0
00-0037832,Kalia Davis,DT,SF,9,1,2,0,0,0.0,0,0,0,0,0
00-0037839,Cobie Durant,CB,LAR,9,1,0,0,0,0.0,0,0,0,0,0
00-0037841,Quentin Lake,SAF,LAR,9,2,0,0,0,0.0,0,0,1,0,0
00-0037843,Daniel Hardy,DE,CHI,9,0,1,0,0,0.0,1,0,0,0,0
00-0038038,Kyle Hamilton,SAF,BAL,9,3,3,1,0,0.0,0,0,0,0,0
00-0038039,Jack Jones,CB,MIA,9,1,0,0,0,0.0,0,0,0,0,0
00-0038094,Jordan Stout,P,BAL,9,1,0,0,0,0.0,0,0,0,0,0
00-0038099,Phidarian Mathis,DT,BUF,9,0,1,0,0,0.0,0,0,0,0,0
00-0038101,Akayleb Evans,CB,CAR,9,0,1,0,0,0.0,0,0,0,0,0
00-0038106,Eyioma Uwazurike,DT,DEN,9,0,1,0,0,0.0,0,0,0,0,0
00-0038116,Arnold Ebiketie,LB,ATL,9,2,1,1,0,0.0,0,0,0,0,0
00-0038119,Jalyn Armour-Davis,CB,TEN,9,2,2,0,0,0.0,0,0,0,0,0
00-0038121,Alontae Taylor,CB,NO,9,5,3,1,0,0.0,0,0,0,0,0
00-0038123,Dane Belton,SAF,NYG,9,4,11,0,0,0.0,0,0,0,0,0
00-0038133,Boye Mafe,DE,SEA,9,1,3,0,0,0.0,0,0,0,0,0
00-0038135,Jaquan Brisker,SAF,CHI,9,2,4,0,0,0.0,0,0,0,0,0
00-0038136,Coby Bryant,CB,SEA,9,0,4,0,0,0.0,0,0,0,0,0
00-0038142,David Ojabo,LB,BAL,9,0,1,0,0,0.5,1,0,0,0,0
00-0038359,Xavier Smith,WR,LAR,9,0,1,0,0,0.0,0,0,0,0,0
00-0038390,Noah Sewell,LB,CHI,9,2,0,0,0,0.0,0,0,0,0,0
00-0038398,Karl Brooks,DT,GB,9,0,5,0,0,0.0,0,0,0,0,0
00-0038399,Zaire Barnes,LB,NYG,9,2,1,0,0,0.0,0,0,0,0,0
00-0038401,Jarrick Bernard-Converse,CB,NYG,9,0,3,0,0,0.0,0,0,0,0,0
00-0038407,Jaylon Jones,DB,IND,9,2,2,1,0,0.0,0,0,1,0,0
00-0038408,Carrington Valentine,DB,GB,9,3,1,0,0,0.0,0,0,0,0,0
00-0038409,Lew Nichols III,RB,PIT,9,0,1,0,0,0.0,0,0,0,0,0
00-0038440,Zavier Scott,RB,MIN,9,0,1,0,0,0.0,0,0,0,0,0
00-0038493,Claudin Cherelus,LB,CAR,9,0,1,0,0,0.0,0,0,0,0,0
00-0038541,Tyree Wilson,DE,LV,9,2,0,0,0,0.0,0,0,0,0,0
00-0038546,Myles Murphy,DE,CIN,9,2,4,0,0,0.0,0,0,1,0,0
00-0038549,DJ Turner II,CB,CIN,9,2,2,0,0,0.0,0,0,1,0,0
00-0038552,Riley Moss,CB,DEN,9,5,0,0,0,0.0,0,0,1,0,0
00-0038553,Daiyan Henley,LB,LAC,9,4,5,1,0,1.0,1,0,1,0,0
00-0038554,Ji'Ayir Brown,SAF,SF,9,3,1,0,0,0.0,0,0,1,0,0
00-0038557,Dorian Williams,LB,BUF,9,1,0,0,0,0.0,1,0,0,0,0
00-0038560,Jordan Battle,SAF,CIN,9,5,7,0,0,0.0,0,0,0,0,0
00-0038565,Mekhi Blackmon,DB,IND,9,4,1,0,0,0.0,0,0,0,0,0
00-0038570,Ventrell Miller,LB,JAX,9,2,5,0,0,0.0,0,0,0,0,0
00-0038578,Jay Ward,SAF,MIN,9,0,1,0,0,0.0,0,0,0,0,0
00-0038580,Yasir Abdullah,LB,JAX,9,1,0,0,0,0.0,0,0,0,0,0
00-0038585,Cameron Mitchell,DB,IND,9,1,1,0,0,0.0,0,0,0,0,0
00-0038588,Jordan Howden,SAF,NO,9,0,1,0,0,0.0,0,0,0,0,0
00-0038591,Mike Morris,DE,SEA,9,1,2,0,0,0.0,0,0,0,0,0
00-0038594,Darrell Luter Jr.,CB,SF,9,0,1,0,0,0.0,0,0,0,0,0
00-0038596,Antonio Johnson,SAF,JAX,9,3,4,0,0,0.0,0,0,0,0,0
00-0038597,Chase Brown,RB,CIN,9,1,0,0,0,0.0,0,0,0,0,0
00-0038599,Henry To'oTo'o,LB,HOU,9,2,5,1,0,0.0,0,0,0,0,0
00-0038600,Owen Pappoe,LB,ARI,9,0,1,0,0,0.0,0,0,0,0,0
00-0038603,Robert Beal Jr.,DE,SF,9,0,1,0,0,0.0,0,0,0,0,0
00-0038605,JL Skinner,SAF,DEN,9,1,0,0,0,0.0,0,0,0,0,0
00-0038613,Jerrick Reed II,SAF,SEA,9,0,2,0,0,0.0,0,0,0,0,0
00-0038623,Dante Stills,DT,ARI,9,1,0,0,0,0.0,0,0,0,0,0
00-0038625,Dee Winters,LB,SF,9,2,3,0,0,0.0,0,0,0,0,0
00-0038642,D.J. Ivey,CB,CIN,9,0,1,0,0,0.0,0,0,0,0,0
00-0038684,Ethan Bonner,CB,MIA,9,1,0,0,0,0.0,0,0,0,0,0
00-0038694,Brandon Pili,DT,SEA,9,1,1,0,1,0.0,0,0,0,0,0
00-0038735,Princeton Fant,TE,DAL,9,0,1,0,0,0.0,0,0,0,0,0
00-0038738,Hunter Luepke,RB,DAL,9,0,1,0,0,0.0,0,0,0,0,0
00-0038742,Tyrus Wheat,DE,DET,9,0,1,0,0,0.0,0,0,0,0,0
00-0038765,Ty Okada,SAF,SEA,9,2,3,0,0,0.0,0,1,1,0,0
00-0038769,Chris Stoll,LS,SEA,9,0,1,0,0,0.0,0,0,0,0,0
00-0038778,Jalen Redmond,DL,MIN,9,1,2,1,0,1.0,1,0,0,0,0
00-0038791,Thomas Incoom,LB,CAR,9,1,0,0,0,0.0,0,0,0,0,0
00-0038797,Emanuel Wilson,RB,GB,9,1,0,0,0,0.0,0,0,0,0,0
00-0038807,Ivan Pace Jr.,LB,MIN,9,1,2,0,0,0.0,0,0,0,0,0
00-0038840,Brycen Tremayne,WR,CAR,9,0,1,0,0,0.0,0,0,0,0,0
00-0038841,Nick Whiteside,DB,DET,9,0,1,0,0,0.0,0,0,0,0,0
00-0038896,Jacob Saylors,RB,DET,9,0,1,0,0,0.0,0,0,0,0,0
00-0038922,Drake Thomas,LB,SEA,9,3,5,1,0,1.0,1,0,1,0,0
00-0038940,Tyler Lacy,DE,DET,9,1,3,0,0,1.0,1,0,0,0,0
00-0038982,Chamarri Conner,DB,KC,9,3,2,0,0,0.0,0,0,0,0,0
00-0038984,Kei'Trel Clark,CB,ARI,9,1,0,0,0,0.0,0,0,0,0,0
00-0038986,Nic Jones,CB,NYG,9,0,1,0,0,0.0,0,0,0,0,0
00-0038995,Bryan Bresee,DT,NO,9,0,0,0,0,0.0,2,0,1,0,0
00-0039000,Deonte Banks,CB,NYG,9,2,1,0,0,0.0,0,0,0,0,0
00-0039007,Garrett Williams,CB,ARI,9,3,1,0,1,0.0,0,0,1,0,0
00-0039018,Jack Campbell,LB,DET,9,6,3,1,0,1.0,1,0,0,0,0
00-0039031,Adetomiwa Adebawore,DT,IND,9,0,1,0,0,0.0,0,0,0,0,0
00-0039041,Elijah Higgins,TE,ARI,9,1,0,0,0,0.0,0,0,0,0,0
00-0039047,Derick Hall,LB,SEA,9,2,3,1,0,0.0,0,0,0,0,0
00-0039054,Marte Mapu,LB,NE,9,2,0,0,0,0.0,0,0,0,0,0
00-0039066,Michael Mayer,TE,LV,9,2,0,0,0,0.0,0,0,0,0,0
00-0039071,Tyrique Stevenson,CB,CHI,9,6,0,0,0,0.0,0,0,1,0,0
00-0039074,Davis Allen,TE,LAR,9,0,1,0,0,0.0,0,0,0,0,0
00-0039108,Will Anderson Jr.,DE,HOU,9,1,0,1,0,1.0,2,0,0,0,0
00-0039110,Keeanu Benton,DT,PIT,9,2,3,1,0,1.0,2,0,0,0,0
00-0039111,Tuli Tuipulotu,LB,LAC,9,1,0,1,1,1.0,1,0,0,0,0
00-0039137,Byron Young,LB,LAR,9,1,1,0,0,0.0,0,0,0,0,0
00-0039138,Kobie Turner,DE,LAR,9,1,2,1,0,0.0,0,0,0,0,0
00-0039141,Brian Branch,CB,DET,9,4,2,0,0,0.0,0,0,0,0,0
00-0039147,Christian Gonzalez,CB,NE,9,6,1,0,0,0.0,0,0,2,0,0
00-0039149,Quan Martin,SAF,WAS,9,3,0,0,0,0.0,0,0,0,0,0
00-0039151,Emmanuel Forbes,CB,LAR,9,3,1,0,0,0.0,0,1,3,0,0
00-0039167,Joey Porter Jr.,CB,PIT,9,6,2,0,0,1.0,0,1,4,0,0
00-0039169,Devon Witherspoon,CB,SEA,9,5,2,0,0,0.0,1,0,0,0,0
00-0039172,Jake Bates,K,DET,9,0,1,0,0,0.0,0,0,0,0,0
00-0039232,Nate Wiggins,CB,BAL,9,4,2,0,0,0.0,0,0,0,0,0
00-0039234,T.J. Tampa,CB,BAL,9,1,0,0,0,0.0,0,0,0,0,0
00-0039305,Jack Westover,FB,NE,9,1,0,0,0,0.0,0,0,0,0,0
00-0039309,Byron Murphy II,DT,SEA,9,0,4,0,0,0.5,1,0,0,0,0
00-0039324,Christian Roland-Wallace,CB,KC,9,1,2,0,0,0.0,0,0,0,0,0
00-0039332,C.J. Ravenell,DE,TEN,9,0,1,0,1,0.0,0,0,0,0,0
00-0039340,Laiatu Latu,DE,IND,9,4,2,3,0,2.5,3,0,0,0,0
00-0039343,Kamari Lassiter,CB,HOU,9,6,3,0,0,0.0,0,0,2,0,0
00-0039345,Renardo Green,CB,SF,9,2,4,0,0,0.0,0,0,2,0,0
00-0039347,Trevin Wallace,LB,CAR,9,6,3,0,0,0.0,1,0,1,0,0
00-0039352,Marist Liufau,LB,DAL,9,1,0,0,0,0.0,0,0,0,0,0
00-0039353,Jarrian Jones,CB,JAX,9,5,4,0,0,0.0,0,0,1,0,0
00-0039356,Ja'Tavion Sanders,TE,CAR,9,1,0,0,0,0.0,0,0,0,0,0
00-0039360,Malik Mustapha,SAF,SF,9,3,2,0,0,0.0,0,0,0,0,0
00-0039363,Isaac Guerendo,RB,SF,9,0,1,0,0,0.0,0,0,0,0,0
00-0039364,Sione Vaki,RB,DET,9,1,1,0,0,0.0,0,0,0,0,0
00-0039368,Jordan Magee,LB,WAS,9,2,3,0,0,0.0,0,0,0,0,0
00-0039369,Cam Hart,CB,LAC,9,1,2,0,0,0.0,0,0,1,0,0
00-0039370,JD Bertrand,LB,ATL,9,4,1,0,0,0.0,0,0,0,0,0
00-0039371,Kris Abrams-Draine,CB,DEN,9,5,2,1,0,0.0,0,0,0,0,0
00-0039374,Tommy Eichenberg,LB,LV,9,1,1,0,0,0.0,0,0,0,0,0
00-0039375,Josh Newton,CB,CIN,9,2,0,0,0,0.0,0,0,0,0,0
00-0039380,Chau Smith-Wade,CB,CAR,9,1,0,0,0,0.0,0,0,0,0,0
00-0039387,Caelen Carson,DB,DAL,9,0,1,0,0,0.0,0,0,0,0,0
00-0039395,Jamal Hill,LB,HOU,9,0,1,0,0,0.0,0,0,0,0,0
00-0039409,Cam Little,K,JAX,9,0,1,0,0,0.0,0,0,0,0,0
00-0039410,Ryan Flournoy,WR,DAL,9,0,1,0,0,0.0,0,0,0,0,0
00-0039421,Levi Drake Rodriguez,DL,MIN,9,1,1,1,0,1.0,2,0,0,0,0
00-0039423,Jonah Laulu,DT,LV,9,2,2,0,0,0.0,0,0,0,0,0
00-0039435,Tatum Bethune,LB,SF,9,8,8,0,0,0.0,0,0,1,0,0
00-0039436,Jaylen Harrell,DE,TEN,9,0,2,0,0,0.0,0,0,0,0,0
00-0039460,Carl Jones,LB,CHI,9,0,2,0,0,0.0,0,0,0,0,0
00-0039465,Reddy Steward,DB,DAL,9,2,0,1,0,1.0,1,0,0,0,0
00-0039483,Isaiah Johnson,CB,MIA,9,1,0,0,0,0.0,0,0,0,0,0
00-0039530,Brevyn Spann-Ford,TE,DAL,9,1,0,0,0,0.0,0,0,0,0,0
00-0039601,Demani Richardson,SAF,CAR,9,0,1,0,0,0.0,0,0,0,0,0
00-0039603,British Brooks,RB,HOU,9,0,1,0,0,0.0,0,0,0,0,0
00-0039632,PJ Jules,SAF,CIN,9,0,1,0,0,0.0,0,0,0,0,0
00-0039637,Maema Njongmeta,LB,CAR,9,0,1,0,0,0.0,0,0,0,0,0
00-0039648,David Martin-Robinson,TE,TEN,9,1,1,0,0,0.0,0,0,0,0,0
00-0039660,Thomas Harper,SAF,DET,9,2,0,0,0,0.0,0,0,0,0,0
00-0039681,Tyler Owens,DB,WAS,9,1,1,0,0,0.0,0,0,0,0,0
00-0039692,Dell Pettus,SAF,NE,9,0,0,0,0,0.0,0,0,1,0,0
00-0039733,Ruke Orhorhoro,DT,ATL,9,1,2,0,0,0.0,0,0,0,0,0
00-0039734,Braden Fiske,DT,LAR,9,1,2,1,0,1.0,1,0,0,0,0
00-0039741,Payton Wilson,LB,PIT,9,9,4,0,0,0.0,0,1,2,0,0
00-0039744,Tanor Bortolini,G,IND,9,1,0,0,0,0.0,0,0,0,0,0
00-0039749,Tyler Davis,DE,LAR,9,0,1,0,0,0.0,0,0,1,0,0
00-0039752,Cedric Johnson,DE,CIN,9,0,1,0,0,0.0,1,0,0,0,0
00-0039757,Terrell Jennings,RB,NE,9,0,2,0,0,0.0,0,0,0,0,0
00-0039763,Joe Andreessen,LB,BUF,9,1,0,0,0,0.0,0,0,0,0,0
00-0039774,Omar Speights,LB,LAR,9,2,1,0,0,0.0,0,0,0,0,0
00-0039776,Jaylen McCollough,SAF,LAR,9,1,0,0,0,0.0,0,0,0,0,0
00-0039795,Nehemiah Pritchett,CB,SEA,9,0,1,0,0,0.0,0,0,0,0,0
00-0039807,Max Melton,CB,ARI,9,3,1,0,0,0.0,0,0,0,0,0
00-0039809,Jonah Elliss,LB,DEN,9,1,0,0,0,0.0,0,0,0,0,0
00-0039812,Ty'Ron Hopper,LB,GB,9,1,0,0,0,0.0,0,0,0,0,0
00-0039813,Evan Williams,SAF,GB,9,2,6,0,0,0.0,0,0,0,0,0
00-0039815,Tyrice Knight,LB,SEA,9,3,6,1,0,0.0,0,0,0,0,0
00-0039821,Andru Phillips,DB,NYG,9,1,0,1,0,0.0,0,0,0,0,0
00-0039825,Jaden Hicks,SAF,KC,9,2,0,0,0,0.0,0,0,0,0,0
00-0039829,Darius Muasau,LB,NYG,9,2,2,0,0,0.0,0,0,0,0,0
00-0039834,Kamren Kinchens,SAF,LAR,9,5,0,0,0,0.0,0,0,0,0,0
00-0039835,Justin Eboigbe,DT,LAC,9,1,0,0,0,0.0,0,0,0,0,0
00-0039838,Calen Bullock,SAF,HOU,9,2,0,0,0,0.0,0,1,1,0,0
00-0039840,Austin Booker,DE,CHI,9,2,0,1,1,1.0,1,0,0,0,0
00-0039850,Edgerrin Cooper,LB,GB,9,3,5,0,0,0.0,0,0,0,0,0
00-0039852,Jared Verse,DE,LAR,9,0,1,0,0,0.0,0,0,0,0,0
00-0039854,Darius Robinson,DL,ARI,9,0,1,0,0,0.0,0,0,0,0,0
00-0039858,Cedric Gray,LB,TEN,9,11,5,1,0,1.0,1,0,0,0,0
00-0039859,Brandon Dorlus,DE,ATL,9,3,1,2,0,2.0,2,0,0,0,0
00-0039860,Kool-Aid McKinstry,CB,NO,9,3,4,0,0,0.0,0,0,0,0,0
00-0039861,Tyler Nubin,SAF,NYG,9,3,5,0,0,0.0,0,0,0,0,0
00-0039864,Dadrion Taylor-Demerson,SAF,ARI,9,1,0,0,0,0.0,0,0,0,0,0
00-0039867,Javon Bullard,SAF,GB,9,3,1,0,0,0.0,0,0,0,0,0
00-0039872,Cole Bishop,SAF,BUF,9,4,3,1,0,0.0,0,0,4,0,0
00-0039879,Javon Solomon,LB,BUF,9,0,1,0,0,0.0,0,0,0,0,0
00-0039880,Malik Washington,WR,MIA,9,1,0,0,0,0.0,0,0,0,0,0
00-0039884,Tahj Washington,WR,MIA,9,0,1,0,0,0.0,0,0,0,0,0
00-0039886,T'Vondre Sweat,DT,TEN,9,1,1,1,0,0.0,0,0,1,0,0
00-0039889,Maason Smith,DT,JAX,9,0,1,0,0,0.0,0,0,0,0,0
00-0039894,Xavier Worthy,WR,KC,9,1,0,0,0,0.0,0,0,0,0,0
00-0039898,Mike Sainristil,CB,WAS,9,1,1,0,0,0.0,0,1,1,0,0
00-0039903,Terrion Arnold,CB,DET,9,1,2,0,0,0.0,0,1,3,0,0
00-0039908,Kris Jenkins,DT,CIN,9,0,2,0,0,0.0,0,0,0,0,0
00-0039911,Chop Robinson,LB,MIA,9,0,1,0,0,0.0,0,0,0,0,0
00-0039924,Dallas Turner,LB,MIN,9,2,2,0,0,0.0,0,0,0,0,0
00-0040011,Shemar James,LB,DAL,9,2,3,1,0,0.0,1,0,0,0,0
00-0040019,Jay Toia,DT,DAL,9,0,1,0,0,0.0,1,0,0,0,0
00-0040041,Nazir Stackhouse,DT,GB,9,0,2,0,0,0.0,0,0,0,0,0
00-0040044,Zion Childress,DB,DAL,9,0,1,0,0,0.0,0,0,0,0,0
00-0040061,Connor O'Toole,LB,SEA,9,0,1,0,0,0.0,0,0,0,0,0
00-0040069,Teddye Buchanan,LB,BAL,9,3,4,0,0,0.0,0,0,0,0,0
00-0040072,Jeffrey Bassa,LB,KC,9,0,2,0,0,0.0,0,0,0,0,0
00-0040089,Kevin Knowles,DB,KC,9,2,0,0,0,0.0,0,0,0,0,0
00-0040104,Keondre Jackson,SAF,BAL,9,2,0,0,0,0.0,0,0,0,0,0
00-0040127,Kenneth Grant,DT,MIA,9,1,1,0,0,0.0,0,0,0,0,0
00-0040137,Jordan Burch,LB,ARI,9,0,1,0,0,0.0,0,0,0,0,0
00-0040141,Kevin Winston Jr.,SAF,TEN,9,1,1,0,0,0.0,0,0,0,0,0
00-0040144,Jamaree Caldwell,DT,LAC,9,1,0,0,0,0.0,0,0,0,0,0
00-0040148,Xavier Watts,SAF,ATL,9,3,1,0,0,0.0,0,0,0,0,0
00-0040149,Jaylin Smith,CB,HOU,9,1,1,0,0,0.0,0,0,0,0,0
00-0040152,Upton Stout,CB,SF,9,4,2,1,0,0.0,0,0,0,0,0
00-0040155,Danny Stutsman,LB,NO,9,1,7,0,0,0.0,0,0,0,0,0
00-0040157,Barrett Carter,LB,CIN,9,5,5,0,0,0.0,0,0,1,0,0
00-0040159,Lathan Ransom,SAF,CAR,9,3,3,0,0,0.0,0,0,0,0,0
00-0040160,Jack Sawyer,LB,PIT,9,0,0,0,0,0.0,0,1,1,0,0
00-0040164,Jaylin Lane,WR,WAS,9,1,0,0,0,0.0,0,0,0,0,0
00-0040166,Quincy Riley,CB,NO,9,0,0,0,0,0.0,0,0,1,0,0
00-0040168,Que Robinson,LB,DEN,9,1,0,0,0,0.0,0,0,0,0,0
00-0040171,Joshua Farmer,DT,NE,9,1,1,0,0,0.0,0,0,0,0,0
00-0040175,Jordan Phillips,DT,MIA,9,0,1,0,0,0.0,1,0,0,0,0
00-0040182,Dante Trader Jr.,SAF,MIA,9,8,5,0,0,0.0,0,0,0,0,0
00-0040192,Jordan Hancock,CB,BUF,9,1,0,0,0,0.0,0,0,0,0,0
00-0040195,Denzel Burke,CB,ARI,9,6,1,0,0,0.0,0,1,2,0,0
00-0040201,Marcus Harris,CB,TEN,9,1,0,0,0,0.0,0,0,1,0,0
00-0040221,R.J. Mickens,SAF,LAC,9,1,2,0,0,0.0,0,0,0,0,0
00-0040228,Cody Lindenberg,LB,LV,9,2,0,0,0,0.0,0,0,0,0,0
00-0040243,Korie Black,CB,NYG,9,1,6,1,0,0.0,0,0,1,0,0
00-0040246,Julian Ashby,LS,NE,9,1,0,0,0,0.0,0,0,0,0,0
00-0040251,Trikweze Bridges,DB,DAL,9,1,0,0,0,0.0,0,0,0,0,0
00-0040277,Jahdae Walker,WR,CHI,9,0,1,0,0,0.0,0,0,0,0,0
00-0040326,Branson Combs,LB,JAX,9,0,2,0,0,0.0,0,0,0,0,0
00-0040342,Danny Striggow,DE,JAX,9,1,0,0,0,0.0,0,0,0,0,0
00-0040471,Nikko Reed,DB,LAC,9,0,1,0,0,0.0,0,0,0,0,0
00-0040489,Greedy Vance,CB,LV,9,1,0,0,0,0.0,0,0,0,0,0
00-0040492,Tyler Batty,LB,MIN,9,0,1,0,0,0.0,0,0,0,0,0
00-0040496,Chaz Chambliss,LB,MIN,9,1,0,0,0,0.0,0,0,0,0,0
00-0040503,Dorian Mausi,LB,TEN,9,2,0,0,0,0.0,0,0,0,0,0
00-0040509,Ben Yurosek,TE,MIN,9,0,1,0,0,0.0,0,0,0,0,0
00-0040574,Elijah Ponder,LB,NE,9,1,0,0,0,0.0,0,0,0,0,0
00-0040577,Jalon Walker,LB,ATL,9,4,1,2,1,2.0,2,0,1,0,0
00-0040580,Josaiah Stewart,LB,LAR,9,0,1,0,0,0.0,0,0,0,0,0
00-0040640,Ashton Gillotte,DE,KC,9,1,2,0,0,0.5,2,0,0,0,0
00-0040641,Darien Porter,CB,LV,9,8,2,0,0,0.0,0,0,0,0,0
00-0040643,Jonas Sanker,SAF,NO,9,5,3,0,0,0.0,0,0,1,0,0
00-0040645,Cody Simon,LB,ARI,9,1,2,0,1,0.0,0,0,0,0,0
00-0040660,Mykel Williams,DE,SF,9,0,1,0,0,0.0,1,0,0,0,0
00-0040670,Nohl Williams,CB,KC,9,2,5,0,0,0.0,0,0,0,0,0
00-0040672,Tyleik Williams,DT,DET,9,1,1,1,0,0.0,0,0,0,0,0
00-0040677,Abdul Carter,LB,NYG,9,1,0,0,0,0.0,0,0,0,0,0
00-0040678,Derrick Harmon,DT,PIT,9,2,0,0,0,0.0,0,0,0,0,0
00-0040688,Malaki Starks,SAF,BAL,9,5,0,0,0,0.0,0,1,1,0,0
00-0040694,Darius Alexander,DT,NYG,9,0,1,0,0,0.0,0,0,0,0,0
00-0040699,Will Campbell,OT,NE,9,1,0,0,0,0.0,0,0,0,0,0
00-0040706,Walter Nolen,DT,ARI,9,3,1,2,0,1.0,1,0,1,0,0
00-0040709,Maxwell Hairston,CB,BUF,9,0,0,0,0,0.0,0,1,1,0,0
00-0040710,Deone Walker,DT,BUF,9,0,1,0,0,0.0,1,0,0,0,0
00-0040716,Craig Woodson,SAF,NE,9,1,1,0,0,0.0,0,0,0,0,0
00-0040720,Jahdae Barron,CB,DEN,9,2,0,0,0,0.0,0,0,0,0,0
00-0040722,Mike Green,LB,BAL,9,0,2,0,0,0.5,1,0,0,0,0
00-0040723,Jack Kiser,LB,JAX,9,1,1,0,0,0.0,0,0,0,0,0
00-0040725,Donovan Ezeiruaku,DE,DAL,9,2,1,1,0,1.0,1,0,0,0,0
00-0040729,Jack Bech,WR,LV,9,1,0,0,0,0.0,0,0,0,0,0
00-0040731,Trey Amos,CB,WAS,9,4,3,0,0,0.0,0,0,0,0,0
00-0040733,Nick Emmanwori,SAF,SEA,9,4,1,1,0,0.0,0,0,0,0,0
00-0040738,Demetrius Knight Jr.,LB,CIN,9,2,4,0,0,0.0,0,0,1,0,0
00-0040744,Jaylahn Tuimolaou,DE,IND,9,0,2,0,0,0.0,0,0,0,0,0
00-0040746,Nic Scourton,LB,CAR,9,2,3,0,0,0.0,1,0,0,0,0
00-0040751,Will Johnson,CB,ARI,9,4,1,0,1,0.0,0,0,1,0,0
00-0040756,Shemar Stewart,DE,CIN,9,1,2,0,0,0.0,1,0,0,0,0
00-0026190,Calais Campbell,DE,ARI,10,3,2,1,0,0.0,0,0,0,0,0
00-0027940,Von Miller,OLB,WAS,10,0,1,0,0,0.0,1,0,0,0,0
00-0027962,Cameron Jordan,LB,NO,10,2,0,1,0,1.0,1,0,0,0,0
00-0027969,Cameron Heyward,DE,PIT,10,1,5,1,0,0.0,0,0,1,0,0
00-0028292,Nick Bellore,LB,WAS,10,1,0,0,0,0.0,0,0,0,0,0
00-0029255,Bobby Wagner,MLB,WAS,10,6,3,0,0,0.0,1,0,0,0,0
00-0029562,Lavonte David,OLB,TB,10,5,3,0,0,0.0,0,0,0,0,0
00-0029606,Harrison Smith,FS,MIN,10,5,2,0,1,0.0,0,0,0,0,0
00-0029607,Demario Davis,OLB,NO,10,1,6,0,0,0.0,0,0,1,0,0
00-0030062,Darius Slay,CB,PIT,10,2,1,0,0,0.0,0,0,0,0,0
00-0030070,John Jenkins,DT,BAL,10,1,0,0,0,0.0,0,0,1,0,0
00-0030114,Jordan Poyer,FS,BUF,10,3,5,0,0,0.0,0,0,0,0,0
00-0030561,Lane Johnson,OT,PHI,10,1,0,0,0,0.0,0,0,0,0,0
00-0031040,Khalil Mack,OLB,LAC,10,1,2,1,1,1.0,1,0,0,0,0
00-0031054,DaQuan Jones,DT,BUF,10,0,1,0,0,0.0,1,0,0,0,0
00-0031254,Denico Autry,DT,HOU,10,0,0,0,0,0.0,0,0,1,0,0
00-0031270,Shelby Harris,DE,CLE,10,0,1,0,0,0.0,0,0,1,0,0
00-0031360,Kyle Van Noy,MLB,BAL,10,2,0,0,0,0.0,0,0,1,0,0
00-0031411,DeMarcus Lawrence,LB,SEA,10,1,3,1,0,0.5,3,0,0,0,0
00-0031551,Eddie Goldman,NT,WAS,10,1,1,0,0,0.0,0,0,0,0,0
00-0031557,Jordan Phillips,DT,BUF,10,0,1,0,0,0.0,0,0,0,0,0
00-0031565,Danielle Hunter,DE,HOU,10,5,2,4,1,3.5,4,0,0,0,0
00-0031583,Grady Jarrett,DT,CHI,10,0,4,0,0,0.0,0,0,0,0,0
00-0031898,Alex Singleton,LB,DEN,10,2,7,0,0,0.0,0,0,0,0,0
00-0031933,Leonard Williams,DE,SEA,10,2,0,1,0,1.0,1,0,0,0,0
00-0031935,Preston Smith,DE,WAS,10,0,5,0,0,0.0,0,0,0,0,0
00-0031957,Rakeem Nunez-Roches,DT,NYG,10,0,1,0,0,0.0,0,0,0,0,0
00-0032103,Denzel Perryman,MLB,LAC,10,2,1,0,0,0.0,0,0,0,0,0
00-0032146,Bud Dupree,OLB,LAC,10,1,0,1,0,1.0,1,0,0,0,0
00-0032164,Arik Armstead,DE,JAX,10,1,1,1,0,1.0,1,0,0,0,0
00-0032265,Mario Edwards,DT,HOU,10,0,1,0,0,0.0,0,0,0,0,0
00-0032388,Deion Jones,LB,TB,10,2,0,0,0,0.0,0,0,0,0,0
00-0032398,Chris Moore,WR,WAS,10,1,0,0,0,0.0,0,0,0,0,0
00-0032415,Matthew Judon,OLB,MIA,10,0,1,0,0,0.0,0,0,0,0,0
00-0032424,DJ Reader,DT,DET,10,1,1,0,0,0.0,0,0,0,0,0
00-0032442,Elandon Roberts,OLB,LV,10,0,2,0,0,0.0,0,0,0,0,0
00-0032580,Jonathan Jones,DB,WAS,10,4,0,0,0,0.0,0,0,1,0,0
00-0032667,Roy Robertson-Harris,DE,NYG,10,1,3,0,0,0.0,0,0,0,0,0
00-0032759,Sheldon Rankins,DT,HOU,10,0,1,0,0,0.0,0,0,0,0,0
00-0032889,A'Shawn Robinson,DT,CAR,10,2,2,0,0,0.0,0,0,0,0,0
00-0032918,C.J. Ham,FB,MIN,10,1,1,0,0,0.0,0,0,0,0,0
00-0032933,Antonio Hamilton,CB,WAS,10,1,1,0,0,0.0,0,0,0,0,0
00-0032951,Laquon Treadwell,WR,IND,10,1,0,0,0,0.0,0,0,0,0,0
00-0033010,Sheldon Day,DT,WAS,10,1,2,0,0,0.0,1,0,0,0,0
00-0033051,David Onyemata,DT,ATL,10,4,3,0,0,0.0,0,0,0,0,0
00-0033055,Jalen Ramsey,CB,PIT,10,4,4,0,0,0.0,0,0,0,0,0
00-0033066,Andrew Billings,DT,CHI,10,4,0,2,0,0.0,0,0,0,0,0
00-0033093,Jonathan Bullard,DE,NO,10,0,1,0,0,0.0,0,0,1,0,0
00-0033109,Javon Hargrave,NT,MIN,10,1,0,0,0,0.0,0,0,0,0,0
00-0033131,Maliek Collins,DT,CLE,10,1,1,1,0,0.5,1,0,0,0,0
00-0033132,Kevin Byard,FS,CHI,10,5,1,0,0,0.0,0,0,0,0,0
00-0033156,Joey Bosa,DE,BUF,10,4,0,2,0,0.0,0,0,0,0,0
00-0033260,Thomas Hennessy,LS,NYJ,10,1,0,0,0,0.0,0,0,0,0,0
00-0033281,Marlon Humphrey,CB,BAL,10,2,2,0,0,0.0,0,1,1,0,0
00-0033288,George Kittle,TE,SF,10,1,0,0,0,0.0,0,0,0,0,0
00-0033293,Aaron Jones,RB,MIN,10,0,1,0,0,0.0,0,0,0,0,0
00-0033297,D.J. Jones,DT,DEN,10,0,1,0,0,0.0,0,0,0,0,0
00-0033336,Eric Wilson,LB,MIN,10,4,1,1,1,0.0,0,0,0,0,0
00-0033381,Adam Butler,DT,LV,10,2,0,1,0,1.0,1,0,0,0,0
00-0033393,Kenny Moore II,CB,IND,10,2,0,0,0,0.0,0,0,0,0,0
00-0033503,Arthur Maulet,CB,DET,10,2,1,0,0,0.0,0,0,1,0,0
00-0033523,Jonathan Allen,DE,MIN,10,4,0,2,0,1.0,1,0,0,0,0
00-0033546,Dalvin Tomlinson,DE,ARI,10,3,1,0,0,0.0,0,0,0,0,0
00-0033548,Chidobe Awuzie,CB,BAL,10,0,0,0,0,0.0,1,0,1,0,0
00-0033571,Matt Milano,OLB,BUF,10,1,3,0,0,0.0,0,0,0,0,0
00-0033676,Elijah Wilkinson,OT,ATL,10,0,1,0,0,0.0,0,0,0,0,0
00-0033697,Michael Davis,CB,NO,10,0,1,0,0,0.0,0,0,0,0,0
00-0033702,Younghoe Koo,K,NYG,10,0,1,0,0,0.0,0,0,0,0,0
00-0033860,Davon Godchaux,DT,NO,10,0,2,0,0,0.0,0,0,0,0,0
00-0033868,Myles Garrett,DE,CLE,10,1,1,2,0,1.0,1,0,0,0,0
00-0033872,Jamal Adams,LB,LV,10,2,1,0,0,0.0,0,0,0,0,0
00-0033876,Derek Barnett,DE,HOU,10,1,1,0,0,0.0,0,0,0,0,0
00-0033878,Adoree' Jackson,CB,PHI,10,3,0,0,0,0.0,0,0,1,0,0
00-0033884,Tre'Davious White,CB,BUF,10,2,2,1,0,0.0,0,0,0,0,0
00-0033886,T.J. Watt,OLB,PIT,10,2,1,1,0,1.0,3,0,1,0,0
00-0033890,Budda Baker,S,ARI,10,2,3,0,0,0.0,0,0,0,0,0
00-0033905,Larry Ogunjobi,DT,BUF,10,2,0,1,0,0.0,0,0,0,0,0
00-0033914,Alex Anzalone,MLB,DET,10,3,2,0,0,0.0,1,0,0,0,0
00-0033918,Fabian Moreau,CB,MIN,10,2,0,0,0,0.0,0,0,0,0,0
00-0033941,Rayshawn Jenkins,SAF,CLE,10,2,2,0,0,0.0,0,0,0,0,0
00-0033952,Grover Stewart,DT,IND,10,1,2,0,0,0.0,0,0,0,0,0
00-0034163,Jacob Martin,DE,WAS,10,2,0,0,0,0.0,2,0,0,0,0
00-0034203,Darious Williams,CB,LAR,10,1,0,0,0,0.0,0,0,0,0,0
00-0034234,Poona Ford,DT,LAR,10,2,1,0,0,0.0,0,0,0,0,0
00-0034248,Elijah Campbell,DB,MIA,10,1,0,0,0,0.0,0,0,0,0,0
00-0034278,Tremon Smith,CB,HOU,10,3,1,0,0,0.0,0,0,1,0,0
00-0034285,Zach Sieler,DE,MIA,10,1,0,1,0,1.0,1,0,0,0,0
00-0034302,Frankie Luvu,LB,WAS,10,3,0,0,0,0.0,0,0,1,0,0
00-0034350,Uchenna Nwosu,LB,SEA,10,2,0,2,0,0.0,1,0,0,0,0
00-0034356,Donte Jackson,CB,LAC,10,2,1,0,0,0.0,0,1,2,0,0
00-0034357,Isaiah Oliver,FS,NYJ,10,2,5,0,0,0.0,0,0,0,0,0
00-0034361,Justin Reid,S,NO,10,1,4,0,0,0.0,0,0,0,0,0
00-0034371,Da'Shawn Hand,DE,LAC,10,2,1,0,0,0.0,1,0,0,0,0
00-0034377,Avonte Maddox,FS,DET,10,4,0,0,0,0.0,0,0,0,0,0
00-0034381,Josh Sweat,LB,ARI,10,1,0,1,1,1.0,0,0,0,0,0
00-0034391,Siran Neal,DB,SF,10,1,0,0,0,0.0,0,0,0,0,0
00-0034397,Tim Settle,DT,HOU,10,1,1,0,0,0.0,0,0,0,0,0
00-0034413,Foye Oluokun,LB,JAX,10,1,8,0,0,0.0,0,0,1,0,0
00-0034431,Zaire Franklin,OLB,IND,10,6,4,2,0,1.0,1,0,0,0,0
00-0034465,Jeremy Reaves,DB,WAS,10,4,3,0,0,0.0,0,0,1,0,0
00-0034473,Dennis Gardeck,LB,JAX,10,5,2,1,0,0.0,0,0,0,0,0
00-0034485,Jonathan Owens,SAF,CHI,10,0,1,0,0,0.0,0,0,0,0,0
00-0034488,Tavierre Thomas,SAF,MIN,10,1,0,0,0,0.0,0,0,0,0,0
00-0034639,Mike Ford,DB,ATL,10,1,0,0,0,0.0,0,0,0,0,0
00-0034673,Tremaine Edmunds,MLB,CHI,10,4,3,1,0,0.0,1,0,2,0,0
00-0034675,Jessie Bates,FS,ATL,10,6,3,0,1,0.0,0,1,2,0,0
00-0034720,Robert Spillane,LB,NE,10,1,8,1,0,0.0,0,0,1,0,0
00-0034760,Nathan Shepherd,DE,NO,10,2,0,1,0,1.0,1,0,0,0,0
00-0034773,Vita Vea,DT,TB,10,1,1,0,0,0.0,1,0,0,0,0
00-0034775,Christian Kirk,WR,HOU,10,1,0,0,0,0.0,0,0,0,0,0
00-0034778,Carlton Davis III,CB,NE,10,2,3,0,0,0.0,0,0,0,0,0
00-0034779,Ronnie Harrison,LB,ATL,10,5,2,1,0,1.0,1,0,0,0,0
00-0034780,Isaac Yiadom,CB,NO,10,1,0,0,0,0.0,0,0,0,0,0
00-0034782,Harrison Phillips,DT,NYJ,10,3,1,0,0,0.0,0,0,0,0,0
00-0034789,Minkah Fitzpatrick,FS,MIA,10,6,0,0,0,0.0,0,0,1,0,0
00-0034790,Derwin James,FS,LAC,10,0,3,0,0,0.0,0,0,0,0,0
00-0034797,Jerome Baker,OLB,CLE,10,1,1,1,0,0.0,0,0,0,0,0
00-0034801,Josh Woods,LB,ATL,10,2,2,0,0,0.0,0,0,0,0,0
00-0034805,John Franklin-Myers,DE,DEN,10,1,2,0,0,0.5,1,0,0,0,0
00-0034828,Harold Landry III,LB,NE,10,0,3,0,0,0.0,1,0,0,0,0
00-0034832,Bradley Chubb,OLB,MIA,10,2,1,0,0,1.0,4,0,0,0,0
00-0034842,Taven Bryan,DT,BAL,10,0,0,0,0,0.0,1,0,0,0,0
00-0034854,KhaDarel Hodge,WR,ATL,10,1,1,0,0,0.0,0,0,0,0,0
00-0034856,Denzel Ward,CB,CLE,10,1,0,0,0,0.0,0,0,0,0,0
00-0034874,Roquan Smith,ILB,BAL,10,3,3,0,0,0.0,1,0,1,0,0
00-0034959,Andrew Beck,FB,NYJ,10,1,0,0,0,0.0,0,0,0,0,0
00-0034967,Rashan Gary,LB,GB,10,1,3,0,0,0.0,0,0,0,0,0
00-0034968,Darnell Savage,DB,WAS,10,1,0,0,0,0.0,0,0,0,0,0
00-0034973,Maxx Crosby,DE,LV,10,2,3,0,0,0.0,0,0,0,0,0
00-0034982,Dre Greenlaw,LB,DEN,10,2,3,1,1,0.0,0,0,1,0,0
00-0034987,E.J. Speed,LB,HOU,10,3,3,1,0,0.0,0,0,0,0,0
00-0035000,Quinton Bell,LB,MIA,10,0,1,0,0,0.0,0,0,0,0,0
00-0035020,Demetrius Flannigan-Fowles,LB,NYG,10,4,2,1,0,0.0,1,0,0,0,0
00-0035021,Ashton Dulin,WR,IND,10,1,0,0,0,0.0,0,0,0,0,0
00-0035026,Kevin Givens,DT,SF,10,1,0,0,0,0.0,0,0,0,0,0
00-0035133,Keisean Nixon,DB,GB,10,2,2,0,0,0.0,0,0,1,0,0
00-0035166,Azeez Al-Shaair,LB,HOU,10,3,5,0,0,0.0,0,0,1,0,0
00-0035202,Del'Shawn Phillips,LB,LAC,10,3,0,0,0,0.0,0,0,0,0,0
00-0035236,Byron Murphy,CB,MIN,10,4,0,0,0,0.0,0,0,0,0,0
00-0035240,Jahlani Tavai,LB,NE,10,0,2,0,0,0.0,0,0,0,0,0
00-0035244,Lonnie Johnson,SAF,LV,10,3,0,0,0,0.0,0,0,0,0,0
00-0035248,Zach Allen,DE,DEN,10,1,3,0,0,1.0,3,0,1,0,0
00-0035253,C.J. Gardner-Johnson,SAF,CHI,10,7,2,2,1,2.0,2,0,0,0,0
00-0035254,Anthony Nelson,LB,TB,10,3,3,0,0,0.0,0,0,0,0,0
00-0035272,Andrew Van Ginkel,OLB,MIN,10,2,2,0,0,0.0,1,0,2,0,0
00-0035276,Blake Cashman,LB,MIN,10,4,7,0,0,0.0,0,0,0,0,0
00-0035277,Mike Jackson,CB,CAR,10,1,0,0,0,0.0,0,0,1,0,0
00-0035316,Kaden Elliss,LB,ATL,10,1,5,1,0,1.0,2,0,1,0,0
00-0035352,Tyrel Dodson,LB,MIA,10,5,4,0,0,0.0,0,0,0,0,0
00-0035357,Cam Lewis,CB,BUF,10,4,3,1,0,0.0,0,0,1,0,0
00-0035378,Andrew Wingard,SAF,JAX,10,3,6,0,0,0.0,0,0,1,0,0
00-0035402,Carl Granderson,DE,NO,10,1,0,0,0,0.0,0,0,0,0,0
00-0035413,Luke Gifford,LB,SF,10,1,0,0,0,0.0,0,0,1,0,0
00-0035525,Devin Bush,LB,CLE,10,3,2,1,0,0.0,0,0,0,0,0
00-0035625,Juan Thornhill,SAF,PIT,10,1,0,0,0,0.0,0,0,0,0,0
00-0035637,Rock Ya-Sin,CB,DET,10,1,0,0,0,0.0,0,0,1,0,0
00-0035642,Josh Hines-Allen,DE,JAX,10,1,3,0,0,0.0,1,0,0,0,0
00-0035647,Montez Sweat,DE,CHI,10,2,1,1,0,1.5,2,0,0,0,0
00-0035656,Khalen Saunders,DT,JAX,10,0,1,0,0,0.0,0,0,0,0,0
00-0035667,Greg Gaines,DT,TB,10,1,1,0,0,0.0,0,0,0,0,0
00-0035669,Nick Scott,SAF,CAR,10,4,2,0,0,0.0,0,0,0,0,0
00-0035678,Dre'Mont Jones,DE,BAL,10,0,0,0,0,0.0,2,0,0,0,0
00-0035680,Quincy Williams,LB,NYJ,10,5,3,2,0,1.0,1,0,0,0,0
00-0035683,Dexter Lawrence,DT,NYG,10,0,1,0,0,0.0,0,0,0,0,0
00-0035687,Bobby Okereke,ILB,NYG,10,1,5,0,0,0.0,0,0,0,0,0
00-0035692,Clelin Ferrell,DE,SF,10,1,0,0,0,0.0,0,0,0,0,0
00-0035697,Germaine Pratt,LB,IND,10,3,4,0,0,0.0,0,0,1,0,0
00-0035699,Jamel Dean,CB,TB,10,4,0,0,0,0.0,0,0,0,0,0
00-0035705,Jalen Thompson,DB,ARI,10,4,0,0,0,0.0,0,0,0,0,0
00-0035707,Devin White,LB,LV,10,4,3,0,0,0.0,0,0,0,0,0
00-0035713,Brian Burns,LB,NYG,10,4,1,1,0,0.0,2,0,1,0,0
00-0035757,Jacob Bobenmoyer,LS,LV,10,0,1,0,0,0.0,0,0,0,0,0
00-0035763,Malcolm Roach,DT,DEN,10,2,1,0,0,1.0,1,0,0,0,0
00-0035795,James Pierre,CB,PIT,10,2,3,0,0,0.0,0,0,2,0,0
00-0035841,Benito Jones,DT,MIA,10,1,1,0,0,0.0,0,0,0,0,0
00-0035857,Chris Williams,DT,CHI,10,1,2,0,0,0.0,0,0,0,0,0
00-0035890,Tershawn Wharton,DE,CAR,10,1,5,1,0,0.0,0,0,0,0,0
00-0035891,Cody White,WR,SEA,10,1,0,0,0,0.0,0,0,0,0,0
00-0035942,Christian Rozeboom,LB,CAR,10,2,2,0,0,0.0,0,0,0,0,0
00-0035944,Jonah Williams,DE,NO,10,0,0,0,0,0.0,1,0,0,0,0
00-0036037,Sam Franklin Jr.,SAF,BUF,10,1,0,0,0,0.0,0,0,0,0,0
00-0036087,Myles Bryant,CB,HOU,10,5,2,0,0,0.0,0,0,0,0,0
00-0036151,Bryce Huff,DE,SF,10,0,0,0,0,0.0,3,0,0,0,0
00-0036157,Kristian Welch,LB,GB,10,0,1,0,0,0.0,0,0,0,0,0
00-0036159,Joshua Uche,LB,PHI,10,0,1,0,0,0.0,0,0,0,0,0
00-0036181,Teair Tart,DT,LAC,10,0,1,0,0,0.0,0,0,0,0,0
00-0036193,Anfernee Jennings,LB,NE,10,2,1,0,0,0.0,0,0,0,0,0
00-0036220,Derrick Brown,DT,CAR,10,2,6,1,0,0.0,0,0,0,0,0
00-0036221,Brandon Jones,SAF,DEN,10,4,1,0,0,0.0,0,0,0,0,0
00-0036222,Isaiah Rodgers,CB,MIN,10,5,1,0,0,0.0,0,0,0,0,0
00-0036223,Jonathan Taylor,RB,IND,10,1,0,0,0,0.0,0,0,0,0,0
00-0036224,Jonathan Greenard,LB,MIN,10,1,1,0,0,0.0,0,0,1,0,0
00-0036231,Kyle Dugger,SAF,PIT,10,2,3,1,0,0.0,0,0,0,0,0
00-0036237,Larrell Murchison,DT,LAR,10,0,1,0,0,0.0,0,0,0,0,0
00-0036260,Javon Kinlaw,DT,WAS,10,1,1,0,0,0.0,0,0,0,0,0
00-0036262,DaVon Hamilton,DT,JAX,10,0,2,0,0,0.0,0,0,0,0,0
00-0036266,Jordan Elliott,DT,SF,10,0,3,0,0,0.0,0,0,0,0,0
00-0036280,Malik Harrison,LB,PIT,10,2,3,1,0,0.0,0,0,0,0,0
00-0036282,Grant Delpit,SAF,CLE,10,1,2,0,0,0.0,1,0,1,0,0
00-0036285,A.J. Terrell,CB,ATL,10,3,3,0,0,0.0,0,0,0,0,0
00-0036286,K'Lavon Chaisson,LB,NE,10,1,0,1,0,1.0,2,0,0,0,0
00-0036287,Noah Igbinoghene,CB,WAS,10,0,4,0,0,0.0,0,0,0,0,0
00-0036293,Jeremy Chinn,SAF,LV,10,2,7,1,0,0.0,0,0,0,0,0
00-0036298,Akeem Davis-Gaither,LB,ARI,10,1,4,1,0,0.0,0,0,0,0,0
00-0036302,Jaylinn Hawkins,SAF,NE,10,4,2,1,0,0.0,0,0,0,0,0
00-0036305,Trevis Gipson,LB,CAR,10,0,1,0,0,0.0,0,0,0,0,0
00-0036321,Chase Young,DE,NO,10,1,2,0,0,0.0,0,0,0,0,0
00-0036322,Justin Jefferson,WR,MIN,10,1,0,0,0,0.0,0,0,0,0,0
00-0036323,Patrick Queen,LB,PIT,10,2,10,0,0,0.0,0,0,0,0,0
00-0036333,Alex Highsmith,LB,PIT,10,2,0,2,0,2.0,3,0,0,0,0
00-0036335,D.J. Wonnum,LB,CAR,10,2,4,1,0,0.0,0,0,0,0,0
00-0036348,Josh Metellus,SAF,MIN,10,2,1,0,0,0.0,1,0,0,0,0
00-0036349,Kam Curl,SAF,LAR,10,3,4,0,0,0.0,0,0,0,0,0
00-0036359,Damon Arnette,CB,HOU,10,1,0,0,0,0.0,0,0,0,0,0
00-0036362,Willie Gay Jr.,LB,MIA,10,1,0,1,0,1.0,1,0,0,0,0
00-0036366,Neville Gallimore,DT,IND,10,0,1,0,0,0.0,0,0,0,0,0
00-0036375,Amik Robertson,CB,DET,10,2,0,0,0,0.0,0,0,0,0,0
00-0036380,Alohi Gilman,SAF,BAL,10,2,1,0,0,0.0,0,0,1,0,0
00-0036388,Xavier McKinney,SAF,GB,10,3,3,0,0,0.0,0,0,0,0,0
00-0036409,Jordyn Brooks,LB,MIA,10,5,6,2,1,0.0,0,0,0,0,0
00-0036411,Antoine Winfield Jr.,SAF,TB,10,1,0,1,0,0.0,0,0,1,0,0
00-0036418,Zack Baun,LB,PHI,10,5,3,0,0,0.0,0,0,0,0,0
00-0036421,Terrell Burgess,SAF,NO,10,0,1,0,0,0.0,0,0,0,0,0
00-0036422,Adam Trautman,TE,DEN,10,0,1,0,0,0.0,0,0,0,0,0
00-0036428,Justin Strnad,LB,DEN,10,0,1,0,0,0.0,0,0,0,0,0
00-0036479,Kwity Paye,DE,IND,10,0,2,0,0,0.0,0,0,0,0,0
00-0036497,Tim Jones,WR,JAX,10,0,1,0,0,0.0,0,0,0,0,0
00-0036500,Jamien Sherwood,LB,NYJ,10,4,2,0,0,0.0,0,0,1,0,0
00-0036502,Jason Pinnock,SAF,SF,10,1,1,0,0,0.0,0,0,0,0,0
00-0036504,Brandin Echols,CB,PIT,10,2,1,1,0,0.0,0,0,0,0,0
00-0036561,Keith Taylor,CB,ATL,10,4,2,0,0,0.0,0,0,0,0,0
00-0036563,Deommodore Lenoir,CB,SF,10,1,1,0,0,0.0,0,0,0,0,0
00-0036564,Talanoa Hufanga,SAF,DEN,10,5,4,1,0,1.0,1,0,0,0,0
00-0036568,Roy Lopez,DT,DET,10,3,2,2,0,0.5,1,0,0,0,0
00-0036613,Jaylen Waddle,WR,MIA,10,1,0,0,0,0.0,0,0,0,0,0
00-0036624,Alim McNeill,DT,DET,10,1,0,0,0,0.0,0,0,0,0,0
00-0036625,Benjamin St-Juste,CB,LAC,10,1,0,0,0,0.0,0,0,0,0,0
00-0036629,Camryn Bynum,SAF,IND,10,4,1,1,1,1.0,0,0,0,0,0
00-0036630,Tylan Wallace,WR,BAL,10,1,1,0,0,0.0,0,0,0,0,0
00-0036646,Simi Fehoko,WR,ARI,10,0,1,0,0,0.0,0,0,0,0,0
00-0036658,Isaiah McDuffie,LB,GB,10,2,4,0,0,0.0,0,0,0,0,0
00-0036672,Grant Stuard,LB,DET,10,1,1,0,0,0.0,0,0,0,0,0
00-0036677,Zayne Anderson,SAF,GB,10,0,1,0,0,0.0,0,0,0,0,0
00-0036683,Devon Key,SAF,DEN,10,0,1,0,0,0.0,0,0,0,0,0
00-0036711,Charles Snowden,LB,LV,10,5,1,1,0,1.0,2,0,1,0,0
00-0036727,Adam Prentice,FB,DEN,10,0,1,0,0,0.0,0,0,0,0,0
00-0036728,Curtis Robinson,LB,SF,10,2,0,0,0,0.0,0,0,0,0,0
00-0036816,Riley Patterson,K,MIA,10,1,0,0,0,0.0,0,0,0,0,0
00-0036825,Feleipe Franks,TE,ATL,10,2,1,0,0,0.0,0,0,0,0,0
00-0036841,Austin Trammell,WR,JAX,10,1,0,0,0,0.0,0,0,0,0,0
00-0036862,Ben Skowronek,WR,PIT,10,1,0,0,0,0.0,0,0,0,0,0
00-0036867,Chris Rumph II,LB,NO,10,0,2,0,0,0.0,0,0,0,0,0
00-0036876,Kylen Granson,TE,PHI,10,1,1,0,0,0.0,0,0,0,0,0
00-0036881,Jay Tufele,DT,NYJ,10,0,1,0,0,0.0,0,0,0,0,0
00-0036883,Tommy Togiai,DT,HOU,10,3,2,1,0,0.0,0,0,0,0,0
00-0036887,Luke Farrell,TE,SF,10,0,1,0,0,0.0,0,0,0,0,0
00-0036901,Eric Stokes,CB,LV,10,2,1,0,0,0.0,0,0,0,0,0
00-0036914,Greg Rousseau,LB,BUF,10,0,3,0,0,0.0,1,0,0,0,0
00-0036916,Milton Williams,DT,NE,10,0,3,1,0,0.0,1,0,0,0,0
00-0036919,Kenny Gainwell,RB,PIT,10,1,0,0,0,0.0,0,0,0,0,0
00-0036922,Patrick Johnson,LB,PHI,10,1,1,0,0,0.0,0,0,0,0,0
00-0036927,Pete Werner,LB,NO,10,3,3,1,0,0.0,0,0,0,0,0
00-0036932,Micah Parsons,LB,GB,10,1,1,0,0,0.0,0,0,0,0,0
00-0036934,Jaelan Phillips,LB,PHI,10,3,2,1,0,0.0,2,0,0,0,0
00-0036940,Odafe Oweh,LB,LAC,10,0,1,0,0,0.0,0,0,0,0,0
00-0036944,Jaycee Horn,CB,CAR,10,2,1,0,0,0.0,0,0,0,0,0
00-0036952,Jonathon Cooper,LB,DEN,10,1,1,1,0,0.5,1,0,0,0,0
00-0036956,Darren Hall,CB,ARI,10,1,0,0,0,0.0,0,0,0,0,0
00-0036962,Tre'von Moehrig,SAF,CAR,10,5,1,1,0,0.0,1,0,0,0,0
00-0036964,Derrick Barnes,LB,DET,10,0,1,0,0,0.0,0,0,0,0,0
00-0036967,Joe Tryon-Shoyinka,DE,CHI,10,0,1,0,0,0.0,0,0,0,0,0
00-0036974,Tyson Campbell,CB,CLE,10,3,2,0,0,0.0,0,0,1,0,0
00-0036981,Christian Barmore,DT,NE,10,1,0,0,0,0.0,0,0,0,0,0
00-0036986,Nahshon Wright,CB,CHI,10,3,0,0,0,0.0,0,0,1,0,0
00-0036987,Brandon Stephens,CB,NYJ,10,3,1,1,0,0.0,0,0,0,0,0
00-0036992,Elijah Molden,CB,LAC,10,4,1,0,0,0.0,0,0,0,0,0
00-0036993,Ifeatu Melifonwu,SAF,MIA,10,0,0,0,0,0.0,0,1,1,0,0
00-0036995,Baron Browning,LB,ARI,10,0,1,0,0,0.0,0,0,0,0,0
00-0036996,Greg Newsome II,CB,JAX,10,4,3,0,0,0.0,0,0,1,0,0
00-0036998,Jevon Holland,SAF,NYG,10,4,2,0,0,0.0,0,0,1,0,0
00-0037003,Chazz Surratt,LB,SEA,10,1,0,0,0,0.0,0,0,0,0,0
00-0037034,Dee Alford,CB,ATL,10,0,1,0,0,0.0,0,0,1,0,0
00-0037073,Jordan Davis,DT,PHI,10,0,3,0,0,0.0,0,0,0,0,0
00-0037074,Quay Walker,LB,GB,10,5,1,2,0,0.0,0,0,0,0,0
00-0037075,Devonte Wyatt,DT,GB,10,3,0,1,0,0.0,0,0,0,0,0
00-0037079,Riq Woolen,CB,SEA,10,2,1,0,0,0.0,0,0,2,0,0
00-0037083,Kingsley Enagbare,LB,GB,10,1,2,0,0,0.0,0,0,0,0,0
00-0037094,Jonathan Ford,DT,CHI,10,0,1,0,0,0.0,0,0,0,0,0
00-0037096,Elijah Hicks,SAF,CHI,10,1,0,0,0,0.0,0,0,0,0,0
00-0037120,Tyler Goodson,RB,IND,10,1,1,0,0,0.0,0,0,0,0,0
00-0037130,Reed Blankenship,SAF,PHI,10,2,5,0,1,0.0,0,0,0,0,0
00-0037155,Tony Adams,SAF,NYJ,10,7,1,1,0,0.0,0,0,1,0,0
00-0037190,Sauce Gardner,CB,IND,10,4,2,0,0,0.0,0,0,1,0,0
00-0037235,Travon Walker,DE,JAX,10,1,0,0,0,0.0,0,0,0,0,0
00-0037236,Aidan Hutchinson,DE,DET,10,0,0,0,0,0.0,1,0,1,0,0
00-0037237,Derek Stingley Jr.,CB,HOU,10,0,2,0,0,0.0,0,1,2,0,0
00-0037244,Devin Lloyd,LB,JAX,10,2,6,0,0,0.0,0,0,0,0,0
00-0037249,Nik Bonitto,LB,DEN,10,4,1,2,0,1.5,3,0,0,0,0
00-0037251,Alex Wright,DE,CLE,10,2,0,0,0,0.0,0,0,0,0,0
00-0037253,Marcus Jones,CB,NE,10,2,2,0,0,0.0,0,0,0,0,0
00-0037254,Terrel Bernard,LB,BUF,10,3,1,1,0,0.0,0,0,0,0,0
00-0037262,Thomas Booker,DT,LV,10,2,0,0,0,0.0,0,0,0,0,0
00-0037263,Tyler Allgeier,RB,ATL,10,0,1,0,0,0.0,0,0,0,0,0
00-0037268,Zyon McCollum,CB,TB,10,4,1,0,0,0.0,0,0,1,0,0
00-0037298,Sam Roberts,DT,ATL,10,0,1,0,0,0.0,0,0,0,0,0
00-0037304,Connor Heyward,FB,PIT,10,0,1,0,0,0.0,0,0,0,0,0
00-0037307,Ja'Sir Taylor,CB,NYJ,10,0,1,0,0,0.0,0,0,0,0,0
00-0037313,Montaric Brown,CB,JAX,10,1,2,0,0,0.0,0,0,2,0,0
00-0037318,Baylon Spector,LB,BUF,10,1,0,0,0,0.0,0,0,0,0,0
00-0037384,Ja'Quan McMillian,CB,DEN,10,2,0,0,0,0.0,0,0,0,0,0
00-0037457,Jake Hansen,LB,HOU,10,1,1,0,0,0.0,0,0,0,0,0
00-0037475,Stone Smartt,TE,NYJ,10,1,0,0,0,0.0,0,0,0,0,0
00-0037512,Isaiah Pola-Mao,SAF,LV,10,1,2,1,0,0.0,0,0,0,0,0
00-0037527,Segun Olubi,LB,IND,10,1,0,0,0,0.0,0,0,0,0,0
00-0037587,Nate Landman,LB,LAR,10,5,6,2,1,0.0,0,0,0,0,0
00-0037596,Jack Gibbens,LB,NE,10,5,5,1,0,0.0,0,0,1,0,0
00-0037602,Sam Okuayinonu,DT,SF,10,2,0,0,0,0.0,0,0,0,0,0
00-0037611,Kayvon Thibodeaux,LB,NYG,10,1,2,0,0,0.0,0,0,0,0,0
00-0037615,Nakobe Dean,LB,PHI,10,6,1,1,1,1.0,1,0,0,0,0
00-0037616,Nick Cross,SAF,IND,10,3,4,0,0,1.0,1,0,0,0,0
00-0037633,Jacob Hummel,LB,BAL,10,1,0,0,0,0.0,0,0,0,0,0
00-0037661,Ja'Marcus Ingram,CB,BUF,10,1,0,0,0,0.0,0,0,0,0,0
00-0037663,Jermaine Johnson II,DE,NYJ,10,2,2,2,0,1.0,1,0,0,0,0
00-0037664,Alec Pierce,WR,IND,10,1,0,0,0,0.0,0,0,0,0,0
00-0037740,Garrett Wilson,WR,NYJ,10,1,0,0,0,0.0,0,0,0,0,0
00-0037756,Travis Jones,DT,BAL,10,3,0,1,0,1.0,3,0,2,0,0
00-0037758,Cordale Flott,CB,NYG,10,1,1,0,0,0.0,0,0,0,0,0
00-0037799,Dondrea Tillman,LB,DEN,10,1,2,0,0,0.0,0,1,1,0,0
00-0037812,Abraham Lucas,OT,SEA,10,1,0,0,0,0.0,0,0,0,0,0
00-0037815,Cameron Thomas,DE,CLE,10,1,1,1,0,1.0,2,0,0,0,0
00-0037829,Spencer Burford,G,SF,10,1,0,0,0,0.0,0,0,0,0,0
00-0037832,Kalia Davis,DT,SF,10,1,3,1,0,0.5,1,0,0,0,0
00-0037839,Cobie Durant,CB,LAR,10,3,2,0,0,0.0,0,0,1,0,0
00-0037841,Quentin Lake,SAF,LAR,10,8,3,0,0,0.0,1,0,0,0,0
00-0038038,Kyle Hamilton,SAF,BAL,10,0,1,0,0,0.0,1,0,2,0,0
00-0038039,Jack Jones,CB,MIA,10,3,3,2,1,0.0,0,0,0,0,0
00-0038046,Charlie Kolar,TE,BAL,10,0,1,0,0,0.0,0,0,0,0,0
00-0038100,Percy Butler,SAF,WAS,10,0,1,0,0,0.0,0,0,0,0,0
00-0038106,Eyioma Uwazurike,DT,DEN,10,1,2,0,0,0.5,1,0,0,0,0
00-0038115,Daniel Bellinger,TE,NYG,10,1,0,0,0,0.0,0,0,0,0,0
00-0038116,Arnold Ebiketie,LB,ATL,10,1,2,2,0,1.0,1,0,0,0,0
00-0038121,Alontae Taylor,CB,NO,10,3,2,1,0,0.0,0,1,1,0,0
00-0038123,Dane Belton,SAF,NYG,10,2,1,0,0,0.0,0,0,0,0,0
00-0038127,Logan Hall,DE,TB,10,1,0,0,0,0.0,1,0,0,0,0
00-0038133,Boye Mafe,DE,SEA,10,1,1,1,0,1.0,1,0,0,0,0
00-0038135,Jaquan Brisker,SAF,CHI,10,1,4,0,0,0.0,0,0,1,0,0
00-0038136,Coby Bryant,CB,SEA,10,1,5,0,0,0.0,0,0,1,0,0
00-0038142,David Ojabo,LB,BAL,10,0,1,0,0,0.0,0,0,0,0,0
00-0038381,Kyu Blu Kelly,CB,LV,10,0,1,0,0,0.0,0,2,2,0,0
00-0038386,Jalen Carter,DT,PHI,10,2,1,0,0,0.0,0,0,2,0,0
00-0038387,Colby Wooden,DE,GB,10,3,2,1,0,0.0,0,0,0,0,0
00-0038390,Noah Sewell,LB,CHI,10,2,3,1,0,0.0,0,0,0,0,0
00-0038398,Karl Brooks,DT,GB,10,2,1,0,0,0.0,0,0,0,0,0
00-0038399,Zaire Barnes,LB,NYG,10,2,0,0,0,0.0,0,0,0,0,0
00-0038401,Jarrick Bernard-Converse,CB,NYG,10,0,1,0,0,0.0,0,0,0,0,0
00-0038407,Jaylon Jones,DB,IND,10,2,0,0,0,0.0,0,0,1,0,0
00-0038408,Carrington Valentine,DB,GB,10,1,0,0,0,0.0,0,0,1,0,0
00-0038412,Moro Ojomo,DT,PHI,10,0,0,0,0,0.0,2,0,0,0,0
00-0038414,Kendall Williamson,SAF,LAC,10,1,0,0,0,0.0,0,0,0,0,0
00-0038488,Brady Russell,RB,SEA,10,0,2,0,0,0.0,0,0,0,0,0
00-0038493,Claudin Cherelus,LB,CAR,10,1,2,0,0,0.0,0,0,0,0,0
00-0038504,Trenton Simpson,LB,BAL,10,0,2,0,0,0.0,0,0,0,0,0
00-0038541,Tyree Wilson,DE,LV,10,1,1,0,0,0.0,0,0,0,0,0
00-0038552,Riley Moss,CB,DEN,10,4,1,0,0,0.0,0,0,0,0,0
00-0038553,Daiyan Henley,LB,LAC,10,5,1,0,0,0.0,0,0,0,0,0
00-0038554,Ji'Ayir Brown,SAF,SF,10,3,7,0,0,0.0,0,0,1,0,0
00-0038557,Dorian Williams,LB,BUF,10,0,1,0,0,0.0,0,0,0,0,0
00-0038565,Mekhi Blackmon,DB,IND,10,1,1,1,0,0.0,0,0,0,0,0
00-0038570,Ventrell Miller,LB,JAX,10,0,1,0,1,0.0,0,0,0,0,0
00-0038574,Isaiah McGuire,DE,CLE,10,2,0,1,0,0.0,0,0,0,0,0
00-0038577,Nick Herbig,LB,PIT,10,2,1,2,0,1.0,1,0,0,0,0
00-0038578,Jay Ward,SAF,MIN,10,0,1,0,0,0.0,0,0,0,0,0
00-0038580,Yasir Abdullah,LB,JAX,10,1,0,0,0,0.0,0,0,0,0,0
00-0038591,Mike Morris,DE,SEA,10,0,2,0,0,0.0,0,0,0,0,0
00-0038596,Antonio Johnson,SAF,JAX,10,3,3,1,0,1.0,0,0,1,0,0
00-0038599,Henry To'oTo'o,LB,HOU,10,2,2,1,0,0.5,1,0,1,0,0
00-0038603,Robert Beal Jr.,DE,SF,10,0,4,0,0,0.0,0,0,0,0,0
00-0038605,JL Skinner,SAF,DEN,10,1,0,0,0,0.0,0,0,0,0,0
00-0038623,Dante Stills,DT,ARI,10,3,0,1,0,0.0,0,0,0,0,0
00-0038625,Dee Winters,LB,SF,10,4,3,1,0,0.0,2,0,0,0,0
00-0038628,DeMarcco Hellams,SAF,ATL,10,1,0,0,0,0.0,0,0,0,0,0
00-0038645,Spencer Anderson,G,PIT,10,1,0,0,0,0.0,0,0,0,0,0
00-0038653,Cory Durden,DT,NE,10,0,3,0,0,0.0,0,0,0,0,0
00-0038660,Trevor Nowaske,LB,DET,10,0,1,0,0,0.0,0,0,0,0,0
00-0038684,Ethan Bonner,CB,MIA,10,0,1,0,0,0.0,0,0,0,0,0
00-0038685,Chris Brooks,RB,GB,10,1,0,0,0,0.0,0,0,0,0,0
00-0038710,Blake Whiteheart,TE,CLE,10,0,3,0,0,0.0,0,0,0,0,0
00-0038711,Mohamoud Diabate,LB,CLE,10,0,3,0,0,0.0,0,0,0,0,0
00-0038715,Ronnie Hickman Jr.,SAF,CLE,10,2,2,0,0,0.0,0,1,1,0,0
00-0038742,Tyrus Wheat,DE,DET,10,0,1,0,0,0.0,0,0,0,0,0
00-0038764,Patrick O'Connell,LB,SEA,10,1,3,0,0,0.0,0,0,0,0,0
00-0038765,Ty Okada,SAF,SEA,10,5,2,0,0,0.0,0,0,1,0,0
00-0038778,Jalen Redmond,DL,MIN,10,5,3,0,0,0.0,0,0,0,0,0
00-0038791,Thomas Incoom,LB,CAR,10,0,1,0,0,0.0,0,0,0,0,0
00-0038795,PJ Mustipher,DT,ARI,10,0,2,0,0,0.0,0,0,0,0,0
00-0038807,Ivan Pace Jr.,LB,MIN,10,0,3,0,0,0.0,1,0,0,0,0
00-0038823,Kaevon Merriweather,SAF,TB,10,0,1,0,0,0.0,0,0,0,0,0
00-0038824,Ryan Miller,WR,TB,10,1,0,0,0,0.0,0,0,0,0,0
00-0038922,Drake Thomas,LB,SEA,10,4,3,2,0,0.0,0,0,0,0,0
00-0038940,Tyler Lacy,DE,DET,10,1,4,0,0,0.0,0,0,0,0,0
00-0038966,Natrone Brooks,DB,ATL,10,1,0,0,0,0.0,0,0,0,0,0
00-0038978,Byron Young,DT,PHI,10,0,0,1,0,0.0,0,0,0,0,0
00-0038980,Zach Harrison,DE,ATL,10,1,4,1,1,1.0,1,0,0,0,0
00-0038984,Kei'Trel Clark,CB,ARI,10,2,1,0,1,0.0,0,0,0,0,0
00-0038995,Bryan Bresee,DT,NO,10,2,2,0,0,0.0,0,0,0,0,0
00-0039000,Deonte Banks,CB,NYG,10,3,2,0,0,0.0,0,0,0,0,0
00-0039007,Garrett Williams,CB,ARI,10,3,3,0,0,0.0,0,0,0,0,0
00-0039009,Dylan Horton,DE,HOU,10,1,0,0,0,0.0,0,0,0,0,0
00-0039013,Nolan Smith,LB,PHI,10,2,0,0,0,1.0,2,0,0,0,0
00-0039018,Jack Campbell,LB,DET,10,4,5,0,0,0.0,1,0,0,0,0
00-0039031,Adetomiwa Adebawore,DT,IND,10,1,4,0,0,0.0,0,0,0,0,0
00-0039041,Elijah Higgins,TE,ARI,10,1,1,0,0,0.0,0,0,0,0,0
00-0039047,Derick Hall,LB,SEA,10,0,1,0,0,0.0,1,0,0,0,0
00-0039049,SirVocea Dennis,LB,TB,10,1,0,0,0,0.0,0,0,1,0,0
00-0039051,Josh Hayes,DB,TB,10,0,1,0,0,0.0,0,0,0,0,0
00-0039054,Marte Mapu,LB,NE,10,1,0,0,0,0.0,0,0,0,0,0
00-0039066,Michael Mayer,TE,LV,10,2,0,0,0,0.0,0,0,0,0,0
00-0039068,Yaya Diaby,LB,TB,10,1,2,0,0,0.0,1,0,0,0,0
00-0039070,Gervon Dexter Sr.,DT,CHI,10,1,3,0,0,0.5,1,0,0,0,0
00-0039071,Tyrique Stevenson,CB,CHI,10,4,2,0,0,0.0,0,0,1,0,0
00-0039108,Will Anderson Jr.,DE,HOU,10,2,0,1,1,1.0,1,0,1,0,0
00-0039110,Keeanu Benton,DT,PIT,10,3,4,2,0,1.0,2,0,0,0,0
00-0039111,Tuli Tuipulotu,LB,LAC,10,2,0,1,0,1.0,1,0,0,0,0
00-0039137,Byron Young,LB,LAR,10,3,1,0,0,0.0,0,0,0,0,0
00-0039138,Kobie Turner,DE,LAR,10,0,1,0,0,0.0,0,0,0,0,0
00-0039141,Brian Branch,CB,DET,10,4,3,1,0,1.5,2,0,0,0,0
00-0039142,Will McDonald IV,DE,NYJ,10,4,1,4,0,4.0,5,0,0,0,0
00-0039147,Christian Gonzalez,CB,NE,10,5,4,0,0,0.0,0,0,1,0,0
00-0039148,Keion White,DE,SF,10,0,1,0,0,0.5,1,0,0,0,0
00-0039149,Quan Martin,SAF,WAS,10,3,6,0,0,0.0,0,0,0,0,0
00-0039151,Emmanuel Forbes,CB,LAR,10,0,0,0,0,0.0,0,1,2,0,0
00-0039156,Julius Brents,CB,MIA,10,5,0,0,0,0.0,0,0,1,0,0
00-0039167,Joey Porter Jr.,CB,PIT,10,0,0,0,0,0.0,0,0,1,0,0
00-0039169,Devon Witherspoon,CB,SEA,10,3,1,0,0,0.0,0,0,0,0,0
00-0039172,Jake Bates,K,DET,10,1,0,0,0,0.0,0,0,0,0,0
00-0039176,Basil Okoye,DT,BAL,10,1,1,1,0,0.0,0,0,1,0,0
00-0039232,Nate Wiggins,CB,BAL,10,6,1,0,0,0.0,0,0,1,0,0
00-0039284,Braiden McGregor,DE,NYJ,10,1,0,0,0,0.0,0,0,0,0,0
00-0039299,George Holani,RB,SEA,10,1,0,0,0,0.0,0,0,0,0,0
00-0039340,Laiatu Latu,DE,IND,10,2,1,0,0,0.0,0,0,0,0,0
00-0039343,Kamari Lassiter,CB,HOU,10,2,0,0,0,0.0,0,0,1,0,0
00-0039345,Renardo Green,CB,SF,10,3,2,0,0,0.0,0,0,1,0,0
00-0039347,Trevin Wallace,LB,CAR,10,3,1,1,0,1.0,1,0,0,0,0
00-0039353,Jarrian Jones,CB,JAX,10,3,0,2,0,0.0,0,1,2,0,0
00-0039356,Ja'Tavion Sanders,TE,CAR,10,0,1,0,0,0.0,0,0,0,0,0
00-0039360,Malik Mustapha,SAF,SF,10,4,4,0,0,0.0,0,0,0,0,0
00-0039368,Jordan Magee,LB,WAS,10,0,3,0,0,0.0,0,0,0,0,0
00-0039369,Cam Hart,CB,LAC,10,2,0,0,0,0.0,0,0,1,0,0
00-0039370,JD Bertrand,LB,ATL,10,1,3,1,0,0.0,0,0,0,0,0
00-0039372,Jarvis Brownlee Jr.,DB,NYJ,10,2,2,0,0,0.0,0,0,0,0,0
00-0039374,Tommy Eichenberg,LB,LV,10,1,1,0,0,0.0,0,0,0,0,0
00-0039380,Chau Smith-Wade,CB,CAR,10,6,0,0,0,0.0,0,0,0,0,0
00-0039417,Myles Harden,CB,CLE,10,1,1,0,0,0.0,0,0,0,0,0
00-0039421,Levi Drake Rodriguez,DL,MIN,10,0,1,0,0,0.0,0,0,0,0,0
00-0039423,Jonah Laulu,DT,LV,10,0,3,0,0,0.0,1,0,1,0,0
00-0039431,Jowon Briggs,DE,NYJ,10,0,1,0,0,0.0,0,0,0,0,0
00-0039435,Tatum Bethune,LB,SF,10,1,8,1,0,0.0,0,0,0,0,0
00-0039480,Jordan Colbert,SAF,MIA,10,3,0,0,0,0.0,0,0,0,0,0
00-0039513,Chris Edmonds,SAF,CLE,10,0,3,0,0,0.0,0,0,0,0,0
00-0039620,Rico Payton,CB,NYG,10,0,1,0,0,0.0,0,0,0,0,0
00-0039622,Isaiah Stalbird,LB,NO,10,2,2,0,0,0.0,0,0,0,0,0
00-0039637,Maema Njongmeta,LB,CAR,10,0,1,0,0,0.0,0,0,0,0,0
00-0039660,Thomas Harper,SAF,DET,10,6,0,0,0,0.0,0,0,0,0,0
00-0039681,Tyler Owens,DB,WAS,10,2,0,0,0,0.0,0,0,0,0,0
00-0039692,Dell Pettus,SAF,NE,10,1,0,0,0,0.0,0,0,0,0,0
00-0039734,Braden Fiske,DT,LAR,10,0,1,0,0,0.0,0,0,0,0,0
00-0039739,Roman Wilson,WR,PIT,10,1,0,0,0,0.0,0,0,0,0,0
00-0039740,Jalyx Hunt,LB,PHI,10,5,0,2,0,1.0,1,0,0,0,0
00-0039741,Payton Wilson,LB,PIT,10,4,3,0,0,0.0,0,0,0,0,0
00-0039749,Tyler Davis,DE,LAR,10,1,1,0,0,0.0,0,0,1,0,0
00-0039770,Charles Woods,CB,NE,10,1,0,0,0,0.0,0,0,0,0,0
00-0039772,Josh Wallace,CB,LAR,10,0,1,0,0,0.0,0,0,0,0,0
00-0039774,Omar Speights,LB,LAR,10,4,7,0,0,0.0,0,0,0,0,0
00-0039776,Jaylen McCollough,SAF,LAR,10,2,0,0,0,0.0,0,0,1,0,0
00-0039795,Nehemiah Pritchett,CB,SEA,10,1,1,0,0,0.0,0,0,2,0,0
00-0039798,Isaiah Davis,RB,NYJ,10,0,1,0,0,0.0,0,0,0,0,0
00-0039812,Ty'Ron Hopper,LB,GB,10,0,1,0,0,0.0,0,0,0,0,0
00-0039813,Evan Williams,SAF,GB,10,4,3,2,0,0.0,0,0,0,0,0
00-0039815,Tyrice Knight,LB,SEA,10,6,2,3,2,2.0,2,0,0,0,0
00-0039821,Andru Phillips,DB,NYG,10,3,1,0,0,0.0,0,0,0,0,0
00-0039826,Jeremiah Trotter Jr.,LB,PHI,10,0,1,0,0,0.0,0,0,0,0,0
00-0039834,Kamren Kinchens,SAF,LAR,10,1,2,0,0,0.0,0,0,0,0,0
00-0039835,Justin Eboigbe,DT,LAC,10,1,2,0,0,0.0,1,0,0,0,0
00-0039838,Calen Bullock,SAF,HOU,10,4,2,0,0,0.0,0,0,1,0,0
00-0039840,Austin Booker,DE,CHI,10,3,1,0,0,0.0,3,0,0,0,0
00-0039841,Cooper DeJean,CB,PHI,10,4,1,0,0,0.0,0,0,0,0,0
00-0039846,Tykee Smith,DB,TB,10,4,4,1,0,0.0,1,1,1,0,0
00-0039850,Edgerrin Cooper,LB,GB,10,2,4,0,1,0.0,0,0,0,0,0
00-0039854,Darius Robinson,DL,ARI,10,2,2,0,0,0.0,0,0,0,0,0
00-0039859,Brandon Dorlus,DE,ATL,10,1,1,1,0,1.0,1,0,0,0,0
00-0039860,Kool-Aid McKinstry,CB,NO,10,4,2,0,0,0.0,0,0,0,0,0
00-0039861,Tyler Nubin,SAF,NYG,10,2,5,0,0,0.0,0,0,0,0,0
00-0039864,Dadrion Taylor-Demerson,SAF,ARI,10,1,1,0,0,0.0,0,0,0,0,0
00-0039867,Javon Bullard,SAF,GB,10,3,0,0,0,0.0,0,0,0,0,0
00-0039868,Troy Franklin,WR,DEN,10,1,0,0,0,0.0,0,0,0,0,0
00-0039872,Cole Bishop,SAF,BUF,10,6,1,0,0,0.0,0,1,1,0,0
00-0039879,Javon Solomon,LB,BUF,10,2,1,0,0,0.0,0,0,0,0,0
00-0039880,Malik Washington,WR,MIA,10,1,0,0,0,0.0,0,0,0,0,0
00-0039888,Quinyon Mitchell,CB,PHI,10,2,0,0,0,0.0,0,0,2,0,0
00-0039889,Maason Smith,DT,JAX,10,0,2,0,0,0.0,0,0,0,0,0
00-0039898,Mike Sainristil,CB,WAS,10,3,5,0,0,0.0,0,0,0,0,0
00-0039902,Chris Braswell,LB,TB,10,0,1,0,0,0.0,1,0,0,0,0
00-0039903,Terrion Arnold,CB,DET,10,2,0,0,0,0.0,0,0,1,0,0
00-0039906,Jer'Zhan Newton,DT,WAS,10,0,4,0,0,0.0,0,0,0,0,0
00-0039924,Dallas Turner,LB,MIN,10,1,1,0,0,0.0,0,0,1,0,0
00-0040010,Barryn Sorrell,DE,GB,10,0,2,0,0,0.0,0,0,0,0,0
00-0040013,Smael Mondon Jr.,LB,PHI,10,0,1,0,0,0.0,0,0,0,0,0
00-0040061,Connor O'Toole,LB,SEA,10,1,0,0,0,0.0,0,0,0,0,0
00-0040069,Teddye Buchanan,LB,BAL,10,5,1,0,1,0.0,0,0,0,0,0
00-0040100,Jay Higgins,LB,BAL,10,2,0,0,0,0.0,0,0,0,0,0
00-0040104,Keondre Jackson,SAF,BAL,10,0,1,0,1,0.0,0,0,0,0,0
00-0040124,Tetairoa McMillan,WR,CAR,10,1,0,0,0,0.0,0,0,0,0,0
00-0040127,Kenneth Grant,DT,MIA,10,1,0,0,0,0.0,0,0,0,0,0
00-0040133,Azareye'h Thomas,CB,NYJ,10,2,0,0,0,0.0,0,0,1,0,0
00-0040134,Pat Bryant,WR,DEN,10,1,0,0,0,0.0,0,0,0,0,0
00-0040136,Princely Umanmielen,LB,CAR,10,2,1,0,0,0.0,1,0,0,0,0
00-0040137,Jordan Burch,LB,ARI,10,0,2,0,0,0.0,0,0,0,0,0
00-0040144,Jamaree Caldwell,DT,LAC,10,1,0,1,0,0.0,0,0,0,0,0
00-0040148,Xavier Watts,SAF,ATL,10,6,5,0,0,0.0,0,0,0,0,0
00-0040152,Upton Stout,CB,SF,10,1,3,0,0,0.0,1,0,0,0,0
00-0040155,Danny Stutsman,LB,NO,10,1,3,0,0,0.0,0,0,0,0,0
00-0040156,Billy Bowman Jr.,CB,ATL,10,1,4,0,0,0.0,0,0,0,0,0
00-0040159,Lathan Ransom,SAF,CAR,10,1,1,0,0,0.0,0,0,0,0,0
00-0040160,Jack Sawyer,LB,PIT,10,0,1,0,0,0.0,0,0,0,0,0
00-0040165,Malachi Moore,SAF,NYJ,10,6,2,0,0,0.0,0,0,0,0,0
00-0040166,Quincy Riley,CB,NO,10,3,0,0,0,0.0,0,0,1,0,0
00-0040169,Tonka Hemingway,DT,LV,10,1,0,0,0,0.0,0,0,0,0,0
00-0040171,Joshua Farmer,DT,NE,10,0,1,0,0,0.0,0,0,0,0,0
00-0040175,Jordan Phillips,DT,MIA,10,2,1,0,0,0.0,0,0,0,0,0
00-0040178,Jason Marshall Jr.,CB,MIA,10,3,1,0,0,0.0,0,0,1,0,0
00-0040182,Dante Trader Jr.,SAF,MIA,10,2,3,0,0,0.0,0,0,0,0,0
00-0040183,Elijah Roberts,DE,TB,10,2,0,1,0,1.0,1,0,1,0,0
00-0040188,Yahya Black,DE,PIT,10,0,1,0,0,0.0,0,0,0,0,0
00-0040195,Denzel Burke,CB,ARI,10,3,1,1,0,0.0,0,1,1,0,0
00-0040214,Kobe King,LB,NYJ,10,1,0,0,0,0.0,0,0,0,0,0
00-0040221,R.J. Mickens,SAF,LAC,10,2,2,0,0,0.0,0,1,1,0,0
00-0040228,Cody Lindenberg,LB,LV,10,1,0,0,0,0.0,0,0,0,0,0
00-0040230,Kitan Crawford,SAF,ARI,10,0,1,0,0,0.0,0,0,0,0,0
00-0040231,Carson Bruener,LB,PIT,10,0,1,0,0,0.0,0,0,0,0,0
00-0040243,Korie Black,CB,NYG,10,0,2,0,0,0.0,0,0,0,0,0
00-0040248,Zeek Biggers,DT,MIA,10,1,1,0,0,0.0,1,0,0,0,0
00-0040255,Adin Huntington,DE,CLE,10,1,0,0,0,0.0,0,0,0,0,0
00-0040261,Easton Mascarenas-Arnold,LB,CLE,10,0,1,0,0,0.0,0,0,0,0,0
00-0040263,Donovan McMillon,SAF,CLE,10,0,1,0,0,0.0,0,0,0,0,0
00-0040289,Bam Martin-Scott,LB,CAR,10,0,1,0,0,0.0,0,0,0,0,0
00-0040296,Corey Thornton,CB,CAR,10,1,0,0,0,0.0,0,0,0,0,0
00-0040318,Ale Kaho,LB,WAS,10,2,0,0,0,0.0,0,0,0,0,0
00-0040342,Danny Striggow,DE,JAX,10,1,0,0,0,0.0,1,0,0,0,0
00-0040384,Elijah Simmons,DL,TB,10,1,1,0,0,0.0,0,0,0,0,0
00-0040396,Dean Clark,SAF,NYJ,10,1,0,0,0,0.0,0,0,0,0,0
00-0040408,Ja'Markis Weston,LB,NYJ,10,0,1,0,0,0.0,0,0,0,0,0
00-0040471,Nikko Reed,DB,LAC,10,0,0,0,0,0.0,0,0,1,0,0
00-0040492,Tyler Batty,LB,MIN,10,1,0,0,0,0.0,0,0,0,0,0
00-0040574,Elijah Ponder,LB,NE,10,1,1,1,0,1.0,1,0,0,0,0
00-0040577,Jalon Walker,LB,ATL,10,4,2,1,1,1.0,0,0,0,0,0
00-0040578,James Pearce Jr.,DE,ATL,10,1,0,1,1,1.0,1,0,1,0,0
00-0040579,Carson Schwesinger,LB,CLE,10,4,5,2,0,0.5,2,0,0,0,0
00-0040580,Josaiah Stewart,LB,LAR,10,0,2,0,0,0.0,0,0,0,0,0
00-0040613,Shaun Dolac,LB,LAR,10,1,1,0,0,0.0,0,0,0,0,0
00-0040624,Elijah Williams,DE,MIN,10,1,0,0,0,0.0,0,0,0,0,0
00-0040636,Keyon Martin,CB,BAL,10,3,0,0,0,0.0,0,0,0,0,0
00-0040641,Darien Porter,CB,LV,10,1,1,0,0,0.0,0,0,0,0,0
00-0040643,Jonas Sanker,SAF,NO,10,0,2,0,0,0.0,0,0,0,0,0
00-0040645,Cody Simon,LB,ARI,10,3,3,0,0,0.0,0,0,1,0,0
00-0040649,Robbie Ouzts,RB,SEA,10,1,0,0,0,0.0,0,0,0,0,0
00-0040661,Donovan Jackson,G,MIN,10,0,1,0,0,0.0,0,0,0,0,0
00-0040678,Derrick Harmon,DT,PIT,10,1,3,0,0,0.0,0,0,0,0,0
00-0040685,Mason Graham,DT,CLE,10,2,1,1,0,0.0,1,0,1,0,0
00-0040688,Malaki Starks,SAF,BAL,10,2,2,0,0,0.0,0,1,1,0,0
00-0040694,Darius Alexander,DT,NYG,10,1,0,0,0,0.0,0,0,0,0,0
00-0040706,Walter Nolen,DT,ARI,10,2,0,0,0,0.0,1,0,0,0,0
00-0040708,Jihaad Campbell,LB,PHI,10,2,3,0,0,0.0,0,0,0,0,0
00-0040709,Maxwell Hairston,CB,BUF,10,1,0,0,0,0.0,0,1,1,0,0
00-0040710,Deone Walker,DT,BUF,10,0,1,0,0,0.0,0,0,1,0,0
00-0040711,CJ West,DT,SF,10,2,1,0,0,0.0,0,0,0,0,0
00-0040716,Craig Woodson,SAF,NE,10,3,5,0,0,0.0,0,0,2,0,0
00-0040720,Jahdae Barron,CB,DEN,10,2,1,0,0,0.0,0,0,0,0,0
00-0040722,Mike Green,LB,BAL,10,2,0,1,0,0.0,3,0,0,0,0
00-0040731,Trey Amos,CB,WAS,10,2,0,0,0,0.0,0,0,0,0,0
00-0040733,Nick Emmanwori,SAF,SEA,10,5,4,0,0,0.5,1,0,4,0,0
00-0040744,Jaylahn Tuimolaou,DE,IND,10,0,1,0,0,0.0,1,0,0,0,0
00-0040746,Nic Scourton,LB,CAR,10,2,2,1,0,1.0,2,0,0,0,0
00-0040747,Benjamin Morrison,CB,TB,10,1,0,0,0,0.0,0,0,0,0,0
00-0040749,Andrew Mukuba,SAF,PHI,10,0,2,0,0,0.0,0,0,0,0,0
00-0026190,Calais Campbell,DE,ARI,11,0,1,0,0,0.0,0,0,0,0,0
00-0027224,Jon Weeks,LS,SF,11,0,1,0,0,0.0,0,0,0,0,0
00-0027940,Von Miller,OLB,WAS,11,1,0,1,0,1.0,1,0,0,0,0
00-0027969,Cameron Heyward,DE,PIT,11,0,5,0,0,0.0,0,0,0,0,0
00-0029255,Bobby Wagner,MLB,WAS,11,4,4,0,0,0.0,0,0,1,0,0
00-0029562,Lavonte David,OLB,TB,11,3,1,0,1,0.0,0,0,0,0,0
00-0029606,Harrison Smith,FS,MIN,11,2,0,0,0,0.0,0,0,0,0,0
00-0030070,John Jenkins,DT,BAL,11,1,3,0,0,0.0,0,0,0,0,0
00-0030114,Jordan Poyer,FS,BUF,11,7,8,0,0,0.0,0,0,1,0,0
00-0031040,Khalil Mack,OLB,LAC,11,3,0,0,0,0.0,0,0,0,0,0
00-0031054,DaQuan Jones,DT,BUF,11,1,2,1,1,1.0,1,0,0,0,0
00-0031177,Brent Urban,DE,BAL,11,1,2,1,0,0.0,0,0,0,0,0
00-0031254,Denico Autry,DT,HOU,11,1,0,0,0,0.0,0,0,0,0,0
00-0031270,Shelby Harris,DE,CLE,11,1,1,0,0,0.0,0,0,0,0,0
00-0031357,C.J. Goodwin,CB,DAL,11,1,0,0,0,0.0,0,0,0,0,0
00-0031360,Kyle Van Noy,MLB,BAL,11,1,0,1,0,1.0,2,0,0,0,0
00-0031364,Jadeveon Clowney,OLB,DAL,11,1,0,0,0,0.0,0,0,0,0,0
00-0031411,DeMarcus Lawrence,LB,SEA,11,0,2,0,0,0.0,1,0,0,0,0
00-0031551,Eddie Goldman,NT,WAS,11,2,2,2,0,0.0,0,0,0,0,0
00-0031557,Jordan Phillips,DT,BUF,11,1,0,0,0,0.0,0,0,0,0,0
00-0031565,Danielle Hunter,DE,HOU,11,1,3,1,0,1.5,3,0,0,0,0
00-0031583,Grady Jarrett,DT,CHI,11,0,2,0,0,0.0,1,0,0,0,0
00-0031933,Leonard Williams,DE,SEA,11,2,2,0,0,0.0,1,0,0,0,0
00-0031935,Preston Smith,DE,WAS,11,2,0,1,0,0.0,0,0,0,0,0
00-0032103,Denzel Perryman,MLB,LAC,11,3,3,1,0,0.0,0,0,0,0,0
00-0032146,Bud Dupree,OLB,LAC,11,0,3,0,0,0.0,0,0,0,0,0
00-0032164,Arik Armstead,DE,JAX,11,2,1,2,0,1.0,1,0,0,0,0
00-0032265,Mario Edwards,DT,HOU,11,2,0,0,0,0.0,0,0,0,0,0
00-0032388,Deion Jones,LB,TB,11,1,1,0,0,0.0,0,0,0,0,0
00-0032395,Graham Glasgow,C,DET,11,0,1,0,0,0.0,0,0,0,0,0
00-0032415,Matthew Judon,OLB,MIA,11,0,1,0,0,0.0,0,0,0,0,0
00-0032424,DJ Reader,DT,DET,11,1,2,0,0,0.0,0,0,0,0,0
00-0032442,Elandon Roberts,OLB,LV,11,2,2,0,0,0.0,0,0,0,0,0
00-0032580,Jonathan Jones,DB,WAS,11,4,2,1,0,1.0,1,0,0,0,0
00-0032667,Roy Robertson-Harris,DE,NYG,11,2,0,0,0,0.0,1,0,0,0,0
00-0032759,Sheldon Rankins,DT,HOU,11,1,2,1,0,0.0,0,0,0,0,0
00-0032762,Chris Jones,DE,KC,11,1,1,1,0,1.0,2,0,0,0,0
00-0032803,Jalen Mills,CB,HOU,11,1,1,0,0,0.0,0,0,0,0,0
00-0032889,A'Shawn Robinson,DT,CAR,11,0,2,0,0,0.0,0,0,0,0,0
00-0032918,C.J. Ham,FB,MIN,11,1,0,0,0,0.0,0,0,0,0,0
00-0033046,Jihad Ward,LB,TEN,11,0,0,0,0,0.0,1,0,0,0,0
00-0033051,David Onyemata,DT,ATL,11,2,2,0,0,0.0,0,0,0,0,0
00-0033055,Jalen Ramsey,CB,PIT,11,2,2,0,0,0.0,0,0,1,0,0
00-0033066,Andrew Billings,DT,CHI,11,1,2,0,0,0.0,0,0,0,0,0
00-0033109,Javon Hargrave,NT,MIN,11,1,1,0,0,0.0,0,0,0,0,0
00-0033120,Kenny Clark,NT,DAL,11,1,1,1,0,0.5,1,0,0,0,0
00-0033131,Maliek Collins,DT,CLE,11,2,0,1,0,0.0,0,0,0,0,0
00-0033132,Kevin Byard,FS,CHI,11,2,3,0,0,0.0,0,1,1,0,0
00-0033156,Joey Bosa,DE,BUF,11,1,0,0,0,0.0,0,0,0,0,0
00-0033282,Curtis Samuel,WR,BUF,11,1,0,0,0,0.0,0,0,0,0,0
00-0033294,Chuck Clark,SAF,PIT,11,0,5,0,0,0.0,0,0,0,0,0
00-0033297,D.J. Jones,DT,DEN,11,2,1,1,0,1.0,1,0,0,0,0
00-0033336,Eric Wilson,LB,MIN,11,3,3,1,0,0.0,1,0,0,0,0
00-0033375,Tim Patrick,WR,JAX,11,1,0,0,0,0.0,0,0,0,0,0
00-0033376,Patrick Ricard,RB,BAL,11,1,0,0,0,0.0,0,0,0,0,0
00-0033381,Adam Butler,DT,LV,11,1,4,0,0,0.0,0,0,0,0,0
00-0033503,Arthur Maulet,CB,DET,11,1,0,0,0,0.0,0,0,0,0,0
00-0033523,Jonathan Allen,DE,MIN,11,0,3,0,0,0.0,0,0,0,0,0
00-0033546,Dalvin Tomlinson,DE,ARI,11,0,1,0,0,0.0,0,0,0,0,0
00-0033548,Chidobe Awuzie,CB,BAL,11,3,2,0,0,0.0,0,0,3,0,0
00-0033571,Matt Milano,OLB,BUF,11,4,2,0,0,0.0,0,0,0,0,0
00-0033868,Myles Garrett,DE,CLE,11,5,0,5,0,4.0,5,0,0,0,0
00-0033872,Jamal Adams,LB,LV,11,1,3,0,0,0.0,0,0,0,0,0
00-0033876,Derek Barnett,DE,HOU,11,0,1,0,0,0.0,0,0,0,0,0
00-0033877,Malik Hooker,FS,DAL,11,2,0,1,0,0.0,0,0,1,0,0
00-0033878,Adoree' Jackson,CB,PHI,11,3,1,0,0,0.0,0,0,1,0,0
00-0033883,Jabrill Peppers,FS,PIT,11,2,0,0,0,0.0,0,0,0,0,0
00-0033884,Tre'Davious White,CB,BUF,11,1,0,0,0,0.0,0,0,0,0,0
00-0033886,T.J. Watt,OLB,PIT,11,1,0,1,0,0.0,1,0,2,0,0
00-0033890,Budda Baker,S,ARI,11,3,5,0,0,0.0,0,0,0,0,0
00-0033905,Larry Ogunjobi,DT,BUF,11,1,0,0,0,0.0,0,0,0,0,0
00-0033908,Cooper Kupp,WR,SEA,11,1,0,0,0,0.0,0,0,0,0,0
00-0033914,Alex Anzalone,MLB,DET,11,4,2,1,0,0.0,0,0,0,0,0
00-0033918,Fabian Moreau,CB,MIN,11,1,1,0,0,0.0,0,0,1,0,0
00-0033941,Rayshawn Jenkins,SAF,CLE,11,0,1,0,0,0.0,0,0,0,0,0
00-0033964,Al-Quadin Muhammad,LB,DET,11,2,0,0,0,0.0,0,0,0,0,0
00-0034067,Scott Daly,LS,CHI,11,0,1,0,0,0.0,0,0,0,0,0
00-0034163,Jacob Martin,DE,WAS,11,1,1,1,0,1.0,1,0,0,0,0
00-0034203,Darious Williams,CB,LAR,11,2,1,0,0,0.0,0,1,1,0,0
00-0034234,Poona Ford,DT,LAR,11,3,1,0,0,0.0,0,0,1,0,0
00-0034264,Jalyn Holmes,DT,WAS,11,0,2,0,0,0.0,0,0,0,0,0
00-0034278,Tremon Smith,CB,HOU,11,1,0,0,0,0.0,0,0,0,0,0
00-0034285,Zach Sieler,DE,MIA,11,1,2,0,0,0.0,0,0,0,0,0
00-0034302,Frankie Luvu,LB,WAS,11,0,5,0,0,0.0,0,0,0,0,0
00-0034320,Kentavius Street,DE,ATL,11,3,1,0,0,0.0,0,0,0,0,0
00-0034350,Uchenna Nwosu,LB,SEA,11,1,1,1,0,0.0,0,0,1,0,0
00-0034356,Donte Jackson,CB,LAC,11,0,1,0,0,0.0,0,1,1,0,0
00-0034357,Isaiah Oliver,FS,NYJ,11,1,3,0,0,0.0,0,0,0,0,0
00-0034371,Da'Shawn Hand,DE,LAC,11,0,2,0,0,0.0,0,0,0,0,0
00-0034376,Taron Johnson,CB,BUF,11,3,3,0,0,0.0,0,0,0,0,0
00-0034381,Josh Sweat,LB,ARI,11,1,0,1,0,1.0,2,0,0,0,0
00-0034391,Siran Neal,DB,SF,11,0,1,0,0,0.0,0,0,0,0,0
00-0034397,Tim Settle,DT,HOU,11,0,1,0,0,0.0,0,0,1,0,0
00-0034413,Foye Oluokun,LB,JAX,11,3,2,0,0,0.0,0,0,2,0,0
00-0034465,Jeremy Reaves,DB,WAS,11,5,2,0,0,0.0,0,0,0,0,0
00-0034473,Dennis Gardeck,LB,JAX,11,1,3,1,0,0.0,0,0,0,0,0
00-0034485,Jonathan Owens,SAF,CHI,11,0,1,0,0,0.0,0,0,0,0,0
00-0034488,Tavierre Thomas,SAF,MIN,11,1,1,0,0,0.0,0,0,0,0,0
00-0034673,Tremaine Edmunds,MLB,CHI,11,5,4,0,0,0.0,1,0,1,0,0
00-0034675,Jessie Bates,FS,ATL,11,6,2,0,0,0.0,0,0,0,0,0
00-0034720,Robert Spillane,LB,NE,11,5,4,0,0,0.0,0,0,1,0,0
00-0034754,Oren Burks,ILB,CIN,11,2,7,0,0,0.0,0,0,0,0,0
00-0034778,Carlton Davis III,CB,NE,11,2,0,0,0,0.0,0,0,0,0,0
00-0034779,Ronnie Harrison,LB,ATL,11,9,2,1,0,1.0,2,0,1,0,0
00-0034782,Harrison Phillips,DT,NYJ,11,2,3,1,0,0.0,0,0,0,0,0
00-0034789,Minkah Fitzpatrick,FS,MIA,11,5,3,2,0,0.0,1,0,0,0,0
00-0034790,Derwin James,FS,LAC,11,2,3,0,0,0.0,0,0,1,0,0
00-0034797,Jerome Baker,OLB,CLE,11,0,2,0,0,0.0,0,0,0,0,0
00-0034800,B.J. Hill,DE,CIN,11,1,1,0,0,0.0,0,0,0,0,0
00-0034805,John Franklin-Myers,DE,DEN,11,0,1,0,0,0.0,1,0,0,0,0
00-0034810,Sebastian Joseph-Day,DT,TEN,11,0,2,1,0,0.0,0,0,0,0,0
00-0034818,Derrick Nnadi,NT,KC,11,1,0,0,0,0.0,0,0,0,0,0
00-0034825,Arden Key,DE,TEN,11,2,1,2,0,1.5,3,0,0,0,0
00-0034828,Harold Landry III,LB,NE,11,2,1,0,0,0.0,1,0,0,0,0
00-0034832,Bradley Chubb,OLB,MIA,11,1,1,0,0,0.0,2,0,0,0,0
00-0034854,KhaDarel Hodge,WR,ATL,11,0,1,0,0,0.0,0,0,0,0,0
00-0034856,Denzel Ward,CB,CLE,11,4,1,0,0,0.0,0,0,1,0,0
00-0034869,Sam Darnold,QB,SEA,11,1,0,0,0,0.0,0,0,0,0,0
00-0034874,Roquan Smith,ILB,BAL,11,2,2,0,0,0.0,0,0,1,0,0
00-0034967,Rashan Gary,LB,GB,11,2,1,0,0,0.0,0,0,0,0,0
00-0034968,Darnell Savage,DB,WAS,11,1,1,0,0,0.0,0,0,0,0,0
00-0034973,Maxx Crosby,DE,LV,11,3,2,1,1,1.0,2,0,0,0,0
00-0034982,Dre Greenlaw,LB,DEN,11,1,3,0,0,0.0,0,0,0,0,0
00-0034987,E.J. Speed,LB,HOU,11,2,3,0,0,0.0,0,0,1,0,0
00-0035020,Demetrius Flannigan-Fowles,LB,NYG,11,3,2,0,0,0.0,0,0,1,0,0
00-0035118,Matthew Orzech,LS,GB,11,1,1,0,0,0.0,0,0,0,0,0
00-0035133,Keisean Nixon,DB,GB,11,8,0,0,0,0.0,0,0,2,0,0
00-0035157,Darius Harris,LB,NE,11,1,1,0,0,0.0,0,0,0,0,0
00-0035166,Azeez Al-Shaair,LB,HOU,11,1,4,0,0,0.0,0,0,0,0,0
00-0035202,Del'Shawn Phillips,LB,LAC,11,0,1,0,0,0.0,0,0,0,0,0
00-0035236,Byron Murphy,CB,MIN,11,4,2,1,0,0.0,0,0,0,0,0
00-0035240,Jahlani Tavai,LB,NE,11,2,1,0,0,0.0,0,0,0,0,0
00-0035244,Lonnie Johnson,SAF,LV,11,0,3,0,0,0.0,0,0,1,0,0
00-0035248,Zach Allen,DE,DEN,11,0,1,0,0,0.0,2,0,0,0,0
00-0035253,C.J. Gardner-Johnson,SAF,CHI,11,2,2,1,0,0.0,1,0,0,0,0
00-0035254,Anthony Nelson,LB,TB,11,1,1,0,0,0.0,0,0,0,0,0
00-0035262,Drue Tranquill,LB,KC,11,3,3,1,0,0.0,0,0,0,0,0
00-0035272,Andrew Van Ginkel,OLB,MIN,11,1,6,2,0,1.0,1,0,0,0,0
00-0035276,Blake Cashman,LB,MIN,11,6,9,0,0,0.0,0,0,0,0,0
00-0035277,Mike Jackson,CB,CAR,11,1,1,0,0,0.0,0,0,1,0,0
00-0035279,Charles Omenihu,DE,KC,11,1,1,1,0,0.0,0,0,0,0,0
00-0035301,Donovan Wilson,SAF,DAL,11,2,1,0,0,0.0,0,0,0,0,0
00-0035316,Kaden Elliss,LB,ATL,11,5,0,1,0,1.0,1,0,0,0,0
00-0035352,Tyrel Dodson,LB,MIA,11,3,8,1,0,1.0,1,0,0,0,0
00-0035357,Cam Lewis,CB,BUF,11,1,0,0,0,0.0,0,0,1,0,0
00-0035363,Joe Giles-Harris,LB,CIN,11,1,0,0,0,0.0,0,0,0,0,0
00-0035378,Andrew Wingard,SAF,JAX,11,3,2,0,0,0.0,0,0,1,0,0
00-0035413,Luke Gifford,LB,SF,11,2,3,0,0,0.0,0,0,0,0,0
00-0035500,Greg Dortch,WR,ARI,11,1,0,0,0,0.0,0,0,0,0,0
00-0035525,Devin Bush,LB,CLE,11,2,2,0,0,0.0,0,1,1,1,0
00-0035594,Travis Homer,RB,CHI,11,0,1,0,0,0.0,0,0,0,0,0
00-0035617,Troy Reeder,LB,LAR,11,1,0,0,0,0.0,0,0,0,0,0
00-0035632,Amani Hooker,SAF,TEN,11,8,1,0,0,0.0,0,0,1,0,0
00-0035637,Rock Ya-Sin,CB,DET,11,5,1,0,0,0.0,0,0,1,0,0
00-0035642,Josh Hines-Allen,DE,JAX,11,2,2,1,0,1.0,1,0,1,0,0
00-0035643,Jeffery Simmons,DT,TEN,11,2,1,1,0,1.0,1,0,0,0,0
00-0035647,Montez Sweat,DE,CHI,11,0,2,0,0,0.0,1,0,1,0,0
00-0035667,Greg Gaines,DT,TB,11,0,1,0,0,0.0,0,0,0,0,0
00-0035669,Nick Scott,SAF,CAR,11,2,6,0,0,0.0,0,0,0,0,0
00-0035672,Cody Barton,LB,TEN,11,2,4,1,0,1.0,1,0,3,0,0
00-0035678,Dre'Mont Jones,DE,BAL,11,1,0,0,0,0.0,2,0,0,0,0
00-0035680,Quincy Williams,LB,NYJ,11,5,2,1,0,0.0,0,0,0,0,0
00-0035683,Dexter Lawrence,DT,NYG,11,1,0,0,0,0.0,2,0,0,0,0
00-0035687,Bobby Okereke,ILB,NYG,11,5,1,0,0,0.0,0,0,0,0,0
00-0035705,Jalen Thompson,DB,ARI,11,2,3,0,0,0.0,0,0,1,0,0
00-0035707,Devin White,LB,LV,11,3,7,0,0,0.0,1,0,0,0,0
00-0035713,Brian Burns,LB,NYG,11,3,2,2,0,2.0,4,0,1,0,0
00-0035718,Quinnen Williams,DT,DAL,11,1,3,1,0,1.5,5,0,0,0,0
00-0035719,Deebo Samuel Sr.,WR,WAS,11,1,0,0,0,0.0,0,0,0,0,0
00-0035757,Jacob Bobenmoyer,LS,LV,11,0,1,0,0,0.0,0,0,0,0,0
00-0035763,Malcolm Roach,DT,DEN,11,0,2,0,0,0.0,0,0,0,0,0
00-0035795,James Pierre,CB,PIT,11,3,3,0,0,0.0,0,0,2,0,0
00-0035841,Benito Jones,DT,MIA,11,0,0,1,0,0.0,0,0,0,0,0
00-0035890,Tershawn Wharton,DE,CAR,11,0,1,0,0,0.0,0,0,1,0,0
00-0035891,Cody White,WR,SEA,11,1,1,0,0,0.0,0,0,0,0,0
00-0035895,Joe Bachie,LB,TEN,11,1,0,0,0,0.0,0,0,0,0,0
00-0035942,Christian Rozeboom,LB,CAR,11,1,8,1,0,0.0,0,0,0,0,0
00-0036037,Sam Franklin Jr.,SAF,BUF,11,0,1,0,0,0.0,0,0,0,0,0
00-0036087,Myles Bryant,CB,HOU,11,4,5,1,0,0.0,0,0,0,0,0
00-0036151,Bryce Huff,DE,SF,11,0,1,0,0,0.0,2,0,0,0,0
00-0036181,Teair Tart,DT,LAC,11,4,1,0,0,0.0,0,0,0,0,0
00-0036192,A.J. Epenesa,DE,BUF,11,1,2,0,0,0.0,0,0,0,0,0
00-0036193,Anfernee Jennings,LB,NE,11,1,0,0,0,0.0,0,0,0,0,0
00-0036199,Geno Stone,SAF,CIN,11,4,5,0,0,0.0,0,0,0,0,0
00-0036204,LaCale London,DE,ATL,11,3,0,1,0,1.0,1,0,0,0,0
00-0036221,Brandon Jones,SAF,DEN,11,4,0,0,0,0.0,0,0,1,0,0
00-0036222,Isaiah Rodgers,CB,MIN,11,2,3,1,0,0.0,0,0,0,0,0
00-0036231,Kyle Dugger,SAF,PIT,11,3,0,0,0,0.0,0,1,2,1,0
00-0036237,Larrell Murchison,DT,LAR,11,0,3,0,0,0.0,0,0,0,0,0
00-0036260,Javon Kinlaw,DT,WAS,11,2,3,0,0,0.0,0,0,0,0,0
00-0036262,DaVon Hamilton,DT,JAX,11,0,3,0,0,0.0,0,0,0,0,0
00-0036266,Jordan Elliott,DT,SF,11,0,1,0,0,0.0,0,0,0,0,0
00-0036280,Malik Harrison,LB,PIT,11,2,1,0,0,0.0,0,0,0,0,0
00-0036282,Grant Delpit,SAF,CLE,11,3,1,0,0,0.0,0,0,0,0,0
00-0036285,A.J. Terrell,CB,ATL,11,5,1,0,0,0.0,0,0,2,0,0
00-0036286,K'Lavon Chaisson,LB,NE,11,0,1,0,0,0.0,1,0,1,0,0
00-0036287,Noah Igbinoghene,CB,WAS,11,2,0,0,0,0.0,0,0,0,0,0
00-0036293,Jeremy Chinn,SAF,LV,11,2,4,0,0,0.0,0,0,0,0,0
00-0036294,Logan Wilson,LB,DAL,11,2,0,0,0,0.0,0,0,0,0,0
00-0036298,Akeem Davis-Gaither,LB,ARI,11,1,3,0,0,0.0,0,0,0,0,0
00-0036300,Mykal Walker,LB,NYJ,11,1,0,0,0,0.0,0,0,0,0,0
00-0036302,Jaylinn Hawkins,SAF,NE,11,4,1,0,0,0.0,0,0,0,0,0
00-0036305,Trevis Gipson,LB,CAR,11,0,2,0,0,0.0,0,0,0,0,0
00-0036306,Daniel Thomas,SAF,DET,11,1,0,0,0,0.0,0,0,0,0,0
00-0036323,Patrick Queen,LB,PIT,11,4,5,0,0,0.0,0,0,0,0,0
00-0036329,Ashtyn Davis,SAF,MIA,11,3,4,0,0,0.0,0,0,0,0,0
00-0036335,D.J. Wonnum,LB,CAR,11,0,1,0,0,0.0,0,0,0,0,0
00-0036337,James Lynch,DT,TEN,11,0,1,0,0,0.0,0,0,0,0,0
00-0036338,Troy Dye,LB,LAC,11,0,3,0,0,0.0,0,0,1,0,0
00-0036341,Khalid Kareem,LB,ATL,11,1,0,0,0,0.0,0,0,1,0,0
00-0036348,Josh Metellus,SAF,MIN,11,4,6,0,0,0.0,0,0,0,0,0
00-0036349,Kam Curl,SAF,LAR,11,9,2,0,0,0.0,0,0,0,0,0
00-0036375,Amik Robertson,CB,DET,11,3,0,1,0,0.0,0,0,2,0,0
00-0036378,Michael Danna,LB,KC,11,0,2,0,0,0.0,0,0,0,0,0
00-0036380,Alohi Gilman,SAF,BAL,11,2,4,0,0,0.0,0,0,0,0,0
00-0036388,Xavier McKinney,SAF,GB,11,2,3,0,0,0.0,0,0,1,0,0
00-0036394,Darnay Holmes,CB,LV,11,1,0,0,0,0.0,0,0,0,0,0
00-0036409,Jordyn Brooks,LB,MIA,11,10,10,0,0,0.0,0,0,0,0,0
00-0036411,Antoine Winfield Jr.,SAF,TB,11,4,2,0,0,0.0,0,0,1,0,0
00-0036416,Kristian Fulton,CB,KC,11,2,0,0,0,0.0,0,0,0,0,0
00-0036418,Zack Baun,LB,PHI,11,2,5,1,0,0.0,0,0,0,0,0
00-0036428,Justin Strnad,LB,DEN,11,4,6,0,0,0.0,0,0,0,0,0
00-0036441,"Kenneth Murray, Jr.",LB,DAL,11,1,1,0,0,0.0,1,0,1,0,0
00-0036443,Rex Sunahara,LS,CLE,11,1,0,0,0,0.0,0,0,0,0,0
00-0036500,Jamien Sherwood,LB,NYJ,11,4,4,0,0,0.0,0,0,0,0,0
00-0036502,Jason Pinnock,SAF,SF,11,3,2,1,0,0.0,0,0,0,0,0
00-0036504,Brandin Echols,CB,PIT,11,3,4,0,1,0.0,0,0,0,0,0
00-0036563,Deommodore Lenoir,CB,SF,11,4,3,0,0,0.0,0,1,2,0,0
00-0036564,Talanoa Hufanga,SAF,DEN,11,3,3,0,0,0.0,0,0,1,0,0
00-0036568,Roy Lopez,DT,DET,11,0,2,0,0,0.5,1,0,0,0,0
00-0036589,Nick McCloud,CB,CHI,11,1,0,0,0,0.0,0,0,0,0,0
00-0036614,Jamin Davis,LB,LV,11,1,2,0,0,0.0,0,0,0,0,0
00-0036621,Nick Bolton,LB,KC,11,5,1,0,0,0.0,0,0,1,0,0
00-0036624,Alim McNeill,DT,DET,11,0,3,0,0,0.0,0,0,0,0,0
00-0036625,Benjamin St-Juste,CB,LAC,11,0,1,0,0,0.0,0,0,0,0,0
00-0036642,Tedarrell Slaton,DT,CIN,11,0,1,0,0,0.0,0,0,0,0,0
00-0036643,K.J. Britt,LB,MIA,11,1,0,0,0,0.0,0,0,0,0,0
00-0036658,Isaiah McDuffie,LB,GB,11,5,6,0,0,0.5,1,0,0,0,0
00-0036677,Zayne Anderson,SAF,GB,11,0,1,0,0,0.0,0,0,0,0,0
00-0036683,Devon Key,SAF,DEN,11,2,1,0,0,0.0,0,0,0,0,0
00-0036711,Charles Snowden,LB,LV,11,1,1,0,0,0.0,0,0,0,0,0
00-0036716,Amen Ogbongbemiga,LB,CHI,11,1,0,0,0,0.0,0,0,0,0,0
00-0036727,Adam Prentice,FB,DEN,11,1,0,0,0,0.0,0,0,0,0,0
00-0036728,Curtis Robinson,LB,SF,11,5,7,0,0,0.0,0,0,0,0,0
00-0036825,Feleipe Franks,TE,ATL,11,1,0,0,0,0.0,0,0,0,0,0
00-0036844,Garret Wallow,LB,DEN,11,0,1,0,0,0.0,0,0,0,0,0
00-0036850,Cameron Sample,DE,CIN,11,1,0,0,0,0.0,0,0,0,0,0
00-0036862,Ben Skowronek,WR,PIT,11,1,1,0,0,0.0,0,0,0,0,0
00-0036881,Jay Tufele,DT,NYJ,11,1,1,0,0,0.0,0,0,0,0,0
00-0036883,Tommy Togiai,DT,HOU,11,2,1,0,0,0.5,1,0,1,0,0
00-0036887,Luke Farrell,TE,SF,11,0,1,0,0,0.0,0,0,0,0,0
00-0036901,Eric Stokes,CB,LV,11,2,1,0,0,0.0,0,0,1,0,0
00-0036902,Joseph Ossai,DE,CIN,11,1,1,0,0,0.0,2,0,0,0,0
00-0036903,Bobby Brown III,DT,CAR,11,0,2,0,0,0.0,0,0,0,0,0
00-0036909,Khyiris Tonga,DT,NE,11,0,1,0,0,0.0,1,0,1,0,0
00-0036914,Greg Rousseau,LB,BUF,11,0,2,0,0,0.0,1,0,0,0,0
00-0036919,Kenny Gainwell,RB,PIT,11,1,0,0,0,0.0,0,0,0,0,0
00-0036924,Michael Carter,RB,ARI,11,1,0,0,0,0.0,0,0,0,0,0
00-0036932,Micah Parsons,LB,GB,11,1,5,0,1,1.5,3,0,0,0,0
00-0036933,Zaven Collins,LB,ARI,11,2,0,0,0,0.0,0,0,0,0,0
00-0036934,Jaelan Phillips,LB,PHI,11,2,3,1,0,1.0,2,0,0,0,0
00-0036940,Odafe Oweh,LB,LAC,11,0,3,0,0,0.0,1,0,0,0,0
00-0036942,Osa Odighizuwa,DT,DAL,11,1,0,1,0,1.0,3,0,0,0,0
00-0036944,Jaycee Horn,CB,CAR,11,3,1,0,0,0.0,0,0,0,0,0
00-0036952,Jonathon Cooper,LB,DEN,11,1,3,0,0,0.0,0,0,0,0,0
00-0036962,Tre'von Moehrig,SAF,CAR,11,6,5,0,0,0.0,1,0,0,0,0
00-0036963,Amon-Ra St. Brown,WR,DET,11,0,1,0,0,0.0,0,0,0,0,0
00-0036964,Derrick Barnes,LB,DET,11,2,1,0,0,0.0,0,0,0,0,0
00-0036974,Tyson Campbell,CB,CLE,11,2,1,0,0,0.0,0,0,0,0,0
00-0036981,Christian Barmore,DT,NE,11,2,1,1,0,1.0,2,0,0,0,0
00-0036986,Nahshon Wright,CB,CHI,11,1,0,0,0,0.0,0,1,1,0,0
00-0036987,Brandon Stephens,CB,NYJ,11,5,3,0,0,0.0,0,0,1,0,0
00-0036992,Elijah Molden,CB,LAC,11,5,2,0,0,0.0,0,0,0,0,0
00-0036993,Ifeatu Melifonwu,SAF,MIA,11,2,3,0,0,0.0,0,0,0,0,0
00-0036994,Ernest Jones,LB,SEA,11,5,1,0,0,0.0,0,0,0,0,0
00-0036996,Greg Newsome II,CB,JAX,11,1,0,0,0,0.0,0,0,0,0,0
00-0036998,Jevon Holland,SAF,NYG,11,3,2,0,0,0.0,0,0,0,0,0
00-0037073,Jordan Davis,DT,PHI,11,1,0,0,0,0.0,0,0,3,0,0
00-0037074,Quay Walker,LB,GB,11,1,6,0,0,0.0,0,0,0,0,0
00-0037075,Devonte Wyatt,DT,GB,11,1,2,0,0,0.0,0,0,0,0,0
00-0037079,Riq Woolen,CB,SEA,11,1,1,0,0,0.0,0,0,1,0,0
00-0037082,Dominique Robinson,DE,CHI,11,1,0,0,0,0.0,0,0,0,0,0
00-0037083,Kingsley Enagbare,LB,GB,11,0,2,0,0,0.0,1,0,0,0,0
00-0037091,Bo Melton,CB,GB,11,0,1,0,0,0.0,0,0,0,0,0
00-0037096,Elijah Hicks,SAF,CHI,11,0,1,0,0,0.0,0,0,0,0,0
00-0037112,Jake Tonges,TE,SF,11,1,1,0,0,0.0,0,0,0,0,0
00-0037129,Josh Blackwell,CB,CHI,11,0,1,0,0,0.0,0,0,0,0,0
00-0037130,Reed Blankenship,SAF,PHI,11,3,1,0,0,0.0,0,0,0,0,0
00-0037137,Josh Jobe,CB,SEA,11,2,0,0,0,0.0,0,0,1,0,0
00-0037155,Tony Adams,SAF,NYJ,11,3,3,0,0,0.0,0,0,0,0,0
00-0037191,Trent McDuffie,CB,KC,11,3,0,1,0,0.0,0,0,0,0,0
00-0037192,George Karlaftis,DE,KC,11,2,1,1,0,0.0,2,0,0,0,0
00-0037193,Bryan Cook,SAF,KC,11,4,1,0,0,0.0,0,0,0,0,0
00-0037195,Jaylen Watson,CB,KC,11,2,1,0,0,0.0,0,0,0,0,0
00-0037203,LaBryan Ray,DT,CAR,11,0,1,0,0,0.0,0,0,0,0,0
00-0037205,Brenden Schooler,SAF,NE,11,1,0,0,0,0.0,0,0,0,0,0
00-0037208,Jack Cochrane,LB,KC,11,0,2,0,0,0.0,0,0,0,0,0
00-0037235,Travon Walker,DE,JAX,11,2,2,0,0,0.5,2,0,0,0,0
00-0037236,Aidan Hutchinson,DE,DET,11,1,2,0,0,0.5,1,0,0,0,0
00-0037237,Derek Stingley Jr.,CB,HOU,11,3,1,0,0,0.0,0,0,1,0,0
00-0037244,Devin Lloyd,LB,JAX,11,1,1,1,0,0.0,0,0,0,0,0
00-0037249,Nik Bonitto,LB,DEN,11,0,1,0,0,0.0,1,0,0,0,0
00-0037253,Marcus Jones,CB,NE,11,0,2,0,0,0.0,0,0,0,0,0
00-0037254,Terrel Bernard,LB,BUF,11,5,2,2,0,0.0,0,0,2,0,0
00-0037262,Thomas Booker,DT,LV,11,1,4,0,0,0.0,0,0,1,0,0
00-0037268,Zyon McCollum,CB,TB,11,3,3,0,0,0.0,0,0,0,0,0
00-0037271,D'Marco Jackson,LB,CHI,11,0,1,0,0,0.0,0,0,0,0,0
00-0037274,Esezi Otomewo,DT,PIT,11,2,0,0,0,0.0,0,0,0,0,0
00-0037275,DaRon Bland,CB,DAL,11,6,4,0,0,0.0,0,0,2,0,0
00-0037288,Christian Benford,CB,BUF,11,1,0,0,0,0.0,0,0,0,0,0
00-0037301,Theo Jackson,DB,MIN,11,1,0,0,0,0.0,0,0,1,0,0
00-0037310,James Houston,DE,DAL,11,1,1,1,0,1.0,1,0,0,0,0
00-0037313,Montaric Brown,CB,JAX,11,1,0,0,0,0.0,0,0,1,0,0
00-0037315,Cameron Goode,LB,MIA,11,1,0,0,0,0.0,0,0,0,0,0
00-0037321,Chase Lucas,CB,SF,11,0,1,0,0,0.0,0,0,0,0,0
00-0037364,Arron Mosby,DE,GB,11,2,0,0,0,0.0,0,0,0,0,0
00-0037384,Ja'Quan McMillian,CB,DEN,11,5,1,2,0,2.0,2,1,1,0,0
00-0037412,Cal Adomitis,LS,PHI,11,1,1,0,0,0.0,0,0,0,0,0
00-0037447,Tomon Fox,LB,NYG,11,1,0,0,0,0.0,0,0,0,0,0
00-0037512,Isaiah Pola-Mao,SAF,LV,11,4,5,0,0,0.0,0,0,0,0,0
00-0037549,Darrell Baker Jr.,CB,TEN,11,9,3,0,0,0.0,0,0,1,0,0
00-0037561,Markquese Bell,SAF,DAL,11,0,1,0,0,0.0,0,1,2,0,0
00-0037563,Malik Davis,RB,DAL,11,0,1,0,0,0.0,0,0,0,0,0
00-0037587,Nate Landman,LB,LAR,11,6,2,0,1,0.0,0,0,0,0,0
00-0037596,Jack Gibbens,LB,NE,11,5,1,1,0,0.0,0,0,0,0,0
00-0037602,Sam Okuayinonu,DT,SF,11,1,1,0,0,0.0,1,0,0,0,0
00-0037615,Nakobe Dean,LB,PHI,11,1,2,1,0,1.0,2,0,0,0,0
00-0037633,Jacob Hummel,LB,BAL,11,0,1,0,0,0.0,0,0,0,0,0
00-0037663,Jermaine Johnson II,DE,NYJ,11,1,1,1,0,1.0,2,0,0,0,0
00-0037665,Sam Williams,DE,DAL,11,1,0,0,0,0.0,0,0,0,0,0
00-0037743,Daxton Hill,DB,CIN,11,3,3,1,0,0.0,0,0,1,0,0
00-0037752,Tycen Anderson,SAF,CIN,11,1,0,0,0,0.0,0,0,0,0,0
00-0037753,Cam Taylor-Britt,CB,CIN,11,3,1,0,0,0.0,0,0,0,0,0
00-0037756,Travis Jones,DT,BAL,11,0,2,0,0,0.0,0,0,0,0,0
00-0037758,Cordale Flott,CB,NYG,11,3,0,0,1,0.0,0,0,1,0,0
00-0037799,Dondrea Tillman,LB,DEN,11,1,2,0,0,0.0,1,0,0,0,0
00-0037812,Abraham Lucas,OT,SEA,11,1,0,0,0,0.0,0,0,0,0,0
00-0037815,Cameron Thomas,DE,CLE,11,1,0,0,0,0.0,0,0,0,0,0
00-0037819,Leo Chenal,LB,KC,11,2,3,0,0,0.0,0,0,1,0,0
00-0037830,Samuel Womack,CB,TEN,11,1,1,0,0,0.0,0,0,0,0,0
00-0037832,Kalia Davis,DT,SF,11,1,1,0,0,0.0,1,0,0,0,0
00-0037839,Cobie Durant,CB,LAR,11,3,0,0,0,0.0,0,1,2,0,0
00-0037841,Quentin Lake,SAF,LAR,11,3,0,0,0,0.0,0,0,0,0,0
00-0037843,Daniel Hardy,DE,CHI,11,1,1,0,0,0.0,0,0,0,0,0
00-0038038,Kyle Hamilton,SAF,BAL,11,6,3,3,1,1.0,1,0,2,0,0
00-0038039,Jack Jones,CB,MIA,11,0,1,0,0,0.0,0,1,1,0,0
00-0038100,Percy Butler,SAF,WAS,11,1,0,0,0,0.0,0,0,0,0,0
00-0038104,Tyquan Thornton,WR,KC,11,1,0,0,1,0.0,0,0,0,0,0
00-0038106,Eyioma Uwazurike,DT,DEN,11,2,0,1,0,0.0,0,0,0,0,0
00-0038107,Micheal Clemons,DE,NYJ,11,0,1,0,0,0.0,0,0,1,0,0
00-0038116,Arnold Ebiketie,LB,ATL,11,0,1,0,0,0.0,1,0,0,0,0
00-0038119,Jalyn Armour-Davis,CB,TEN,11,2,0,1,0,0.0,0,0,1,0,0
00-0038123,Dane Belton,SAF,NYG,11,5,2,0,0,0.0,0,0,0,0,0
00-0038127,Logan Hall,DE,TB,11,1,1,1,0,0.0,0,0,0,0,0
00-0038133,Boye Mafe,DE,SEA,11,1,0,1,0,0.0,0,0,0,0,0
00-0038135,Jaquan Brisker,SAF,CHI,11,2,1,0,0,0.0,0,0,0,0,0
00-0038136,Coby Bryant,CB,SEA,11,3,2,0,1,0.0,0,0,0,0,0
00-0038142,David Ojabo,LB,BAL,11,0,2,0,0,0.0,0,0,0,0,0
00-0038381,Kyu Blu Kelly,CB,LV,11,3,2,0,0,0.0,0,0,0,0,0
00-0038386,Jalen Carter,DT,PHI,11,3,2,0,0,0.0,0,0,2,0,0
00-0038387,Colby Wooden,DE,GB,11,2,2,0,0,0.0,0,0,0,0,0
00-0038390,Noah Sewell,LB,CHI,11,4,6,0,0,0.0,0,0,0,0,0
00-0038398,Karl Brooks,DT,GB,11,1,1,0,0,0.0,0,0,0,0,0
00-0038399,Zaire Barnes,LB,NYG,11,1,1,0,0,0.0,0,0,0,0,0
00-0038408,Carrington Valentine,DB,GB,11,2,0,0,0,0.0,0,0,0,0,0
00-0038412,Moro Ojomo,DT,PHI,11,1,2,0,0,0.0,0,0,0,0,0
00-0038414,Kendall Williamson,SAF,LAC,11,2,1,0,0,0.0,0,0,0,0,0
00-0038488,Brady Russell,RB,SEA,11,0,1,0,0,0.0,0,0,0,0,0
00-0038493,Claudin Cherelus,LB,CAR,11,2,8,0,0,0.0,0,0,1,0,0
00-0038504,Trenton Simpson,LB,BAL,11,1,0,0,0,0.0,2,0,0,0,0
00-0038514,Truman Jones,DE,TEN,11,0,1,0,0,0.0,0,0,0,0,0
00-0038541,Tyree Wilson,DE,LV,11,2,1,1,0,0.0,1,0,0,0,0
00-0038543,Jaxon Smith-Njigba,WR,SEA,11,1,0,0,0,0.0,0,0,0,0,0
00-0038546,Myles Murphy,DE,CIN,11,4,3,1,0,1.0,2,0,0,0,0
00-0038549,DJ Turner II,CB,CIN,11,2,2,0,0,0.0,0,0,0,0,0
00-0038552,Riley Moss,CB,DEN,11,3,1,0,0,0.0,0,0,0,0,0
00-0038553,Daiyan Henley,LB,LAC,11,4,1,0,0,0.0,0,0,0,0,0
00-0038554,Ji'Ayir Brown,SAF,SF,11,3,4,0,0,0.0,0,0,0,0,0
00-0038556,DeMarvion Overshown,LB,DAL,11,1,0,1,0,0.0,0,0,0,0,0
00-0038557,Dorian Williams,LB,BUF,11,1,6,0,0,0.0,1,0,1,0,0
00-0038560,Jordan Battle,SAF,CIN,11,3,3,1,0,0.0,0,0,0,0,0
00-0038563,Tre Tucker,WR,LV,11,1,0,0,0,0.0,0,0,0,0,0
00-0038564,Cameron Latu,TE,PHI,11,1,0,0,0,0.0,0,0,0,0,0
00-0038574,Isaiah McGuire,DE,CLE,11,1,2,0,0,0.0,0,0,0,0,0
00-0038577,Nick Herbig,LB,PIT,11,2,0,1,0,1.0,1,0,0,0,0
00-0038578,Jay Ward,SAF,MIN,11,1,0,1,0,0.0,0,0,0,0,0
00-0038580,Yasir Abdullah,LB,JAX,11,2,1,0,0,0.0,0,0,0,0,0
00-0038591,Mike Morris,DE,SEA,11,1,0,0,0,0.0,0,0,0,0,0
00-0038594,Darrell Luter Jr.,CB,SF,11,2,1,0,0,0.0,0,0,0,0,0
00-0038596,Antonio Johnson,SAF,JAX,11,1,1,0,0,0.0,0,1,1,0,0
00-0038599,Henry To'oTo'o,LB,HOU,11,2,1,0,0,0.0,0,0,0,0,0
00-0038605,JL Skinner,SAF,DEN,11,1,0,0,0,0.0,0,0,0,0,0
00-0038616,Christian Braswell,CB,JAX,11,2,2,0,0,0.0,0,0,1,0,0
00-0038623,Dante Stills,DT,ARI,11,1,0,0,0,0.0,0,0,0,0,0
00-0038625,Dee Winters,LB,SF,11,4,5,1,0,0.0,0,0,0,0,0
00-0038628,DeMarcco Hellams,SAF,ATL,11,1,0,0,0,0.0,0,0,0,0,0
00-0038653,Cory Durden,DT,NE,11,1,0,0,0,0.0,0,0,0,0,0
00-0038660,Trevor Nowaske,LB,DET,11,1,1,1,0,0.0,0,0,0,0,0
00-0038684,Ethan Bonner,CB,MIA,11,1,1,0,0,0.0,0,0,0,0,0
00-0038685,Chris Brooks,RB,GB,11,0,1,0,0,0.0,0,0,0,0,0
00-0038694,Brandon Pili,DT,SEA,11,0,1,0,0,0.0,0,0,0,0,0
00-0038703,Kendell Brooks,SAF,TEN,11,2,1,0,0,0.0,0,0,0,0,0
00-0038715,Ronnie Hickman Jr.,SAF,CLE,11,3,6,0,0,0.0,0,0,0,0,0
00-0038738,Hunter Luepke,RB,DAL,11,0,1,0,0,0.0,0,0,0,0,0
00-0038765,Ty Okada,SAF,SEA,11,2,4,0,0,0.0,0,0,0,0,0
00-0038778,Jalen Redmond,DL,MIN,11,1,2,1,0,0.0,0,0,0,0,0
00-0038791,Thomas Incoom,LB,CAR,11,1,0,0,0,0.0,0,0,0,0,0
00-0038795,PJ Mustipher,DT,ARI,11,2,1,0,0,0.0,0,0,0,0,0
00-0038807,Ivan Pace Jr.,LB,MIN,11,0,1,0,0,0.0,0,0,0,0,0
00-0038820,Christian Izien,SAF,TB,11,1,1,0,0,0.0,0,0,0,0,0
00-0038922,Drake Thomas,LB,SEA,11,1,0,0,0,0.0,0,0,0,0,0
00-0038940,Tyler Lacy,DE,DET,11,1,1,0,0,0.0,0,0,0,0,0
00-0038966,Natrone Brooks,DB,ATL,11,3,2,0,0,0.0,0,0,2,0,0
00-0038982,Chamarri Conner,DB,KC,11,5,3,1,0,1.0,1,0,0,0,0
00-0038984,Kei'Trel Clark,CB,ARI,11,2,0,0,0,0.0,0,0,0,0,0
00-0038986,Nic Jones,CB,NYG,11,0,0,0,0,0.0,0,0,1,0,0
00-0039000,Deonte Banks,CB,NYG,11,1,0,0,0,0.0,0,0,1,0,0
00-0039002,Sydney Brown,SAF,PHI,11,0,1,0,0,0.0,0,0,0,0,0
00-0039007,Garrett Williams,CB,ARI,11,1,2,0,0,0.0,0,0,1,0,0
00-0039009,Dylan Horton,DE,HOU,11,3,0,0,0,0.0,1,0,0,0,0
00-0039013,Nolan Smith,LB,PHI,11,1,0,0,0,0.0,0,0,0,0,0
00-0039018,Jack Campbell,LB,DET,11,7,8,1,0,0.0,0,0,0,0,0
00-0039021,Roschon Johnson,RB,CHI,11,1,1,0,0,0.0,0,0,0,0,0
00-0039047,Derick Hall,LB,SEA,11,0,1,0,0,0.0,1,0,0,0,0
00-0039049,SirVocea Dennis,LB,TB,11,0,4,0,0,0.0,0,1,1,0,0
00-0039051,Josh Hayes,DB,TB,11,1,1,0,1,0.0,0,0,0,0,0
00-0039054,Marte Mapu,LB,NE,11,1,0,0,0,0.0,0,0,0,0,0
00-0039068,Yaya Diaby,LB,TB,11,1,1,0,0,0.0,1,0,0,0,0
00-0039071,Tyrique Stevenson,CB,CHI,11,3,1,0,1,0.0,0,0,1,0,0
00-0039076,Nick Hampton,LB,LAR,11,1,0,0,0,0.0,0,0,0,0,0
00-0039108,Will Anderson Jr.,DE,HOU,11,1,2,2,1,1.0,1,0,0,0,0
00-0039110,Keeanu Benton,DT,PIT,11,1,2,0,0,0.0,1,0,0,0,0
00-0039111,Tuli Tuipulotu,LB,LAC,11,1,2,1,0,0.0,0,0,0,0,0
00-0039137,Byron Young,LB,LAR,11,3,3,0,0,0.0,1,0,0,0,0
00-0039138,Kobie Turner,DE,LAR,11,1,0,0,0,0.0,0,0,0,0,0
00-0039140,Kelee Ringo,CB,PHI,11,1,1,0,0,0.0,0,0,0,0,0
00-0039141,Brian Branch,CB,DET,11,4,2,0,0,0.0,0,0,0,0,0
00-0039142,Will McDonald IV,DE,NYJ,11,0,1,0,0,0.0,1,0,0,0,0
00-0039147,Christian Gonzalez,CB,NE,11,5,0,0,0,0.0,0,0,1,0,0
00-0039148,Keion White,DE,SF,11,0,1,0,0,0.0,0,0,1,0,0
00-0039149,Quan Martin,SAF,WAS,11,1,3,0,0,0.0,0,0,0,0,0
00-0039151,Emmanuel Forbes,CB,LAR,11,4,1,0,0,0.0,0,0,1,0,0
00-0039156,Julius Brents,CB,MIA,11,2,3,0,0,0.0,0,0,0,0,0
00-0039167,Joey Porter Jr.,CB,PIT,11,1,2,0,0,0.0,0,0,1,0,0
00-0039169,Devon Witherspoon,CB,SEA,11,2,1,0,0,0.0,0,0,0,0,0
00-0039176,Basil Okoye,DT,BAL,11,0,1,0,0,0.0,0,0,0,0,0
00-0039232,Nate Wiggins,CB,BAL,11,4,0,0,0,0.0,0,1,1,0,0
00-0039234,T.J. Tampa,CB,BAL,11,1,0,0,0,0.0,0,0,0,0,0
00-0039309,Byron Murphy II,DT,SEA,11,1,4,1,0,0.0,0,0,0,0,0
00-0039324,Christian Roland-Wallace,CB,KC,11,4,3,0,0,0.0,0,0,1,0,0
00-0039343,Kamari Lassiter,CB,HOU,11,1,1,0,0,0.0,0,0,1,0,0
00-0039345,Renardo Green,CB,SF,11,4,2,0,0,0.0,0,0,0,0,0
00-0039352,Marist Liufau,LB,DAL,11,2,5,0,0,0.0,0,0,0,0,0
00-0039353,Jarrian Jones,CB,JAX,11,0,3,0,0,0.0,0,0,0,0,0
00-0039354,McKinnley Jackson,DT,CIN,11,0,2,0,0,0.0,0,0,0,0,0
00-0039357,Decamerion Richardson,CB,LV,11,2,0,0,0,0.0,0,0,0,0,0
00-0039360,Malik Mustapha,SAF,SF,11,1,3,0,0,0.0,0,1,1,0,0
00-0039366,Tarheeb Still,CB,LAC,11,0,1,0,0,0.0,0,0,0,0,0
00-0039368,Jordan Magee,LB,WAS,11,4,1,0,0,0.0,0,0,0,0,0
00-0039369,Cam Hart,CB,LAC,11,4,0,0,0,0.0,0,0,0,0,0
00-0039370,JD Bertrand,LB,ATL,11,0,1,0,0,0.0,0,0,0,0,0
00-0039371,Kris Abrams-Draine,CB,DEN,11,3,1,0,0,0.0,0,0,1,0,0
00-0039372,Jarvis Brownlee Jr.,DB,NYJ,11,6,2,0,0,0.0,0,0,0,0,0
00-0039374,Tommy Eichenberg,LB,LV,11,1,0,0,0,0.0,0,0,0,0,0
00-0039375,Josh Newton,CB,CIN,11,1,0,0,0,0.0,0,0,1,0,0
00-0039380,Chau Smith-Wade,CB,CAR,11,2,1,0,0,0.0,0,0,0,0,0
00-0039387,Caelen Carson,DB,DAL,11,2,0,0,0,0.0,0,0,2,0,0
00-0039391,Kimani Vidal,RB,LAC,11,1,0,0,0,0.0,0,0,0,0,0
00-0039417,Myles Harden,CB,CLE,11,2,1,0,0,0.0,0,0,0,0,0
00-0039421,Levi Drake Rodriguez,DL,MIN,11,2,1,0,0,0.0,0,0,0,0,0
00-0039423,Jonah Laulu,DT,LV,11,0,2,0,0,0.0,0,0,0,0,0
00-0039431,Jowon Briggs,DE,NYJ,11,0,0,0,0,0.0,1,0,0,0,0
00-0039435,Tatum Bethune,LB,SF,11,0,3,0,0,0.0,0,0,0,0,0
00-0039436,Jaylen Harrell,DE,TEN,11,0,2,0,0,0.5,1,0,0,0,0
00-0039465,Reddy Steward,DB,DAL,11,2,1,0,0,0.0,0,0,0,0,0
00-0039513,Chris Edmonds,SAF,CLE,11,0,1,0,0,0.0,0,0,0,0,0
00-0039530,Brevyn Spann-Ford,TE,DAL,11,0,1,0,0,0.0,0,0,0,0,0
00-0039632,PJ Jules,SAF,CIN,11,2,0,0,0,0.0,0,0,0,0,0
00-0039637,Maema Njongmeta,LB,CAR,11,1,0,0,0,0.0,0,0,0,0,0
00-0039648,David Martin-Robinson,TE,TEN,11,1,0,0,0,0.0,0,0,0,0,0
00-0039660,Thomas Harper,SAF,DET,11,4,1,0,0,0.0,0,0,0,0,0
00-0039686,Colson Yankoff,TE,WAS,11,1,0,0,0,0.0,0,0,0,0,0
00-0039692,Dell Pettus,SAF,NE,11,1,0,0,0,0.0,0,0,1,0,0
00-0039718,Bo Richter,LB,MIN,11,1,0,0,0,0.0,0,0,0,0,0
00-0039733,Ruke Orhorhoro,DT,ATL,11,2,0,1,0,0.0,0,0,0,0,0
00-0039734,Braden Fiske,DT,LAR,11,1,2,0,0,0.0,0,0,0,0,0
00-0039738,Blake Corum,RB,LAR,11,1,0,0,0,0.0,0,0,0,0,0
00-0039740,Jalyx Hunt,LB,PHI,11,1,0,0,0,0.0,3,0,0,0,0
00-0039741,Payton Wilson,LB,PIT,11,2,4,0,0,0.0,0,0,0,0,0
00-0039749,Tyler Davis,DE,LAR,11,1,2,0,0,0.0,0,0,0,0,0
00-0039751,Jordan Whittington,WR,LAR,11,1,0,0,0,0.0,0,0,0,0,0
00-0039752,Cedric Johnson,DE,CIN,11,2,1,0,0,0.0,0,0,0,0,0
00-0039763,Joe Andreessen,LB,BUF,11,0,2,0,0,0.0,0,0,0,0,0
00-0039764,Elijah Chatman,DT,NYG,11,0,1,0,0,0.0,0,0,0,0,0
00-0039770,Charles Woods,CB,NE,11,1,0,0,0,0.0,0,0,0,0,0
00-0039772,Josh Wallace,CB,LAR,11,3,0,0,0,0.0,0,0,0,0,0
00-0039774,Omar Speights,LB,LAR,11,2,4,0,0,0.0,0,0,0,0,0
00-0039776,Jaylen McCollough,SAF,LAR,11,1,0,0,0,0.0,0,0,0,0,0
00-0039789,Qwan'tez Stiggers,DB,NYJ,11,0,1,0,0,0.0,0,0,0,0,0
00-0039796,Rasheen Ali,RB,BAL,11,1,1,0,0,0.0,0,0,0,0,0
00-0039807,Max Melton,CB,ARI,11,2,2,0,0,0.0,0,0,1,0,0
00-0039808,Isaiah Adams,G,ARI,11,1,0,0,0,0.0,0,0,0,0,0
00-0039812,Ty'Ron Hopper,LB,GB,11,1,0,0,0,0.0,0,0,0,0,0
00-0039813,Evan Williams,SAF,GB,11,5,4,0,0,0.0,0,1,1,0,0
00-0039815,Tyrice Knight,LB,SEA,11,1,0,0,0,0.0,0,0,0,0,0
00-0039821,Andru Phillips,DB,NYG,11,0,1,0,0,0.0,0,0,0,0,0
00-0039825,Jaden Hicks,SAF,KC,11,0,1,0,0,0.0,0,0,0,0,0
00-0039826,Jeremiah Trotter Jr.,LB,PHI,11,1,0,0,0,0.0,0,0,0,0,0
00-0039834,Kamren Kinchens,SAF,LAR,11,3,1,0,0,0.0,1,2,2,0,0
00-0039835,Justin Eboigbe,DT,LAC,11,5,1,0,0,0.0,1,0,0,0,0
00-0039838,Calen Bullock,SAF,HOU,11,3,3,0,0,0.0,0,0,0,0,0
00-0039840,Austin Booker,DE,CHI,11,1,1,0,0,0.0,1,0,0,0,0
00-0039841,Cooper DeJean,CB,PHI,11,3,0,0,0,0.0,0,1,2,0,0
00-0039846,Tykee Smith,DB,TB,11,4,1,0,0,0.0,0,0,2,0,0
00-0039850,Edgerrin Cooper,LB,GB,11,2,3,1,0,0.0,0,0,0,0,0
00-0039852,Jared Verse,DE,LAR,11,2,1,0,0,0.0,1,0,1,0,0
00-0039854,Darius Robinson,DL,ARI,11,1,4,0,0,0.0,0,0,0,0,0
00-0039858,Cedric Gray,LB,TEN,11,6,5,1,0,0.0,0,0,2,0,0
00-0039859,Brandon Dorlus,DE,ATL,11,0,1,0,0,0.0,0,0,0,0,0
00-0039867,Javon Bullard,SAF,GB,11,2,2,0,0,0.0,0,0,1,0,0
00-0039872,Cole Bishop,SAF,BUF,11,4,3,0,0,0.0,0,1,1,0,0
00-0039886,T'Vondre Sweat,DT,TEN,11,0,1,1,0,0.0,0,0,0,0,0
00-0039888,Quinyon Mitchell,CB,PHI,11,0,1,0,0,0.0,0,0,2,0,0
00-0039889,Maason Smith,DT,JAX,11,1,0,0,0,0.0,0,0,0,0,0
00-0039895,Mike Hall Jr.,DT,CLE,11,1,0,1,0,1.0,2,0,0,0,0
00-0039898,Mike Sainristil,CB,WAS,11,1,3,0,0,0.0,0,0,0,0,0
00-0039902,Chris Braswell,LB,TB,11,4,0,0,0,0.0,0,0,0,0,0
00-0039905,Graham Barton,C,TB,11,1,0,0,0,0.0,0,0,0,0,0
00-0039906,Jer'Zhan Newton,DT,WAS,11,1,0,0,0,0.0,0,0,0,0,0
00-0039908,Kris Jenkins,DT,CIN,11,0,2,0,0,0.0,0,0,0,0,0
00-0039911,Chop Robinson,LB,MIA,11,0,1,0,0,0.0,1,0,0,0,0
00-0039920,Malachi Corley,WR,CLE,11,1,0,0,0,0.0,0,0,0,0,0
00-0039924,Dallas Turner,LB,MIN,11,2,5,2,0,1.0,3,0,1,0,0
00-0040008,Shavon Revel Jr.,CB,DAL,11,1,0,0,0,0.0,0,0,0,0,0
00-0040010,Barryn Sorrell,DE,GB,11,0,1,0,0,0.0,0,0,0,0,0
00-0040011,Shemar James,LB,DAL,11,3,4,0,0,0.0,0,0,0,0,0
00-0040013,Smael Mondon Jr.,LB,PHI,11,0,1,0,0,0.0,0,0,0,0,0
00-0040016,Warren Brinson,DT,GB,11,1,0,0,0,0.0,0,0,0,0,0
00-0040020,Micah Robinson,CB,TEN,11,1,0,0,0,0.0,0,0,0,0,0
00-0040045,Alijah Clark,DB,DAL,11,0,3,0,0,0.0,0,0,0,0,0
00-0040069,Teddye Buchanan,LB,BAL,11,1,1,0,0,0.0,1,0,1,0,0
00-0040089,Kevin Knowles,DB,KC,11,1,0,0,0,0.0,0,0,0,0,0
00-0040104,Keondre Jackson,SAF,BAL,11,1,0,0,0,0.0,0,0,0,0,0
00-0040108,Chandler Martin,LB,BAL,11,1,2,0,0,0.0,0,0,0,0,0
00-0040127,Kenneth Grant,DT,MIA,11,1,0,0,0,0.0,0,0,0,0,0
00-0040135,Nick Martin,LB,SF,11,5,2,0,0,0.0,0,0,0,0,0
00-0040136,Princely Umanmielen,LB,CAR,11,1,0,0,0,0.0,0,0,0,0,0
00-0040141,Kevin Winston Jr.,SAF,TEN,11,2,4,0,0,0.0,1,0,0,0,0
00-0040143,Jacob Parrish,CB,TB,11,2,1,2,0,0.0,0,1,1,0,0
00-0040144,Jamaree Caldwell,DT,LAC,11,2,3,0,0,0.0,0,0,0,0,0
00-0040148,Xavier Watts,SAF,ATL,11,1,1,0,0,0.0,0,0,1,0,0
00-0040152,Upton Stout,CB,SF,11,2,5,0,1,0.0,0,0,0,0,0
00-0040154,Tai Felton,WR,MIN,11,0,1,0,0,0.0,0,0,0,0,0
00-0040156,Billy Bowman Jr.,CB,ATL,11,4,0,1,0,1.0,1,0,0,0,0
00-0040157,Barrett Carter,LB,CIN,11,1,3,0,0,0.0,0,0,0,0,0
00-0040160,Jack Sawyer,LB,PIT,11,0,2,0,0,0.0,0,0,0,0,0
00-0040165,Malachi Moore,SAF,NYJ,11,3,0,0,0,0.0,0,0,1,0,0
00-0040168,Que Robinson,LB,DEN,11,1,1,0,0,0.0,0,0,0,0,0
00-0040173,Tyrion Ingram-Dawkins,DT,MIN,11,2,1,1,0,0.0,0,0,0,0,0
00-0040175,Jordan Phillips,DT,MIA,11,0,0,1,0,0.0,0,0,0,0,0
00-0040178,Jason Marshall Jr.,CB,MIA,11,1,1,0,0,0.0,0,0,1,0,0
00-0040185,Marques Sigle,SAF,SF,11,0,2,0,0,0.0,0,0,0,0,0
00-0040186,Francisco Mauigoa,LB,NYJ,11,0,3,0,0,0.0,0,0,0,0,0
00-0040188,Yahya Black,DE,PIT,11,0,2,0,0,0.0,0,0,0,0,0
00-0040195,Denzel Burke,CB,ARI,11,1,1,0,0,0.0,0,0,1,0,0
00-0040196,Tyler Baron,DE,NYJ,11,2,1,1,0,0.0,0,0,0,0,0
00-0040201,Marcus Harris,CB,TEN,11,2,2,0,0,0.0,0,0,1,0,0
00-0040214,Kobe King,LB,NYJ,11,1,0,0,0,0.0,0,0,0,0,0
00-0040216,Kain Medrano,LB,WAS,11,1,0,0,0,0.0,0,0,0,0,0
00-0040221,R.J. Mickens,SAF,LAC,11,4,1,0,0,0.0,0,0,0,0,0
00-0040238,LeQuint Allen Jr.,RB,JAX,11,0,1,0,0,0.0,0,0,0,0,0
00-0040243,Korie Black,CB,NYG,11,1,0,0,0,0.0,0,0,0,0,0
00-0040248,Zeek Biggers,DT,MIA,11,3,4,0,0,0.0,0,0,0,0,0
00-0040255,Adin Huntington,DE,CLE,11,1,0,0,0,0.0,0,0,0,0,0
00-0040263,Donovan McMillon,SAF,CLE,11,1,1,0,0,0.0,0,0,0,0,0
00-0040289,Bam Martin-Scott,LB,CAR,11,2,0,0,1,0.0,0,0,0,0,0
00-0040296,Corey Thornton,CB,CAR,11,3,2,0,1,0.0,0,0,2,0,0
00-0040326,Branson Combs,LB,JAX,11,1,1,0,0,0.0,0,0,0,0,0
00-0040329,BJ Green II,DE,JAX,11,0,2,0,0,0.0,0,0,0,0,0
00-0040342,Danny Striggow,DE,JAX,11,0,1,0,0,0.5,2,0,0,0,0
00-0040363,Keleki Latu,TE,BUF,11,1,1,0,0,0.0,0,0,0,0,0
00-0040371,Eric Gregory,DT,NE,11,0,1,0,0,0.0,0,0,0,0,0
00-0040396,Dean Clark,SAF,NYJ,11,1,0,0,0,0.0,0,0,0,0,0
00-0040416,John Bullock,LB,TB,11,0,1,0,0,0.0,0,0,0,0,0
00-0040431,Dalen Cambre,WR,NYG,11,1,1,0,0,0.0,0,0,0,0,0
00-0040460,Marlowe Wax,LB,LAC,11,1,0,0,0,0.0,0,0,0,0,0
00-0040471,Nikko Reed,DB,LAC,11,1,0,0,0,0.0,0,0,0,0,0
00-0040488,Carter Runyon,TE,LV,11,1,0,0,0,0.0,0,0,0,0,0
00-0040546,Cobee Bryant,CB,ATL,11,1,0,0,0,0.0,0,0,0,0,0
00-0040574,Elijah Ponder,LB,NE,11,3,2,1,0,1.0,1,0,0,0,0
00-0040577,Jalon Walker,LB,ATL,11,4,0,0,0,0.0,1,0,0,0,0
00-0040578,James Pearce Jr.,DE,ATL,11,1,1,1,0,1.0,3,0,0,0,0
00-0040579,Carson Schwesinger,LB,CLE,11,8,3,2,0,0.0,0,1,1,0,0
00-0040580,Josaiah Stewart,LB,LAR,11,0,1,0,0,0.0,0,0,0,0,0
00-0040625,Nick Jackson,LB,TB,11,1,0,0,0,0.0,0,0,0,0,0
00-0040634,Jordan Turner,LB,DEN,11,0,1,0,0,0.0,0,0,0,0,0
00-0040636,Keyon Martin,CB,BAL,11,3,0,1,0,1.0,1,0,1,0,0
00-0040640,Ashton Gillotte,DE,KC,11,2,0,0,0,0.0,0,0,0,0,0
00-0040641,Darien Porter,CB,LV,11,0,2,0,0,0.0,0,0,0,0,0
00-0040645,Cody Simon,LB,ARI,11,4,8,0,0,0.0,0,0,0,0,0
00-0040661,Donovan Jackson,G,MIN,11,1,0,0,0,0.0,0,0,0,0,0
00-0040670,Nohl Williams,CB,KC,11,1,0,0,0,0.0,0,0,0,0,0
00-0040672,Tyleik Williams,DT,DET,11,2,2,0,0,0.0,0,0,0,0,0
00-0040677,Abdul Carter,LB,NYG,11,1,0,0,0,0.0,1,0,0,0,0
00-0040678,Derrick Harmon,DT,PIT,11,1,0,0,0,0.0,0,0,0,0,0
00-0040685,Mason Graham,DT,CLE,11,1,0,1,0,0.0,0,0,0,0,0
00-0040688,Malaki Starks,SAF,BAL,11,1,1,0,0,0.0,1,0,0,0,0
00-0040694,Darius Alexander,DT,NYG,11,0,2,0,0,0.0,0,0,0,0,0
00-0040706,Walter Nolen,DT,ARI,11,1,0,2,0,0.0,1,0,0,0,0
00-0040708,Jihaad Campbell,LB,PHI,11,1,1,0,0,0.0,0,0,0,0,0
00-0040710,Deone Walker,DT,BUF,11,1,4,0,0,0.0,0,0,0,0,0
00-0040711,CJ West,DT,SF,11,1,2,1,0,0.0,0,0,0,0,0
00-0040716,Craig Woodson,SAF,NE,11,3,1,0,0,0.0,0,0,0,0,0
00-0040720,Jahdae Barron,CB,DEN,11,2,2,0,0,0.0,0,0,0,0,0
00-0040722,Mike Green,LB,BAL,11,0,1,0,0,0.0,0,0,0,0,0
00-0040724,T.J. Sanders,DT,BUF,11,1,2,0,0,0.0,0,0,0,0,0
00-0040725,Donovan Ezeiruaku,DE,DAL,11,2,2,2,0,0.0,0,0,0,0,0
00-0040733,Nick Emmanwori,SAF,SEA,11,2,1,0,0,0.0,0,0,1,0,0
00-0040738,Demetrius Knight Jr.,LB,CIN,11,1,1,0,0,0.0,0,0,1,0,0
00-0040746,Nic Scourton,LB,CAR,11,3,2,1,0,0.0,0,0,0,0,0
00-0040747,Benjamin Morrison,CB,TB,11,3,1,0,0,0.0,0,0,1,0,0
00-0040749,Andrew Mukuba,SAF,PHI,11,4,0,0,0,0.0,0,0,0,0,0
00-0026190,Calais Campbell,DE,ARI,12,1,2,0,0,0.5,2,0,1,0,0
00-0027962,Cameron Jordan,LB,NO,12,2,0,2,1,1.0,0,0,0,0,0
00-0027969,Cameron Heyward,DE,PIT,12,2,1,0,0,0.0,0,0,0,0,0
00-0029562,Lavonte David,OLB,TB,12,4,4,1,0,0.0,0,0,0,0,0
00-0029606,Harrison Smith,FS,MIN,12,0,1,0,0,0.0,0,0,0,0,0
00-0029607,Demario Davis,OLB,NO,12,6,5,0,0,0.0,0,0,0,0,0
00-0029892,Kyle Juszczyk,FB,SF,12,1,0,0,0,0.0,0,0,0,0,0
00-0030062,Darius Slay,CB,PIT,12,0,1,0,0,0.0,0,0,0,0,0
00-0030070,John Jenkins,DT,BAL,12,0,2,0,0,0.0,0,0,0,0,0
00-0030114,Jordan Poyer,FS,BUF,12,2,4,0,0,0.0,0,0,1,0,0
00-0030757,Mike Pennel,DT,KC,12,1,0,0,0,0.0,0,0,0,0,0
00-0031054,DaQuan Jones,DT,BUF,12,0,0,0,0,0.0,2,0,1,0,0
00-0031270,Shelby Harris,DE,CLE,12,0,1,0,0,0.5,1,0,0,0,0
00-0031357,C.J. Goodwin,CB,DAL,12,0,2,0,0,0.0,0,0,0,0,0
00-0031360,Kyle Van Noy,MLB,BAL,12,0,1,0,0,0.0,1,0,0,0,0
00-0031364,Jadeveon Clowney,OLB,DAL,12,2,0,0,0,0.0,0,0,0,0,0
00-0031411,DeMarcus Lawrence,LB,SEA,12,1,1,1,0,0.0,2,0,0,0,0
00-0031550,Shaq Thompson,OLB,BUF,12,0,4,0,0,0.0,0,0,0,0,0
00-0031565,Danielle Hunter,DE,HOU,12,3,3,2,0,2.0,3,0,0,0,0
00-0031583,Grady Jarrett,DT,CHI,12,1,2,0,0,0.0,1,0,1,0,0
00-0031933,Leonard Williams,DE,SEA,12,3,1,1,0,1.0,4,0,0,0,0
00-0031957,Rakeem Nunez-Roches,DT,NYG,12,1,1,1,0,1.0,1,0,0,0,0
00-0032052,Dante Fowler Jr.,DE,DAL,12,0,0,0,0,0.0,0,0,1,0,0
00-0032164,Arik Armstead,DE,JAX,12,0,1,0,0,0.0,0,0,0,0,0
00-0032265,Mario Edwards,DT,HOU,12,0,1,0,0,0.5,1,0,0,0,0
00-0032424,DJ Reader,DT,DET,12,1,3,0,0,0.0,0,0,0,0,0
00-0032442,Elandon Roberts,OLB,LV,12,2,1,1,0,0.0,0,0,0,0,0
00-0032759,Sheldon Rankins,DT,HOU,12,2,2,1,0,0.0,0,0,0,0,0
00-0032762,Chris Jones,DE,KC,12,1,0,0,0,0.0,2,0,0,0,0
00-0032763,Austin Johnson,NT,JAX,12,0,1,0,0,0.0,0,0,0,0,0
00-0032889,A'Shawn Robinson,DT,CAR,12,1,6,0,0,0.0,1,0,0,0,0
00-0032951,Laquon Treadwell,WR,IND,12,1,0,0,0,0.0,0,0,0,0,0
00-0033046,Jihad Ward,LB,TEN,12,0,0,0,0,0.0,0,0,1,0,0
00-0033051,David Onyemata,DT,ATL,12,2,1,1,0,0.0,1,0,0,0,0
00-0033055,Jalen Ramsey,CB,PIT,12,3,6,0,0,0.0,0,0,0,0,0
00-0033057,Jack Conklin,OT,CLE,12,0,1,0,0,0.0,0,0,0,0,0
00-0033072,Leonard Floyd,DE,ATL,12,1,2,0,0,0.0,1,0,1,0,0
00-0033073,Emmanuel Ogbah,DE,JAX,12,0,2,0,0,0.0,1,0,0,0,0
00-0033093,Jonathan Bullard,DE,NO,12,0,1,0,0,0.0,0,0,0,0,0
00-0033109,Javon Hargrave,NT,MIN,12,2,4,0,0,0.0,0,0,0,0,0
00-0033120,Kenny Clark,NT,DAL,12,1,0,0,0,0.0,0,0,0,0,0
00-0033131,Maliek Collins,DT,CLE,12,2,1,2,0,2.5,3,0,0,0,0
00-0033132,Kevin Byard,FS,CHI,12,3,2,1,0,0.0,0,0,0,0,0
00-0033156,Joey Bosa,DE,BUF,12,0,0,0,0,0.0,2,0,0,0,0
00-0033281,Marlon Humphrey,CB,BAL,12,2,1,1,1,0.0,0,0,0,0,0
00-0033293,Aaron Jones,RB,MIN,12,1,0,0,0,0.0,0,0,0,0,0
00-0033336,Eric Wilson,LB,MIN,12,3,1,1,0,0.0,1,0,0,0,0
00-0033381,Adam Butler,DT,LV,12,0,2,0,0,0.0,1,0,0,0,0
00-0033393,Kenny Moore II,CB,IND,12,1,2,0,0,0.0,0,0,1,0,0
00-0033439,Pharaoh Brown,TE,ARI,12,1,0,0,0,0.0,0,0,0,0,0
00-0033523,Jonathan Allen,DE,MIN,12,1,1,0,0,0.0,0,0,0,0,0
00-0033548,Chidobe Awuzie,CB,BAL,12,1,0,0,0,0.0,0,0,0,0,0
00-0033571,Matt Milano,OLB,BUF,12,2,2,1,0,0.0,0,0,0,0,0
00-0033697,Michael Davis,CB,NO,12,1,0,0,0,0.0,0,0,0,0,0
00-0033702,Younghoe Koo,K,NYG,12,1,0,0,0,0.0,0,0,0,0,0
00-0033854,Dare Ogunbowale,RB,HOU,12,1,0,0,0,0.0,0,0,0,0,0
00-0033860,Davon Godchaux,DT,NO,12,1,0,0,0,0.0,0,0,0,0,0
00-0033868,Myles Garrett,DE,CLE,12,3,1,4,2,3.0,6,0,0,0,0
00-0033870,Solomon Thomas,DE,DAL,12,0,2,0,0,0.0,0,0,0,0,0
00-0033872,Jamal Adams,LB,LV,12,1,0,0,0,0.0,0,0,0,0,0
00-0033873,Patrick Mahomes,QB,KC,12,1,0,0,0,0.0,0,0,0,0,0
00-0033876,Derek Barnett,DE,HOU,12,1,0,1,0,1.0,1,0,0,0,0
00-0033877,Malik Hooker,FS,DAL,12,1,4,0,0,0.0,0,0,0,0,0
00-0033878,Adoree' Jackson,CB,PHI,12,3,0,0,0,0.0,0,0,0,0,0
00-0033884,Tre'Davious White,CB,BUF,12,1,1,0,0,0.0,0,0,1,0,0
00-0033886,T.J. Watt,OLB,PIT,12,2,3,1,1,1.0,1,0,0,0,0
00-0033890,Budda Baker,S,ARI,12,4,5,0,0,0.5,1,1,1,0,0
00-0033905,Larry Ogunjobi,DT,BUF,12,2,0,1,0,0.0,0,0,0,0,0
00-0033907,Dawuane Smoot,DE,JAX,12,1,1,0,0,0.0,1,0,0,0,0
00-0033914,Alex Anzalone,MLB,DET,12,2,4,0,0,0.0,0,0,0,0,0
00-0033918,Fabian Moreau,CB,MIN,12,1,0,0,0,0.0,0,0,0,0,0
00-0033941,Rayshawn Jenkins,SAF,CLE,12,1,3,0,0,0.0,0,0,0,0,0
00-0033945,Samson Ebukam,DE,IND,12,2,1,0,0,0.0,0,0,0,0,0
00-0033952,Grover Stewart,DT,IND,12,1,5,0,0,0.5,1,0,0,0,0
00-0033964,Al-Quadin Muhammad,LB,DET,12,0,2,0,0,0.0,0,0,0,0,0
00-0034073,Ross Dwelley,TE,DET,12,1,0,0,0,0.0,0,0,0,0,0
00-0034145,Chris Lammons,DB,IND,12,3,0,0,0,0.0,0,0,0,0,0
00-0034203,Darious Williams,CB,LAR,12,2,1,0,0,0.0,0,0,0,0,0
00-0034234,Poona Ford,DT,LAR,12,0,1,0,0,0.0,0,0,0,0,0
00-0034320,Kentavius Street,DE,ATL,12,1,4,0,0,0.0,0,0,0,0,0
00-0034350,Uchenna Nwosu,LB,SEA,12,1,0,0,0,0.0,0,0,1,0,0
00-0034357,Isaiah Oliver,FS,NYJ,12,2,1,0,0,0.0,0,0,0,0,0
00-0034359,Tyquan Lewis,DE,IND,12,0,1,0,0,0.0,0,0,0,0,0
00-0034361,Justin Reid,S,NO,12,3,4,0,0,0.0,0,1,1,1,0
00-0034376,Taron Johnson,CB,BUF,12,3,2,0,0,0.0,0,0,1,0,0
00-0034381,Josh Sweat,LB,ARI,12,1,1,0,0,0.0,1,0,0,0,0
00-0034384,D.J. Reed,CB,DET,12,2,0,0,0,0.0,0,0,0,0,0
00-0034391,Siran Neal,DB,SF,12,0,1,0,0,0.0,0,0,0,0,0
00-0034397,Tim Settle,DT,HOU,12,2,1,2,0,1.0,1,0,0,0,0
00-0034413,Foye Oluokun,LB,JAX,12,5,5,1,0,0.0,0,0,0,0,0
00-0034431,Zaire Franklin,OLB,IND,12,7,7,1,1,0.0,1,0,0,0,0
00-0034446,Jalen Davis,CB,CIN,12,1,2,1,0,1.0,1,0,0,0,0
00-0034473,Dennis Gardeck,LB,JAX,12,3,3,1,0,1.5,4,0,0,0,0
00-0034485,Jonathan Owens,SAF,CHI,12,0,1,0,0,0.0,0,0,0,0,0
00-0034488,Tavierre Thomas,SAF,MIN,12,1,0,0,0,0.0,0,0,0,0,0
00-0034573,Charvarius Ward,CB,IND,12,2,1,0,0,0.0,0,0,1,0,0
00-0034639,Mike Ford,DB,ATL,12,2,0,0,0,0.0,0,0,0,0,0
00-0034657,Matt Dickerson,DE,JAX,12,0,1,1,0,0.0,0,0,0,0,0
00-0034675,Jessie Bates,FS,ATL,12,6,1,0,0,0.0,0,0,1,0,0
00-0034720,Robert Spillane,LB,NE,12,3,2,0,0,0.0,0,0,0,0,0
00-0034754,Oren Burks,ILB,CIN,12,0,2,0,0,0.0,0,0,0,0,0
00-0034760,Nathan Shepherd,DE,NO,12,0,2,0,0,0.0,0,0,0,0,0
00-0034778,Carlton Davis III,CB,NE,12,4,4,0,0,0.0,0,0,3,0,0
00-0034779,Ronnie Harrison,LB,ATL,12,1,0,0,0,0.0,0,0,1,0,0
00-0034780,Isaac Yiadom,CB,NO,12,1,0,0,0,0.0,0,0,0,0,0
00-0034782,Harrison Phillips,DT,NYJ,12,1,7,1,0,0.0,0,0,1,0,0
00-0034797,Jerome Baker,OLB,CLE,12,0,1,0,0,0.5,1,0,0,0,0
00-0034800,B.J. Hill,DE,CIN,12,0,3,0,0,0.0,0,0,0,0,0
00-0034810,Sebastian Joseph-Day,DT,TEN,12,1,1,0,0,0.0,0,0,0,0,0
00-0034818,Derrick Nnadi,NT,KC,12,1,0,0,0,0.0,0,0,0,0,0
00-0034825,Arden Key,DE,TEN,12,2,0,2,0,1.0,2,0,0,0,0
00-0034828,Harold Landry III,LB,NE,12,3,1,1,0,1.0,2,0,0,0,0
00-0034842,Taven Bryan,DT,BAL,12,0,1,0,0,0.5,1,0,0,0,0
00-0034843,Mike Hughes,CB,ATL,12,6,0,0,0,0.0,0,0,1,0,0
00-0034856,Denzel Ward,CB,CLE,12,1,1,1,0,0.0,0,0,2,0,0
00-0034874,Roquan Smith,ILB,BAL,12,6,5,0,0,0.0,0,0,0,0,0
00-0034966,D'Angelo Ross,CB,CLE,12,1,0,0,0,0.0,0,0,0,0,0
00-0034967,Rashan Gary,LB,GB,12,1,2,0,0,0.0,2,0,1,0,0
00-0034973,Maxx Crosby,DE,LV,12,5,3,5,0,0.0,3,0,0,0,0
00-0034987,E.J. Speed,LB,HOU,12,3,4,0,0,0.0,0,0,0,0,0
00-0035020,Demetrius Flannigan-Fowles,LB,NYG,12,1,2,0,0,0.0,0,0,0,0,0
00-0035021,Ashton Dulin,WR,IND,12,1,0,0,0,0.0,0,0,0,0,0
00-0035133,Keisean Nixon,DB,GB,12,2,1,0,0,0.0,0,0,0,0,0
00-0035166,Azeez Al-Shaair,LB,HOU,12,4,3,0,0,0.0,1,0,1,0,0
00-0035190,AJ Cole,P,LV,12,1,0,0,0,0.0,0,0,0,0,0
00-0035236,Byron Murphy,CB,MIN,12,0,1,0,0,0.0,0,0,1,0,0
00-0035244,Lonnie Johnson,SAF,LV,12,0,1,0,0,0.0,0,0,0,0,0
00-0035253,C.J. Gardner-Johnson,SAF,CHI,12,1,0,0,0,0.0,0,0,0,0,0
00-0035254,Anthony Nelson,LB,TB,12,2,1,0,0,0.0,0,0,0,0,0
00-0035262,Drue Tranquill,LB,KC,12,2,0,2,0,0.0,0,0,0,0,0
00-0035270,Amani Oruwariye,CB,BAL,12,0,1,0,0,0.0,0,0,0,0,0
00-0035272,Andrew Van Ginkel,OLB,MIN,12,4,1,1,0,0.0,0,0,1,0,0
00-0035276,Blake Cashman,LB,MIN,12,8,8,0,0,0.0,0,0,0,0,0
00-0035277,Mike Jackson,CB,CAR,12,2,2,0,0,0.0,0,1,1,0,0
00-0035286,Cole Holcomb,LB,PIT,12,1,0,0,0,0.0,0,0,0,0,0
00-0035301,Donovan Wilson,SAF,DAL,12,5,0,0,0,0.0,0,0,1,0,0
00-0035316,Kaden Elliss,LB,ATL,12,7,2,1,0,0.0,0,0,0,0,0
00-0035357,Cam Lewis,CB,BUF,12,1,1,0,0,0.0,0,0,0,0,0
00-0035363,Joe Giles-Harris,LB,CIN,12,1,2,0,0,0.0,0,0,1,0,0
00-0035378,Andrew Wingard,SAF,JAX,12,8,2,1,0,0.0,0,0,1,0,0
00-0035402,Carl Granderson,DE,NO,12,0,1,0,0,0.0,0,0,0,0,0
00-0035525,Devin Bush,LB,CLE,12,4,5,1,0,1.0,2,0,0,0,0
00-0035602,Alex Bachman,WR,LV,12,0,1,0,0,0.0,0,0,0,0,0
00-0035617,Troy Reeder,LB,LAR,12,0,3,0,0,0.0,0,0,0,0,0
00-0035632,Amani Hooker,SAF,TEN,12,2,0,0,0,0.0,0,0,0,0,0
00-0035637,Rock Ya-Sin,CB,DET,12,2,0,0,0,0.0,0,0,1,0,0
00-0035640,DK Metcalf,WR,PIT,12,1,0,0,0,0.0,0,0,0,0,0
00-0035642,Josh Hines-Allen,DE,JAX,12,2,1,1,0,1.0,1,0,0,0,0
00-0035643,Jeffery Simmons,DT,TEN,12,1,1,0,0,0.0,1,0,0,0,0
00-0035647,Montez Sweat,DE,CHI,12,2,0,3,1,2.0,2,0,0,0,0
00-0035667,Greg Gaines,DT,TB,12,2,0,0,0,0.0,0,0,0,0,0
00-0035669,Nick Scott,SAF,CAR,12,1,7,0,0,0.0,0,0,0,0,0
00-0035672,Cody Barton,LB,TEN,12,1,2,0,0,0.0,0,0,0,0,0
00-0035678,Dre'Mont Jones,DE,BAL,12,2,2,1,0,1.5,2,0,1,0,0
00-0035680,Quincy Williams,LB,NYJ,12,2,4,0,0,0.0,0,0,0,0,0
00-0035683,Dexter Lawrence,DT,NYG,12,1,0,0,0,0.0,1,0,0,0,0
00-0035687,Bobby Okereke,ILB,NYG,12,6,2,0,0,0.0,0,0,1,0,0
00-0035689,Dawson Knox,TE,BUF,12,1,0,0,0,0.0,0,0,0,0,0
00-0035692,Clelin Ferrell,DE,SF,12,1,0,1,0,1.0,1,0,0,0,0
00-0035697,Germaine Pratt,LB,IND,12,15,5,2,0,0.0,0,0,1,0,0
00-0035705,Jalen Thompson,DB,ARI,12,6,3,1,1,1.0,0,0,1,0,0
00-0035707,Devin White,LB,LV,12,3,3,1,0,0.0,0,0,0,0,0
00-0035713,Brian Burns,LB,NYG,12,0,2,0,0,0.0,0,0,0,0,0
00-0035718,Quinnen Williams,DT,DAL,12,1,0,1,0,0.0,1,0,0,0,0
00-0035757,Jacob Bobenmoyer,LS,LV,12,1,0,0,0,0.0,0,0,0,0,0
00-0035795,James Pierre,CB,PIT,12,0,3,0,0,0.0,0,0,1,0,0
00-0035890,Tershawn Wharton,DE,CAR,12,2,4,0,0,0.0,0,0,0,0,0
00-0035891,Cody White,WR,SEA,12,0,1,0,0,0.0,0,0,0,0,0
00-0035944,Jonah Williams,DE,NO,12,0,1,0,0,0.0,0,0,0,0,0
00-0035961,Krys Barnes,LB,CAR,12,3,7,0,0,0.0,0,0,0,0,0
00-0036037,Sam Franklin Jr.,SAF,BUF,12,1,0,0,0,0.0,0,0,0,0,0
00-0036087,Myles Bryant,CB,HOU,12,0,1,0,0,0.0,0,0,0,0,0
00-0036151,Bryce Huff,DE,SF,12,1,0,0,0,0.0,2,0,0,0,0
00-0036176,Mason Kinsey,WR,TEN,12,1,0,0,0,0.0,0,0,0,0,0
00-0036187,Reggie Gilliam,RB,BUF,12,0,1,0,0,0.0,0,0,0,0,0
00-0036192,A.J. Epenesa,DE,BUF,12,1,2,0,0,0.0,0,0,0,0,0
00-0036193,Anfernee Jennings,LB,NE,12,0,1,0,0,0.0,0,0,0,0,0
00-0036199,Geno Stone,SAF,CIN,12,6,7,0,0,0.0,0,1,1,1,0
00-0036204,LaCale London,DE,ATL,12,1,0,0,0,0.0,0,0,0,0,0
00-0036220,Derrick Brown,DT,CAR,12,0,3,0,0,0.0,0,0,1,0,0
00-0036222,Isaiah Rodgers,CB,MIN,12,2,1,0,0,0.0,0,0,1,0,0
00-0036231,Kyle Dugger,SAF,PIT,12,2,4,0,0,0.0,0,0,1,0,0
00-0036256,Colton McKivitz,OT,SF,12,1,0,0,0,0.0,0,0,0,0,0
00-0036262,DaVon Hamilton,DT,JAX,12,1,2,1,0,1.0,1,0,0,0,0
00-0036266,Jordan Elliott,DT,SF,12,2,1,0,0,0.0,0,0,0,0,0
00-0036280,Malik Harrison,LB,PIT,12,1,2,0,0,0.0,0,0,0,0,0
00-0036282,Grant Delpit,SAF,CLE,12,1,4,0,0,0.0,0,0,0,0,0
00-0036285,A.J. Terrell,CB,ATL,12,3,0,0,0,0.0,0,0,0,0,0
00-0036286,K'Lavon Chaisson,LB,NE,12,0,1,0,0,0.0,1,0,0,0,0
00-0036293,Jeremy Chinn,SAF,LV,12,3,3,0,1,0.0,0,0,0,0,0
00-0036294,Logan Wilson,LB,DAL,12,2,0,0,0,0.0,0,0,0,0,0
00-0036298,Akeem Davis-Gaither,LB,ARI,12,3,4,0,0,0.0,0,1,1,0,0
00-0036300,Mykal Walker,LB,NYJ,12,1,0,0,0,0.0,0,0,0,0,0
00-0036302,Jaylinn Hawkins,SAF,NE,12,2,2,0,0,0.0,1,0,0,0,0
00-0036305,Trevis Gipson,LB,CAR,12,2,1,0,0,0.0,0,0,0,0,0
00-0036307,Kindle Vildor,CB,TB,12,2,2,0,0,0.0,0,0,1,0,0
00-0036321,Chase Young,DE,NO,12,1,3,1,0,1.0,1,0,0,0,0
00-0036323,Patrick Queen,LB,PIT,12,1,4,0,0,0.0,0,0,0,0,0
00-0036335,D.J. Wonnum,LB,CAR,12,1,4,0,0,0.0,0,0,0,0,0
00-0036348,Josh Metellus,SAF,MIN,12,3,9,0,0,0.0,0,0,0,0,0
00-0036349,Kam Curl,SAF,LAR,12,6,2,0,0,0.0,0,0,0,0,0
00-0036366,Neville Gallimore,DT,IND,12,1,2,1,0,1.0,1,0,0,0,0
00-0036375,Amik Robertson,CB,DET,12,7,0,0,1,0.0,0,0,1,0,0
00-0036380,Alohi Gilman,SAF,BAL,12,0,1,0,0,0.0,1,0,0,0,0
00-0036388,Xavier McKinney,SAF,GB,12,1,2,0,0,0.0,0,0,0,0,0
00-0036394,Darnay Holmes,CB,LV,12,2,0,0,0,0.0,0,0,0,0,0
00-0036411,Antoine Winfield Jr.,SAF,TB,12,3,5,0,0,0.0,0,0,0,0,0
00-0036418,Zack Baun,LB,PHI,12,3,6,0,0,0.0,0,0,1,0,0
00-0036421,Terrell Burgess,SAF,NO,12,0,1,0,0,0.0,0,0,1,0,0
00-0036441,"Kenneth Murray, Jr.",LB,DAL,12,1,2,0,0,0.0,0,0,0,0,0
00-0036479,Kwity Paye,DE,IND,12,2,4,1,0,1.0,2,0,0,0,0
00-0036500,Jamien Sherwood,LB,NYJ,12,3,10,0,0,0.0,0,0,0,0,0
00-0036501,Michael Carter II,CB,PHI,12,1,0,0,0,0.0,0,0,0,0,0
00-0036502,Jason Pinnock,SAF,SF,12,2,0,0,0,0.0,0,0,0,0,0
00-0036504,Brandin Echols,CB,PIT,12,2,1,0,0,0.0,0,0,0,0,0
00-0036563,Deommodore Lenoir,CB,SF,12,2,1,0,0,0.0,0,0,0,0,0
00-0036568,Roy Lopez,DT,DET,12,2,4,1,0,0.0,0,0,1,0,0
00-0036589,Nick McCloud,CB,CHI,12,2,5,0,0,0.0,0,0,0,0,0
00-0036590,Quintin Morris,TE,JAX,12,1,0,0,0,0.0,0,0,0,0,0
00-0036621,Nick Bolton,LB,KC,12,2,6,0,0,0.0,1,0,0,0,0
00-0036624,Alim McNeill,DT,DET,12,1,3,0,0,0.0,0,0,0,0,0
00-0036629,Camryn Bynum,SAF,IND,12,3,0,0,0,0.0,0,0,0,0,0
00-0036630,Tylan Wallace,WR,BAL,12,1,0,0,0,0.0,0,0,0,0,0
00-0036642,Tedarrell Slaton,DT,CIN,12,0,2,0,0,0.0,0,0,0,0,0
00-0036649,Quinton Bohanna,DT,SEA,12,0,2,0,0,0.0,0,0,0,0,0
00-0036658,Isaiah McDuffie,LB,GB,12,4,4,0,0,0.5,1,1,1,0,0
00-0036677,Zayne Anderson,SAF,GB,12,1,1,0,0,0.0,0,0,0,0,0
00-0036711,Charles Snowden,LB,LV,12,2,1,1,0,0.0,0,1,1,0,0
00-0036716,Amen Ogbongbemiga,LB,CHI,12,2,12,0,0,0.0,0,0,0,0,0
00-0036728,Curtis Robinson,LB,SF,12,1,2,0,0,0.0,0,0,0,0,0
00-0036802,Jon Rhattigan,LB,LV,12,0,1,0,0,0.0,0,0,0,0,0
00-0036813,Christian Elliss,LB,NE,12,3,2,0,0,0.0,1,0,0,0,0
00-0036841,Austin Trammell,WR,JAX,12,1,0,0,0,0.0,0,0,0,0,0
00-0036867,Chris Rumph II,LB,NO,12,2,0,0,0,0.0,0,0,0,0,0
00-0036870,Buddy Johnson,LB,IND,12,0,1,0,0,0.0,0,0,0,0,0
00-0036881,Jay Tufele,DT,NYJ,12,1,0,0,0,0.0,0,0,0,0,0
00-0036883,Tommy Togiai,DT,HOU,12,2,3,0,0,0.0,0,0,0,0,0
00-0036887,Luke Farrell,TE,SF,12,1,0,0,0,0.0,0,0,0,0,0
00-0036901,Eric Stokes,CB,LV,12,1,1,0,0,0.0,0,0,0,0,0
00-0036902,Joseph Ossai,DE,CIN,12,2,4,1,0,0.0,0,0,0,0,0
00-0036903,Bobby Brown III,DT,CAR,12,0,2,0,0,0.0,0,0,0,0,0
00-0036909,Khyiris Tonga,DT,NE,12,1,1,0,0,0.0,0,0,0,0,0
00-0036914,Greg Rousseau,LB,BUF,12,2,4,0,0,0.0,0,0,0,0,0
00-0036927,Pete Werner,LB,NO,12,1,1,1,0,0.0,0,0,1,0,0
00-0036932,Micah Parsons,LB,GB,12,2,0,2,0,2.0,3,0,0,0,0
00-0036933,Zaven Collins,LB,ARI,12,5,2,0,0,0.0,0,0,0,0,0
00-0036934,Jaelan Phillips,LB,PHI,12,0,0,0,0,0.0,1,0,0,0,0
00-0036942,Osa Odighizuwa,DT,DAL,12,2,2,1,0,1.0,4,0,0,0,0
00-0036944,Jaycee Horn,CB,CAR,12,0,1,0,0,0.0,0,2,2,0,0
00-0036962,Tre'von Moehrig,SAF,CAR,12,4,4,1,0,0.0,0,0,0,0,0
00-0036963,Amon-Ra St. Brown,WR,DET,12,1,0,0,0,0.0,0,0,0,0,0
00-0036964,Derrick Barnes,LB,DET,12,3,3,0,0,0.0,0,0,0,0,0
00-0036967,Joe Tryon-Shoyinka,DE,CHI,12,0,3,0,0,0.0,0,0,0,0,0
00-0036974,Tyson Campbell,CB,CLE,12,7,3,0,0,0.0,0,0,2,0,0
00-0036981,Christian Barmore,DT,NE,12,1,2,0,0,0.0,0,0,0,0,0
00-0036982,Chauncey Golston,DE,NYG,12,3,1,0,0,0.0,0,0,0,0,0
00-0036986,Nahshon Wright,CB,CHI,12,3,3,0,0,0.0,0,1,2,0,0
00-0036987,Brandon Stephens,CB,NYJ,12,2,2,0,0,0.0,0,0,0,0,0
00-0036988,Josh Palmer,WR,BUF,12,1,0,0,0,0.0,0,0,0,0,0
00-0036989,Malcolm Koonce,DE,LV,12,1,1,1,0,1.0,1,0,0,0,0
00-0036990,Divine Deablo,LB,ATL,12,6,2,1,0,0.0,0,0,0,0,0
00-0036996,Greg Newsome II,CB,JAX,12,0,1,0,0,0.0,0,0,0,0,0
00-0036998,Jevon Holland,SAF,NYG,12,3,1,0,0,0.0,0,1,1,0,0
00-0037031,Nikola Kalinic,TE,CHI,12,1,1,0,1,0.0,0,0,0,0,0
00-0037034,Dee Alford,CB,ATL,12,9,1,0,0,0.0,0,0,1,0,0
00-0037073,Jordan Davis,DT,PHI,12,1,5,1,0,0.0,0,0,0,0,0
00-0037075,Devonte Wyatt,DT,GB,12,3,0,2,0,2.0,2,0,0,0,0
00-0037079,Riq Woolen,CB,SEA,12,2,0,0,0,0.0,0,0,1,0,0
00-0037082,Dominique Robinson,DE,CHI,12,2,0,0,0,0.0,0,0,0,0,0
00-0037083,Kingsley Enagbare,LB,GB,12,1,0,1,0,0.0,1,0,0,0,0
00-0037096,Elijah Hicks,SAF,CHI,12,2,1,0,0,0.0,0,0,0,0,0
00-0037106,Jaylon Jones,DB,CHI,12,1,0,0,0,0.0,0,0,0,0,0
00-0037120,Tyler Goodson,RB,IND,12,1,0,0,0,0.0,0,0,0,0,0
00-0037130,Reed Blankenship,SAF,PHI,12,3,5,0,0,0.0,0,1,1,0,0
00-0037137,Josh Jobe,CB,SEA,12,2,1,0,0,0.0,0,0,0,0,0
00-0037155,Tony Adams,SAF,NYJ,12,2,4,0,0,0.0,0,0,1,0,0
00-0037190,Sauce Gardner,CB,IND,12,7,0,0,0,0.0,0,0,1,0,0
00-0037191,Trent McDuffie,CB,KC,12,5,0,0,0,0.0,0,0,1,0,0
00-0037192,George Karlaftis,DE,KC,12,0,0,0,0,0.0,2,0,0,0,0
00-0037193,Bryan Cook,SAF,KC,12,4,3,1,0,0.0,0,0,1,0,0
00-0037195,Jaylen Watson,CB,KC,12,1,2,0,0,0.0,0,0,1,0,0
00-0037203,LaBryan Ray,DT,CAR,12,2,1,0,0,0.0,0,0,0,0,0
00-0037208,Jack Cochrane,LB,KC,12,0,1,0,0,0.0,0,0,0,0,0
00-0037236,Aidan Hutchinson,DE,DET,12,3,2,2,0,1.0,6,0,0,0,0
00-0037244,Devin Lloyd,LB,JAX,12,2,2,2,0,1.5,5,0,0,0,0
00-0037253,Marcus Jones,CB,NE,12,3,2,0,0,0.0,0,1,2,1,0
00-0037254,Terrel Bernard,LB,BUF,12,2,2,1,0,0.0,0,0,0,0,0
00-0037260,DJ Davidson,DT,NYG,12,0,1,0,0,0.0,0,0,0,0,0
00-0037262,Thomas Booker,DT,LV,12,0,2,0,0,0.0,0,0,0,0,0
00-0037263,Tyler Allgeier,RB,ATL,12,1,2,0,0,0.0,0,0,0,0,0
00-0037268,Zyon McCollum,CB,TB,12,3,1,0,0,0.0,0,0,1,0,0
00-0037271,D'Marco Jackson,LB,CHI,12,5,10,1,0,0.0,0,0,0,0,0
00-0037275,DaRon Bland,CB,DAL,12,2,1,0,0,0.0,0,0,1,0,0
00-0037288,Christian Benford,CB,BUF,12,1,2,0,0,0.0,0,0,0,0,0
00-0037289,Malcolm Rodriguez,LB,DET,12,1,1,0,0,0.0,0,0,0,0,0
00-0037291,Jalen Nailor,WR,MIN,12,1,0,0,0,0.0,0,0,0,0,0
00-0037292,Andrew Ogletree,TE,IND,12,0,1,0,0,0.0,0,0,0,0,0
00-0037301,Theo Jackson,DB,MIN,12,3,3,1,0,0.0,0,0,0,0,0
00-0037310,James Houston,DE,DAL,12,0,0,0,0,0.0,1,0,0,0,0
00-0037313,Montaric Brown,CB,JAX,12,7,0,0,0,0.0,0,0,0,0,0
00-0037323,Rodney Thomas,SAF,IND,12,1,1,0,0,0.0,0,0,0,0,0
00-0037332,D'Anthony Bell,SAF,SEA,12,2,2,0,0,0.0,0,0,0,0,0
00-0037457,Jake Hansen,LB,HOU,12,2,0,0,0,0.0,0,0,0,0,0
00-0037493,Mike Brown,SAF,TEN,12,2,0,0,0,0.0,0,0,0,0,0
00-0037512,Isaiah Pola-Mao,SAF,LV,12,2,1,1,0,0.0,0,0,0,0,0
00-0037526,Marcelino McCrary-Ball,LB,NYJ,12,1,0,0,0,0.0,0,0,0,0,0
00-0037549,Darrell Baker Jr.,CB,TEN,12,1,1,0,0,0.0,0,0,1,0,0
00-0037561,Markquese Bell,SAF,DAL,12,0,1,0,0,0.0,0,0,0,0,0
00-0037587,Nate Landman,LB,LAR,12,4,3,1,0,0.0,0,0,0,0,0
00-0037594,Julius Chestnut,RB,TEN,12,1,1,0,0,0.0,0,0,0,0,0
00-0037596,Jack Gibbens,LB,NE,12,1,2,0,0,0.0,0,0,0,0,0
00-0037602,Sam Okuayinonu,DT,SF,12,1,0,0,0,0.0,0,0,0,0,0
00-0037615,Nakobe Dean,LB,PHI,12,2,3,1,0,1.0,1,0,0,0,0
00-0037616,Nick Cross,SAF,IND,12,5,3,0,0,0.0,2,0,0,0,0
00-0037633,Jacob Hummel,LB,BAL,12,1,0,0,0,0.0,0,0,0,0,0
00-0037663,Jermaine Johnson II,DE,NYJ,12,0,4,0,0,0.0,0,0,0,0,0
00-0037665,Sam Williams,DE,DAL,12,1,0,0,1,0.0,0,0,0,0,0
00-0037711,Jeremiah Pharms Jr.,DT,NE,12,0,1,0,0,0.0,1,0,0,0,0
00-0037743,Daxton Hill,DB,CIN,12,3,1,0,0,0.0,0,0,1,0,0
00-0037752,Tycen Anderson,SAF,CIN,12,1,0,0,0,0.0,0,0,0,0,0
00-0037756,Travis Jones,DT,BAL,12,2,3,1,0,0.0,0,0,0,0,0
00-0037758,Cordale Flott,CB,NYG,12,2,0,0,0,0.0,0,0,1,0,0
00-0037815,Cameron Thomas,DE,CLE,12,0,6,0,0,1.0,3,0,0,0,0
00-0037819,Leo Chenal,LB,KC,12,3,3,0,0,0.0,1,0,0,0,0
00-0037830,Samuel Womack,CB,TEN,12,1,1,0,0,0.0,0,0,1,0,0
00-0037832,Kalia Davis,DT,SF,12,0,1,0,0,0.0,0,0,0,0,0
00-0037839,Cobie Durant,CB,LAR,12,2,0,1,0,0.0,0,1,2,1,0
00-0037843,Daniel Hardy,DE,CHI,12,1,0,0,0,0.0,0,0,0,0,0
00-0038038,Kyle Hamilton,SAF,BAL,12,6,4,0,0,0.0,0,0,0,0,0
00-0038046,Charlie Kolar,TE,BAL,12,0,1,0,0,0.0,0,0,0,0,0
00-0038107,Micheal Clemons,DE,NYJ,12,1,0,0,0,0.0,0,0,0,0,0
00-0038116,Arnold Ebiketie,LB,ATL,12,0,1,0,0,0.0,1,0,0,0,0
00-0038117,Wan'Dale Robinson,WR,NYG,12,1,0,0,0,0.0,0,0,0,0,0
00-0038119,Jalyn Armour-Davis,CB,TEN,12,3,1,0,0,0.0,0,0,0,0,0
00-0038121,Alontae Taylor,CB,NO,12,5,1,0,0,0.0,0,0,0,0,0
00-0038123,Dane Belton,SAF,NYG,12,4,5,1,0,0.0,0,0,1,0,0
00-0038127,Logan Hall,DE,TB,12,0,1,0,0,0.0,0,0,0,0,0
00-0038129,Cade Otton,TE,TB,12,1,0,0,0,0.0,0,0,0,0,0
00-0038133,Boye Mafe,DE,SEA,12,0,0,0,0,0.0,0,0,1,0,0
00-0038135,Jaquan Brisker,SAF,CHI,12,4,3,0,0,0.0,0,0,1,0,0
00-0038136,Coby Bryant,CB,SEA,12,2,1,0,0,0.0,0,0,0,0,0
00-0038142,David Ojabo,LB,BAL,12,0,1,0,0,0.0,0,0,0,0,0
00-0038381,Kyu Blu Kelly,CB,LV,12,1,0,0,0,0.0,0,0,0,0,0
00-0038386,Jalen Carter,DT,PHI,12,4,1,0,0,0.0,1,0,0,0,0
00-0038387,Colby Wooden,DE,GB,12,3,1,1,0,0.0,0,0,0,0,0
00-0038399,Zaire Barnes,LB,NYG,12,2,2,1,0,0.0,0,0,0,0,0
00-0038407,Jaylon Jones,DB,IND,12,0,1,0,0,0.0,0,0,0,0,0
00-0038412,Moro Ojomo,DT,PHI,12,1,0,0,0,0.0,0,0,0,0,0
00-0038488,Brady Russell,RB,SEA,12,1,0,0,0,0.0,0,0,0,0,0
00-0038493,Claudin Cherelus,LB,CAR,12,3,1,0,0,0.0,0,0,0,0,0
00-0038504,Trenton Simpson,LB,BAL,12,0,2,0,0,0.0,0,0,0,0,0
00-0038541,Tyree Wilson,DE,LV,12,1,0,0,0,0.0,0,0,0,0,0
00-0038546,Myles Murphy,DE,CIN,12,1,2,0,0,0.0,1,0,0,0,0
00-0038549,DJ Turner II,CB,CIN,12,2,0,0,0,0.0,0,0,1,0,0
00-0038554,Ji'Ayir Brown,SAF,SF,12,4,1,0,0,0.0,0,2,2,0,0
00-0038556,DeMarvion Overshown,LB,DAL,12,4,1,0,0,0.0,0,0,0,0,0
00-0038557,Dorian Williams,LB,BUF,12,2,0,0,0,0.0,0,0,0,0,0
00-0038560,Jordan Battle,SAF,CIN,12,1,5,0,0,0.0,0,0,0,0,0
00-0038565,Mekhi Blackmon,DB,IND,12,1,0,0,0,0.0,0,0,0,0,0
00-0038570,Ventrell Miller,LB,JAX,12,1,2,0,0,0.0,0,0,0,0,0
00-0038574,Isaiah McGuire,DE,CLE,12,3,3,2,0,1.0,2,0,0,0,0
00-0038577,Nick Herbig,LB,PIT,12,1,1,1,0,0.0,0,0,0,0,0
00-0038591,Mike Morris,DE,SEA,12,0,0,0,0,0.0,1,0,0,0,0
00-0038596,Antonio Johnson,SAF,JAX,12,5,0,1,0,1.0,1,0,1,0,0
00-0038599,Henry To'oTo'o,LB,HOU,12,3,4,1,0,1.0,1,0,0,0,0
00-0038606,Parker Washington,WR,JAX,12,1,0,0,0,0.0,0,0,0,0,0
00-0038616,Christian Braswell,CB,JAX,12,5,0,0,0,0.0,0,0,1,0,0
00-0038623,Dante Stills,DT,ARI,12,2,1,0,0,0.0,0,0,0,0,0
00-0038625,Dee Winters,LB,SF,12,1,0,0,0,0.0,0,0,0,0,0
00-0038628,DeMarcco Hellams,SAF,ATL,12,1,2,0,0,0.0,0,0,0,0,0
00-0038642,D.J. Ivey,CB,CIN,12,1,0,0,0,0.0,0,0,0,0,0
00-0038646,Alex Austin,CB,NE,12,2,1,0,0,0.0,0,0,0,0,0
00-0038653,Cory Durden,DT,NE,12,1,2,0,0,0.0,0,0,0,0,0
00-0038660,Trevor Nowaske,LB,DET,12,0,1,0,0,0.0,0,0,0,0,0
00-0038685,Chris Brooks,RB,GB,12,1,0,0,0,0.0,0,0,0,0,0
00-0038694,Brandon Pili,DT,SEA,12,0,4,0,0,0.0,0,0,0,0,0
00-0038711,Mohamoud Diabate,LB,CLE,12,0,1,0,0,0.0,0,0,0,0,0
00-0038715,Ronnie Hickman Jr.,SAF,CLE,12,2,3,0,0,0.0,0,0,0,0,0
00-0038738,Hunter Luepke,RB,DAL,12,1,2,0,0,0.0,0,0,0,0,0
00-0038742,Tyrus Wheat,DE,DET,12,2,2,0,0,0.0,0,0,0,0,0
00-0038752,Jake Bobo,WR,SEA,12,0,1,0,0,0.0,0,0,0,0,0
00-0038764,Patrick O'Connell,LB,SEA,12,4,5,1,0,1.0,1,0,0,0,0
00-0038765,Ty Okada,SAF,SEA,12,2,0,0,0,0.0,0,0,0,0,0
00-0038778,Jalen Redmond,DL,MIN,12,3,2,1,0,0.0,1,0,1,0,0
00-0038791,Thomas Incoom,LB,CAR,12,0,1,0,0,0.0,0,0,0,0,0
00-0038795,PJ Mustipher,DT,ARI,12,0,1,0,0,0.0,0,0,0,0,0
00-0038807,Ivan Pace Jr.,LB,MIN,12,2,0,0,0,0.0,0,0,0,0,0
00-0038840,Brycen Tremayne,WR,CAR,12,0,1,0,0,0.0,0,0,0,0,0
00-0038922,Drake Thomas,LB,SEA,12,6,4,1,0,0.0,0,0,0,0,0
00-0038940,Tyler Lacy,DE,DET,12,0,3,0,0,0.0,0,0,0,0,0
00-0038982,Chamarri Conner,DB,KC,12,1,0,1,0,0.0,0,0,1,0,0
00-0038984,Kei'Trel Clark,CB,ARI,12,1,0,0,0,0.0,0,0,0,0,0
00-0038986,Nic Jones,CB,NYG,12,1,1,0,0,0.0,0,0,0,0,0
00-0038995,Bryan Bresee,DT,NO,12,1,1,1,0,0.0,0,0,0,0,0
00-0039002,Sydney Brown,SAF,PHI,12,3,2,0,0,0.0,0,0,0,0,0
00-0039007,Garrett Williams,CB,ARI,12,1,0,0,0,0.0,0,1,2,0,0
00-0039009,Dylan Horton,DE,HOU,12,0,0,0,0,0.0,1,0,0,0,0
00-0039013,Nolan Smith,LB,PHI,12,1,2,0,0,0.0,2,0,0,0,0
00-0039018,Jack Campbell,LB,DET,12,4,6,1,0,0.0,0,0,0,0,0
00-0039031,Adetomiwa Adebawore,DT,IND,12,0,2,0,0,0.5,1,0,0,0,0
00-0039047,Derick Hall,LB,SEA,12,2,1,1,0,1.0,2,0,1,0,0
00-0039049,SirVocea Dennis,LB,TB,12,3,4,0,0,0.0,0,0,0,0,0
00-0039051,Josh Hayes,DB,TB,12,1,0,0,0,0.0,0,0,0,0,0
00-0039054,Marte Mapu,LB,NE,12,1,0,0,0,0.0,0,0,0,0,0
00-0039068,Yaya Diaby,LB,TB,12,2,0,1,0,1.0,1,0,0,0,0
00-0039070,Gervon Dexter Sr.,DT,CHI,12,1,2,0,0,0.0,0,0,0,0,0
00-0039071,Tyrique Stevenson,CB,CHI,12,4,1,0,0,0.0,0,0,0,0,0
00-0039076,Nick Hampton,LB,LAR,12,0,4,0,0,0.0,0,0,0,0,0
00-0039108,Will Anderson Jr.,DE,HOU,12,3,3,2,0,2.5,3,0,1,0,0
00-0039110,Keeanu Benton,DT,PIT,12,2,2,0,0,0.0,0,0,0,0,0
00-0039137,Byron Young,LB,LAR,12,1,1,0,0,0.0,0,0,0,0,0
00-0039138,Kobie Turner,DE,LAR,12,4,3,2,0,2.0,2,0,0,0,0
00-0039140,Kelee Ringo,CB,PHI,12,0,1,0,0,0.0,0,0,0,0,0
00-0039141,Brian Branch,CB,DET,12,3,4,0,0,0.0,1,0,1,0,0
00-0039147,Christian Gonzalez,CB,NE,12,3,0,0,0,0.0,0,0,0,0,0
00-0039148,Keion White,DE,SF,12,0,1,0,0,0.0,0,0,0,0,0
00-0039151,Emmanuel Forbes,CB,LAR,12,1,0,0,0,0.0,0,1,5,0,0
00-0039155,BJ Ojulari,LB,ARI,12,2,1,0,0,0.0,0,0,0,0,0
00-0039167,Joey Porter Jr.,CB,PIT,12,1,1,0,0,0.0,0,0,0,0,0
00-0039169,Devon Witherspoon,CB,SEA,12,2,2,0,0,0.0,0,0,2,0,0
00-0039176,Basil Okoye,DT,BAL,12,0,1,0,0,0.0,0,0,0,0,0
00-0039178,Austin Ajiake,LB,IND,12,1,1,0,0,0.5,1,0,0,0,0
00-0039232,Nate Wiggins,CB,BAL,12,2,0,0,0,0.0,0,0,0,0,0
00-0039234,T.J. Tampa,CB,BAL,12,2,0,0,0,0.0,0,1,1,0,0
00-0039309,Byron Murphy II,DT,SEA,12,3,2,1,0,1.0,1,0,0,0,0
00-0039313,Swayze Bozeman,LB,NYG,12,1,2,0,0,0.0,0,0,0,0,0
00-0039324,Christian Roland-Wallace,CB,KC,12,4,3,0,0,0.0,0,0,1,0,0
00-0039340,Laiatu Latu,DE,IND,12,2,3,0,0,0.5,1,1,1,0,0
00-0039343,Kamari Lassiter,CB,HOU,12,5,0,2,0,0.0,0,0,1,0,0
00-0039345,Renardo Green,CB,SF,12,0,0,0,0,0.0,0,0,1,0,0
00-0039353,Jarrian Jones,CB,JAX,12,4,3,2,0,0.0,1,0,1,0,0
00-0039357,Decamerion Richardson,CB,LV,12,1,1,0,0,0.0,0,0,0,0,0
00-0039360,Malik Mustapha,SAF,SF,12,6,0,1,0,0.0,0,0,0,0,0
00-0039372,Jarvis Brownlee Jr.,DB,NYJ,12,3,2,0,0,0.0,0,0,0,0,0
00-0039374,Tommy Eichenberg,LB,LV,12,2,1,0,0,0.0,0,0,0,0,0
00-0039375,Josh Newton,CB,CIN,12,0,1,0,0,0.0,0,0,0,0,0
00-0039380,Chau Smith-Wade,CB,CAR,12,3,1,1,0,0.0,0,0,0,0,0
00-0039387,Caelen Carson,DB,DAL,12,4,0,0,0,0.0,0,0,0,0,0
00-0039388,Jaylan Ford,LB,NO,12,0,1,0,0,0.0,0,0,0,0,0
00-0039417,Myles Harden,CB,CLE,12,4,1,0,0,0.0,0,0,0,0,0
00-0039421,Levi Drake Rodriguez,DL,MIN,12,1,1,0,0,0.0,1,0,0,0,0
00-0039423,Jonah Laulu,DT,LV,12,0,1,0,0,0.0,0,0,0,0,0
00-0039430,James Williams,LB,TEN,12,1,0,0,0,0.0,0,0,0,0,0
00-0039431,Jowon Briggs,DE,NYJ,12,2,3,1,0,1.0,1,0,0,0,0
00-0039460,Carl Jones,LB,CHI,12,1,0,0,0,0.0,0,0,0,0,0
00-0039465,Reddy Steward,DB,DAL,12,3,3,0,0,0.0,0,0,0,0,0
00-0039513,Chris Edmonds,SAF,CLE,12,1,0,0,0,0.0,0,0,0,0,0
00-0039530,Brevyn Spann-Ford,TE,DAL,12,0,1,0,0,0.0,0,0,0,0,0
00-0039601,Demani Richardson,SAF,CAR,12,1,0,0,0,0.0,0,0,0,0,0
00-0039603,British Brooks,RB,HOU,12,1,0,0,0,0.0,0,0,0,0,0
00-0039620,Rico Payton,CB,NYG,12,1,1,0,0,0.0,0,0,0,0,0
00-0039622,Isaiah Stalbird,LB,NO,12,2,3,1,0,1.0,1,0,0,0,0
00-0039632,PJ Jules,SAF,CIN,12,0,1,0,0,0.0,0,0,0,0,0
00-0039660,Thomas Harper,SAF,DET,12,5,1,0,0,0.0,0,1,2,0,0
00-0039733,Ruke Orhorhoro,DT,ATL,12,1,0,1,0,1.0,1,0,0,0,0
00-0039734,Braden Fiske,DT,LAR,12,1,1,0,0,0.0,1,0,0,0,0
00-0039740,Jalyx Hunt,LB,PHI,12,2,2,0,0,0.0,1,0,0,0,0
00-0039741,Payton Wilson,LB,PIT,12,4,1,0,0,0.0,0,0,0,0,0
00-0039746,Will Shipley,RB,PHI,12,0,1,0,0,0.0,0,0,0,0,0
00-0039749,Tyler Davis,DE,LAR,12,0,2,0,0,0.0,0,0,0,0,0
00-0039752,Cedric Johnson,DE,CIN,12,1,1,0,0,0.0,0,0,0,0,0
00-0039763,Joe Andreessen,LB,BUF,12,0,1,0,0,0.0,0,0,0,0,0
00-0039770,Charles Woods,CB,NE,12,1,0,0,0,0.0,0,0,0,0,0
00-0039772,Josh Wallace,CB,LAR,12,2,0,0,0,0.0,0,0,1,0,0
00-0039774,Omar Speights,LB,LAR,12,0,2,0,0,0.0,0,0,0,0,0
00-0039776,Jaylen McCollough,SAF,LAR,12,2,2,0,0,0.0,0,0,1,0,0
00-0039792,Devontez Walker,WR,BAL,12,0,1,0,0,0.0,0,0,0,0,0
00-0039795,Nehemiah Pritchett,CB,SEA,12,1,0,0,0,0.0,0,0,0,0,0
00-0039798,Isaiah Davis,RB,NYJ,12,0,1,0,0,0.0,0,0,0,0,0
00-0039807,Max Melton,CB,ARI,12,0,1,0,0,0.0,0,0,0,0,0
00-0039812,Ty'Ron Hopper,LB,GB,12,2,2,0,0,0.0,0,0,0,0,0
00-0039813,Evan Williams,SAF,GB,12,4,0,1,0,0.0,0,1,1,0,0
00-0039818,Kitan Oladapo,SAF,GB,12,1,0,0,0,0.0,0,0,0,0,0
00-0039821,Andru Phillips,DB,NYG,12,3,2,1,0,0.0,0,0,0,0,0
00-0039825,Jaden Hicks,SAF,KC,12,3,0,0,0,0.0,0,0,1,0,0
00-0039826,Jeremiah Trotter Jr.,LB,PHI,12,1,1,0,0,0.0,0,0,0,0,0
00-0039831,Kamal Hadden,DB,GB,12,1,3,0,0,0.0,0,0,0,0,0
00-0039834,Kamren Kinchens,SAF,LAR,12,5,2,0,0,0.0,0,0,1,0,0
00-0039838,Calen Bullock,SAF,HOU,12,5,0,0,1,0.0,0,2,2,0,0
00-0039840,Austin Booker,DE,CHI,12,1,1,0,0,0.0,1,0,0,0,0
00-0039841,Cooper DeJean,CB,PHI,12,5,2,0,1,0.0,0,0,1,0,0
00-0039846,Tykee Smith,DB,TB,12,4,2,1,0,0.0,1,0,1,0,0
00-0039850,Edgerrin Cooper,LB,GB,12,2,2,0,0,0.0,0,0,0,0,0
00-0039852,Jared Verse,DE,LAR,12,3,1,2,0,2.0,2,0,0,0,0
00-0039854,Darius Robinson,DL,ARI,12,1,0,0,0,0.0,0,0,0,0,0
00-0039858,Cedric Gray,LB,TEN,12,6,1,0,0,0.0,0,0,0,0,0
00-0039859,Brandon Dorlus,DE,ATL,12,2,2,1,0,1.5,2,0,0,0,0
00-0039860,Kool-Aid McKinstry,CB,NO,12,2,0,0,0,0.0,0,0,1,0,0
00-0039867,Javon Bullard,SAF,GB,12,1,1,0,0,0.0,0,0,1,0,0
00-0039872,Cole Bishop,SAF,BUF,12,3,3,0,0,0.0,0,0,0,0,0
00-0039879,Javon Solomon,LB,BUF,12,1,0,0,0,0.0,0,0,0,0,0
00-0039886,T'Vondre Sweat,DT,TEN,12,0,1,0,0,0.0,0,0,0,0,0
00-0039888,Quinyon Mitchell,CB,PHI,12,2,1,0,0,0.0,0,0,1,0,0
00-0039890,Adonai Mitchell,WR,NYJ,12,1,0,0,0,0.0,0,0,0,0,0
00-0039895,Mike Hall Jr.,DT,CLE,12,2,2,1,0,0.5,2,0,0,0,0
00-0039902,Chris Braswell,LB,TB,12,0,0,0,0,0.0,1,0,0,0,0
00-0039908,Kris Jenkins,DT,CIN,12,2,2,0,0,0.0,1,0,1,0,0
00-0039924,Dallas Turner,LB,MIN,12,1,2,1,0,1.0,2,0,0,0,0
00-0039944,Jamie Sheriff,LB,SEA,12,1,0,0,0,0.0,0,0,0,0,0
00-0040008,Shavon Revel Jr.,CB,DAL,12,2,0,0,0,0.0,0,0,0,0,0
00-0040011,Shemar James,LB,DAL,12,2,0,0,0,0.0,0,0,0,0,0
00-0040013,Smael Mondon Jr.,LB,PHI,12,1,1,0,0,0.0,0,0,0,0,0
00-0040016,Warren Brinson,DT,GB,12,1,1,0,0,0.5,1,0,0,0,0
00-0040020,Micah Robinson,CB,TEN,12,0,1,0,0,0.0,0,0,0,0,0
00-0040045,Alijah Clark,DB,DAL,12,0,1,0,1,0.0,0,0,0,0,0
00-0040069,Teddye Buchanan,LB,BAL,12,5,3,0,0,0.0,0,0,0,0,0
00-0040089,Kevin Knowles,DB,KC,12,0,1,0,0,0.0,0,0,0,0,0
00-0040108,Chandler Martin,LB,BAL,12,0,2,0,0,0.0,0,0,0,0,0
00-0040118,Cooper McDonald,LB,KC,12,1,2,0,0,0.0,0,0,0,0,0
00-0040124,Tetairoa McMillan,WR,CAR,12,1,0,0,0,0.0,0,0,0,0,0
00-0040133,Azareye'h Thomas,CB,NYJ,12,2,1,0,0,0.0,0,0,1,0,0
00-0040135,Nick Martin,LB,SF,12,2,0,0,1,0.0,0,0,0,0,0
00-0040136,Princely Umanmielen,LB,CAR,12,2,1,0,1,0.0,0,0,0,0,0
00-0040137,Jordan Burch,LB,ARI,12,1,0,1,0,1.0,1,0,1,0,0
00-0040141,Kevin Winston Jr.,SAF,TEN,12,6,4,1,0,0.0,0,0,0,0,0
00-0040143,Jacob Parrish,CB,TB,12,4,2,0,0,0.0,0,0,0,0,0
00-0040148,Xavier Watts,SAF,ATL,12,5,1,0,0,0.0,0,1,1,0,0
00-0040152,Upton Stout,CB,SF,12,2,4,0,0,0.0,0,0,1,0,0
00-0040155,Danny Stutsman,LB,NO,12,1,2,0,0,0.0,0,0,0,0,0
00-0040157,Barrett Carter,LB,CIN,12,8,8,0,0,0.0,0,0,0,0,0
00-0040159,Lathan Ransom,SAF,CAR,12,1,4,0,0,0.0,0,0,0,0,0
00-0040160,Jack Sawyer,LB,PIT,12,1,2,0,0,0.0,0,0,0,0,0
00-0040165,Malachi Moore,SAF,NYJ,12,1,4,0,0,0.0,0,0,0,0,0
00-0040166,Quincy Riley,CB,NO,12,1,0,0,0,0.0,0,0,0,0,0
00-0040167,Ruben Hyppolite II,LB,CHI,12,1,1,0,0,0.0,0,0,0,0,0
00-0040173,Tyrion Ingram-Dawkins,DT,MIN,12,0,1,0,0,0.0,0,0,0,0,0
00-0040176,Bradyn Swinson,LB,NE,12,1,0,0,0,0.0,0,0,0,0,0
00-0040183,Elijah Roberts,DE,TB,12,1,0,0,0,0.0,0,0,0,0,0
00-0040185,Marques Sigle,SAF,SF,12,0,1,0,0,0.0,0,0,0,0,0
00-0040186,Francisco Mauigoa,LB,NYJ,12,1,0,0,0,0.0,0,0,0,0,0
00-0040188,Yahya Black,DE,PIT,12,0,1,0,1,0.0,0,0,0,0,0
00-0040192,Jordan Hancock,CB,BUF,12,1,0,0,0,0.0,0,0,0,0,0
00-0040195,Denzel Burke,CB,ARI,12,2,4,0,0,0.0,0,0,0,0,0
00-0040199,JJ Pegues,DT,LV,12,0,1,1,0,0.0,0,0,0,0,0
00-0040201,Marcus Harris,CB,TEN,12,1,1,0,0,0.0,0,0,2,0,0
00-0040204,Jaylen Reed,SAF,HOU,12,9,3,0,0,0.0,0,0,0,0,0
00-0040213,Rayuan Lane III,SAF,JAX,12,1,2,0,0,0.0,0,0,1,0,0
00-0040214,Kobe King,LB,NYJ,12,0,1,0,0,0.0,0,0,0,0,0
00-0040231,Carson Bruener,LB,PIT,12,1,0,0,0,0.0,0,0,0,0,0
00-0040243,Korie Black,CB,NYG,12,4,2,0,0,0.0,0,0,0,0,0
00-0040289,Bam Martin-Scott,LB,CAR,12,1,5,1,0,0.0,0,0,0,0,0
00-0040296,Corey Thornton,CB,CAR,12,1,1,0,0,0.0,0,0,0,0,0
00-0040326,Branson Combs,LB,JAX,12,1,1,0,1,0.0,0,0,0,0,0
00-0040342,Danny Striggow,DE,JAX,12,1,0,0,0,0.0,0,0,0,0,0
00-0040492,Tyler Batty,LB,MIN,12,1,0,0,0,0.0,0,0,0,0,0
00-0040496,Chaz Chambliss,LB,MIN,12,1,0,0,0,0.0,0,0,0,0,0
00-0040527,Sebastian Castro,SAF,PIT,12,1,0,0,0,0.0,0,0,0,0,0
00-0040574,Elijah Ponder,LB,NE,12,1,1,0,0,0.0,0,0,0,0,0
00-0040577,Jalon Walker,LB,ATL,12,1,0,0,0,1.0,1,0,0,0,0
00-0040578,James Pearce Jr.,DE,ATL,12,1,1,1,0,1.5,2,0,0,0,0
00-0040579,Carson Schwesinger,LB,CLE,12,5,5,1,0,0.0,0,0,0,0,0
00-0040580,Josaiah Stewart,LB,LAR,12,1,1,0,0,0.0,1,0,0,0,0
00-0040585,Ty Hamilton,DT,LAR,12,1,0,0,0,0.0,0,0,0,0,0
00-0040613,Shaun Dolac,LB,LAR,12,1,1,1,0,0.0,0,0,0,0,0
00-0040640,Ashton Gillotte,DE,KC,12,2,1,0,0,0.0,0,0,0,0,0
00-0040643,Jonas Sanker,SAF,NO,12,4,3,0,0,0.0,0,0,0,0,0
00-0040645,Cody Simon,LB,ARI,12,2,4,1,0,0.0,0,0,0,0,0
00-0040668,Shedeur Sanders,QB,CLE,12,0,1,0,0,0.0,0,0,0,0,0
00-0040670,Nohl Williams,CB,KC,12,0,1,0,0,0.0,0,0,0,0,0
00-0040672,Tyleik Williams,DT,DET,12,1,1,0,0,0.0,0,0,0,0,0
00-0040677,Abdul Carter,LB,NYG,12,2,1,0,0,0.0,3,0,0,0,0
00-0040678,Derrick Harmon,DT,PIT,12,2,2,0,0,0.0,0,0,0,0,0
00-0040685,Mason Graham,DT,CLE,12,4,1,1,0,0.0,0,0,1,0,0
00-0040688,Malaki Starks,SAF,BAL,12,2,2,0,0,0.0,0,0,0,0,0
00-0040694,Darius Alexander,DT,NYG,12,2,2,2,0,2.0,2,0,0,0,0
00-0040708,Jihaad Campbell,LB,PHI,12,1,0,0,0,0.0,0,0,0,0,0
00-0040709,Maxwell Hairston,CB,BUF,12,0,1,0,0,0.0,0,0,1,0,0
00-0040710,Deone Walker,DT,BUF,12,1,2,0,0,0.0,0,0,0,0,0
00-0040711,CJ West,DT,SF,12,0,1,0,0,0.0,0,0,0,0,0
00-0040716,Craig Woodson,SAF,NE,12,3,3,0,0,0.0,0,0,0,0,0
00-0040721,Alfred Collins,DT,SF,12,0,1,0,0,0.0,0,0,0,0,0
00-0040722,Mike Green,LB,BAL,12,2,3,1,0,1.0,2,0,0,0,0
00-0040724,T.J. Sanders,DT,BUF,12,0,1,0,0,0.0,0,0,0,0,0
00-0040725,Donovan Ezeiruaku,DE,DAL,12,1,2,0,0,0.0,0,0,0,0,0
00-0040733,Nick Emmanwori,SAF,SEA,12,6,2,0,0,0.0,0,0,0,0,0
00-0040738,Demetrius Knight Jr.,LB,CIN,12,3,5,1,0,0.0,0,0,0,0,0
00-0040743,Tyler Shough,QB,NO,12,1,0,0,0,0.0,0,0,0,0,0
00-0040744,Jaylahn Tuimolaou,DE,IND,12,1,1,0,0,0.0,0,0,0,0,0
00-0040746,Nic Scourton,LB,CAR,12,1,1,0,0,0.0,0,0,0,0,0
00-0040749,Andrew Mukuba,SAF,PHI,12,2,1,0,0,0.0,0,0,0,0,0
00-0026190,Calais Campbell,DE,ARI,13,0,1,0,0,0.0,0,0,0,0,0
00-0027865,Brandon Graham,DE,PHI,13,0,1,0,0,0.0,0,0,0,0,0
00-0027940,Von Miller,OLB,WAS,13,1,0,0,0,0.0,1,0,0,0,0
00-0027962,Cameron Jordan,LB,NO,13,2,2,2,0,2.0,3,0,0,0,0
00-0027969,Cameron Heyward,DE,PIT,13,4,3,2,0,0.0,0,0,0,0,0
00-0029255,Bobby Wagner,MLB,WAS,13,3,5,0,0,0.0,0,1,1,0,0
00-0029562,Lavonte David,OLB,TB,13,4,2,0,0,0.0,0,0,0,0,0
00-0029606,Harrison Smith,FS,MIN,13,2,3,0,0,0.0,0,0,1,0,0
00-0029607,Demario Davis,OLB,NO,13,5,4,0,0,0.0,0,0,0,0,0
00-0030070,John Jenkins,DT,BAL,13,1,1,1,0,0.0,0,0,0,0,0
00-0030114,Jordan Poyer,FS,BUF,13,3,3,0,0,0.0,0,0,0,0,0
00-0030294,Tony Jefferson,S,LAC,13,2,1,0,0,0.0,0,1,1,0,0
00-0031040,Khalil Mack,OLB,LAC,13,2,2,0,1,0.5,2,0,0,0,0
00-0031054,DaQuan Jones,DT,BUF,13,1,1,0,0,0.0,0,0,0,0,0
00-0031177,Brent Urban,DE,BAL,13,1,0,0,0,0.0,1,0,0,0,0
00-0031254,Denico Autry,DT,HOU,13,0,1,0,0,0.0,0,0,0,0,0
00-0031270,Shelby Harris,DE,CLE,13,3,1,1,0,0.0,0,0,0,0,0
00-0031357,C.J. Goodwin,CB,DAL,13,1,0,0,0,0.0,0,0,0,0,0
00-0031360,Kyle Van Noy,MLB,BAL,13,1,1,0,0,0.0,1,0,0,0,0
00-0031364,Jadeveon Clowney,OLB,DAL,13,5,1,2,0,2.0,2,0,0,0,0
00-0031411,DeMarcus Lawrence,LB,SEA,13,2,0,1,1,1.0,2,0,0,0,0
00-0031550,Shaq Thompson,OLB,BUF,13,5,4,0,0,0.0,0,0,0,0,0
00-0031551,Eddie Goldman,NT,WAS,13,1,3,0,0,0.0,0,0,0,0,0
00-0031557,Jordan Phillips,DT,BUF,13,0,1,0,0,0.0,0,0,0,0,0
00-0031565,Danielle Hunter,DE,HOU,13,0,1,0,0,0.0,0,0,1,0,0
00-0031583,Grady Jarrett,DT,CHI,13,1,1,0,0,0.0,0,0,0,0,0
00-0031740,Neville Hewitt,LB,NYG,13,0,2,0,0,0.0,0,0,0,0,0
00-0031898,Alex Singleton,LB,DEN,13,4,2,0,0,0.0,1,0,2,0,0
00-0031933,Leonard Williams,DE,SEA,13,2,0,1,0,1.0,1,0,0,0,0
00-0031935,Preston Smith,DE,WAS,13,0,2,0,0,0.0,1,0,0,0,0
00-0031957,Rakeem Nunez-Roches,DT,NYG,13,0,1,0,0,0.0,0,0,0,0,0
00-0032052,Dante Fowler Jr.,DE,DAL,13,1,1,1,0,1.0,1,0,0,0,0
00-0032103,Denzel Perryman,MLB,LAC,13,5,1,1,0,0.0,0,0,0,0,0
00-0032104,Ameer Abdullah,RB,IND,13,1,0,0,0,0.0,0,0,0,0,0
00-0032146,Bud Dupree,OLB,LAC,13,2,0,1,0,1.0,1,0,0,0,0
00-0032265,Mario Edwards,DT,HOU,13,0,1,0,0,0.0,0,0,0,0,0
00-0032388,Deion Jones,LB,TB,13,1,0,0,0,0.0,0,0,0,0,0
00-0032415,Matthew Judon,OLB,MIA,13,1,0,0,0,0.0,2,0,1,0,0
00-0032424,DJ Reader,DT,DET,13,0,1,0,0,0.0,0,0,0,0,0
00-0032442,Elandon Roberts,OLB,LV,13,0,3,0,0,0.0,1,0,0,0,0
00-0032580,Jonathan Jones,DB,WAS,13,5,1,0,0,0.0,0,0,0,0,0
00-0032667,Roy Robertson-Harris,DE,NYG,13,2,1,0,0,0.0,1,0,0,0,0
00-0032759,Sheldon Rankins,DT,HOU,13,2,0,1,0,1.0,2,0,0,0,0
00-0032762,Chris Jones,DE,KC,13,2,2,1,0,0.0,0,0,0,0,0
00-0032763,Austin Johnson,NT,JAX,13,1,0,0,1,1.0,1,0,0,0,0
00-0032889,A'Shawn Robinson,DT,CAR,13,2,1,0,0,0.0,0,0,1,0,0
00-0032933,Antonio Hamilton,CB,WAS,13,1,0,0,0,0.0,0,0,0,0,0
00-0032951,Laquon Treadwell,WR,IND,13,0,1,0,0,0.0,0,0,0,0,0
00-0033046,Jihad Ward,LB,TEN,13,1,1,1,0,1.0,2,0,0,0,0
00-0033051,David Onyemata,DT,ATL,13,0,3,1,0,0.0,0,0,0,0,0
00-0033055,Jalen Ramsey,CB,PIT,13,6,3,0,0,0.0,0,0,0,0,0
00-0033066,Andrew Billings,DT,CHI,13,0,1,0,0,0.0,0,0,0,0,0
00-0033072,Leonard Floyd,DE,ATL,13,1,1,1,0,1.0,1,0,0,0,0
00-0033073,Emmanuel Ogbah,DE,JAX,13,0,1,0,0,0.0,0,0,0,0,0
00-0033120,Kenny Clark,NT,DAL,13,0,0,0,0,0.0,1,0,0,0,0
00-0033131,Maliek Collins,DT,CLE,13,0,1,0,0,0.0,1,0,0,0,0
00-0033132,Kevin Byard,FS,CHI,13,4,2,0,0,0.0,0,1,1,0,0
00-0033156,Joey Bosa,DE,BUF,13,1,1,1,1,1.0,1,0,0,0,0
00-0033281,Marlon Humphrey,CB,BAL,13,7,2,1,0,1.0,2,0,0,0,0
00-0033294,Chuck Clark,SAF,PIT,13,0,1,0,0,0.0,0,0,0,0,0
00-0033297,D.J. Jones,DT,DEN,13,1,1,0,0,0.0,1,0,0,0,0
00-0033336,Eric Wilson,LB,MIN,13,8,3,4,0,1.0,1,0,0,0,0
00-0033381,Adam Butler,DT,LV,13,1,5,0,0,0.0,0,0,0,0,0
00-0033393,Kenny Moore II,CB,IND,13,2,3,0,0,0.0,0,0,0,0,0
00-0033463,Carl Lawson,DE,BAL,13,0,1,0,0,0.0,0,0,0,0,0
00-0033523,Jonathan Allen,DE,MIN,13,1,5,0,0,0.0,0,0,0,0,0
00-0033526,Samaje Perine,RB,CIN,13,0,1,0,0,0.0,0,0,0,0,0
00-0033548,Chidobe Awuzie,CB,BAL,13,5,0,0,0,0.0,0,0,2,0,0
00-0033551,Rasul Douglas,CB,MIA,13,4,2,0,0,0.0,0,1,1,0,0
00-0033571,Matt Milano,OLB,BUF,13,1,1,1,0,0.0,0,0,0,0,0
00-0033579,Xavier Woods,FS,TEN,13,2,0,0,0,0.0,0,0,0,0,0
00-0033854,Dare Ogunbowale,RB,HOU,13,1,0,0,0,0.0,0,0,0,0,0
00-0033860,Davon Godchaux,DT,NO,13,2,2,0,0,0.0,0,0,0,0,0
00-0033868,Myles Garrett,DE,CLE,13,2,3,2,0,1.0,3,0,0,0,0
00-0033870,Solomon Thomas,DE,DAL,13,0,2,0,0,0.0,1,0,0,0,0
00-0033872,Jamal Adams,LB,LV,13,1,1,1,0,0.0,0,0,0,0,0
00-0033875,Haason Reddick,OLB,TB,13,1,1,0,0,0.0,0,0,0,0,0
00-0033876,Derek Barnett,DE,HOU,13,0,0,1,0,0.0,0,0,0,0,0
00-0033877,Malik Hooker,FS,DAL,13,0,1,0,0,0.0,0,0,0,0,0
00-0033878,Adoree' Jackson,CB,PHI,13,4,1,0,0,0.0,0,0,0,0,0
00-0033884,Tre'Davious White,CB,BUF,13,0,0,0,0,0.0,0,0,2,0,0
00-0033886,T.J. Watt,OLB,PIT,13,0,4,0,0,0.0,0,0,0,0,0
00-0033890,Budda Baker,S,ARI,13,2,6,1,0,0.0,0,0,1,0,0
00-0033907,Dawuane Smoot,DE,JAX,13,0,1,0,0,0.0,0,0,0,0,0
00-0033913,Chris Wormley,NT,IND,13,2,0,1,0,1.0,1,0,0,0,0
00-0033914,Alex Anzalone,MLB,DET,13,5,4,1,0,0.0,0,0,0,0,0
00-0033918,Fabian Moreau,CB,MIN,13,1,1,0,0,0.0,0,0,1,0,0
00-0033928,Jourdan Lewis,CB,JAX,13,0,1,0,0,0.0,0,0,0,0,0
00-0033941,Rayshawn Jenkins,SAF,CLE,13,0,4,0,0,0.0,0,0,0,0,0
00-0033945,Samson Ebukam,DE,IND,13,1,0,1,0,0.0,0,0,0,0,0
00-0033952,Grover Stewart,DT,IND,13,2,1,0,0,0.0,1,0,1,0,0
00-0033964,Al-Quadin Muhammad,LB,DET,13,0,1,0,0,0.0,0,0,0,0,0
00-0034091,George Odum,DB,IND,13,0,1,0,0,0.0,0,0,0,0,0
00-0034145,Chris Lammons,DB,IND,13,0,1,0,0,0.0,0,0,0,0,0
00-0034163,Jacob Martin,DE,WAS,13,1,0,0,0,0.0,0,0,0,0,0
00-0034203,Darious Williams,CB,LAR,13,0,1,0,0,0.0,0,0,0,0,0
00-0034234,Poona Ford,DT,LAR,13,2,2,0,0,0.0,0,0,0,0,0
00-0034248,Elijah Campbell,DB,MIA,13,1,1,0,0,0.0,0,0,0,0,0
00-0034285,Zach Sieler,DE,MIA,13,1,1,1,0,0.0,0,0,0,0,0
00-0034302,Frankie Luvu,LB,WAS,13,1,3,1,1,1.0,2,0,1,0,0
00-0034320,Kentavius Street,DE,ATL,13,0,2,0,0,0.0,0,0,0,0,0
00-0034333,Daron Payne,NT,WAS,13,2,3,1,0,0.0,0,0,0,0,0
00-0034350,Uchenna Nwosu,LB,SEA,13,0,1,0,0,0.5,1,0,0,0,0
00-0034356,Donte Jackson,CB,LAC,13,1,1,0,0,0.0,0,0,1,0,0
00-0034357,Isaiah Oliver,FS,NYJ,13,5,4,0,0,0.0,0,0,1,0,0
00-0034361,Justin Reid,S,NO,13,0,1,0,0,0.0,0,0,0,0,0
00-0034371,Da'Shawn Hand,DE,LAC,13,0,1,0,0,0.5,1,0,0,0,0
00-0034376,Taron Johnson,CB,BUF,13,0,3,0,0,0.0,0,0,0,0,0
00-0034381,Josh Sweat,LB,ARI,13,3,1,1,1,2.0,1,0,0,0,0
00-0034384,D.J. Reed,CB,DET,13,2,0,0,1,0.0,0,0,0,0,0
00-0034387,Bilal Nichols,DT,ARI,13,0,1,0,0,0.0,0,0,0,0,0
00-0034397,Tim Settle,DT,HOU,13,0,1,0,0,0.0,0,0,0,0,0
00-0034413,Foye Oluokun,LB,JAX,13,5,1,0,0,0.0,0,0,0,0,0
00-0034431,Zaire Franklin,OLB,IND,13,5,8,0,0,0.0,0,0,0,0,0
00-0034437,Logan Cooke,P,JAX,13,1,0,0,0,0.0,0,0,0,0,0
00-0034446,Jalen Davis,CB,CIN,13,0,3,0,1,0.0,1,0,0,0,0
00-0034465,Jeremy Reaves,DB,WAS,13,3,4,0,0,0.0,0,0,1,0,0
00-0034473,Dennis Gardeck,LB,JAX,13,0,1,0,0,0.0,1,0,1,0,0
00-0034573,Charvarius Ward,CB,IND,13,3,2,0,0,0.0,0,0,0,0,0
00-0034675,Jessie Bates,FS,ATL,13,3,1,0,0,0.0,1,0,0,0,0
00-0034720,Robert Spillane,LB,NE,13,2,0,0,0,0.0,0,0,0,0,0
00-0034754,Oren Burks,ILB,CIN,13,1,0,0,0,0.0,0,0,0,0,0
00-0034760,Nathan Shepherd,DE,NO,13,2,1,0,0,0.0,0,0,0,0,0
00-0034773,Vita Vea,DT,TB,13,1,1,1,0,1.0,3,0,0,0,0
00-0034778,Carlton Davis III,CB,NE,13,1,4,1,0,0.0,0,0,2,0,0
00-0034779,Ronnie Harrison,LB,ATL,13,0,1,0,0,0.0,0,0,0,0,0
00-0034780,Isaac Yiadom,CB,NO,13,2,0,0,0,0.0,0,0,0,0,0
00-0034782,Harrison Phillips,DT,NYJ,13,1,1,0,0,0.0,0,0,0,0,0
00-0034789,Minkah Fitzpatrick,FS,MIA,13,4,3,1,1,1.0,1,0,0,0,0
00-0034790,Derwin James,FS,LAC,13,1,1,0,0,0.5,1,0,0,0,0
00-0034796,Lamar Jackson,QB,BAL,13,1,0,0,0,0.0,0,0,0,0,0
00-0034797,Jerome Baker,OLB,CLE,13,1,1,0,0,0.0,0,0,0,0,0
00-0034800,B.J. Hill,DE,CIN,13,2,3,0,0,0.0,0,0,0,0,0
00-0034805,John Franklin-Myers,DE,DEN,13,0,1,0,0,0.0,0,0,0,0,0
00-0034810,Sebastian Joseph-Day,DT,TEN,13,1,2,0,0,0.0,0,0,0,0,0
00-0034818,Derrick Nnadi,NT,KC,13,1,0,0,0,0.0,1,0,0,0,0
00-0034825,Arden Key,DE,TEN,13,0,3,0,0,0.0,0,0,0,0,0
00-0034828,Harold Landry III,LB,NE,13,4,1,1,0,1.0,2,0,0,0,0
00-0034832,Bradley Chubb,OLB,MIA,13,1,2,1,0,1.0,1,0,0,0,0
00-0034843,Mike Hughes,CB,ATL,13,5,0,1,0,0.0,0,0,0,0,0
00-0034856,Denzel Ward,CB,CLE,13,1,0,0,0,0.0,0,0,0,0,0
00-0034874,Roquan Smith,ILB,BAL,13,3,8,0,0,0.0,0,0,0,0,0
00-0034959,Andrew Beck,FB,NYJ,13,0,2,0,0,0.0,0,0,0,0,0
00-0034967,Rashan Gary,LB,GB,13,1,1,0,0,0.0,0,0,0,0,0
00-0034973,Maxx Crosby,DE,LV,13,5,3,4,0,2.0,2,0,0,0,0
00-0034982,Dre Greenlaw,LB,DEN,13,2,3,0,0,0.0,0,1,1,0,0
00-0034987,E.J. Speed,LB,HOU,13,2,2,0,0,0.0,0,0,0,0,0
00-0035133,Keisean Nixon,DB,GB,13,6,0,1,0,0.0,0,0,0,0,0
00-0035166,Azeez Al-Shaair,LB,HOU,13,4,4,0,0,0.0,0,0,0,0,0
00-0035192,Joey Slye,K,TEN,13,1,0,0,0,0.0,0,0,0,0,0
00-0035202,Del'Shawn Phillips,LB,LAC,13,1,1,0,0,0.0,0,0,0,0,0
00-0035227,P.J. Locke,DB,DEN,13,0,1,0,0,0.0,0,0,0,0,0
00-0035236,Byron Murphy,CB,MIN,13,2,3,0,0,0.0,0,0,0,0,0
00-0035240,Jahlani Tavai,LB,NE,13,2,0,0,0,0.0,0,0,0,0,0
00-0035248,Zach Allen,DE,DEN,13,1,1,0,0,0.0,1,0,0,0,0
00-0035253,C.J. Gardner-Johnson,SAF,CHI,13,2,1,0,0,0.0,1,0,0,0,0
00-0035254,Anthony Nelson,LB,TB,13,2,2,0,0,0.0,0,0,0,0,0
00-0035262,Drue Tranquill,LB,KC,13,2,3,0,0,0.0,0,0,0,0,0
00-0035272,Andrew Van Ginkel,OLB,MIN,13,3,2,1,0,1.0,1,0,0,0,0
00-0035276,Blake Cashman,LB,MIN,13,5,4,0,0,0.0,0,0,1,0,0
00-0035277,Mike Jackson,CB,CAR,13,1,0,0,0,0.0,0,1,1,1,0
00-0035279,Charles Omenihu,DE,KC,13,0,0,0,0,0.0,1,0,0,0,0
00-0035286,Cole Holcomb,LB,PIT,13,0,1,0,0,0.0,0,0,0,0,0
00-0035301,Donovan Wilson,SAF,DAL,13,2,3,0,1,0.0,0,0,0,0,0
00-0035316,Kaden Elliss,LB,ATL,13,4,4,0,0,0.0,0,0,0,0,0
00-0035352,Tyrel Dodson,LB,MIA,13,4,4,0,0,0.0,0,0,1,0,0
00-0035357,Cam Lewis,CB,BUF,13,0,1,0,0,0.0,0,0,0,0,0
00-0035378,Andrew Wingard,SAF,JAX,13,1,2,0,0,0.0,0,0,2,0,0
00-0035402,Carl Granderson,DE,NO,13,1,2,0,0,0.0,0,0,0,0,0
00-0035413,Luke Gifford,LB,SF,13,0,1,0,0,0.0,0,0,0,0,0
00-0035500,Greg Dortch,WR,ARI,13,0,1,0,0,0.0,0,0,0,0,0
00-0035525,Devin Bush,LB,CLE,13,1,6,0,0,0.0,0,0,0,0,0
00-0035594,Travis Homer,RB,CHI,13,1,0,0,0,0.0,0,0,0,0,0
00-0035602,Alex Bachman,WR,LV,13,0,1,0,0,0.0,0,0,0,0,0
00-0035617,Troy Reeder,LB,LAR,13,1,0,0,0,0.0,0,0,0,0,0
00-0035632,Amani Hooker,SAF,TEN,13,1,3,1,0,0.0,0,0,0,0,0
00-0035642,Josh Hines-Allen,DE,JAX,13,3,0,3,0,2.0,3,0,0,0,0
00-0035643,Jeffery Simmons,DT,TEN,13,2,4,1,0,1.0,2,0,0,0,0
00-0035647,Montez Sweat,DE,CHI,13,0,1,0,0,0.0,0,0,0,0,0
00-0035655,Will Harris,SAF,WAS,13,4,2,0,0,0.0,0,0,1,0,0
00-0035667,Greg Gaines,DT,TB,13,1,2,1,0,0.0,0,0,0,0,0
00-0035669,Nick Scott,SAF,CAR,13,5,4,0,0,0.0,0,1,1,0,0
00-0035672,Cody Barton,LB,TEN,13,1,0,1,0,0.0,0,0,0,0,0
00-0035674,Jerry Tillery,DT,KC,13,0,1,0,0,0.0,0,0,0,0,0
00-0035680,Quincy Williams,LB,NYJ,13,4,4,0,0,0.0,0,0,2,0,0
00-0035681,Mike Edwards,SAF,KC,13,2,2,0,0,0.0,0,0,1,0,0
00-0035687,Bobby Okereke,ILB,NYG,13,5,2,0,0,0.0,0,0,0,0,0
00-0035692,Clelin Ferrell,DE,SF,13,6,3,2,0,2.0,2,0,0,0,0
00-0035697,Germaine Pratt,LB,IND,13,4,5,0,1,0.0,0,0,1,0,0
00-0035699,Jamel Dean,CB,TB,13,1,2,0,0,0.0,0,0,1,0,0
00-0035705,Jalen Thompson,DB,ARI,13,2,0,0,0,0.0,0,0,2,0,0
00-0035707,Devin White,LB,LV,13,5,6,0,0,0.0,0,0,0,0,0
00-0035713,Brian Burns,LB,NYG,13,1,1,1,0,0.0,1,0,0,0,0
00-0035718,Quinnen Williams,DT,DAL,13,1,3,0,0,0.0,1,0,0,0,0
00-0035763,Malcolm Roach,DT,DEN,13,1,3,1,0,0.0,0,0,0,0,0
00-0035795,James Pierre,CB,PIT,13,1,2,0,0,0.0,0,0,0,0,0
00-0035827,Ross Matiscik,LS,JAX,13,1,1,0,0,0.0,0,0,0,0,0
00-0035841,Benito Jones,DT,MIA,13,0,1,0,0,0.0,0,0,1,0,0
00-0035857,Chris Williams,DT,CHI,13,0,2,0,0,0.0,0,0,0,0,0
00-0035890,Tershawn Wharton,DE,CAR,13,0,1,0,0,0.0,0,0,0,0,0
00-0035961,Krys Barnes,LB,CAR,13,0,4,0,0,0.0,0,0,0,0,0
00-0036082,Liam McCullough,LS,ATL,13,0,1,0,0,0.0,0,0,0,0,0
00-0036087,Myles Bryant,CB,HOU,13,3,2,0,0,0.0,0,0,0,0,0
00-0036124,Khalil Dorsey,CB,DET,13,1,1,0,0,0.0,0,0,0,0,0
00-0036151,Bryce Huff,DE,SF,13,1,1,0,0,0.0,1,0,0,0,0
00-0036157,Kristian Welch,LB,GB,13,0,1,0,0,0.0,0,0,0,0,0
00-0036181,Teair Tart,DT,LAC,13,2,0,0,0,0.0,0,0,1,0,0
00-0036182,Nick Westbrook-Ikhine,WR,MIA,13,1,0,0,0,0.0,0,0,0,0,0
00-0036187,Reggie Gilliam,RB,BUF,13,1,0,0,0,0.0,0,0,0,0,0
00-0036192,A.J. Epenesa,DE,BUF,13,0,1,0,0,0.0,0,0,0,0,0
00-0036193,Anfernee Jennings,LB,NE,13,1,2,1,0,0.0,0,0,0,0,0
00-0036196,Gabe Davis,WR,BUF,13,1,0,0,0,0.0,0,0,0,0,0
00-0036199,Geno Stone,SAF,CIN,13,4,0,0,0,0.0,0,0,0,0,0
00-0036204,LaCale London,DE,ATL,13,0,2,0,0,0.0,0,0,0,0,0
00-0036220,Derrick Brown,DT,CAR,13,1,1,1,1,1.0,1,0,1,0,0
00-0036221,Brandon Jones,SAF,DEN,13,6,2,0,0,0.0,0,0,0,0,0
00-0036222,Isaiah Rodgers,CB,MIN,13,4,1,0,0,0.0,0,0,0,0,0
00-0036224,Jonathan Greenard,LB,MIN,13,0,1,0,0,0.0,0,0,0,0,0
00-0036231,Kyle Dugger,SAF,PIT,13,1,4,0,0,0.0,0,0,1,0,0
00-0036262,DaVon Hamilton,DT,JAX,13,0,1,0,0,0.0,0,0,0,0,0
00-0036266,Jordan Elliott,DT,SF,13,0,4,0,0,0.0,1,0,0,0,0
00-0036280,Malik Harrison,LB,PIT,13,6,2,0,0,0.0,0,0,0,0,0
00-0036282,Grant Delpit,SAF,CLE,13,2,3,0,0,0.0,0,0,0,0,0
00-0036285,A.J. Terrell,CB,ATL,13,1,2,0,0,0.0,0,0,1,0,0
00-0036286,K'Lavon Chaisson,LB,NE,13,3,1,0,0,0.0,2,0,0,0,0
00-0036287,Noah Igbinoghene,CB,WAS,13,3,3,0,0,0.0,0,0,1,0,0
00-0036292,Jaylon Johnson,CB,CHI,13,1,0,0,0,0.0,0,0,0,0,0
00-0036293,Jeremy Chinn,SAF,LV,13,8,9,0,0,0.0,0,0,0,0,0
00-0036294,Logan Wilson,LB,DAL,13,3,2,0,0,0.0,0,0,0,0,0
00-0036298,Akeem Davis-Gaither,LB,ARI,13,4,6,0,0,0.0,0,0,0,0,0
00-0036300,Mykal Walker,LB,NYJ,13,1,0,0,0,0.0,0,0,0,0,0
00-0036302,Jaylinn Hawkins,SAF,NE,13,1,3,0,0,0.0,1,0,1,0,0
00-0036305,Trevis Gipson,LB,CAR,13,0,1,0,0,0.0,0,0,0,0,0
00-0036306,Daniel Thomas,SAF,DET,13,0,1,0,0,0.0,0,0,0,0,0
00-0036321,Chase Young,DE,NO,13,2,0,2,0,1.0,1,0,0,0,0
00-0036322,Justin Jefferson,WR,MIN,13,0,1,0,0,0.0,0,0,0,0,0
00-0036323,Patrick Queen,LB,PIT,13,2,4,0,0,0.0,1,0,0,0,0
00-0036329,Ashtyn Davis,SAF,MIA,13,5,1,0,0,0.0,0,0,0,0,0
00-0036333,Alex Highsmith,LB,PIT,13,3,3,0,0,0.0,0,0,0,0,0
00-0036335,D.J. Wonnum,LB,CAR,13,0,1,0,0,0.0,0,0,0,0,0
00-0036337,James Lynch,DT,TEN,13,1,0,0,0,0.0,0,0,1,0,0
00-0036338,Troy Dye,LB,LAC,13,0,0,0,0,0.0,0,0,1,0,0
00-0036348,Josh Metellus,SAF,MIN,13,2,2,0,0,0.0,0,0,2,0,0
00-0036349,Kam Curl,SAF,LAR,13,4,0,0,0,0.0,0,0,0,0,0
00-0036356,Isaiah Simmons,SAF,CAR,13,0,1,0,0,0.0,0,0,0,0,0
00-0036362,Willie Gay Jr.,LB,MIA,13,0,0,0,0,0.0,0,0,1,0,0
00-0036366,Neville Gallimore,DT,IND,13,1,3,0,0,0.0,0,0,0,0,0
00-0036371,Leki Fotu,DT,LV,13,0,2,0,0,0.0,0,0,0,0,0
00-0036375,Amik Robertson,CB,DET,13,2,2,0,0,0.0,0,0,3,0,0
00-0036378,Michael Danna,LB,KC,13,0,1,0,0,0.0,0,0,0,0,0
00-0036380,Alohi Gilman,SAF,BAL,13,5,3,0,0,0.0,0,0,1,0,0
00-0036388,Xavier McKinney,SAF,GB,13,3,3,0,0,0.0,1,0,1,0,0
00-0036409,Jordyn Brooks,LB,MIA,13,6,6,1,0,0.0,0,0,0,0,0
00-0036411,Antoine Winfield Jr.,SAF,TB,13,4,3,0,0,0.0,1,1,1,0,0
00-0036418,Zack Baun,LB,PHI,13,3,5,0,0,0.0,0,0,0,0,0
00-0036421,Terrell Burgess,SAF,NO,13,3,4,0,0,0.0,0,0,1,0,0
00-0036441,"Kenneth Murray, Jr.",LB,DAL,13,2,0,0,0,0.0,0,0,0,0,0
00-0036479,Kwity Paye,DE,IND,13,2,4,0,0,0.0,0,0,0,0,0
00-0036483,Will Fries,G,MIN,13,0,1,0,0,0.0,0,0,0,0,0
00-0036500,Jamien Sherwood,LB,NYJ,13,1,3,0,0,0.0,0,0,1,0,0
00-0036502,Jason Pinnock,SAF,SF,13,2,0,0,0,0.0,0,0,0,0,0
00-0036504,Brandin Echols,CB,PIT,13,0,2,0,0,0.0,0,1,2,0,0
00-0036563,Deommodore Lenoir,CB,SF,13,1,3,0,0,0.0,0,0,0,0,0
00-0036564,Talanoa Hufanga,SAF,DEN,13,10,3,2,0,0.0,0,0,1,0,0
00-0036568,Roy Lopez,DT,DET,13,1,0,0,0,0.0,0,0,0,0,0
00-0036590,Quintin Morris,TE,JAX,13,0,1,0,0,0.0,0,0,0,0,0
00-0036617,Asante Samuel Jr.,CB,PIT,13,1,2,0,0,0.0,0,0,0,0,0
00-0036618,Sam Cosmi,OT,WAS,13,0,1,0,0,0.0,0,0,0,0,0
00-0036619,Dillon Radunz,OT,NO,13,1,0,0,0,0.0,0,0,0,0,0
00-0036621,Nick Bolton,LB,KC,13,5,5,0,0,0.0,0,0,2,0,0
00-0036624,Alim McNeill,DT,DET,13,0,0,0,0,0.0,1,0,0,0,0
00-0036628,John Bates,TE,WAS,13,0,1,0,0,0.0,0,0,0,0,0
00-0036629,Camryn Bynum,SAF,IND,13,4,2,1,0,0.0,0,1,1,0,0
00-0036649,Quinton Bohanna,DT,SEA,13,0,1,0,0,0.0,0,0,0,0,0
00-0036658,Isaiah McDuffie,LB,GB,13,6,5,2,0,0.0,0,0,0,0,0
00-0036677,Zayne Anderson,SAF,GB,13,1,0,0,0,0.0,0,0,0,0,0
00-0036683,Devon Key,SAF,DEN,13,1,1,0,1,0.0,0,0,0,0,0
00-0036704,Caleb Johnson,LB,MIA,13,1,0,0,0,0.0,0,0,0,0,0
00-0036705,Sam Kamara,DT,CLE,13,0,1,0,0,0.0,0,0,0,0,0
00-0036711,Charles Snowden,LB,LV,13,1,0,0,0,0.0,0,0,0,0,0
00-0036716,Amen Ogbongbemiga,LB,CHI,13,2,0,0,0,0.0,0,0,1,0,0
00-0036727,Adam Prentice,FB,DEN,13,1,1,0,0,0.0,0,0,0,0,0
00-0036728,Curtis Robinson,LB,SF,13,3,3,0,0,0.0,0,0,0,0,0
00-0036813,Christian Elliss,LB,NE,13,4,6,0,0,0.0,0,0,1,0,0
00-0036816,Riley Patterson,K,MIA,13,1,0,0,0,0.0,0,0,0,0,0
00-0036867,Chris Rumph II,LB,NO,13,1,0,0,0,0.0,0,0,0,0,0
00-0036870,Buddy Johnson,LB,IND,13,1,2,0,0,0.0,0,0,0,0,0
00-0036874,Pat Surtain II,CB,DEN,13,4,0,0,0,0.0,0,0,1,0,0
00-0036883,Tommy Togiai,DT,HOU,13,1,3,0,0,0.0,0,0,0,0,0
00-0036901,Eric Stokes,CB,LV,13,1,0,0,0,0.0,0,0,0,0,0
00-0036902,Joseph Ossai,DE,CIN,13,3,1,2,1,2.0,4,0,0,0,0
00-0036904,Robert Rochell,CB,CAR,13,1,0,0,0,0.0,0,0,0,0,0
00-0036914,Greg Rousseau,LB,BUF,13,1,0,1,0,0.0,0,0,0,0,0
00-0036922,Patrick Johnson,LB,PHI,13,1,0,0,0,0.0,0,0,0,0,0
00-0036927,Pete Werner,LB,NO,13,2,2,0,0,0.0,0,0,0,0,0
00-0036932,Micah Parsons,LB,GB,13,3,4,3,0,2.5,4,0,0,0,0
00-0036933,Zaven Collins,LB,ARI,13,0,1,0,0,0.0,0,0,0,0,0
00-0036934,Jaelan Phillips,LB,PHI,13,2,2,0,0,0.0,0,0,1,0,0
00-0036937,Paulson Adebo,CB,NYG,13,8,2,0,0,0.0,0,0,1,0,0
00-0036940,Odafe Oweh,LB,LAC,13,0,0,0,0,0.0,1,0,0,0,0
00-0036942,Osa Odighizuwa,DT,DAL,13,0,4,0,0,0.0,1,0,0,0,0
00-0036952,Jonathon Cooper,LB,DEN,13,3,2,1,0,0.0,0,0,0,0,0
00-0036964,Derrick Barnes,LB,DET,13,0,2,0,0,0.0,0,0,0,0,0
00-0036967,Joe Tryon-Shoyinka,DE,CHI,13,1,0,0,0,0.0,0,0,0,0,0
00-0036974,Tyson Campbell,CB,CLE,13,3,3,0,0,0.0,0,0,2,0,0
00-0036981,Christian Barmore,DT,NE,13,1,4,0,0,0.0,0,0,0,0,0
00-0036982,Chauncey Golston,DE,NYG,13,0,1,0,0,0.0,0,0,0,0,0
00-0036986,Nahshon Wright,CB,CHI,13,4,1,0,1,0.0,0,0,0,0,0
00-0036987,Brandon Stephens,CB,NYJ,13,1,2,0,0,0.0,0,0,1,0,0
00-0036989,Malcolm Koonce,DE,LV,13,2,0,1,0,1.0,1,0,0,0,0
00-0036990,Divine Deablo,LB,ATL,13,6,1,2,0,0.0,0,0,0,0,0
00-0036992,Elijah Molden,CB,LAC,13,2,3,0,0,0.0,0,0,0,0,0
00-0036993,Ifeatu Melifonwu,SAF,MIA,13,4,3,0,0,0.0,0,0,0,0,0
00-0036994,Ernest Jones,LB,SEA,13,7,5,0,0,0.0,0,2,2,1,0
00-0036995,Baron Browning,LB,ARI,13,2,2,0,0,0.0,0,0,0,0,0
00-0036998,Jevon Holland,SAF,NYG,13,4,2,0,0,0.0,0,0,0,0,0
00-0037034,Dee Alford,CB,ATL,13,4,1,1,0,0.0,0,0,1,0,0
00-0037073,Jordan Davis,DT,PHI,13,5,4,0,0,0.0,0,0,0,0,0
00-0037075,Devonte Wyatt,DT,GB,13,3,1,1,0,0.0,0,0,0,0,0
00-0037079,Riq Woolen,CB,SEA,13,2,0,0,0,0.0,0,1,1,0,0
00-0037083,Kingsley Enagbare,LB,GB,13,0,1,0,0,0.5,1,0,0,0,0
00-0037096,Elijah Hicks,SAF,CHI,13,1,0,0,0,0.0,0,0,0,0,0
00-0037106,Jaylon Jones,DB,CHI,13,0,1,0,0,0.0,0,0,0,0,0
00-0037120,Tyler Goodson,RB,IND,13,0,1,0,0,0.0,0,0,0,0,0
00-0037129,Josh Blackwell,CB,CHI,13,0,1,0,0,0.0,0,0,0,0,0
00-0037130,Reed Blankenship,SAF,PHI,13,8,6,0,0,0.0,0,0,0,0,0
00-0037137,Josh Jobe,CB,SEA,13,1,1,0,0,0.0,0,0,1,0,0
00-0037155,Tony Adams,SAF,NYJ,13,3,2,1,0,1.0,1,0,0,0,0
00-0037157,Bam Knight,RB,ARI,13,0,1,0,0,0.0,0,0,0,0,0
00-0037191,Trent McDuffie,CB,KC,13,4,3,0,1,0.0,0,0,0,0,0
00-0037192,George Karlaftis,DE,KC,13,0,2,0,0,0.0,1,0,0,0,0
00-0037193,Bryan Cook,SAF,KC,13,0,1,0,0,0.0,0,0,0,0,0
00-0037195,Jaylen Watson,CB,KC,13,6,0,0,0,0.0,0,1,1,0,0
00-0037203,LaBryan Ray,DT,CAR,13,0,1,0,0,0.0,0,0,0,0,0
00-0037224,Cameron Dicker,K,LAC,13,0,1,0,0,0.0,0,0,0,0,0
00-0037236,Aidan Hutchinson,DE,DET,13,3,3,0,0,0.0,0,0,0,0,0
00-0037244,Devin Lloyd,LB,JAX,13,5,3,0,0,0.0,0,0,0,0,0
00-0037246,Jalen Pitre,SAF,HOU,13,1,2,0,0,0.0,0,0,2,0,0
00-0037249,Nik Bonitto,LB,DEN,13,2,1,1,1,1.0,1,0,0,0,0
00-0037262,Thomas Booker,DT,LV,13,3,2,0,0,0.0,0,0,0,0,0
00-0037268,Zyon McCollum,CB,TB,13,4,2,0,0,0.0,0,0,0,0,0
00-0037271,D'Marco Jackson,LB,CHI,13,2,3,0,0,0.0,0,0,0,0,0
00-0037275,DaRon Bland,CB,DAL,13,3,0,0,0,0.0,0,0,0,0,0
00-0037288,Christian Benford,CB,BUF,13,1,1,1,0,0.0,0,1,1,0,0
00-0037291,Jalen Nailor,WR,MIN,13,2,0,0,1,0.0,0,0,0,0,0
00-0037292,Andrew Ogletree,TE,IND,13,0,1,0,0,0.0,0,0,0,0,0
00-0037307,Ja'Sir Taylor,CB,NYJ,13,1,2,0,0,0.0,0,0,1,0,0
00-0037310,James Houston,DE,DAL,13,0,2,0,0,0.0,1,0,0,0,0
00-0037313,Montaric Brown,CB,JAX,13,6,1,0,0,0.0,0,0,0,0,0
00-0037315,Cameron Goode,LB,MIA,13,0,0,0,0,0.0,0,0,1,0,0
00-0037318,Baylon Spector,LB,BUF,13,0,1,0,0,0.0,0,0,0,0,0
00-0037320,Deane Leonard,CB,LAC,13,1,1,0,0,0.0,0,0,0,0,0
00-0037332,D'Anthony Bell,SAF,SEA,13,0,1,0,0,0.0,0,0,0,0,0
00-0037384,Ja'Quan McMillian,CB,DEN,13,4,2,0,0,0.0,0,0,1,0,0
00-0037447,Tomon Fox,LB,NYG,13,0,1,0,0,0.0,0,0,0,0,0
00-0037457,Jake Hansen,LB,HOU,13,0,1,0,0,0.0,0,0,0,0,0
00-0037512,Isaiah Pola-Mao,SAF,LV,13,2,0,0,0,0.0,0,0,0,0,0
00-0037526,Marcelino McCrary-Ball,LB,NYJ,13,2,3,1,0,0.0,0,0,0,0,0
00-0037549,Darrell Baker Jr.,CB,TEN,13,2,1,0,0,0.0,0,0,1,0,0
00-0037557,Ronnie Rivers,RB,LAR,13,1,0,0,0,0.0,0,0,0,0,0
00-0037561,Markquese Bell,SAF,DAL,13,2,0,0,0,0.0,0,0,0,0,0
00-0037563,Malik Davis,RB,DAL,13,0,1,0,0,0.0,0,0,0,0,0
00-0037587,Nate Landman,LB,LAR,13,3,5,0,0,0.0,0,0,0,0,0
00-0037594,Julius Chestnut,RB,TEN,13,1,0,0,0,0.0,0,0,0,0,0
00-0037596,Jack Gibbens,LB,NE,13,2,1,0,0,0.0,1,0,0,0,0
00-0037615,Nakobe Dean,LB,PHI,13,5,7,0,0,0.0,0,0,1,0,0
00-0037616,Nick Cross,SAF,IND,13,4,3,0,0,0.0,0,0,0,0,0
00-0037633,Jacob Hummel,LB,BAL,13,0,1,0,0,0.0,0,0,0,0,0
00-0037662,C.J. Brewer,DT,TB,13,1,0,0,0,0.0,0,0,0,0,0
00-0037663,Jermaine Johnson II,DE,NYJ,13,3,2,0,0,0.0,0,0,0,0,0
00-0037664,Alec Pierce,WR,IND,13,0,0,0,0,0.0,0,0,1,0,0
00-0037665,Sam Williams,DE,DAL,13,2,2,1,0,0.0,0,0,0,0,0
00-0037711,Jeremiah Pharms Jr.,DT,NE,13,1,0,1,0,0.0,0,0,0,0,0
00-0037743,Daxton Hill,DB,CIN,13,3,3,0,0,0.0,0,0,2,0,0
00-0037752,Tycen Anderson,SAF,CIN,13,1,0,0,0,0.0,0,0,0,0,0
00-0037756,Travis Jones,DT,BAL,13,1,5,1,1,0.0,1,0,0,0,0
00-0037758,Cordale Flott,CB,NYG,13,2,2,1,0,0.0,0,0,0,0,0
00-0037799,Dondrea Tillman,LB,DEN,13,1,3,1,0,1.0,2,0,0,0,0
00-0037813,Channing Tindall,LB,ARI,13,1,1,0,0,0.0,0,0,0,0,0
00-0037815,Cameron Thomas,DE,CLE,13,0,2,0,0,0.0,1,0,0,0,0
00-0037819,Leo Chenal,LB,KC,13,1,2,0,0,0.0,0,0,0,0,0
00-0037823,Christian Harris,LB,HOU,13,0,1,0,0,0.0,0,0,0,0,0
00-0037832,Kalia Davis,DT,SF,13,0,1,0,0,0.0,0,0,0,0,0
00-0037839,Cobie Durant,CB,LAR,13,1,1,0,0,0.0,0,0,0,0,0
00-0037843,Daniel Hardy,DE,CHI,13,0,2,0,0,0.0,0,0,0,0,0
00-0038038,Kyle Hamilton,SAF,BAL,13,4,3,1,0,0.0,0,0,1,0,0
00-0038039,Jack Jones,CB,MIA,13,3,2,0,0,0.0,0,0,0,0,0
00-0038041,Jake Ferguson,TE,DAL,13,1,0,0,0,0.0,0,0,0,0,0
00-0038046,Charlie Kolar,TE,BAL,13,0,1,0,0,0.0,0,0,0,0,0
00-0038100,Percy Butler,SAF,WAS,13,0,2,0,0,0.0,0,0,0,0,0
00-0038101,Akayleb Evans,CB,CAR,13,0,2,0,0,0.0,0,0,0,0,0
00-0038106,Eyioma Uwazurike,DT,DEN,13,0,2,1,0,0.0,0,0,0,0,0
00-0038107,Micheal Clemons,DE,NYJ,13,2,0,1,0,1.0,1,0,0,0,0
00-0038111,Kyler Gordon,CB,CHI,13,1,0,0,0,0.0,0,0,0,0,0
00-0038116,Arnold Ebiketie,LB,ATL,13,1,1,0,0,0.0,1,0,0,0,0
00-0038121,Alontae Taylor,CB,NO,13,2,0,0,0,0.0,0,0,0,0,0
00-0038123,Dane Belton,SAF,NYG,13,5,3,1,0,1.0,1,0,1,0,0
00-0038127,Logan Hall,DE,TB,13,2,2,0,1,0.0,0,0,0,0,0
00-0038133,Boye Mafe,DE,SEA,13,1,1,0,1,0.0,0,0,0,0,0
00-0038135,Jaquan Brisker,SAF,CHI,13,5,1,0,0,0.0,0,0,1,0,0
00-0038136,Coby Bryant,CB,SEA,13,0,2,0,0,0.0,0,1,1,0,0
00-0038381,Kyu Blu Kelly,CB,LV,13,2,0,0,0,0.0,0,1,1,0,0
00-0038386,Jalen Carter,DT,PHI,13,3,1,2,0,1.0,1,0,2,0,0
00-0038387,Colby Wooden,DE,GB,13,0,0,0,0,0.0,0,0,1,0,0
00-0038399,Zaire Barnes,LB,NYG,13,8,5,1,0,1.0,1,0,0,0,0
00-0038407,Jaylon Jones,DB,IND,13,1,1,0,0,0.0,0,0,0,0,0
00-0038408,Carrington Valentine,DB,GB,13,2,0,0,0,0.0,0,0,0,0,0
00-0038412,Moro Ojomo,DT,PHI,13,3,1,0,0,0.0,0,0,0,0,0
00-0038414,Kendall Williamson,SAF,LAC,13,0,1,0,0,0.0,0,0,0,0,0
00-0038514,Truman Jones,DE,TEN,13,0,1,0,0,0.0,0,0,0,0,0
00-0038521,Reese Taylor,DB,DEN,13,1,0,0,0,0.0,0,0,0,0,0
00-0038541,Tyree Wilson,DE,LV,13,2,0,1,0,0.0,0,0,0,0,0
00-0038546,Myles Murphy,DE,CIN,13,2,1,0,0,0.0,0,0,1,0,0
00-0038549,DJ Turner II,CB,CIN,13,1,0,0,0,0.0,0,0,1,0,0
00-0038552,Riley Moss,CB,DEN,13,3,1,0,0,0.0,0,0,2,0,0
00-0038553,Daiyan Henley,LB,LAC,13,2,1,1,0,0.5,1,0,0,0,0
00-0038554,Ji'Ayir Brown,SAF,SF,13,4,1,0,0,0.0,0,0,0,0,0
00-0038556,DeMarvion Overshown,LB,DAL,13,2,4,0,0,0.0,0,0,0,0,0
00-0038557,Dorian Williams,LB,BUF,13,0,2,0,0,0.0,1,0,0,0,0
00-0038560,Jordan Battle,SAF,CIN,13,6,4,0,1,0.0,0,0,0,0,0
00-0038565,Mekhi Blackmon,DB,IND,13,3,1,0,0,0.0,0,0,1,0,0
00-0038570,Ventrell Miller,LB,JAX,13,1,1,0,1,0.0,0,0,0,0,0
00-0038574,Isaiah McGuire,DE,CLE,13,0,1,0,0,0.0,0,0,0,0,0
00-0038577,Nick Herbig,LB,PIT,13,1,1,2,1,0.0,0,0,0,0,0
00-0038588,Jordan Howden,SAF,NO,13,1,3,1,0,0.0,0,0,0,0,0
00-0038594,Darrell Luter Jr.,CB,SF,13,0,1,0,0,0.0,0,0,0,0,0
00-0038596,Antonio Johnson,SAF,JAX,13,2,2,0,0,0.0,0,0,0,0,0
00-0038599,Henry To'oTo'o,LB,HOU,13,2,3,1,0,0.0,1,0,0,0,0
00-0038603,Robert Beal Jr.,DE,SF,13,0,1,0,0,0.0,0,0,0,0,0
00-0038605,JL Skinner,SAF,DEN,13,1,0,0,0,0.0,0,0,0,0,0
00-0038616,Christian Braswell,CB,JAX,13,1,0,1,0,0.0,0,0,0,0,0
00-0038618,Xavier Hutchinson,WR,HOU,13,1,0,0,0,0.0,0,0,0,0,0
00-0038623,Dante Stills,DT,ARI,13,1,1,1,0,0.0,0,0,0,0,0
00-0038624,Ameer Speed,CB,HOU,13,1,0,0,0,0.0,0,0,0,0,0
00-0038625,Dee Winters,LB,SF,13,3,3,0,0,0.0,0,0,0,0,0
00-0038642,D.J. Ivey,CB,CIN,13,1,1,0,0,0.0,0,0,0,0,0
00-0038648,Jalen Graham,LB,SF,13,0,1,0,0,0.0,0,0,0,0,0
00-0038653,Cory Durden,DT,NE,13,1,1,0,0,0.0,0,0,0,0,0
00-0038660,Trevor Nowaske,LB,DET,13,0,1,0,0,0.0,0,0,0,0,0
00-0038684,Ethan Bonner,CB,MIA,13,0,1,0,0,0.0,0,0,0,0,0
00-0038685,Chris Brooks,RB,GB,13,0,1,0,0,0.0,0,0,0,0,0
00-0038694,Brandon Pili,DT,SEA,13,0,1,0,0,0.0,0,0,0,0,0
00-0038710,Blake Whiteheart,TE,CLE,13,1,1,0,0,0.0,0,0,0,0,0
00-0038711,Mohamoud Diabate,LB,CLE,13,1,3,0,0,0.0,0,0,0,0,0
00-0038715,Ronnie Hickman Jr.,SAF,CLE,13,4,4,0,0,0.0,0,0,1,0,0
00-0038764,Patrick O'Connell,LB,SEA,13,1,2,0,0,0.0,0,0,0,0,0
00-0038765,Ty Okada,SAF,SEA,13,2,0,0,0,0.0,0,0,0,0,0
00-0038778,Jalen Redmond,DL,MIN,13,2,1,0,0,0.0,0,0,0,0,0
00-0038791,Thomas Incoom,LB,CAR,13,1,0,0,0,0.0,0,0,0,0,0
00-0038795,PJ Mustipher,DT,ARI,13,0,1,0,0,0.0,0,0,0,0,0
00-0038824,Ryan Miller,WR,TB,13,1,0,0,0,0.0,0,0,0,0,0
00-0038840,Brycen Tremayne,WR,CAR,13,1,0,0,0,0.0,0,0,0,0,0
00-0038851,Caleb Murphy,LB,NE,13,0,2,0,0,0.0,0,0,0,0,0
00-0038922,Drake Thomas,LB,SEA,13,2,3,1,0,0.5,2,0,0,0,0
00-0038958,Markees Watts,LB,TB,13,0,1,0,0,0.0,0,0,0,0,0
00-0038966,Natrone Brooks,DB,ATL,13,1,0,0,0,0.0,0,0,0,0,0
00-0038982,Chamarri Conner,DB,KC,13,7,2,0,0,0.0,1,0,0,0,0
00-0038995,Bryan Bresee,DT,NO,13,2,2,1,0,1.0,1,0,0,0,0
00-0039002,Sydney Brown,SAF,PHI,13,3,3,0,0,0.0,0,0,0,0,0
00-0039007,Garrett Williams,CB,ARI,13,3,1,0,0,0.0,0,0,0,0,0
00-0039009,Dylan Horton,DE,HOU,13,0,1,0,0,0.0,0,0,0,0,0
00-0039013,Nolan Smith,LB,PHI,13,1,2,0,0,1.0,2,0,0,0,0
00-0039018,Jack Campbell,LB,DET,13,5,4,0,0,0.0,0,0,0,0,0
00-0039031,Adetomiwa Adebawore,DT,IND,13,1,3,1,0,1.0,1,0,0,0,0
00-0039047,Derick Hall,LB,SEA,13,0,1,0,0,0.0,0,0,0,0,0
00-0039049,SirVocea Dennis,LB,TB,13,8,3,0,0,0.0,1,0,1,0,0
00-0039051,Josh Hayes,DB,TB,13,1,1,0,0,0.0,0,0,0,0,0
00-0039054,Marte Mapu,LB,NE,13,0,1,0,1,0.0,0,0,2,0,0
00-0039068,Yaya Diaby,LB,TB,13,1,1,1,0,1.0,2,0,0,0,0
00-0039070,Gervon Dexter Sr.,DT,CHI,13,0,1,0,0,0.0,0,0,0,0,0
00-0039076,Nick Hampton,LB,LAR,13,2,0,0,0,0.0,0,0,0,0,0
00-0039108,Will Anderson Jr.,DE,HOU,13,1,2,1,0,0.0,2,0,0,0,0
00-0039110,Keeanu Benton,DT,PIT,13,0,1,0,0,0.0,0,0,0,0,0
00-0039111,Tuli Tuipulotu,LB,LAC,13,4,2,4,0,2.0,2,0,1,0,0
00-0039137,Byron Young,LB,LAR,13,5,3,1,0,1.0,1,0,0,0,0
00-0039138,Kobie Turner,DE,LAR,13,1,3,0,0,0.0,0,0,0,0,0
00-0039140,Kelee Ringo,CB,PHI,13,2,0,0,0,0.0,0,0,0,0,0
00-0039141,Brian Branch,CB,DET,13,7,3,0,0,0.0,0,0,2,0,0
00-0039142,Will McDonald IV,DE,NYJ,13,3,1,1,0,0.0,4,0,0,0,0
00-0039143,Isaiah Foskey,DE,CIN,13,1,1,0,0,0.0,0,0,0,0,0
00-0039147,Christian Gonzalez,CB,NE,13,3,0,0,0,0.0,0,0,1,0,0
00-0039148,Keion White,DE,SF,13,3,0,1,0,1.0,2,0,0,0,0
00-0039149,Quan Martin,SAF,WAS,13,2,5,0,0,0.0,0,0,0,0,0
00-0039151,Emmanuel Forbes,CB,LAR,13,0,2,0,0,0.0,0,0,0,0,0
00-0039155,BJ Ojulari,LB,ARI,13,0,1,0,0,0.0,0,0,0,0,0
00-0039167,Joey Porter Jr.,CB,PIT,13,6,2,0,0,0.0,0,0,0,0,0
00-0039169,Devon Witherspoon,CB,SEA,13,4,3,0,0,0.0,0,0,0,0,0
00-0039178,Austin Ajiake,LB,IND,13,0,1,0,0,0.0,0,0,0,0,0
00-0039232,Nate Wiggins,CB,BAL,13,2,0,0,0,0.0,0,0,2,0,0
00-0039234,T.J. Tampa,CB,BAL,13,1,0,0,0,0.0,0,0,0,0,0
00-0039291,Eric Watts,DE,NYJ,13,2,1,0,0,0.0,0,0,0,0,0
00-0039309,Byron Murphy II,DT,SEA,13,2,1,1,0,1.0,1,0,0,0,0
00-0039340,Laiatu Latu,DE,IND,13,0,2,0,0,0.0,0,0,0,0,0
00-0039343,Kamari Lassiter,CB,HOU,13,1,2,1,0,0.0,1,0,0,0,0
00-0039345,Renardo Green,CB,SF,13,3,0,0,0,0.0,0,0,0,0,0
00-0039347,Trevin Wallace,LB,CAR,13,3,3,1,0,0.0,0,0,0,0,0
00-0039353,Jarrian Jones,CB,JAX,13,3,0,0,0,0.0,0,0,0,0,0
00-0039357,Decamerion Richardson,CB,LV,13,2,0,0,0,0.0,0,0,0,0,0
00-0039359,Cade Stover,TE,HOU,13,1,0,0,0,0.0,0,0,0,0,0
00-0039360,Malik Mustapha,SAF,SF,13,4,2,1,0,0.0,0,0,1,0,0
00-0039363,Isaac Guerendo,RB,SF,13,0,1,0,1,0.0,0,0,0,0,0
00-0039364,Sione Vaki,RB,DET,13,1,1,0,0,0.0,0,0,0,0,0
00-0039366,Tarheeb Still,CB,LAC,13,0,2,0,0,0.0,0,0,0,0,0
00-0039368,Jordan Magee,LB,WAS,13,3,3,0,0,0.0,0,0,0,0,0
00-0039369,Cam Hart,CB,LAC,13,3,0,0,0,0.0,0,0,0,0,0
00-0039370,JD Bertrand,LB,ATL,13,0,1,0,0,0.0,0,0,0,0,0
00-0039371,Kris Abrams-Draine,CB,DEN,13,0,1,0,0,0.0,0,0,0,0,0
00-0039374,Tommy Eichenberg,LB,LV,13,0,1,0,0,0.0,0,0,0,0,0
00-0039375,Josh Newton,CB,CIN,13,0,0,0,0,0.0,0,0,1,0,0
00-0039380,Chau Smith-Wade,CB,CAR,13,3,3,0,0,0.0,0,0,0,0,0
00-0039417,Myles Harden,CB,CLE,13,1,1,0,0,0.0,0,0,0,0,0
00-0039421,Levi Drake Rodriguez,DL,MIN,13,1,0,0,0,0.0,0,0,0,0,0
00-0039423,Jonah Laulu,DT,LV,13,0,2,0,0,0.0,0,0,0,0,0
00-0039424,Devaughn Vele,WR,NO,13,1,0,0,0,0.0,0,0,0,0,0
00-0039431,Jowon Briggs,DE,NYJ,13,1,2,1,0,0.0,1,0,0,0,0
00-0039436,Jaylen Harrell,DE,TEN,13,0,1,0,0,0.0,0,0,0,0,0
00-0039465,Reddy Steward,DB,DAL,13,2,2,0,0,0.0,0,0,1,0,0
00-0039513,Chris Edmonds,SAF,CLE,13,0,1,0,0,0.0,0,0,0,0,0
00-0039530,Brevyn Spann-Ford,TE,DAL,13,2,1,0,0,0.0,0,0,0,0,0
00-0039589,Kameron Johnson,WR,TB,13,1,0,0,0,0.0,0,0,0,0,0
00-0039601,Demani Richardson,SAF,CAR,13,1,1,0,0,0.0,0,0,0,0,0
00-0039622,Isaiah Stalbird,LB,NO,13,0,2,0,0,0.0,1,0,0,0,0
00-0039632,PJ Jules,SAF,CIN,13,1,1,0,0,0.0,0,0,0,0,0
00-0039648,David Martin-Robinson,TE,TEN,13,1,0,0,0,0.0,0,0,0,0,0
00-0039660,Thomas Harper,SAF,DET,13,1,3,0,0,0.0,0,0,0,0,0
00-0039718,Bo Richter,LB,MIN,13,1,1,0,0,0.0,0,0,0,0,0
00-0039733,Ruke Orhorhoro,DT,ATL,13,1,0,0,0,0.0,0,0,0,0,0
00-0039734,Braden Fiske,DT,LAR,13,2,3,2,0,1.0,1,0,0,0,0
00-0039740,Jalyx Hunt,LB,PHI,13,0,3,0,0,0.0,2,1,1,0,0
00-0039741,Payton Wilson,LB,PIT,13,5,9,0,0,0.0,0,0,0,0,0
00-0039749,Tyler Davis,DE,LAR,13,1,4,0,0,0.0,0,0,0,0,0
00-0039752,Cedric Johnson,DE,CIN,13,0,1,0,0,0.0,0,0,0,0,0
00-0039754,Devin Culp,TE,TB,13,1,0,0,0,0.0,0,0,0,0,0
00-0039763,Joe Andreessen,LB,BUF,13,0,3,0,0,0.0,0,0,0,0,0
00-0039774,Omar Speights,LB,LAR,13,3,4,0,0,0.0,0,0,0,0,0
00-0039776,Jaylen McCollough,SAF,LAR,13,2,3,0,0,0.0,0,0,0,0,0
00-0039789,Qwan'tez Stiggers,DB,NYJ,13,1,1,0,0,0.0,0,0,0,0,0
00-0039795,Nehemiah Pritchett,CB,SEA,13,1,0,0,0,0.0,0,0,0,0,0
00-0039796,Rasheen Ali,RB,BAL,13,1,0,0,0,0.0,0,0,0,0,0
00-0039798,Isaiah Davis,RB,NYJ,13,0,1,0,0,0.0,0,0,0,0,0
00-0039812,Ty'Ron Hopper,LB,GB,13,0,3,0,0,0.0,0,0,0,0,0
00-0039813,Evan Williams,SAF,GB,13,3,6,0,0,0.0,0,0,0,0,0
00-0039815,Tyrice Knight,LB,SEA,13,1,0,0,0,0.0,0,0,0,0,0
00-0039818,Kitan Oladapo,SAF,GB,13,1,0,0,0,0.0,0,0,0,0,0
00-0039821,Andru Phillips,DB,NYG,13,1,2,0,0,0.0,0,0,2,0,0
00-0039825,Jaden Hicks,SAF,KC,13,4,1,0,0,0.0,1,0,2,0,0
00-0039834,Kamren Kinchens,SAF,LAR,13,6,0,0,0,0.0,0,0,0,0,0
00-0039835,Justin Eboigbe,DT,LAC,13,3,0,1,0,0.0,0,0,0,0,0
00-0039838,Calen Bullock,SAF,HOU,13,4,3,0,0,0.0,0,0,1,0,0
00-0039840,Austin Booker,DE,CHI,13,1,2,1,0,0.0,0,0,0,0,0
00-0039841,Cooper DeJean,CB,PHI,13,2,3,0,0,0.0,1,0,1,0,0
00-0039846,Tykee Smith,DB,TB,13,1,1,0,0,0.0,0,0,0,0,0
00-0039850,Edgerrin Cooper,LB,GB,13,2,6,0,0,0.0,1,0,0,0,0
00-0039852,Jared Verse,DE,LAR,13,3,1,0,0,0.0,0,0,0,0,0
00-0039854,Darius Robinson,DL,ARI,13,1,3,0,0,0.0,0,0,0,0,0
00-0039858,Cedric Gray,LB,TEN,13,7,2,0,0,0.0,0,0,0,0,0
00-0039859,Brandon Dorlus,DE,ATL,13,1,0,0,0,0.0,1,0,0,0,0
00-0039860,Kool-Aid McKinstry,CB,NO,13,2,1,1,0,0.0,0,1,1,0,0
00-0039861,Tyler Nubin,SAF,NYG,13,4,2,1,0,0.0,0,0,0,0,0
00-0039867,Javon Bullard,SAF,GB,13,2,2,0,0,0.0,0,0,0,0,0
00-0039868,Troy Franklin,WR,DEN,13,1,0,0,0,0.0,0,0,0,0,0
00-0039872,Cole Bishop,SAF,BUF,13,1,3,0,0,0.0,0,0,0,0,0
00-0039879,Javon Solomon,LB,BUF,13,2,0,0,0,0.0,0,0,0,0,0
00-0039886,T'Vondre Sweat,DT,TEN,13,2,1,0,0,0.0,0,0,0,0,0
00-0039888,Quinyon Mitchell,CB,PHI,13,2,0,0,0,0.0,0,0,1,0,0
00-0039889,Maason Smith,DT,JAX,13,0,1,0,0,0.0,0,0,0,0,0
00-0039895,Mike Hall Jr.,DT,CLE,13,0,1,0,0,0.0,0,0,0,0,0
00-0039898,Mike Sainristil,CB,WAS,13,4,3,0,0,0.0,0,0,0,0,0
00-0039902,Chris Braswell,LB,TB,13,1,0,0,0,0.0,0,0,0,0,0
00-0039903,Terrion Arnold,CB,DET,13,4,0,0,0,0.0,0,0,0,0,0
00-0039911,Chop Robinson,LB,MIA,13,2,3,1,0,1.5,3,0,0,0,0
00-0039918,Caleb Williams,QB,CHI,13,1,0,0,0,0.0,0,0,0,0,0
00-0039924,Dallas Turner,LB,MIN,13,4,1,2,2,2.0,3,0,1,0,0
00-0040004,T.J. Maguranyanga,DE,WAS,13,0,1,0,0,0.0,0,0,0,0,0
00-0040008,Shavon Revel Jr.,CB,DAL,13,2,4,0,0,0.0,0,0,0,0,0
00-0040011,Shemar James,LB,DAL,13,1,2,0,0,0.0,0,0,0,0,0
00-0040016,Warren Brinson,DT,GB,13,1,0,0,0,0.0,0,0,0,0,0
00-0040041,Nazir Stackhouse,DT,GB,13,0,1,0,0,0.0,0,0,0,0,0
00-0040045,Alijah Clark,DB,DAL,13,0,1,0,0,0.0,0,0,0,0,0
00-0040058,Nick Kallerup,TE,SEA,13,1,0,0,0,0.0,0,0,0,0,0
00-0040068,Emery Jones Jr.,OT,BAL,13,1,0,0,0,0.0,0,0,0,0,0
00-0040069,Teddye Buchanan,LB,BAL,13,5,2,0,0,0.0,0,0,0,0,0
00-0040104,Keondre Jackson,SAF,BAL,13,1,1,0,0,0.0,0,0,0,0,0
00-0040118,Cooper McDonald,LB,KC,13,1,1,0,0,0.0,0,0,0,0,0
00-0040127,Kenneth Grant,DT,MIA,13,0,1,0,0,0.0,0,0,0,0,0
00-0040133,Azareye'h Thomas,CB,NYJ,13,2,3,1,0,0.0,0,0,1,0,0
00-0040135,Nick Martin,LB,SF,13,1,0,0,0,0.0,0,0,0,0,0
00-0040136,Princely Umanmielen,LB,CAR,13,0,1,0,0,0.0,0,0,0,0,0
00-0040137,Jordan Burch,LB,ARI,13,0,1,0,0,0.0,0,0,0,0,0
00-0040141,Kevin Winston Jr.,SAF,TEN,13,5,3,1,0,1.0,1,0,0,0,0
00-0040143,Jacob Parrish,CB,TB,13,5,2,0,0,0.0,0,0,0,0,0
00-0040148,Xavier Watts,SAF,ATL,13,1,1,0,0,0.0,0,0,1,0,0
00-0040152,Upton Stout,CB,SF,13,5,2,1,0,0.0,0,0,0,0,0
00-0040154,Tai Felton,WR,MIN,13,0,1,0,0,0.0,0,0,0,0,0
00-0040155,Danny Stutsman,LB,NO,13,1,1,0,0,0.0,0,0,0,0,0
00-0040157,Barrett Carter,LB,CIN,13,3,2,0,0,0.0,0,0,0,0,0
00-0040159,Lathan Ransom,SAF,CAR,13,2,9,1,0,1.0,1,0,0,0,0
00-0040160,Jack Sawyer,LB,PIT,13,0,1,0,0,0.0,0,0,0,0,0
00-0040165,Malachi Moore,SAF,NYJ,13,6,4,1,0,0.0,0,0,0,0,0
00-0040166,Quincy Riley,CB,NO,13,1,1,0,0,0.0,0,0,1,0,0
00-0040168,Que Robinson,LB,DEN,13,1,0,1,0,0.0,0,0,0,0,0
00-0040171,Joshua Farmer,DT,NE,13,2,0,0,0,0.0,0,0,0,0,0
00-0040173,Tyrion Ingram-Dawkins,DT,MIN,13,0,1,0,0,0.0,0,0,0,0,0
00-0040175,Jordan Phillips,DT,MIA,13,0,4,0,0,0.0,0,0,0,0,0
00-0040182,Dante Trader Jr.,SAF,MIA,13,2,1,0,0,0.0,0,0,0,0,0
00-0040183,Elijah Roberts,DE,TB,13,0,1,0,0,0.0,0,0,0,0,0
00-0040185,Marques Sigle,SAF,SF,13,0,1,0,0,0.0,0,0,0,0,0
00-0040186,Francisco Mauigoa,LB,NYJ,13,0,1,0,0,0.0,0,0,0,0,0
00-0040188,Yahya Black,DE,PIT,13,4,5,0,1,0.0,0,0,0,0,0
00-0040192,Jordan Hancock,CB,BUF,13,0,2,0,0,0.0,0,0,0,0,0
00-0040195,Denzel Burke,CB,ARI,13,0,2,0,0,0.0,0,0,0,0,0
00-0040199,JJ Pegues,DT,LV,13,0,1,0,0,0.0,0,0,0,0,0
00-0040201,Marcus Harris,CB,TEN,13,3,1,0,0,0.0,0,0,0,0,0
00-0040204,Jaylen Reed,SAF,HOU,13,0,2,0,0,0.0,0,0,0,0,0
00-0040213,Rayuan Lane III,SAF,JAX,13,1,0,0,0,0.0,0,0,0,0,0
00-0040214,Kobe King,LB,NYJ,13,0,1,0,0,0.0,0,0,0,0,0
00-0040216,Kain Medrano,LB,WAS,13,1,2,0,0,0.0,0,0,0,0,0
00-0040228,Cody Lindenberg,LB,LV,13,1,0,0,0,0.0,0,0,0,0,0
00-0040230,Kitan Crawford,SAF,ARI,13,3,2,0,0,0.0,0,0,0,0,0
00-0040238,LeQuint Allen Jr.,RB,JAX,13,0,1,0,1,0.0,0,0,0,0,0
00-0040248,Zeek Biggers,DT,MIA,13,0,1,0,0,0.5,1,0,0,0,0
00-0040251,Trikweze Bridges,DB,DAL,13,2,1,0,0,0.0,0,0,0,0,0
00-0040261,Easton Mascarenas-Arnold,LB,CLE,13,0,1,0,0,0.0,0,0,0,0,0
00-0040263,Donovan McMillon,SAF,CLE,13,0,1,0,0,0.0,0,0,0,0,0
00-0040279,Ryan Fitzgerald,K,CAR,13,1,0,0,0,0.0,0,0,0,0,0
00-0040329,BJ Green II,DE,JAX,13,0,4,0,0,0.0,0,0,0,0,0
00-0040342,Danny Striggow,DE,JAX,13,3,3,0,0,0.0,0,0,0,0,0
00-0040371,Eric Gregory,DT,NE,13,1,2,0,0,0.0,0,0,0,0,0
00-0040460,Marlowe Wax,LB,LAC,13,0,1,0,0,0.0,0,0,0,0,0
00-0040489,Greedy Vance,CB,LV,13,1,0,0,0,0.0,0,0,0,0,0
00-0040501,Austin Keys,LB,MIN,13,1,0,0,0,0.0,0,0,0,0,0
00-0040574,Elijah Ponder,LB,NE,13,2,0,1,0,1.0,1,0,0,0,0
00-0040577,Jalon Walker,LB,ATL,13,0,1,0,0,0.0,1,0,0,0,0
00-0040578,James Pearce Jr.,DE,ATL,13,2,0,1,0,1.0,1,0,0,0,0
00-0040579,Carson Schwesinger,LB,CLE,13,4,5,1,0,0.0,1,0,0,0,0
00-0040580,Josaiah Stewart,LB,LAR,13,1,1,0,0,0.0,0,0,0,0,0
00-0040585,Ty Hamilton,DT,LAR,13,0,2,0,0,0.0,0,0,0,0,0
00-0040590,Konata Mumpfield,WR,LAR,13,1,0,0,0,0.0,0,0,0,0,0
00-0040640,Ashton Gillotte,DE,KC,13,1,3,1,0,0.0,1,0,0,0,0
00-0040641,Darien Porter,CB,LV,13,3,0,0,0,0.0,0,0,0,0,0
00-0040643,Jonas Sanker,SAF,NO,13,1,4,0,0,0.0,0,0,0,0,0
00-0040645,Cody Simon,LB,ARI,13,4,5,0,0,0.0,0,0,0,0,0
00-0040670,Nohl Williams,CB,KC,13,1,0,0,0,0.0,0,0,0,0,0
00-0040672,Tyleik Williams,DT,DET,13,0,1,0,0,0.0,1,0,0,0,0
00-0040677,Abdul Carter,LB,NYG,13,2,2,0,0,1.0,1,0,0,0,0
00-0040685,Mason Graham,DT,CLE,13,3,1,0,0,0.0,1,0,0,0,0
00-0040688,Malaki Starks,SAF,BAL,13,1,5,0,0,0.0,0,0,0,0,0
00-0040710,Deone Walker,DT,BUF,13,0,1,0,0,0.0,0,0,0,0,0
00-0040711,CJ West,DT,SF,13,1,1,0,0,0.0,0,0,0,0,0
00-0040716,Craig Woodson,SAF,NE,13,2,4,0,0,0.0,0,0,0,0,0
00-0040720,Jahdae Barron,CB,DEN,13,1,0,0,0,0.0,0,0,1,0,0
00-0040721,Alfred Collins,DT,SF,13,0,1,0,0,0.0,0,0,0,0,0
00-0040722,Mike Green,LB,BAL,13,2,3,0,0,0.0,2,0,0,0,0
00-0040723,Jack Kiser,LB,JAX,13,0,3,0,0,0.0,0,0,0,0,0
00-0040724,T.J. Sanders,DT,BUF,13,1,0,0,0,0.0,0,0,1,0,0
00-0040725,Donovan Ezeiruaku,DE,DAL,13,1,1,0,0,0.0,1,0,0,0,0
00-0040733,Nick Emmanwori,SAF,SEA,13,3,1,0,0,0.0,0,0,1,0,0
00-0040738,Demetrius Knight Jr.,LB,CIN,13,3,2,0,0,0.0,0,1,1,0,0
00-0040744,Jaylahn Tuimolaou,DE,IND,13,0,0,0,0,0.0,2,0,0,0,0
00-0040746,Nic Scourton,LB,CAR,13,1,0,0,0,0.0,0,0,0,0,0
00-0040751,Will Johnson,CB,ARI,13,1,1,2,0,0.0,0,0,0,0,0
00-0023853,Matt Prater,K,BUF,14,0,2,0,0,0.0,0,0,0,0,0
00-0026190,Calais Campbell,DE,ARI,14,2,2,0,0,0.0,0,0,0,0,0
00-0027940,Von Miller,OLB,WAS,14,2,2,1,0,1.0,1,0,0,0,0
00-0027962,Cameron Jordan,LB,NO,14,1,1,0,0,0.0,0,0,1,0,0
00-0027969,Cameron Heyward,DE,PIT,14,2,3,0,0,0.0,0,0,0,0,0
00-0028946,Aaron Brewer,LS,ARI,14,0,1,0,0,0.0,0,0,0,0,0
00-0029255,Bobby Wagner,MLB,WAS,14,6,9,0,0,1.0,1,0,0,0,0
00-0029562,Lavonte David,OLB,TB,14,3,2,0,0,0.0,0,0,0,0,0
00-0029606,Harrison Smith,FS,MIN,14,3,1,0,0,0.0,0,1,1,0,0
00-0029607,Demario Davis,OLB,NO,14,4,3,0,0,0.0,0,0,0,0,0
00-0030070,John Jenkins,DT,BAL,14,0,1,0,0,0.0,0,0,0,0,0
00-0030114,Jordan Poyer,FS,BUF,14,6,2,0,0,0.0,0,0,0,0,0
00-0030294,Tony Jefferson,S,LAC,14,5,0,0,0,0.0,0,1,1,0,0
00-0030506,Travis Kelce,TE,KC,14,1,0,0,0,0.0,0,0,0,0,0
00-0030757,Mike Pennel,DT,KC,14,0,1,0,0,0.0,0,0,0,0,0
00-0031040,Khalil Mack,OLB,LAC,14,2,3,1,0,0.0,2,0,0,0,0
00-0031054,DaQuan Jones,DT,BUF,14,1,1,0,0,0.0,2,0,0,0,0
00-0031254,Denico Autry,DT,HOU,14,0,1,0,0,0.5,2,0,0,0,0
00-0031270,Shelby Harris,DE,CLE,14,1,3,1,0,0.0,0,0,0,0,0
00-0031357,C.J. Goodwin,CB,DAL,14,1,1,0,0,0.0,0,0,0,0,0
00-0031360,Kyle Van Noy,MLB,BAL,14,1,1,0,0,0.0,0,0,1,0,0
00-0031411,DeMarcus Lawrence,LB,SEA,14,1,1,0,1,0.0,1,0,0,0,0
00-0031492,Jason Myers,K,SEA,14,1,0,0,0,0.0,0,0,0,0,0
00-0031550,Shaq Thompson,OLB,BUF,14,3,3,1,0,0.0,1,0,0,0,0
00-0031551,Eddie Goldman,NT,WAS,14,1,2,0,0,0.0,1,0,0,0,0
00-0031557,Jordan Phillips,DT,BUF,14,0,1,0,0,0.0,0,0,1,0,0
00-0031565,Danielle Hunter,DE,HOU,14,2,2,0,0,0.0,1,0,1,0,0
00-0031583,Grady Jarrett,DT,CHI,14,2,1,0,0,0.0,0,0,0,0,0
00-0031898,Alex Singleton,LB,DEN,14,1,7,0,0,0.0,0,0,0,0,0
00-0031933,Leonard Williams,DE,SEA,14,2,1,0,0,0.0,1,0,0,0,0
00-0031935,Preston Smith,DE,WAS,14,1,2,0,0,0.0,1,0,0,0,0
00-0032052,Dante Fowler Jr.,DE,DAL,14,1,1,0,0,0.0,0,0,0,0,0
00-0032103,Denzel Perryman,MLB,LAC,14,1,2,1,0,0.0,0,0,0,0,0
00-0032164,Arik Armstead,DE,JAX,14,0,1,0,0,0.0,0,0,0,0,0
00-0032265,Mario Edwards,DT,HOU,14,0,2,0,0,0.0,1,0,0,0,0
00-0032387,Jarran Reed,DT,SEA,14,1,1,0,0,0.0,0,0,0,0,0
00-0032388,Deion Jones,LB,TB,14,0,1,0,0,0.0,0,0,0,0,0
00-0032415,Matthew Judon,OLB,MIA,14,2,1,0,0,0.0,0,0,0,0,0
00-0032424,DJ Reader,DT,DET,14,2,0,0,0,0.0,0,0,0,0,0
00-0032442,Elandon Roberts,OLB,LV,14,2,3,0,0,0.0,0,0,0,0,0
00-0032580,Jonathan Jones,DB,WAS,14,1,2,0,0,0.0,0,0,2,0,0
00-0032759,Sheldon Rankins,DT,HOU,14,2,2,0,0,0.5,1,0,0,0,0
00-0032762,Chris Jones,DE,KC,14,1,1,1,0,1.0,4,0,1,0,0
00-0032933,Antonio Hamilton,CB,WAS,14,3,0,0,0,0.0,0,0,0,0,0
00-0032951,Laquon Treadwell,WR,IND,14,1,0,0,0,0.0,0,0,0,0,0
00-0033038,Eric Murray,S,JAX,14,0,1,0,1,0.0,0,0,1,0,0
00-0033046,Jihad Ward,LB,TEN,14,1,3,0,0,0.0,4,0,0,0,0
00-0033051,David Onyemata,DT,ATL,14,0,2,0,0,0.0,0,0,0,0,0
00-0033055,Jalen Ramsey,CB,PIT,14,3,0,0,0,0.0,0,0,0,0,0
00-0033066,Andrew Billings,DT,CHI,14,1,1,1,0,0.0,0,0,0,0,0
00-0033072,Leonard Floyd,DE,ATL,14,0,1,0,0,0.0,0,0,0,0,0
00-0033077,Dak Prescott,QB,DAL,14,1,0,0,0,0.0,0,0,0,0,0
00-0033093,Jonathan Bullard,DE,NO,14,0,1,0,0,0.0,0,0,0,0,0
00-0033109,Javon Hargrave,NT,MIN,14,0,3,0,1,0.0,0,0,0,0,0
00-0033120,Kenny Clark,NT,DAL,14,0,3,0,0,0.0,1,0,0,0,0
00-0033132,Kevin Byard,FS,CHI,14,6,1,0,0,0.0,0,0,0,0,0
00-0033260,Thomas Hennessy,LS,NYJ,14,0,1,0,0,0.0,0,0,0,0,0
00-0033281,Marlon Humphrey,CB,BAL,14,3,1,0,0,0.0,0,0,3,0,0
00-0033294,Chuck Clark,SAF,PIT,14,1,1,0,0,0.0,0,0,0,0,0
00-0033336,Eric Wilson,LB,MIN,14,2,4,1,0,1.0,1,0,0,0,0
00-0033357,Taysom Hill,TE,NO,14,1,0,0,0,0.0,0,0,0,0,0
00-0033381,Adam Butler,DT,LV,14,0,3,0,0,0.0,0,0,0,0,0
00-0033393,Kenny Moore II,CB,IND,14,3,1,0,0,0.0,0,0,1,0,0
00-0033439,Pharaoh Brown,TE,ARI,14,0,1,0,0,0.0,0,0,0,0,0
00-0033523,Jonathan Allen,DE,MIN,14,0,2,0,0,0.0,2,0,0,0,0
00-0033546,Dalvin Tomlinson,DE,ARI,14,0,1,0,0,0.0,0,0,0,0,0
00-0033548,Chidobe Awuzie,CB,BAL,14,1,1,0,0,0.0,0,0,0,0,0
00-0033551,Rasul Douglas,CB,MIA,14,0,2,0,0,0.0,0,1,5,0,0
00-0033571,Matt Milano,OLB,BUF,14,0,5,0,0,0.0,0,0,0,0,0
00-0033579,Xavier Woods,FS,TEN,14,2,1,0,0,0.0,0,1,1,0,0
00-0033697,Michael Davis,CB,NO,14,1,0,0,0,0.0,0,0,0,0,0
00-0033782,DeMarcus Walker,DE,WAS,14,0,2,0,0,0.0,0,0,0,0,0
00-0033783,Ahkello Witherspoon,CB,LAR,14,3,1,0,0,0.0,0,0,0,0,0
00-0033854,Dare Ogunbowale,RB,HOU,14,1,2,0,0,0.0,0,0,0,0,0
00-0033857,JuJu Smith-Schuster,WR,KC,14,1,0,0,0,0.0,0,0,0,0,0
00-0033860,Davon Godchaux,DT,NO,14,1,3,1,0,0.0,0,0,0,0,0
00-0033868,Myles Garrett,DE,CLE,14,4,0,3,0,1.0,2,0,1,0,0
00-0033872,Jamal Adams,LB,LV,14,1,0,0,0,0.0,0,0,0,0,0
00-0033875,Haason Reddick,OLB,TB,14,1,1,1,0,0.0,0,0,0,0,0
00-0033876,Derek Barnett,DE,HOU,14,0,2,0,0,0.0,0,0,0,0,0
00-0033877,Malik Hooker,FS,DAL,14,1,1,0,0,0.0,0,0,0,0,0
00-0033878,Adoree' Jackson,CB,PHI,14,5,0,0,0,0.0,0,1,2,0,0
00-0033883,Jabrill Peppers,FS,PIT,14,0,4,0,0,0.0,0,0,0,0,0
00-0033884,Tre'Davious White,CB,BUF,14,1,2,0,0,0.0,0,0,0,0,0
00-0033886,T.J. Watt,OLB,PIT,14,4,2,1,0,0.0,1,0,0,0,0
00-0033890,Budda Baker,S,ARI,14,3,3,0,0,0.0,0,0,0,0,0
00-0033907,Dawuane Smoot,DE,JAX,14,0,1,0,0,0.0,0,0,0,0,0
00-0033913,Chris Wormley,NT,IND,14,0,3,0,0,0.0,0,0,0,0,0
00-0033914,Alex Anzalone,MLB,DET,14,4,3,0,0,0.0,0,0,3,0,0
00-0033918,Fabian Moreau,CB,MIN,14,2,0,0,0,0.0,0,0,0,0,0
00-0033928,Jourdan Lewis,CB,JAX,14,0,1,1,0,0.0,0,0,1,0,0
00-0033941,Rayshawn Jenkins,SAF,CLE,14,1,1,0,0,0.0,0,0,0,0,0
00-0033945,Samson Ebukam,DE,IND,14,2,1,0,0,0.0,0,0,0,0,0
00-0033952,Grover Stewart,DT,IND,14,3,1,1,1,0.0,0,0,0,0,0
00-0033964,Al-Quadin Muhammad,LB,DET,14,3,0,3,0,3.0,4,0,0,0,0
00-0034163,Jacob Martin,DE,WAS,14,1,3,0,0,0.0,1,0,0,0,0
00-0034234,Poona Ford,DT,LAR,14,2,0,0,0,0.0,0,0,0,0,0
00-0034278,Tremon Smith,CB,HOU,14,1,0,0,0,0.0,0,0,0,0,0
00-0034285,Zach Sieler,DE,MIA,14,3,1,1,0,2.5,3,0,0,0,0
00-0034302,Frankie Luvu,LB,WAS,14,2,1,0,0,0.0,0,0,1,0,0
00-0034320,Kentavius Street,DE,ATL,14,2,1,1,0,1.0,1,0,0,0,0
00-0034333,Daron Payne,NT,WAS,14,1,1,0,0,1.0,1,0,0,0,0
00-0034344,Marcus Davenport,DE,DET,14,1,0,0,0,0.0,1,0,0,0,0
00-0034350,Uchenna Nwosu,LB,SEA,14,0,2,0,0,0.0,1,0,0,0,0
00-0034351,Dallas Goedert,TE,PHI,14,2,0,0,0,0.0,0,0,0,0,0
00-0034356,Donte Jackson,CB,LAC,14,1,0,0,0,0.0,0,1,3,0,0
00-0034357,Isaiah Oliver,FS,NYJ,14,5,4,0,0,0.0,0,0,2,0,0
00-0034371,Da'Shawn Hand,DE,LAC,14,1,1,0,0,0.0,0,1,1,0,0
00-0034376,Taron Johnson,CB,BUF,14,4,1,0,0,0.0,0,0,1,0,0
00-0034377,Avonte Maddox,FS,DET,14,6,2,0,1,0.0,0,0,1,0,0
00-0034384,D.J. Reed,CB,DET,14,8,0,0,0,0.0,0,1,2,0,0
00-0034387,Bilal Nichols,DT,ARI,14,0,1,0,0,0.0,0,0,0,0,0
00-0034413,Foye Oluokun,LB,JAX,14,4,3,0,0,0.0,0,0,2,0,0
00-0034431,Zaire Franklin,OLB,IND,14,2,5,0,0,0.0,0,0,0,0,0
00-0034446,Jalen Davis,CB,CIN,14,1,2,0,0,0.0,0,0,0,0,0
00-0034465,Jeremy Reaves,DB,WAS,14,0,1,0,0,0.0,0,0,0,0,0
00-0034473,Dennis Gardeck,LB,JAX,14,0,3,0,0,0.0,1,0,0,0,0
00-0034485,Jonathan Owens,SAF,CHI,14,0,1,0,0,0.0,0,0,0,0,0
00-0034487,Trent Sherfield,WR,ARI,14,1,1,0,0,0.0,0,0,0,0,0
00-0034488,Tavierre Thomas,SAF,MIN,14,1,0,0,0,0.0,0,0,0,0,0
00-0034573,Charvarius Ward,CB,IND,14,3,1,0,0,0.0,0,0,3,0,0
00-0034657,Matt Dickerson,DE,JAX,14,1,2,0,0,0.0,0,0,0,0,0
00-0034675,Jessie Bates,FS,ATL,14,1,0,1,0,0.0,0,0,0,0,0
00-0034754,Oren Burks,ILB,CIN,14,1,1,0,0,0.0,0,0,0,0,0
00-0034760,Nathan Shepherd,DE,NO,14,3,2,0,0,0.0,2,0,0,0,0
00-0034773,Vita Vea,DT,TB,14,2,3,2,0,1.0,1,0,0,0,0
00-0034779,Ronnie Harrison,LB,ATL,14,1,0,0,0,0.0,0,0,0,0,0
00-0034780,Isaac Yiadom,CB,NO,14,1,0,0,0,0.0,0,0,0,0,0
00-0034782,Harrison Phillips,DT,NYJ,14,1,3,1,0,0.0,0,0,0,0,0
00-0034789,Minkah Fitzpatrick,FS,MIA,14,2,2,0,0,0.0,0,0,0,0,0
00-0034790,Derwin James,FS,LAC,14,3,0,1,0,0.0,0,0,0,0,0
00-0034800,B.J. Hill,DE,CIN,14,1,2,1,0,1.0,2,0,0,0,0
00-0034805,John Franklin-Myers,DE,DEN,14,1,1,1,0,1.0,1,0,0,0,0
00-0034810,Sebastian Joseph-Day,DT,TEN,14,0,1,0,0,0.0,0,0,0,0,0
00-0034825,Arden Key,DE,TEN,14,1,2,0,0,0.0,1,0,0,0,0
00-0034832,Bradley Chubb,OLB,MIA,14,0,2,0,0,0.5,2,0,0,0,0
00-0034843,Mike Hughes,CB,ATL,14,6,0,1,0,0.0,0,1,1,0,0
00-0034856,Denzel Ward,CB,CLE,14,2,2,0,0,0.0,0,0,0,0,0
00-0034874,Roquan Smith,ILB,BAL,14,3,6,1,0,0.0,0,0,0,0,0
00-0034967,Rashan Gary,LB,GB,14,2,0,0,0,0.0,1,0,0,0,0
00-0034973,Maxx Crosby,DE,LV,14,2,2,2,0,1.0,1,0,0,0,0
00-0034974,Julian Love,SAF,SEA,14,0,1,0,0,0.0,0,0,1,0,0
00-0034982,Dre Greenlaw,LB,DEN,14,2,2,1,0,0.0,0,0,0,0,0
00-0034993,Marcus Epps,SAF,PHI,14,3,0,0,0,0.0,0,0,0,0,0
00-0035133,Keisean Nixon,DB,GB,14,2,0,0,0,0.0,1,1,2,0,0
00-0035166,Azeez Al-Shaair,LB,HOU,14,1,4,0,0,0.0,0,1,1,0,0
00-0035202,Del'Shawn Phillips,LB,LAC,14,3,1,0,0,0.0,0,0,0,0,0
00-0035236,Byron Murphy,CB,MIN,14,1,2,1,0,0.0,0,0,0,0,0
00-0035244,Lonnie Johnson,SAF,LV,14,3,1,0,0,0.0,0,0,0,0,0
00-0035248,Zach Allen,DE,DEN,14,0,0,0,0,0.0,3,0,0,0,0
00-0035253,C.J. Gardner-Johnson,SAF,CHI,14,6,4,0,0,0.0,0,1,1,0,0
00-0035254,Anthony Nelson,LB,TB,14,1,0,0,0,0.0,0,0,1,0,0
00-0035262,Drue Tranquill,LB,KC,14,4,6,1,0,0.0,0,0,0,0,0
00-0035272,Andrew Van Ginkel,OLB,MIN,14,1,3,0,0,0.0,0,1,2,0,0
00-0035276,Blake Cashman,LB,MIN,14,3,7,0,0,0.0,0,0,0,0,0
00-0035286,Cole Holcomb,LB,PIT,14,4,4,0,0,0.0,0,0,0,0,0
00-0035301,Donovan Wilson,SAF,DAL,14,0,3,0,0,0.0,0,0,0,0,0
00-0035316,Kaden Elliss,LB,ATL,14,2,4,0,0,0.0,0,0,0,0,0
00-0035352,Tyrel Dodson,LB,MIA,14,1,1,2,0,0.0,0,1,1,0,0
00-0035357,Cam Lewis,CB,BUF,14,2,0,0,0,0.0,0,0,1,0,0
00-0035359,David Sills,WR,ATL,14,1,0,0,0,0.0,0,0,0,0,0
00-0035363,Joe Giles-Harris,LB,CIN,14,3,1,0,0,0.0,0,0,0,0,0
00-0035386,T.J. Edwards,LB,CHI,14,3,1,0,0,0.0,0,0,0,0,0
00-0035402,Carl Granderson,DE,NO,14,4,1,2,0,0.0,0,0,1,0,0
00-0035525,Devin Bush,LB,CLE,14,3,6,0,0,0.0,0,1,2,0,0
00-0035594,Travis Homer,RB,CHI,14,0,1,0,0,0.0,0,0,0,0,0
00-0035617,Troy Reeder,LB,LAR,14,2,1,0,0,0.0,0,0,1,0,0
00-0035630,Chris Lindstrom,G,ATL,14,0,1,0,0,0.0,0,0,0,0,0
00-0035632,Amani Hooker,SAF,TEN,14,4,2,0,0,0.0,0,0,0,0,0
00-0035637,Rock Ya-Sin,CB,DET,14,1,3,0,0,0.0,0,0,0,0,0
00-0035642,Josh Hines-Allen,DE,JAX,14,2,3,1,0,1.0,2,0,0,0,0
00-0035643,Jeffery Simmons,DT,TEN,14,2,5,2,0,1.5,3,0,1,0,0
00-0035647,Montez Sweat,DE,CHI,14,2,0,1,0,1.0,1,0,0,0,0
00-0035655,Will Harris,SAF,WAS,14,1,1,1,0,1.0,0,0,0,0,0
00-0035656,Khalen Saunders,DT,NYJ,14,1,2,0,0,0.0,0,0,0,0,0
00-0035659,Terry McLaurin,WR,WAS,14,1,0,0,0,0.0,0,0,0,0,0
00-0035662,Marquise Brown,WR,KC,14,1,0,0,0,0.0,0,0,0,0,0
00-0035667,Greg Gaines,DT,TB,14,3,1,1,0,1.0,1,0,0,0,0
00-0035672,Cody Barton,LB,TEN,14,1,4,0,0,0.0,0,0,3,0,0
00-0035674,Jerry Tillery,DT,KC,14,0,1,0,0,0.5,1,0,0,0,0
00-0035678,Dre'Mont Jones,DE,BAL,14,0,2,0,0,0.0,1,0,0,0,0
00-0035680,Quincy Williams,LB,NYJ,14,2,5,1,0,1.0,1,0,0,0,0
00-0035681,Mike Edwards,SAF,KC,14,6,1,1,0,0.0,0,0,0,0,0
00-0035697,Germaine Pratt,LB,IND,14,2,4,0,0,0.0,0,0,1,0,0
00-0035699,Jamel Dean,CB,TB,14,4,0,0,0,0.0,0,0,0,0,0
00-0035702,Dalton Risner,G,CIN,14,1,0,0,0,0.0,0,0,0,0,0
00-0035705,Jalen Thompson,DB,ARI,14,3,4,0,0,0.0,0,0,0,0,0
00-0035707,Devin White,LB,LV,14,10,9,0,0,0.0,0,0,0,0,0
00-0035718,Quinnen Williams,DT,DAL,14,1,3,0,0,0.0,1,0,0,0,0
00-0035719,Deebo Samuel Sr.,WR,WAS,14,0,1,0,0,0.0,0,0,0,0,0
00-0035763,Malcolm Roach,DT,DEN,14,2,0,1,0,1.0,1,0,0,0,0
00-0035795,James Pierre,CB,PIT,14,3,2,0,0,0.0,0,1,2,0,0
00-0035891,Cody White,WR,SEA,14,1,0,0,0,0.0,0,0,0,0,0
00-0035944,Jonah Williams,DE,NO,14,1,1,0,0,0.0,0,0,0,0,0
00-0036087,Myles Bryant,CB,HOU,14,2,4,0,0,0.0,0,0,0,0,0
00-0036124,Khalil Dorsey,CB,DET,14,1,0,0,0,0.0,0,0,0,0,0
00-0036157,Kristian Welch,LB,GB,14,0,1,0,0,0.0,0,0,0,0,0
00-0036181,Teair Tart,DT,LAC,14,1,1,0,0,0.0,0,0,0,0,0
00-0036182,Nick Westbrook-Ikhine,WR,MIA,14,1,1,0,0,0.0,0,0,0,0,0
00-0036187,Reggie Gilliam,RB,BUF,14,0,1,0,0,0.0,0,0,0,0,0
00-0036192,A.J. Epenesa,DE,BUF,14,1,2,0,0,0.0,0,1,1,0,0
00-0036199,Geno Stone,SAF,CIN,14,7,2,2,0,1.0,1,0,0,0,0
00-0036204,LaCale London,DE,ATL,14,2,4,0,0,0.0,0,0,0,0,0
00-0036221,Brandon Jones,SAF,DEN,14,1,0,0,0,0.0,0,0,0,0,0
00-0036222,Isaiah Rodgers,CB,MIN,14,0,3,0,0,0.0,0,0,0,0,0
00-0036224,Jonathan Greenard,LB,MIN,14,0,2,0,0,0.0,0,0,0,0,0
00-0036252,Michael Pittman,WR,IND,14,1,0,0,0,0.0,0,0,0,0,0
00-0036260,Javon Kinlaw,DT,WAS,14,0,1,0,0,0.0,0,0,0,0,0
00-0036262,DaVon Hamilton,DT,JAX,14,2,0,1,0,0.0,0,0,0,0,0
00-0036280,Malik Harrison,LB,PIT,14,3,0,0,0,0.0,0,0,0,0,0
00-0036282,Grant Delpit,SAF,CLE,14,3,2,0,0,0.0,1,0,0,0,0
00-0036285,A.J. Terrell,CB,ATL,14,7,1,1,1,0.0,0,0,1,0,0
00-0036287,Noah Igbinoghene,CB,WAS,14,2,1,0,0,0.0,0,0,1,0,0
00-0036292,Jaylon Johnson,CB,CHI,14,1,1,0,0,0.0,0,0,0,0,0
00-0036293,Jeremy Chinn,SAF,LV,14,7,4,0,0,1.0,2,0,0,0,0
00-0036294,Logan Wilson,LB,DAL,14,1,1,0,0,0.0,0,0,0,0,0
00-0036300,Mykal Walker,LB,NYJ,14,1,3,1,0,0.0,0,0,1,0,0
00-0036306,Daniel Thomas,SAF,DET,14,2,0,0,0,0.0,0,0,1,0,0
00-0036321,Chase Young,DE,NO,14,1,0,0,0,0.0,0,0,0,0,0
00-0036323,Patrick Queen,LB,PIT,14,5,2,0,0,0.0,0,0,0,0,0
00-0036327,Ezra Cleveland,G,JAX,14,0,1,0,0,0.0,0,0,0,0,0
00-0036329,Ashtyn Davis,SAF,MIA,14,4,2,0,0,0.0,0,0,1,0,0
00-0036333,Alex Highsmith,LB,PIT,14,7,0,3,0,1.0,2,0,0,0,0
00-0036337,James Lynch,DT,TEN,14,2,0,0,0,0.0,0,0,0,0,0
00-0036338,Troy Dye,LB,LAC,14,2,0,0,1,0.0,0,0,0,0,0
00-0036348,Josh Metellus,SAF,MIN,14,1,3,0,0,0.0,0,0,0,0,0
00-0036349,Kam Curl,SAF,LAR,14,3,3,0,0,1.0,1,0,0,0,0
00-0036362,Willie Gay Jr.,LB,MIA,14,2,1,1,0,1.0,1,0,1,0,0
00-0036375,Amik Robertson,CB,DET,14,4,1,0,0,0.0,0,0,1,0,0
00-0036378,Michael Danna,LB,KC,14,2,0,0,0,0.0,1,0,0,0,0
00-0036380,Alohi Gilman,SAF,BAL,14,2,5,0,0,0.0,0,0,0,0,0
00-0036388,Xavier McKinney,SAF,GB,14,3,4,0,0,0.0,0,0,0,0,0
00-0036409,Jordyn Brooks,LB,MIA,14,4,1,1,0,0.0,0,0,0,0,0
00-0036411,Antoine Winfield Jr.,SAF,TB,14,4,1,0,0,0.0,0,0,1,0,0
00-0036418,Zack Baun,LB,PHI,14,4,4,0,0,0.5,1,0,0,0,0
00-0036421,Terrell Burgess,SAF,NO,14,1,1,0,0,0.0,0,0,0,0,0
00-0036428,Justin Strnad,LB,DEN,14,2,0,0,0,0.0,0,0,0,0,0
00-0036431,Jordan Fuller,SAF,ATL,14,1,0,0,0,0.0,0,0,0,0,0
00-0036441,"Kenneth Murray, Jr.",LB,DAL,14,0,3,0,0,0.0,0,0,0,0,0
00-0036443,Rex Sunahara,LS,CLE,14,1,0,0,0,0.0,0,0,0,0,0
00-0036479,Kwity Paye,DE,IND,14,0,3,0,0,0.0,0,0,1,0,0
00-0036500,Jamien Sherwood,LB,NYJ,14,6,9,1,0,0.0,0,0,2,0,0
00-0036504,Brandin Echols,CB,PIT,14,2,0,1,0,1.0,1,0,1,0,0
00-0036564,Talanoa Hufanga,SAF,DEN,14,4,1,0,0,0.0,0,0,0,0,0
00-0036589,Nick McCloud,CB,CHI,14,1,0,0,0,0.0,0,0,2,0,0
00-0036590,Quintin Morris,TE,JAX,14,0,1,0,0,0.0,0,0,0,0,0
00-0036621,Nick Bolton,LB,KC,14,6,6,2,0,0.0,1,0,0,0,0
00-0036624,Alim McNeill,DT,DET,14,1,0,1,1,1.0,2,0,0,0,0
00-0036629,Camryn Bynum,SAF,IND,14,2,0,1,0,0.0,0,0,1,0,0
00-0036642,Tedarrell Slaton,DT,CIN,14,2,3,1,0,1.0,1,0,0,0,0
00-0036643,K.J. Britt,LB,MIA,14,1,4,0,0,0.0,0,0,0,0,0
00-0036658,Isaiah McDuffie,LB,GB,14,3,3,0,0,0.0,0,0,0,0,0
00-0036677,Zayne Anderson,SAF,GB,14,0,1,0,0,0.0,0,0,0,0,0
00-0036704,Caleb Johnson,LB,MIA,14,0,1,0,0,0.0,0,0,0,0,0
00-0036705,Sam Kamara,DT,CLE,14,0,2,1,0,0.0,0,0,0,0,0
00-0036711,Charles Snowden,LB,LV,14,1,1,1,0,0.0,0,0,0,0,0
00-0036727,Adam Prentice,FB,DEN,14,0,1,0,0,0.0,0,0,0,0,0
00-0036802,Jon Rhattigan,LB,LV,14,0,1,0,0,0.0,0,0,0,0,0
00-0036825,Feleipe Franks,TE,ATL,14,1,0,0,0,0.0,0,0,0,0,0
00-0036833,Ryan Neuzil,G,ATL,14,0,1,0,0,0.0,0,0,0,0,0
00-0036862,Ben Skowronek,WR,PIT,14,2,0,0,0,0.0,0,0,0,0,0
00-0036867,Chris Rumph II,LB,NO,14,3,1,0,0,0.0,0,0,0,0,0
00-0036869,Dan Moore Jr.,OT,TEN,14,1,0,0,0,0.0,0,0,0,0,0
00-0036870,Buddy Johnson,LB,IND,14,1,0,0,0,0.0,0,0,0,0,0
00-0036871,Nate Hobbs,CB,GB,14,0,1,0,0,0.0,0,0,0,0,0
00-0036874,Pat Surtain II,CB,DEN,14,1,2,0,0,0.0,0,0,1,0,0
00-0036876,Kylen Granson,TE,PHI,14,2,1,0,0,0.0,0,0,0,0,0
00-0036883,Tommy Togiai,DT,HOU,14,2,8,1,0,1.0,2,0,0,0,0
00-0036901,Eric Stokes,CB,LV,14,6,3,0,0,0.0,0,0,0,0,0
00-0036902,Joseph Ossai,DE,CIN,14,4,1,1,1,0.0,0,0,0,0,0
00-0036906,Khalil Herbert,RB,NYJ,14,1,1,0,0,0.0,0,0,0,0,0
00-0036914,Greg Rousseau,LB,BUF,14,0,1,0,0,0.0,1,0,0,0,0
00-0036927,Pete Werner,LB,NO,14,2,1,0,0,0.0,0,0,1,0,0
00-0036932,Micah Parsons,LB,GB,14,0,1,0,0,0.0,2,0,0,0,0
00-0036933,Zaven Collins,LB,ARI,14,2,0,0,0,0.0,0,0,0,0,0
00-0036934,Jaelan Phillips,LB,PHI,14,2,4,1,0,0.0,0,0,1,0,0
00-0036940,Odafe Oweh,LB,LAC,14,2,0,1,0,1.0,2,0,0,0,0
00-0036942,Osa Odighizuwa,DT,DAL,14,1,0,1,0,0.0,3,0,0,0,0
00-0036952,Jonathon Cooper,LB,DEN,14,2,0,0,0,0.0,0,0,0,0,0
00-0036956,Darren Hall,CB,ARI,14,1,2,0,0,0.0,0,0,0,0,0
00-0036964,Derrick Barnes,LB,DET,14,2,0,1,0,0.0,0,1,1,0,0
00-0036970,Kyle Pitts,TE,ATL,14,1,0,0,0,0.0,0,0,0,0,0
00-0036974,Tyson Campbell,CB,CLE,14,2,1,0,0,0.0,0,0,1,0,0
00-0036986,Nahshon Wright,CB,CHI,14,1,1,0,0,0.0,0,0,0,0,0
00-0036987,Brandon Stephens,CB,NYJ,14,1,1,0,0,0.0,0,0,0,0,0
00-0036989,Malcolm Koonce,DE,LV,14,0,1,0,0,0.0,1,0,0,0,0
00-0036990,Divine Deablo,LB,ATL,14,3,2,1,0,0.0,0,0,0,0,0
00-0036992,Elijah Molden,CB,LAC,14,2,2,0,0,0.0,0,0,0,0,0
00-0036993,Ifeatu Melifonwu,SAF,MIA,14,3,0,1,0,1.0,1,0,0,0,0
00-0036994,Ernest Jones,LB,SEA,14,5,6,0,0,0.0,0,0,0,0,0
00-0036995,Baron Browning,LB,ARI,14,1,5,0,0,0.0,0,0,0,0,0
00-0036996,Greg Newsome II,CB,JAX,14,5,0,0,0,0.0,0,1,2,0,0
00-0037034,Dee Alford,CB,ATL,14,5,0,1,0,0.0,1,0,0,0,0
00-0037041,Haggai Ndubuisi,DT,HOU,14,0,1,0,0,0.0,0,0,0,0,0
00-0037051,Elijah Garcia,DE,ATL,14,0,2,0,0,0.0,0,0,0,0,0
00-0037073,Jordan Davis,DT,PHI,14,3,3,2,0,1.5,2,0,0,0,0
00-0037074,Quay Walker,LB,GB,14,3,6,0,0,0.0,0,0,0,0,0
00-0037079,Riq Woolen,CB,SEA,14,4,1,0,0,0.0,1,0,2,0,0
00-0037083,Kingsley Enagbare,LB,GB,14,4,0,1,0,1.0,1,0,0,0,0
00-0037106,Jaylon Jones,DB,CHI,14,0,1,0,0,0.0,0,0,0,0,0
00-0037129,Josh Blackwell,CB,CHI,14,0,1,0,0,0.0,0,0,0,0,0
00-0037130,Reed Blankenship,SAF,PHI,14,6,2,1,0,0.0,0,0,0,0,0
00-0037137,Josh Jobe,CB,SEA,14,2,1,0,0,0.0,0,0,1,0,0
00-0037191,Trent McDuffie,CB,KC,14,1,0,0,0,0.0,0,0,0,0,0
00-0037192,George Karlaftis,DE,KC,14,3,2,1,0,1.0,2,0,0,0,0
00-0037193,Bryan Cook,SAF,KC,14,1,4,0,0,0.0,0,0,0,0,0
00-0037195,Jaylen Watson,CB,KC,14,2,0,0,0,0.0,0,0,0,0,0
00-0037208,Jack Cochrane,LB,KC,14,1,0,0,0,0.0,0,0,0,0,0
00-0037235,Travon Walker,DE,JAX,14,2,4,1,0,0.0,0,0,0,0,0
00-0037236,Aidan Hutchinson,DE,DET,14,2,1,0,0,0.0,1,0,0,0,0
00-0037237,Derek Stingley Jr.,CB,HOU,14,2,0,0,0,0.0,0,0,1,0,0
00-0037244,Devin Lloyd,LB,JAX,14,1,7,0,0,0.0,2,1,1,0,0
00-0037246,Jalen Pitre,SAF,HOU,14,4,2,0,0,0.0,0,1,2,0,0
00-0037249,Nik Bonitto,LB,DEN,14,3,0,2,0,2.0,2,0,0,0,0
00-0037251,Alex Wright,DE,CLE,14,1,0,0,0,0.0,1,0,0,0,0
00-0037262,Thomas Booker,DT,LV,14,1,2,0,0,0.0,1,0,0,0,0
00-0037268,Zyon McCollum,CB,TB,14,1,1,0,0,0.0,0,1,1,0,0
00-0037270,Otito Ogbonnia,DT,LAC,14,2,0,1,0,0.0,0,0,0,0,0
00-0037271,D'Marco Jackson,LB,CHI,14,3,0,0,0,0.0,0,0,0,0,0
00-0037274,Esezi Otomewo,DT,PIT,14,1,1,0,0,0.0,0,0,0,0,0
00-0037275,DaRon Bland,CB,DAL,14,4,3,1,0,0.0,0,0,0,0,0
00-0037281,Damone Clark,LB,HOU,14,0,1,0,0,0.0,0,0,0,0,0
00-0037288,Christian Benford,CB,BUF,14,1,0,1,0,1.0,1,1,1,1,0
00-0037289,Malcolm Rodriguez,LB,DET,14,1,1,0,0,0.0,0,0,0,0,0
00-0037292,Andrew Ogletree,TE,IND,14,0,1,0,0,0.0,0,0,0,0,0
00-0037310,James Houston,DE,DAL,14,2,0,1,0,1.0,1,0,0,0,0
00-0037315,Cameron Goode,LB,MIA,14,0,2,0,0,0.0,0,0,0,0,0
00-0037318,Baylon Spector,LB,BUF,14,1,0,0,0,0.0,0,0,0,0,0
00-0037332,D'Anthony Bell,SAF,SEA,14,1,0,0,0,0.0,0,0,0,0,0
00-0037364,Arron Mosby,DE,GB,14,1,0,0,0,0.0,0,0,0,0,0
00-0037384,Ja'Quan McMillian,CB,DEN,14,1,1,0,0,0.0,0,0,0,0,0
00-0037475,Stone Smartt,TE,NYJ,14,1,0,0,0,0.0,0,0,0,0,0
00-0037512,Isaiah Pola-Mao,SAF,LV,14,4,1,0,0,0.0,0,0,0,0,0
00-0037516,Sam Webb,CB,CLE,14,0,2,0,0,0.0,0,0,0,0,0
00-0037527,Segun Olubi,LB,IND,14,0,1,0,1,0.0,0,0,0,0,0
00-0037549,Darrell Baker Jr.,CB,TEN,14,2,0,0,0,0.0,0,0,2,0,0
00-0037561,Markquese Bell,SAF,DAL,14,1,3,0,0,0.0,0,0,0,0,0
00-0037563,Malik Davis,RB,DAL,14,0,2,0,0,0.0,0,0,0,0,0
00-0037587,Nate Landman,LB,LAR,14,1,1,0,0,0.0,0,1,2,0,0
00-0037594,Julius Chestnut,RB,TEN,14,3,0,0,0,0.0,0,0,0,0,0
00-0037615,Nakobe Dean,LB,PHI,14,3,4,1,1,1.0,2,0,0,0,0
00-0037616,Nick Cross,SAF,IND,14,3,2,0,0,0.0,0,0,2,0,0
00-0037617,Hassan Haskins,RB,LAC,14,0,1,0,0,0.0,0,0,0,0,0
00-0037662,C.J. Brewer,DT,TB,14,1,0,0,0,0.0,0,0,0,0,0
00-0037663,Jermaine Johnson II,DE,NYJ,14,0,1,0,0,0.0,0,0,0,0,0
00-0037664,Alec Pierce,WR,IND,14,1,0,0,0,0.0,0,0,0,0,0
00-0037665,Sam Williams,DE,DAL,14,1,2,0,0,0.0,1,0,0,0,0
00-0037692,Brandon Aubrey,K,DAL,14,1,0,0,0,0.0,0,0,0,0,0
00-0037742,Treylon Burks,WR,WAS,14,0,1,0,0,0.0,0,0,0,0,0
00-0037743,Daxton Hill,DB,CIN,14,2,3,0,0,0.0,0,0,1,0,0
00-0037745,Velus Jones Jr.,WR,SEA,14,0,1,0,0,0.0,0,0,0,0,0
00-0037752,Tycen Anderson,SAF,CIN,14,0,1,0,0,0.0,0,0,0,0,0
00-0037756,Travis Jones,DT,BAL,14,1,0,0,0,0.0,0,0,0,0,0
00-0037799,Dondrea Tillman,LB,DEN,14,0,1,0,0,0.0,0,0,0,0,0
00-0037813,Channing Tindall,LB,ARI,14,1,2,0,0,0.0,0,0,0,0,0
00-0037817,Zach Tom,G,GB,14,1,0,0,0,0.0,0,0,0,0,0
00-0037819,Leo Chenal,LB,KC,14,2,1,0,0,0.0,0,0,0,0,0
00-0037825,Tyler Linderbaum,C,BAL,14,1,0,0,0,0.0,0,0,0,0,0
00-0037839,Cobie Durant,CB,LAR,14,1,1,0,0,0.0,0,0,0,0,0
00-0037842,Derion Kendrick,CB,LAR,14,1,0,0,0,0.0,0,0,0,0,0
00-0037843,Daniel Hardy,DE,CHI,14,1,0,0,0,0.0,0,0,0,0,0
00-0038038,Kyle Hamilton,SAF,BAL,14,1,2,0,0,0.0,0,0,0,0,0
00-0038039,Jack Jones,CB,MIA,14,0,4,0,0,0.0,0,0,0,0,0
00-0038107,Micheal Clemons,DE,NYJ,14,0,4,1,0,0.0,1,0,0,0,0
00-0038116,Arnold Ebiketie,LB,ATL,14,0,2,0,0,0.0,0,0,1,0,0
00-0038121,Alontae Taylor,CB,NO,14,1,1,0,0,0.0,0,1,2,0,0
00-0038127,Logan Hall,DE,TB,14,0,2,0,0,0.0,0,0,0,0,0
00-0038133,Boye Mafe,DE,SEA,14,1,2,0,0,0.0,0,0,1,0,0
00-0038134,Kenneth Walker III,RB,SEA,14,0,1,0,0,0.0,0,0,0,0,0
00-0038135,Jaquan Brisker,SAF,CHI,14,2,0,0,0,0.0,0,0,0,0,0
00-0038136,Coby Bryant,CB,SEA,14,1,1,0,0,0.0,0,0,0,0,0
00-0038142,David Ojabo,LB,BAL,14,1,0,0,0,0.0,0,0,0,0,0
00-0038381,Kyu Blu Kelly,CB,LV,14,1,0,0,0,0.0,0,0,0,0,0
00-0038387,Colby Wooden,DE,GB,14,2,1,0,0,0.0,0,0,0,0,0
00-0038390,Noah Sewell,LB,CHI,14,1,0,0,0,0.0,0,0,0,0,0
00-0038398,Karl Brooks,DT,GB,14,1,2,1,0,0.0,0,0,0,0,0
00-0038407,Jaylon Jones,DB,IND,14,4,0,0,0,0.0,0,0,0,0,0
00-0038408,Carrington Valentine,DB,GB,14,3,1,0,0,0.0,0,0,0,0,0
00-0038412,Moro Ojomo,DT,PHI,14,0,1,0,0,0.0,0,0,0,0,0
00-0038414,Kendall Williamson,SAF,LAC,14,1,0,0,0,0.0,0,0,0,0,0
00-0038428,Andre Szmyt,K,CLE,14,0,1,0,0,0.0,0,0,0,0,0
00-0038440,Zavier Scott,RB,MIN,14,0,1,0,0,0.0,0,0,0,0,0
00-0038504,Trenton Simpson,LB,BAL,14,0,2,0,0,0.0,0,0,0,0,0
00-0038549,DJ Turner II,CB,CIN,14,2,2,0,1,0.0,0,0,1,0,0
00-0038552,Riley Moss,CB,DEN,14,2,3,0,0,0.0,0,0,0,0,0
00-0038553,Daiyan Henley,LB,LAC,14,6,1,0,0,0.0,1,0,1,0,0
00-0038556,DeMarvion Overshown,LB,DAL,14,3,4,0,0,0.0,0,0,0,0,0
00-0038557,Dorian Williams,LB,BUF,14,1,2,0,0,0.0,0,0,0,0,0
00-0038559,Michael Wilson,WR,ARI,14,1,0,0,0,0.0,0,0,0,0,0
00-0038560,Jordan Battle,SAF,CIN,14,4,4,0,0,0.0,0,0,1,0,0
00-0038564,Cameron Latu,TE,PHI,14,1,0,0,0,0.0,0,0,0,0,0
00-0038565,Mekhi Blackmon,DB,IND,14,3,0,0,0,0.0,0,0,0,0,0
00-0038570,Ventrell Miller,LB,JAX,14,1,0,0,0,0.0,0,0,1,0,0
00-0038574,Isaiah McGuire,DE,CLE,14,0,0,0,0,0.0,1,0,0,0,0
00-0038577,Nick Herbig,LB,PIT,14,0,1,0,0,0.0,0,0,0,0,0
00-0038578,Jay Ward,SAF,MIN,14,2,0,0,0,0.0,0,0,0,0,0
00-0038588,Jordan Howden,SAF,NO,14,5,1,0,0,0.0,0,0,0,0,0
00-0038596,Antonio Johnson,SAF,JAX,14,6,2,0,0,0.0,0,0,0,0,0
00-0038599,Henry To'oTo'o,LB,HOU,14,1,2,0,0,0.0,0,0,0,0,0
00-0038600,Owen Pappoe,LB,ARI,14,6,4,0,0,0.0,0,0,1,0,0
00-0038605,JL Skinner,SAF,DEN,14,1,0,0,0,0.0,0,0,0,0,0
00-0038616,Christian Braswell,CB,JAX,14,0,1,0,0,0.0,0,0,1,0,0
00-0038623,Dante Stills,DT,ARI,14,1,1,0,0,0.0,2,0,0,0,0
00-0038624,Ameer Speed,CB,HOU,14,0,1,0,0,0.0,0,0,0,0,0
00-0038660,Trevor Nowaske,LB,DET,14,2,1,0,0,0.0,0,0,0,0,0
00-0038684,Ethan Bonner,CB,MIA,14,2,1,0,0,0.0,0,1,1,0,0
00-0038711,Mohamoud Diabate,LB,CLE,14,2,2,0,0,0.0,0,0,0,0,0
00-0038715,Ronnie Hickman Jr.,SAF,CLE,14,3,1,0,0,0.0,0,0,0,0,0
00-0038738,Hunter Luepke,RB,DAL,14,0,2,0,0,0.0,0,0,0,0,0
00-0038742,Tyrus Wheat,DE,DET,14,2,0,0,0,0.0,1,0,1,0,0
00-0038764,Patrick O'Connell,LB,SEA,14,0,1,0,0,0.0,0,0,0,0,0
00-0038765,Ty Okada,SAF,SEA,14,2,1,1,0,0.0,0,0,1,0,0
00-0038778,Jalen Redmond,DL,MIN,14,2,3,2,0,1.0,0,0,0,0,0
00-0038795,PJ Mustipher,DT,ARI,14,2,5,0,0,0.0,0,0,0,0,0
00-0038807,Ivan Pace Jr.,LB,MIN,14,0,3,0,0,0.0,0,0,0,0,0
00-0038820,Christian Izien,SAF,TB,14,5,3,1,0,0.0,0,0,0,0,0
00-0038824,Ryan Miller,WR,TB,14,1,0,0,0,0.0,0,0,0,0,0
00-0038922,Drake Thomas,LB,SEA,14,1,4,0,0,0.0,0,0,0,0,0
00-0038935,Brenton Strange,TE,JAX,14,0,1,0,0,0.0,0,0,0,0,0
00-0038958,Markees Watts,LB,TB,14,0,1,0,0,0.0,0,0,0,0,0
00-0038978,Byron Young,DT,PHI,14,2,6,1,0,1.5,2,0,0,0,0
00-0038979,Cedric Tillman,WR,CLE,14,1,0,0,0,0.0,0,0,0,0,0
00-0038982,Chamarri Conner,DB,KC,14,3,1,0,0,0.0,0,0,0,0,0
00-0038995,Bryan Bresee,DT,NO,14,2,0,0,0,0.0,0,0,0,0,0
00-0038997,Josh Downs,WR,IND,14,1,0,0,0,0.0,0,0,0,0,0
00-0039002,Sydney Brown,SAF,PHI,14,0,1,0,0,0.0,0,0,0,0,0
00-0039007,Garrett Williams,CB,ARI,14,1,5,0,0,0.0,0,0,0,0,0
00-0039009,Dylan Horton,DE,HOU,14,1,1,0,0,0.0,0,0,0,0,0
00-0039013,Nolan Smith,LB,PHI,14,4,2,0,0,0.0,1,0,0,0,0
00-0039018,Jack Campbell,LB,DET,14,6,6,1,1,1.0,1,0,0,0,0
00-0039031,Adetomiwa Adebawore,DT,IND,14,0,2,0,0,0.0,0,0,0,0,0
00-0039041,Elijah Higgins,TE,ARI,14,0,1,0,0,0.0,0,0,0,0,0
00-0039047,Derick Hall,LB,SEA,14,0,2,0,0,0.0,1,0,1,0,0
00-0039049,SirVocea Dennis,LB,TB,14,1,1,0,0,0.0,0,0,0,0,0
00-0039050,Payne Durham,TE,TB,14,1,0,0,0,0.0,0,0,0,0,0
00-0039061,Desjuan Johnson,DE,LAR,14,1,2,0,0,0.0,2,0,0,0,0
00-0039068,Yaya Diaby,LB,TB,14,1,1,0,0,0.0,1,0,1,0,0
00-0039070,Gervon Dexter Sr.,DT,CHI,14,1,1,0,0,0.0,0,0,0,0,0
00-0039108,Will Anderson Jr.,DE,HOU,14,2,1,1,0,0.0,1,0,0,0,0
00-0039110,Keeanu Benton,DT,PIT,14,1,3,0,0,0.0,0,0,1,0,0
00-0039111,Tuli Tuipulotu,LB,LAC,14,3,0,0,0,0.0,1,0,0,0,0
00-0039137,Byron Young,LB,LAR,14,2,2,0,0,1.0,3,0,0,0,0
00-0039138,Kobie Turner,DE,LAR,14,1,0,1,0,1.0,1,0,0,0,0
00-0039141,Brian Branch,CB,DET,14,3,3,0,0,0.0,1,0,1,0,0
00-0039149,Quan Martin,SAF,WAS,14,4,3,0,0,0.0,0,0,0,0,0
00-0039151,Emmanuel Forbes,CB,LAR,14,2,2,0,0,0.0,0,0,1,0,0
00-0039155,BJ Ojulari,LB,ARI,14,0,1,0,0,0.0,0,0,0,0,0
00-0039165,Zach Charbonnet,RB,SEA,14,0,1,0,0,0.0,0,0,0,0,0
00-0039167,Joey Porter Jr.,CB,PIT,14,3,1,0,0,0.0,0,0,1,0,0
00-0039169,Devon Witherspoon,CB,SEA,14,5,2,0,0,0.0,1,1,2,0,0
00-0039178,Austin Ajiake,LB,IND,14,1,0,0,0,0.0,0,0,0,0,0
00-0039232,Nate Wiggins,CB,BAL,14,4,2,0,0,0.0,0,0,0,0,0
00-0039234,T.J. Tampa,CB,BAL,14,2,0,0,0,0.0,0,0,0,0,0
00-0039267,Andre' Sam,SAF,PHI,14,1,0,0,0,0.0,0,0,0,0,0
00-0039309,Byron Murphy II,DT,SEA,14,1,1,0,0,0.0,0,0,0,0,0
00-0039340,Laiatu Latu,DE,IND,14,1,0,1,0,0.0,0,0,0,0,0
00-0039343,Kamari Lassiter,CB,HOU,14,5,1,0,0,0.0,0,1,2,0,0
00-0039352,Marist Liufau,LB,DAL,14,1,1,0,0,0.0,1,0,0,0,0
00-0039353,Jarrian Jones,CB,JAX,14,2,2,0,0,0.0,0,0,0,0,0
00-0039364,Sione Vaki,RB,DET,14,1,1,0,0,0.0,0,0,0,0,0
00-0039366,Tarheeb Still,CB,LAC,14,4,1,1,0,0.0,0,0,1,0,0
00-0039368,Jordan Magee,LB,WAS,14,1,2,0,0,0.0,0,0,0,0,0
00-0039369,Cam Hart,CB,LAC,14,3,1,0,0,0.0,0,1,3,0,0
00-0039371,Kris Abrams-Draine,CB,DEN,14,1,0,0,0,0.0,0,0,0,0,0
00-0039374,Tommy Eichenberg,LB,LV,14,1,0,0,0,0.0,0,0,0,0,0
00-0039387,Caelen Carson,DB,DAL,14,1,0,0,0,0.0,0,0,0,0,0
00-0039389,Logan Lee,DT,PIT,14,1,0,0,0,0.0,1,0,0,0,0
00-0039391,Kimani Vidal,RB,LAC,14,0,1,0,0,0.0,0,0,0,0,0
00-0039407,Dylan Laube,RB,LV,14,0,1,0,0,0.0,0,0,0,0,0
00-0039410,Ryan Flournoy,WR,DAL,14,1,0,0,0,0.0,0,0,0,0,0
00-0039414,Daijahn Anthony,SAF,CIN,14,0,1,0,0,0.0,0,0,0,0,0
00-0039417,Myles Harden,CB,CLE,14,1,3,1,0,0.0,0,0,0,0,0
00-0039423,Jonah Laulu,DT,LV,14,2,3,0,0,0.0,0,0,0,0,0
00-0039430,James Williams,LB,TEN,14,2,0,0,0,0.0,0,0,0,0,0
00-0039431,Jowon Briggs,DE,NYJ,14,1,2,1,0,0.0,1,0,0,0,0
00-0039436,Jaylen Harrell,DE,TEN,14,1,1,1,0,0.5,1,0,0,0,0
00-0039465,Reddy Steward,DB,DAL,14,2,1,0,0,0.0,0,0,0,0,0
00-0039530,Brevyn Spann-Ford,TE,DAL,14,1,0,0,0,0.0,0,0,0,0,0
00-0039603,British Brooks,RB,HOU,14,0,1,0,0,0.0,0,0,0,0,0
00-0039660,Thomas Harper,SAF,DET,14,1,0,0,0,0.0,0,0,0,0,0
00-0039681,Tyler Owens,DB,WAS,14,1,0,0,0,0.0,0,0,0,0,0
00-0039718,Bo Richter,LB,MIN,14,1,0,0,0,0.0,0,0,0,0,0
00-0039733,Ruke Orhorhoro,DT,ATL,14,0,1,0,0,0.0,0,0,0,0,0
00-0039734,Braden Fiske,DT,LAR,14,0,0,0,0,0.0,1,0,0,0,0
00-0039740,Jalyx Hunt,LB,PHI,14,4,4,1,1,2.5,3,0,0,0,0
00-0039741,Payton Wilson,LB,PIT,14,4,2,0,0,0.0,0,0,0,0,0
00-0039746,Will Shipley,RB,PHI,14,1,0,0,1,0.0,0,0,0,0,0
00-0039749,Tyler Davis,DE,LAR,14,0,1,0,0,0.0,0,0,0,0,0
00-0039752,Cedric Johnson,DE,CIN,14,2,1,0,0,0.0,1,0,0,0,0
00-0039763,Joe Andreessen,LB,BUF,14,0,1,0,0,0.0,0,0,0,0,0
00-0039772,Josh Wallace,CB,LAR,14,1,0,0,0,0.0,1,0,1,0,0
00-0039774,Omar Speights,LB,LAR,14,5,1,0,0,0.0,0,0,1,0,0
00-0039776,Jaylen McCollough,SAF,LAR,14,3,0,0,0,0.0,0,0,0,0,0
00-0039789,Qwan'tez Stiggers,DB,NYJ,14,2,0,0,0,0.0,0,0,0,0,0
00-0039796,Rasheen Ali,RB,BAL,14,1,0,0,0,0.0,0,0,0,0,0
00-0039798,Isaiah Davis,RB,NYJ,14,1,0,0,0,0.0,0,0,0,0,0
00-0039809,Jonah Elliss,LB,DEN,14,0,3,0,0,0.0,0,0,0,0,0
00-0039812,Ty'Ron Hopper,LB,GB,14,0,3,0,1,0.0,0,0,0,0,0
00-0039813,Evan Williams,SAF,GB,14,4,3,0,0,0.0,0,0,1,0,0
00-0039815,Tyrice Knight,LB,SEA,14,2,1,0,0,0.0,0,0,0,0,0
00-0039826,Jeremiah Trotter Jr.,LB,PHI,14,0,1,0,0,0.0,0,0,0,0,0
00-0039834,Kamren Kinchens,SAF,LAR,14,3,1,0,0,0.0,1,0,0,0,0
00-0039835,Justin Eboigbe,DT,LAC,14,1,1,0,0,0.0,0,0,0,0,0
00-0039838,Calen Bullock,SAF,HOU,14,3,0,0,0,0.0,0,0,0,0,0
00-0039840,Austin Booker,DE,CHI,14,3,2,0,0,0.0,0,0,0,0,0
00-0039841,Cooper DeJean,CB,PHI,14,2,1,0,0,0.0,0,0,2,0,0
00-0039846,Tykee Smith,DB,TB,14,2,1,0,0,0.0,0,0,0,0,0
00-0039850,Edgerrin Cooper,LB,GB,14,5,6,0,0,0.0,0,0,0,0,0
00-0039852,Jared Verse,DE,LAR,14,1,0,0,0,0.0,1,0,0,0,0
00-0039854,Darius Robinson,DL,ARI,14,0,3,0,0,0.0,0,0,0,0,0
00-0039858,Cedric Gray,LB,TEN,14,7,3,0,0,0.0,1,0,0,0,0
00-0039860,Kool-Aid McKinstry,CB,NO,14,6,1,0,0,0.0,0,0,1,0,0
00-0039867,Javon Bullard,SAF,GB,14,2,2,0,0,0.0,1,0,0,0,0
00-0039872,Cole Bishop,SAF,BUF,14,3,3,0,0,0.0,0,0,0,0,0
00-0039886,T'Vondre Sweat,DT,TEN,14,0,0,0,0,0.0,2,0,0,0,0
00-0039888,Quinyon Mitchell,CB,PHI,14,1,1,0,0,0.0,0,0,0,0,0
00-0039889,Maason Smith,DT,JAX,14,0,1,0,0,0.0,0,0,0,0,0
00-0039895,Mike Hall Jr.,DT,CLE,14,0,1,0,0,0.0,0,0,0,0,0
00-0039898,Mike Sainristil,CB,WAS,14,3,2,1,0,0.0,0,0,1,0,0
00-0039902,Chris Braswell,LB,TB,14,1,1,1,0,1.0,1,0,0,0,0
00-0039908,Kris Jenkins,DT,CIN,14,2,1,0,0,0.0,0,0,0,0,0
00-0039911,Chop Robinson,LB,MIA,14,1,0,1,1,1.0,1,0,0,0,0
00-0039924,Dallas Turner,LB,MIN,14,1,1,0,0,0.0,0,0,0,0,0
00-0040008,Shavon Revel Jr.,CB,DAL,14,4,2,0,0,0.0,0,0,1,0,0
00-0040010,Barryn Sorrell,DE,GB,14,0,1,0,0,0.0,0,0,0,0,0
00-0040011,Shemar James,LB,DAL,14,0,4,0,0,0.0,0,0,0,0,0
00-0040013,Smael Mondon Jr.,LB,PHI,14,1,0,0,0,0.0,0,0,0,0,0
00-0040016,Warren Brinson,DT,GB,14,0,2,0,0,0.0,0,0,0,0,0
00-0040020,Micah Robinson,CB,TEN,14,2,1,0,0,0.0,0,0,0,0,0
00-0040069,Teddye Buchanan,LB,BAL,14,1,3,1,0,0.0,0,0,0,0,0
00-0040089,Kevin Knowles,DB,KC,14,1,0,0,0,0.0,0,0,1,0,0
00-0040104,Keondre Jackson,SAF,BAL,14,1,0,0,0,0.0,0,0,0,0,0
00-0040118,Cooper McDonald,LB,KC,14,1,0,0,0,0.0,0,0,0,0,0
00-0040127,Kenneth Grant,DT,MIA,14,0,1,0,0,0.0,0,0,0,0,0
00-0040133,Azareye'h Thomas,CB,NYJ,14,2,0,1,0,0.0,0,0,1,0,0
00-0040141,Kevin Winston Jr.,SAF,TEN,14,2,1,2,0,0.0,1,0,2,0,0
00-0040143,Jacob Parrish,CB,TB,14,3,1,0,0,0.0,0,0,0,0,0
00-0040144,Jamaree Caldwell,DT,LAC,14,1,0,1,1,0.0,0,0,0,0,0
00-0040148,Xavier Watts,SAF,ATL,14,2,2,0,0,0.0,0,0,0,0,0
00-0040155,Danny Stutsman,LB,NO,14,3,1,0,0,0.0,0,0,0,0,0
00-0040157,Barrett Carter,LB,CIN,14,3,4,0,0,0.0,0,0,0,0,0
00-0040160,Jack Sawyer,LB,PIT,14,1,0,0,0,0.0,0,0,0,0,0
00-0040162,Dylan Sampson,RB,CLE,14,1,0,0,0,0.0,0,0,0,0,0
00-0040165,Malachi Moore,SAF,NYJ,14,4,3,0,0,0.0,0,0,0,0,0
00-0040166,Quincy Riley,CB,NO,14,2,1,0,0,0.0,0,0,0,0,0
00-0040169,Tonka Hemingway,DT,LV,14,1,0,1,0,1.0,1,0,0,0,0
00-0040178,Jason Marshall Jr.,CB,MIA,14,1,0,0,0,0.0,0,0,0,0,0
00-0040182,Dante Trader Jr.,SAF,MIA,14,0,2,0,0,0.0,0,0,0,0,0
00-0040183,Elijah Roberts,DE,TB,14,1,0,0,0,0.0,0,0,0,0,0
00-0040186,Francisco Mauigoa,LB,NYJ,14,2,4,0,0,0.0,0,0,0,0,0
00-0040188,Yahya Black,DE,PIT,14,2,1,0,0,0.0,0,0,0,0,0
00-0040189,Oronde Gadsden II,TE,LAC,14,0,1,0,0,0.0,0,0,0,0,0
00-0040192,Jordan Hancock,CB,BUF,14,2,1,0,0,0.0,0,0,0,0,0
00-0040195,Denzel Burke,CB,ARI,14,4,1,0,0,0.0,0,0,0,0,0
00-0040199,JJ Pegues,DT,LV,14,0,1,0,0,0.0,0,0,0,0,0
00-0040201,Marcus Harris,CB,TEN,14,3,1,0,1,0.0,0,0,0,0,0
00-0040202,Devin Neal,RB,NO,14,1,0,0,0,0.0,0,0,0,0,0
00-0040213,Rayuan Lane III,SAF,JAX,14,1,1,0,0,0.0,0,0,0,0,0
00-0040214,Kobe King,LB,NYJ,14,0,1,0,0,0.0,0,0,0,0,0
00-0040216,Kain Medrano,LB,WAS,14,1,0,0,0,0.0,0,0,0,0,0
00-0040221,R.J. Mickens,SAF,LAC,14,1,1,0,0,0.0,0,0,0,0,0
00-0040230,Kitan Crawford,SAF,ARI,14,0,1,0,0,0.0,0,0,0,0,0
00-0040231,Carson Bruener,LB,PIT,14,2,1,0,0,0.0,0,0,0,0,0
00-0040329,BJ Green II,DE,JAX,14,1,1,0,0,0.0,0,0,0,0,0
00-0040339,Cam'Ron Silmon-Craig,DB,JAX,14,2,0,0,0,0.0,0,0,0,0,0
00-0040342,Danny Striggow,DE,JAX,14,0,4,0,0,0.0,0,0,0,0,0
00-0040416,John Bullock,LB,TB,14,1,0,0,0,0.0,0,0,0,0,0
00-0040460,Marlowe Wax,LB,LAC,14,1,0,0,0,0.0,0,0,0,0,0
00-0040501,Austin Keys,LB,MIN,14,0,1,0,0,0.0,0,0,0,0,0
00-0040503,Dorian Mausi,LB,TEN,14,0,1,0,0,0.0,0,0,0,0,0
00-0040578,James Pearce Jr.,DE,ATL,14,2,0,1,0,1.0,1,0,0,0,0
00-0040579,Carson Schwesinger,LB,CLE,14,5,7,0,0,0.0,0,0,1,0,0
00-0040580,Josaiah Stewart,LB,LAR,14,1,0,0,0,0.0,0,0,0,0,0
00-0040613,Shaun Dolac,LB,LAR,14,1,0,0,0,0.0,0,0,0,0,0
00-0040640,Ashton Gillotte,DE,KC,14,1,1,0,0,0.5,1,0,0,0,0
00-0040641,Darien Porter,CB,LV,14,4,2,0,0,0.0,0,0,2,0,0
00-0040643,Jonas Sanker,SAF,NO,14,1,2,0,0,0.0,0,0,0,0,0
00-0040645,Cody Simon,LB,ARI,14,1,2,0,0,0.0,0,0,0,0,0
00-0040666,Omarion Hampton,RB,LAC,14,1,0,0,0,0.0,0,0,0,0,0
00-0040670,Nohl Williams,CB,KC,14,2,1,0,0,0.0,0,0,2,0,0
00-0040672,Tyleik Williams,DT,DET,14,0,2,0,0,0.0,0,0,0,0,0
00-0040685,Mason Graham,DT,CLE,14,1,1,1,0,0.0,0,0,0,0,0
00-0040688,Malaki Starks,SAF,BAL,14,4,0,0,0,0.0,0,0,1,0,0
00-0040708,Jihaad Campbell,LB,PHI,14,2,1,0,0,0.0,0,0,0,0,0
00-0040709,Maxwell Hairston,CB,BUF,14,3,0,0,0,0.0,0,0,2,0,0
00-0040710,Deone Walker,DT,BUF,14,1,3,0,0,0.0,0,0,0,0,0
00-0040720,Jahdae Barron,CB,DEN,14,3,0,0,0,0.0,0,0,0,0,0
00-0040722,Mike Green,LB,BAL,14,1,2,1,0,0.0,0,0,0,0,0
00-0040723,Jack Kiser,LB,JAX,14,1,2,0,0,0.0,0,0,0,0,0
00-0040724,T.J. Sanders,DT,BUF,14,1,1,0,0,0.0,0,0,0,0,0
00-0040725,Donovan Ezeiruaku,DE,DAL,14,1,3,1,0,0.0,0,0,0,0,0
00-0040733,Nick Emmanwori,SAF,SEA,14,5,1,2,0,1.0,1,1,1,0,0
00-0040738,Demetrius Knight Jr.,LB,CIN,14,3,2,0,0,0.0,0,0,0,0,0
00-0040744,Jaylahn Tuimolaou,DE,IND,14,3,3,1,0,0.0,0,0,0,0,0
00-0040751,Will Johnson,CB,ARI,14,2,1,0,0,0.0,0,0,1,0,0
00-0026190,Calais Campbell,DE,ARI,15,0,1,0,0,0.0,0,0,0,0,0
00-0027865,Brandon Graham,DE,PHI,15,2,0,1,0,2.0,2,0,0,0,0
00-0027940,Von Miller,OLB,WAS,15,2,1,1,0,1.0,2,0,0,0,0
00-0027962,Cameron Jordan,LB,NO,15,3,0,0,0,0.0,0,0,0,0,0
00-0027969,Cameron Heyward,DE,PIT,15,3,2,2,0,1.0,1,0,0,0,0
00-0028292,Nick Bellore,LB,WAS,15,1,0,0,0,0.0,0,0,0,0,0
00-0028845,Josh Harris,LS,LAC,15,0,1,0,0,0.0,0,0,0,0,0
00-0028872,Johnny Hekker,P,TEN,15,0,1,0,0,0.0,0,0,0,0,0
00-0029255,Bobby Wagner,MLB,WAS,15,6,1,0,0,0.0,0,0,0,0,0
00-0029562,Lavonte David,OLB,TB,15,3,3,0,1,0.0,0,0,1,0,0
00-0029606,Harrison Smith,FS,MIN,15,3,3,0,0,0.0,1,0,2,0,0
00-0029607,Demario Davis,OLB,NO,15,4,1,0,0,0.0,0,0,0,0,0
00-0030070,John Jenkins,DT,BAL,15,2,2,0,1,0.0,0,0,0,0,0
00-0030114,Jordan Poyer,FS,BUF,15,1,4,0,0,0.0,0,0,0,0,0
00-0030294,Tony Jefferson,S,LAC,15,3,2,0,0,0.0,1,0,1,0,0
00-0030506,Travis Kelce,TE,KC,15,1,0,0,0,0.0,0,0,0,0,0
00-0030757,Mike Pennel,DT,KC,15,2,0,0,0,0.0,0,0,0,0,0
00-0031040,Khalil Mack,OLB,LAC,15,1,2,0,0,1.0,2,0,0,0,0
00-0031054,DaQuan Jones,DT,BUF,15,1,0,0,0,0.0,0,0,0,0,0
00-0031254,Denico Autry,DT,HOU,15,1,0,1,0,1.0,1,0,0,0,0
00-0031270,Shelby Harris,DE,CLE,15,0,2,0,0,0.5,1,0,0,0,0
00-0031360,Kyle Van Noy,MLB,BAL,15,1,0,0,0,0.0,1,1,1,0,0
00-0031364,Jadeveon Clowney,OLB,DAL,15,1,3,0,0,0.0,0,0,0,0,0
00-0031408,Mike Evans,WR,TB,15,1,0,0,0,0.0,0,0,0,0,0
00-0031411,DeMarcus Lawrence,LB,SEA,15,4,0,1,0,0.0,0,0,0,0,0
00-0031550,Shaq Thompson,OLB,BUF,15,2,1,1,0,0.0,0,0,0,0,0
00-0031551,Eddie Goldman,NT,WAS,15,1,0,0,0,0.0,0,0,0,0,0
00-0031565,Danielle Hunter,DE,HOU,15,2,1,1,0,1.0,1,0,0,0,0
00-0031583,Grady Jarrett,DT,CHI,15,3,1,1,0,1.0,1,0,0,0,0
00-0031740,Neville Hewitt,LB,NYG,15,1,0,0,0,0.0,0,0,0,0,0
00-0031898,Alex Singleton,LB,DEN,15,4,4,0,0,0.0,0,0,0,0,0
00-0031933,Leonard Williams,DE,SEA,15,3,2,2,0,0.0,2,0,0,0,0
00-0031935,Preston Smith,DE,WAS,15,2,0,1,0,0.0,2,0,1,0,0
00-0032103,Denzel Perryman,MLB,LAC,15,3,5,1,0,0.0,0,0,0,0,0
00-0032104,Ameer Abdullah,RB,IND,15,1,0,0,0,0.0,0,0,0,0,0
00-0032164,Arik Armstead,DE,JAX,15,0,1,0,0,0.0,0,0,0,0,0
00-0032228,Joe Cardona,LS,MIA,15,1,0,0,0,0.0,0,0,0,0,0
00-0032265,Mario Edwards,DT,HOU,15,1,1,0,0,0.0,0,0,0,0,0
00-0032387,Jarran Reed,DT,SEA,15,3,2,1,0,0.0,0,0,0,0,0
00-0032388,Deion Jones,LB,TB,15,4,4,0,0,0.0,0,0,0,0,0
00-0032415,Matthew Judon,OLB,MIA,15,0,1,0,0,0.0,0,0,0,0,0
00-0032424,DJ Reader,DT,DET,15,0,2,0,0,0.0,0,0,0,0,0
00-0032442,Elandon Roberts,OLB,LV,15,6,3,3,0,0.0,0,0,0,0,0
00-0032667,Roy Robertson-Harris,DE,NYG,15,2,1,0,0,0.0,0,0,0,0,0
00-0032759,Sheldon Rankins,DT,HOU,15,1,2,0,0,0.0,0,0,0,0,0
00-0032762,Chris Jones,DE,KC,15,0,0,0,0,0.0,2,0,0,0,0
00-0032889,A'Shawn Robinson,DT,CAR,15,1,3,0,0,0.0,0,0,0,0,0
00-0032933,Antonio Hamilton,CB,WAS,15,3,2,0,0,0.0,0,0,2,0,0
00-0033038,Eric Murray,S,JAX,15,4,2,2,0,1.0,1,0,0,0,0
00-0033046,Jihad Ward,LB,TEN,15,1,2,0,0,0.0,0,0,0,0,0
00-0033051,David Onyemata,DT,ATL,15,3,1,1,0,0.0,0,0,0,0,0
00-0033055,Jalen Ramsey,CB,PIT,15,4,2,1,0,1.0,1,0,0,0,0
00-0033066,Andrew Billings,DT,CHI,15,0,0,0,0,0.0,3,0,0,0,0
00-0033093,Jonathan Bullard,DE,NO,15,2,4,0,0,0.0,0,0,0,0,0
00-0033109,Javon Hargrave,NT,MIN,15,0,2,0,0,0.5,1,0,0,0,0
00-0033120,Kenny Clark,NT,DAL,15,1,2,1,0,0.0,1,0,0,0,0
00-0033132,Kevin Byard,FS,CHI,15,2,0,0,0,0.0,0,0,0,0,0
00-0033156,Joey Bosa,DE,BUF,15,0,0,0,0,0.0,1,0,1,0,0
00-0033280,Christian McCaffrey,RB,SF,15,1,0,0,0,0.0,0,0,0,0,0
00-0033281,Marlon Humphrey,CB,BAL,15,2,0,0,0,0.0,0,1,1,0,0
00-0033294,Chuck Clark,SAF,PIT,15,1,0,0,0,0.0,0,0,0,0,0
00-0033297,D.J. Jones,DT,DEN,15,1,1,1,0,0.0,0,0,0,0,0
00-0033303,Harrison Butker,K,KC,15,1,0,0,0,0.0,0,0,0,0,0
00-0033319,Nick Mullens,QB,JAX,15,0,1,0,0,0.0,0,0,0,0,0
00-0033336,Eric Wilson,LB,MIN,15,4,3,0,0,0.0,1,0,0,0,0
00-0033381,Adam Butler,DT,LV,15,3,2,0,0,0.0,0,0,0,0,0
00-0033393,Kenny Moore II,CB,IND,15,1,0,0,0,0.0,0,0,0,0,0
00-0033523,Jonathan Allen,DE,MIN,15,0,2,0,0,0.0,0,0,0,0,0
00-0033546,Dalvin Tomlinson,DE,ARI,15,2,0,0,0,0.0,0,0,0,0,0
00-0033548,Chidobe Awuzie,CB,BAL,15,1,0,0,0,0.0,0,0,0,0,0
00-0033551,Rasul Douglas,CB,MIA,15,1,4,0,0,0.0,0,0,0,0,0
00-0033555,Mack Hollins,WR,NE,15,1,0,0,0,0.0,0,0,0,0,0
00-0033557,Jalen Reeves-Maybin,LB,CHI,15,2,0,0,0,0.0,0,0,0,0,0
00-0033571,Matt Milano,OLB,BUF,15,9,1,2,1,2.0,2,0,0,0,0
00-0033576,Eric Saubert,TE,SEA,15,1,0,0,0,0.0,0,0,0,0,0
00-0033860,Davon Godchaux,DT,NO,15,1,1,0,0,0.0,0,0,0,0,0
00-0033868,Myles Garrett,DE,CLE,15,2,2,1,0,1.5,3,0,0,0,0
00-0033872,Jamal Adams,LB,LV,15,1,0,0,0,0.0,0,0,0,0,0
00-0033875,Haason Reddick,OLB,TB,15,1,1,1,1,1.0,1,0,0,0,0
00-0033876,Derek Barnett,DE,HOU,15,1,0,0,0,0.0,0,0,0,0,0
00-0033877,Malik Hooker,FS,DAL,15,3,3,0,0,0.0,0,0,0,0,0
00-0033878,Adoree' Jackson,CB,PHI,15,2,1,0,0,0.0,0,0,1,0,0
00-0033884,Tre'Davious White,CB,BUF,15,1,0,1,0,0.0,0,1,2,0,0
00-0033890,Budda Baker,S,ARI,15,5,3,0,0,0.0,0,0,0,0,0
00-0033894,Marcus Williams,FS,LAC,15,2,2,0,0,0.0,0,0,0,0,0
00-0033905,Larry Ogunjobi,DT,BUF,15,1,1,1,0,0.0,0,0,0,0,0
00-0033907,Dawuane Smoot,DE,JAX,15,0,1,0,0,0.0,1,0,0,0,0
00-0033914,Alex Anzalone,MLB,DET,15,3,2,0,0,0.0,0,0,1,0,0
00-0033918,Fabian Moreau,CB,MIN,15,1,0,0,0,0.0,0,0,0,0,0
00-0033923,Kareem Hunt,RB,KC,15,1,0,0,0,0.0,0,0,0,0,0
00-0033928,Jourdan Lewis,CB,JAX,15,0,2,0,0,0.0,0,0,0,0,0
00-0033941,Rayshawn Jenkins,SAF,CLE,15,1,0,0,0,0.0,0,0,0,0,0
00-0033945,Samson Ebukam,DE,IND,15,1,0,0,0,0.0,1,0,0,0,0
00-0033952,Grover Stewart,DT,IND,15,0,1,0,0,0.0,0,0,0,0,0
00-0033955,Jeremy McNichols,RB,WAS,15,1,0,0,0,0.0,0,0,0,0,0
00-0033964,Al-Quadin Muhammad,LB,DET,15,0,1,0,0,0.0,2,0,0,0,0
00-0034116,J.T. Gray,DB,TB,15,0,1,0,0,0.0,0,0,0,0,0
00-0034163,Jacob Martin,DE,WAS,15,0,1,0,0,0.0,3,0,1,0,0
00-0034234,Poona Ford,DT,LAR,15,0,4,0,0,0.0,1,0,0,0,0
00-0034278,Tremon Smith,CB,HOU,15,0,1,0,0,0.0,0,0,1,0,0
00-0034285,Zach Sieler,DE,MIA,15,1,1,1,0,1.0,1,0,0,0,0
00-0034302,Frankie Luvu,LB,WAS,15,2,3,0,0,0.0,0,0,0,0,0
00-0034320,Kentavius Street,DE,ATL,15,1,0,0,0,0.0,0,0,0,0,0
00-0034344,Marcus Davenport,DE,DET,15,0,2,0,0,0.0,1,0,0,0,0
00-0034350,Uchenna Nwosu,LB,SEA,15,1,2,0,0,0.0,0,0,0,0,0
00-0034356,Donte Jackson,CB,LAC,15,1,0,0,0,0.0,0,0,0,0,0
00-0034357,Isaiah Oliver,FS,NYJ,15,1,0,0,0,0.0,0,0,0,0,0
00-0034359,Tyquan Lewis,DE,IND,15,0,1,0,0,0.0,1,0,0,0,0
00-0034371,Da'Shawn Hand,DE,LAC,15,2,1,2,0,0.0,0,0,0,0,0
00-0034376,Taron Johnson,CB,BUF,15,3,2,0,0,0.0,0,0,0,0,0
00-0034377,Avonte Maddox,FS,DET,15,3,3,0,0,0.0,0,0,2,0,0
00-0034381,Josh Sweat,LB,ARI,15,0,1,0,0,0.0,0,0,0,0,0
00-0034384,D.J. Reed,CB,DET,15,3,2,0,0,0.0,0,0,0,0,0
00-0034413,Foye Oluokun,LB,JAX,15,3,5,0,0,0.0,0,0,0,0,0
00-0034431,Zaire Franklin,OLB,IND,15,6,3,1,0,0.0,0,0,0,0,0
00-0034465,Jeremy Reaves,DB,WAS,15,3,0,1,0,0.0,0,0,0,0,0
00-0034473,Dennis Gardeck,LB,JAX,15,3,1,1,0,1.0,1,0,0,0,0
00-0034488,Tavierre Thomas,SAF,MIN,15,0,1,0,0,0.0,0,0,0,0,0
00-0034639,Mike Ford,DB,ATL,15,0,1,0,0,0.0,0,0,0,0,0
00-0034657,Matt Dickerson,DE,JAX,15,0,2,0,0,0.0,1,0,1,0,0
00-0034675,Jessie Bates,FS,ATL,15,6,2,0,0,0.0,0,0,0,0,0
00-0034746,Maurice Hurst,DT,CLE,15,0,0,0,0,0.0,0,0,1,0,0
00-0034754,Oren Burks,ILB,CIN,15,0,1,0,0,0.0,0,0,0,0,0
00-0034760,Nathan Shepherd,DE,NO,15,1,1,0,0,0.0,1,0,0,0,0
00-0034773,Vita Vea,DT,TB,15,0,1,0,0,0.0,1,0,0,0,0
00-0034778,Carlton Davis III,CB,NE,15,0,3,1,0,0.0,0,0,1,0,0
00-0034782,Harrison Phillips,DT,NYJ,15,2,0,0,0,0.0,0,0,0,0,0
00-0034789,Minkah Fitzpatrick,FS,MIA,15,5,1,1,0,0.0,0,0,0,0,0
00-0034790,Derwin James,FS,LAC,15,2,8,0,0,0.0,0,1,2,0,0
00-0034797,Jerome Baker,OLB,CLE,15,1,3,0,0,0.0,0,0,0,0,0
00-0034800,B.J. Hill,DE,CIN,15,1,4,0,0,0.0,0,0,0,0,0
00-0034805,John Franklin-Myers,DE,DEN,15,0,0,0,0,0.0,4,0,0,0,0
00-0034810,Sebastian Joseph-Day,DT,TEN,15,1,1,0,0,0.0,1,0,0,0,0
00-0034818,Derrick Nnadi,NT,KC,15,0,2,0,0,0.0,0,0,0,0,0
00-0034825,Arden Key,DE,TEN,15,0,2,0,0,0.0,1,0,0,0,0
00-0034828,Harold Landry III,LB,NE,15,1,1,1,0,1.0,1,0,0,0,0
00-0034832,Bradley Chubb,OLB,MIA,15,2,2,0,0,0.0,0,0,0,0,0
00-0034854,KhaDarel Hodge,WR,ATL,15,0,1,0,0,0.0,0,0,0,0,0
00-0034874,Roquan Smith,ILB,BAL,15,8,6,0,0,0.0,0,0,0,0,0
00-0034959,Andrew Beck,FB,NYJ,15,1,0,0,0,0.0,0,0,0,0,0
00-0034967,Rashan Gary,LB,GB,15,3,0,0,0,0.0,1,0,0,0,0
00-0034973,Maxx Crosby,DE,LV,15,3,1,1,0,1.0,1,0,0,0,0
00-0034974,Julian Love,SAF,SEA,15,0,1,0,0,0.0,0,0,2,0,0
00-0034982,Dre Greenlaw,LB,DEN,15,5,3,0,0,0.0,0,0,0,0,0
00-0034993,Marcus Epps,SAF,PHI,15,1,0,0,0,0.0,0,0,0,0,0
00-0035112,Patrick Mekari,OT,JAX,15,0,1,0,0,0.0,0,0,0,0,0
00-0035133,Keisean Nixon,DB,GB,15,4,1,0,0,0.0,0,0,0,0,0
00-0035166,Azeez Al-Shaair,LB,HOU,15,7,5,0,0,0.0,0,0,0,0,0
00-0035202,Del'Shawn Phillips,LB,LAC,15,0,1,0,0,0.0,0,0,0,0,0
00-0035227,P.J. Locke,DB,DEN,15,0,1,0,0,0.0,0,0,1,0,0
00-0035236,Byron Murphy,CB,MIN,15,3,1,0,0,0.0,0,0,2,0,0
00-0035240,Jahlani Tavai,LB,NE,15,1,2,0,0,0.0,0,0,0,0,0
00-0035244,Lonnie Johnson,SAF,LV,15,1,1,0,0,0.0,0,0,0,0,0
00-0035248,Zach Allen,DE,DEN,15,0,2,0,0,0.5,6,0,0,0,0
00-0035249,Josh Oliver,TE,MIN,15,1,0,0,0,0.0,0,0,0,0,0
00-0035253,C.J. Gardner-Johnson,SAF,CHI,15,3,1,1,0,0.0,0,1,2,0,0
00-0035254,Anthony Nelson,LB,TB,15,0,1,0,0,0.0,0,0,0,0,0
00-0035262,Drue Tranquill,LB,KC,15,8,6,1,0,0.0,1,0,0,0,0
00-0035272,Andrew Van Ginkel,OLB,MIN,15,2,2,0,0,0.5,4,0,0,0,0
00-0035276,Blake Cashman,LB,MIN,15,3,8,0,0,0.0,0,0,1,0,0
00-0035277,Mike Jackson,CB,CAR,15,5,1,1,1,0.0,0,0,1,0,0
00-0035279,Charles Omenihu,DE,KC,15,1,2,1,0,1.5,3,0,0,0,0
00-0035286,Cole Holcomb,LB,PIT,15,1,0,0,0,0.0,0,0,0,0,0
00-0035301,Donovan Wilson,SAF,DAL,15,3,0,1,0,0.0,0,0,1,0,0
00-0035316,Kaden Elliss,LB,ATL,15,6,0,1,0,0.0,0,0,0,0,0
00-0035352,Tyrel Dodson,LB,MIA,15,8,2,0,0,0.0,0,0,0,0,0
00-0035357,Cam Lewis,CB,BUF,15,4,0,0,0,0.0,0,0,0,0,0
00-0035359,David Sills,WR,ATL,15,1,0,0,0,0.0,0,0,0,0,0
00-0035363,Joe Giles-Harris,LB,CIN,15,1,0,0,0,0.0,0,0,0,0,0
00-0035378,Andrew Wingard,SAF,JAX,15,2,4,1,0,0.0,0,0,0,0,0
00-0035386,T.J. Edwards,LB,CHI,15,5,4,1,0,0.0,2,0,0,0,0
00-0035413,Luke Gifford,LB,SF,15,0,1,0,0,0.0,0,0,0,0,0
00-0035525,Devin Bush,LB,CLE,15,1,1,0,0,0.0,0,0,0,0,0
00-0035617,Troy Reeder,LB,LAR,15,1,0,0,0,0.0,0,0,0,0,0
00-0035632,Amani Hooker,SAF,TEN,15,5,2,0,0,0.0,0,0,1,0,0
00-0035637,Rock Ya-Sin,CB,DET,15,2,3,0,0,0.0,0,0,0,0,0
00-0035642,Josh Hines-Allen,DE,JAX,15,1,1,0,0,0.0,2,0,0,0,0
00-0035643,Jeffery Simmons,DT,TEN,15,2,3,2,1,1.0,1,0,0,0,0
00-0035647,Montez Sweat,DE,CHI,15,1,0,0,0,0.0,2,0,0,0,0
00-0035655,Will Harris,SAF,WAS,15,1,2,0,0,0.0,0,0,0,0,0
00-0035656,Khalen Saunders,DT,NYJ,15,1,0,0,0,0.0,0,0,0,0,0
00-0035669,Nick Scott,SAF,CAR,15,6,4,0,0,0.0,0,0,0,0,0
00-0035672,Cody Barton,LB,TEN,15,1,4,0,0,0.0,0,0,0,0,0
00-0035678,Dre'Mont Jones,DE,BAL,15,1,1,0,0,0.0,5,0,0,0,0
00-0035680,Quincy Williams,LB,NYJ,15,0,3,1,0,0.0,0,0,0,0,0
00-0035683,Dexter Lawrence,DT,NYG,15,1,1,0,0,0.0,0,0,0,0,0
00-0035687,Bobby Okereke,ILB,NYG,15,2,5,0,0,0.0,0,0,0,0,0
00-0035692,Clelin Ferrell,DE,SF,15,2,4,0,0,0.0,1,0,0,0,0
00-0035697,Germaine Pratt,LB,IND,15,5,5,1,0,0.0,0,0,0,0,0
00-0035699,Jamel Dean,CB,TB,15,5,0,0,0,0.0,0,0,0,0,0
00-0035707,Devin White,LB,LV,15,9,7,2,0,0.0,0,0,0,0,0
00-0035713,Brian Burns,LB,NYG,15,0,1,0,0,0.0,3,0,0,0,0
00-0035718,Quinnen Williams,DT,DAL,15,2,1,0,0,0.0,0,1,1,0,0
00-0035719,Deebo Samuel Sr.,WR,WAS,15,1,0,0,0,0.0,0,0,0,0,0
00-0035763,Malcolm Roach,DT,DEN,15,0,3,0,0,0.0,0,0,0,0,0
00-0035857,Chris Williams,DT,CHI,15,1,1,1,0,0.0,0,0,0,0,0
00-0035895,Joe Bachie,LB,TEN,15,0,2,0,0,0.0,0,0,0,0,0
00-0035942,Christian Rozeboom,LB,CAR,15,3,3,0,0,1.0,1,0,0,0,0
00-0035944,Jonah Williams,DE,NO,15,1,2,0,0,0.0,0,0,0,0,0
00-0036087,Myles Bryant,CB,HOU,15,1,2,0,0,0.0,0,0,0,0,0
00-0036124,Khalil Dorsey,CB,DET,15,0,1,0,0,0.0,0,0,0,0,0
00-0036151,Bryce Huff,DE,SF,15,0,2,0,0,0.0,0,0,0,0,0
00-0036181,Teair Tart,DT,LAC,15,1,1,0,0,0.0,0,0,0,0,0
00-0036187,Reggie Gilliam,RB,BUF,15,1,0,0,0,0.0,0,0,0,0,0
00-0036193,Anfernee Jennings,LB,NE,15,1,0,0,0,0.0,1,0,0,0,0
00-0036199,Geno Stone,SAF,CIN,15,3,1,0,0,0.0,0,0,0,0,0
00-0036204,LaCale London,DE,ATL,15,1,0,1,0,1.0,1,0,1,0,0
00-0036220,Derrick Brown,DT,CAR,15,1,3,0,0,0.0,0,0,0,0,0
00-0036221,Brandon Jones,SAF,DEN,15,2,2,0,0,0.0,0,0,0,0,0
00-0036222,Isaiah Rodgers,CB,MIN,15,4,2,0,0,0.0,0,0,0,0,0
00-0036224,Jonathan Greenard,LB,MIN,15,0,4,0,0,1.0,3,0,0,0,0
00-0036231,Kyle Dugger,SAF,PIT,15,2,0,0,0,0.0,0,0,0,0,0
00-0036237,Larrell Murchison,DT,LAR,15,0,0,0,0,0.0,1,0,0,0,0
00-0036244,Colby Parkinson,TE,LAR,15,1,0,0,0,0.0,0,0,0,0,0
00-0036260,Javon Kinlaw,DT,WAS,15,3,0,1,1,0.0,0,0,0,0,0
00-0036262,DaVon Hamilton,DT,JAX,15,0,3,0,0,0.0,0,0,0,0,0
00-0036280,Malik Harrison,LB,PIT,15,3,2,0,0,0.0,0,0,0,0,0
00-0036282,Grant Delpit,SAF,CLE,15,0,3,0,0,0.0,0,0,0,0,0
00-0036285,A.J. Terrell,CB,ATL,15,2,1,0,0,0.0,0,0,1,0,0
00-0036287,Noah Igbinoghene,CB,WAS,15,5,0,0,0,0.0,1,0,0,0,0
00-0036292,Jaylon Johnson,CB,CHI,15,1,0,0,0,0.0,0,1,1,0,0
00-0036293,Jeremy Chinn,SAF,LV,15,1,2,0,0,0.0,0,0,0,0,0
00-0036294,Logan Wilson,LB,DAL,15,0,1,0,0,0.0,0,0,0,0,0
00-0036298,Akeem Davis-Gaither,LB,ARI,15,4,7,0,0,0.0,0,0,0,0,0
00-0036300,Mykal Walker,LB,NYJ,15,1,2,0,0,0.0,0,0,0,0,0
00-0036302,Jaylinn Hawkins,SAF,NE,15,4,7,0,0,0.0,0,0,1,0,0
00-0036305,Trevis Gipson,LB,CAR,15,1,0,1,0,1.0,1,0,0,0,0
00-0036306,Daniel Thomas,SAF,DET,15,1,1,0,0,0.0,0,0,0,0,0
00-0036307,Kindle Vildor,CB,TB,15,3,1,0,0,0.0,0,0,0,0,0
00-0036321,Chase Young,DE,NO,15,4,2,2,0,1.0,2,0,0,0,0
00-0036323,Patrick Queen,LB,PIT,15,9,1,2,0,0.0,0,0,0,0,0
00-0036329,Ashtyn Davis,SAF,MIA,15,2,4,0,0,0.0,0,0,0,0,0
00-0036333,Alex Highsmith,LB,PIT,15,2,0,0,0,0.0,0,0,1,0,0
00-0036335,D.J. Wonnum,LB,CAR,15,2,2,1,0,2.0,2,0,0,0,0
00-0036337,James Lynch,DT,TEN,15,0,1,0,0,0.0,0,0,0,0,0
00-0036338,Troy Dye,LB,LAC,15,1,0,0,0,0.0,0,0,0,0,0
00-0036348,Josh Metellus,SAF,MIN,15,4,3,0,0,0.0,0,0,0,0,0
00-0036349,Kam Curl,SAF,LAR,15,3,3,0,0,0.0,0,0,0,0,0
00-0036362,Willie Gay Jr.,LB,MIA,15,0,1,0,0,0.0,0,0,0,0,0
00-0036366,Neville Gallimore,DT,IND,15,2,0,0,0,0.0,0,0,0,0,0
00-0036375,Amik Robertson,CB,DET,15,3,0,0,0,0.0,0,0,2,0,0
00-0036378,Michael Danna,LB,KC,15,0,1,0,0,0.0,0,0,0,0,0
00-0036380,Alohi Gilman,SAF,BAL,15,5,3,0,0,0.0,0,0,1,1,0
00-0036388,Xavier McKinney,SAF,GB,15,7,1,0,0,0.0,0,0,3,0,0
00-0036407,Jerry Jeudy,WR,CLE,15,1,0,0,0,0.0,0,0,0,0,0
00-0036409,Jordyn Brooks,LB,MIA,15,7,6,2,0,1.0,1,0,1,0,0
00-0036411,Antoine Winfield Jr.,SAF,TB,15,8,5,0,0,0.0,0,0,0,0,0
00-0036418,Zack Baun,LB,PHI,15,0,4,0,0,0.0,0,1,1,0,0
00-0036429,Charlie Woerner,TE,ATL,15,1,0,0,0,0.0,0,0,0,0,0
00-0036441,"Kenneth Murray, Jr.",LB,DAL,15,0,1,0,0,0.0,0,0,0,0,0
00-0036443,Rex Sunahara,LS,CLE,15,1,0,0,0,0.0,0,0,0,0,0
00-0036479,Kwity Paye,DE,IND,15,0,1,0,0,0.0,0,0,0,0,0
00-0036500,Jamien Sherwood,LB,NYJ,15,5,3,0,0,0.0,0,0,0,0,0
00-0036502,Jason Pinnock,SAF,SF,15,1,2,0,0,0.0,0,0,0,0,0
00-0036504,Brandin Echols,CB,PIT,15,2,0,0,0,0.0,0,0,0,0,0
00-0036563,Deommodore Lenoir,CB,SF,15,1,3,0,0,0.0,0,0,0,0,0
00-0036564,Talanoa Hufanga,SAF,DEN,15,3,0,1,0,0.0,0,0,0,0,0
00-0036568,Roy Lopez,DT,DET,15,1,0,1,0,1.0,2,0,0,0,0
00-0036587,Ar'Darius Washington,SAF,BAL,15,0,2,0,0,0.0,0,0,0,0,0
00-0036613,Jaylen Waddle,WR,MIA,15,1,0,0,0,0.0,0,0,0,0,0
00-0036617,Asante Samuel Jr.,CB,PIT,15,2,0,0,0,0.0,0,1,1,0,0
00-0036621,Nick Bolton,LB,KC,15,5,6,1,0,0.0,1,0,0,0,0
00-0036625,Benjamin St-Juste,CB,LAC,15,2,2,0,0,0.0,0,0,0,0,0
00-0036629,Camryn Bynum,SAF,IND,15,7,1,0,0,0.0,0,0,0,0,0
00-0036630,Tylan Wallace,WR,BAL,15,0,1,0,0,0.0,0,0,0,0,0
00-0036658,Isaiah McDuffie,LB,GB,15,1,1,0,0,0.0,1,0,0,0,0
00-0036672,Grant Stuard,LB,DET,15,1,1,0,0,0.0,0,0,0,0,0
00-0036677,Zayne Anderson,SAF,GB,15,1,2,0,0,0.0,0,0,0,0,0
00-0036683,Devon Key,SAF,DEN,15,1,0,0,0,0.0,0,0,0,0,0
00-0036705,Sam Kamara,DT,CLE,15,1,0,2,0,0.0,0,0,0,0,0
00-0036711,Charles Snowden,LB,LV,15,0,4,0,0,0.0,0,0,0,0,0
00-0036727,Adam Prentice,FB,DEN,15,0,1,0,0,0.0,0,0,0,0,0
00-0036728,Curtis Robinson,LB,SF,15,3,4,0,0,0.0,0,0,1,0,0
00-0036802,Jon Rhattigan,LB,LV,15,0,1,0,0,0.0,0,0,0,0,0
00-0036813,Christian Elliss,LB,NE,15,3,5,0,0,0.0,0,0,1,0,0
00-0036844,Garret Wallow,LB,SF,15,1,1,0,0,0.0,0,0,0,0,0
00-0036862,Ben Skowronek,WR,PIT,15,0,2,0,0,0.0,0,0,0,0,0
00-0036867,Chris Rumph II,LB,NO,15,0,2,1,0,0.0,0,0,0,0,0
00-0036874,Pat Surtain II,CB,DEN,15,4,0,0,0,0.0,0,1,1,0,0
00-0036876,Kylen Granson,TE,PHI,15,0,1,0,0,0.0,0,0,0,0,0
00-0036881,Jay Tufele,DT,NYJ,15,1,0,0,0,0.0,0,0,0,0,0
00-0036883,Tommy Togiai,DT,HOU,15,3,0,0,0,0.0,0,0,0,0,0
00-0036901,Eric Stokes,CB,LV,15,4,1,0,0,0.0,0,0,0,0,0
00-0036902,Joseph Ossai,DE,CIN,15,0,3,0,0,0.0,0,0,0,0,0
00-0036903,Bobby Brown III,DT,CAR,15,3,3,0,0,0.5,1,0,0,0,0
00-0036904,Robert Rochell,CB,CAR,15,1,1,0,0,0.0,0,0,0,0,0
00-0036909,Khyiris Tonga,DT,NE,15,0,2,0,0,0.0,0,0,0,0,0
00-0036914,Greg Rousseau,LB,BUF,15,1,2,0,0,1.0,2,0,0,0,0
00-0036927,Pete Werner,LB,NO,15,3,0,0,0,0.0,0,0,0,0,0
00-0036932,Micah Parsons,LB,GB,15,1,1,0,1,0.0,0,0,1,0,0
00-0036933,Zaven Collins,LB,ARI,15,3,1,0,0,0.0,1,0,0,0,0
00-0036934,Jaelan Phillips,LB,PHI,15,0,0,0,0,0.0,2,0,2,0,0
00-0036937,Paulson Adebo,CB,NYG,15,3,3,0,0,0.0,0,0,0,0,0
00-0036940,Odafe Oweh,LB,LAC,15,4,0,3,0,2.0,2,0,0,0,0
00-0036942,Osa Odighizuwa,DT,DAL,15,1,2,0,0,0.0,0,0,0,0,0
00-0036944,Jaycee Horn,CB,CAR,15,6,1,0,0,0.0,0,0,2,0,0
00-0036952,Jonathon Cooper,LB,DEN,15,1,4,0,0,0.5,1,0,0,0,0
00-0036956,Darren Hall,CB,ARI,15,3,3,0,0,0.0,0,0,0,0,0
00-0036962,Tre'von Moehrig,SAF,CAR,15,3,2,0,0,0.0,0,0,0,0,0
00-0036964,Derrick Barnes,LB,DET,15,1,3,0,0,0.0,0,0,0,0,0
00-0036967,Joe Tryon-Shoyinka,DE,CHI,15,0,3,0,0,0.0,1,0,0,0,0
00-0036974,Tyson Campbell,CB,CLE,15,3,2,0,0,0.0,0,0,0,0,0
00-0036981,Christian Barmore,DT,NE,15,1,0,0,0,0.0,1,0,0,0,0
00-0036982,Chauncey Golston,DE,NYG,15,1,1,0,0,0.0,0,0,0,0,0
00-0036986,Nahshon Wright,CB,CHI,15,1,2,0,0,0.0,0,0,1,0,0
00-0036987,Brandon Stephens,CB,NYJ,15,5,0,0,1,0.0,0,0,1,0,0
00-0036989,Malcolm Koonce,DE,LV,15,0,1,0,0,0.0,0,0,0,0,0
00-0036990,Divine Deablo,LB,ATL,15,1,2,0,0,0.5,1,0,0,0,0
00-0036993,Ifeatu Melifonwu,SAF,MIA,15,1,2,0,0,0.0,0,0,0,0,0
00-0036994,Ernest Jones,LB,SEA,15,5,5,0,0,0.0,0,0,0,0,0
00-0036995,Baron Browning,LB,ARI,15,1,2,1,0,0.0,0,0,0,0,0
00-0036996,Greg Newsome II,CB,JAX,15,5,0,0,0,0.0,0,0,0,0,0
00-0036998,Jevon Holland,SAF,NYG,15,3,2,0,0,0.0,0,0,0,0,0
00-0037034,Dee Alford,CB,ATL,15,3,0,0,0,0.0,0,1,1,0,0
00-0037073,Jordan Davis,DT,PHI,15,0,4,0,0,0.0,0,0,0,0,0
00-0037074,Quay Walker,LB,GB,15,2,6,1,0,0.0,0,0,0,0,0
00-0037083,Kingsley Enagbare,LB,GB,15,1,0,0,0,0.0,1,0,0,0,0
00-0037096,Elijah Hicks,SAF,CHI,15,1,1,0,0,0.0,0,0,0,0,0
00-0037106,Jaylon Jones,DB,CHI,15,1,0,0,0,0.0,0,0,0,0,0
00-0037120,Tyler Goodson,RB,IND,15,2,0,0,0,0.0,0,0,0,0,0
00-0037129,Josh Blackwell,CB,CHI,15,1,0,0,0,0.0,0,0,0,0,0
00-0037130,Reed Blankenship,SAF,PHI,15,1,2,0,0,0.0,0,0,0,0,0
00-0037137,Josh Jobe,CB,SEA,15,1,0,0,0,0.0,0,0,0,0,0
00-0037155,Tony Adams,SAF,NYJ,15,3,0,0,0,0.0,0,0,0,0,0
00-0037192,George Karlaftis,DE,KC,15,2,1,1,0,0.0,1,0,0,0,0
00-0037193,Bryan Cook,SAF,KC,15,5,2,0,0,0.0,0,0,1,0,0
00-0037195,Jaylen Watson,CB,KC,15,3,1,1,0,1.0,1,0,0,0,0
00-0037205,Brenden Schooler,SAF,NE,15,0,1,0,0,0.0,0,0,0,0,0
00-0037208,Jack Cochrane,LB,KC,15,1,0,0,0,0.0,0,0,0,0,0
00-0037235,Travon Walker,DE,JAX,15,2,1,1,0,0.0,0,0,0,0,0
00-0037236,Aidan Hutchinson,DE,DET,15,2,1,0,0,1.0,3,1,1,0,0
00-0037237,Derek Stingley Jr.,CB,HOU,15,2,1,1,0,0.0,0,0,0,0,0
00-0037242,Kaiir Elam,CB,TEN,15,1,1,0,0,0.0,0,0,0,0,0
00-0037244,Devin Lloyd,LB,JAX,15,1,5,0,0,0.0,0,0,0,0,0
00-0037246,Jalen Pitre,SAF,HOU,15,2,2,0,0,0.0,0,0,1,0,0
00-0037249,Nik Bonitto,LB,DEN,15,2,0,1,0,0.0,1,0,0,0,0
00-0037251,Alex Wright,DE,CLE,15,1,3,1,0,1.0,1,0,0,0,0
00-0037253,Marcus Jones,CB,NE,15,8,2,0,0,0.0,0,0,0,0,0
00-0037262,Thomas Booker,DT,LV,15,1,2,1,0,0.0,0,0,0,0,0
00-0037271,D'Marco Jackson,LB,CHI,15,2,5,1,0,1.0,1,1,2,0,0
00-0037274,Esezi Otomewo,DT,PIT,15,1,2,1,0,1.0,1,0,0,0,0
00-0037275,DaRon Bland,CB,DAL,15,2,2,0,0,0.0,0,0,1,0,0
00-0037281,Damone Clark,LB,HOU,15,2,2,0,0,0.0,0,0,0,0,0
00-0037289,Malcolm Rodriguez,LB,DET,15,1,0,0,0,0.0,0,0,0,0,0
00-0037307,Ja'Sir Taylor,CB,NYJ,15,0,1,0,0,0.0,0,0,0,0,0
00-0037313,Montaric Brown,CB,JAX,15,4,0,0,0,0.0,0,1,1,0,0
00-0037315,Cameron Goode,LB,MIA,15,1,1,0,0,0.0,0,0,0,0,0
00-0037321,Chase Lucas,CB,SF,15,0,1,0,0,0.0,0,0,0,0,0
00-0037323,Rodney Thomas,SAF,IND,15,0,0,0,0,0.0,1,0,0,0,0
00-0037329,Brittain Brown,RB,CHI,15,0,1,0,0,0.0,0,0,0,0,0
00-0037364,Arron Mosby,DE,GB,15,0,1,0,0,0.0,0,0,0,0,0
00-0037384,Ja'Quan McMillian,CB,DEN,15,2,0,0,0,0.0,0,0,0,0,0
00-0037447,Tomon Fox,LB,NYG,15,0,1,0,0,0.0,0,0,0,0,0
00-0037457,Jake Hansen,LB,HOU,15,2,1,0,0,0.0,0,0,0,0,0
00-0037475,Stone Smartt,TE,NYJ,15,1,0,0,0,0.0,0,0,0,0,0
00-0037512,Isaiah Pola-Mao,SAF,LV,15,6,4,0,0,0.0,0,0,0,0,0
00-0037516,Sam Webb,CB,CLE,15,1,1,0,0,0.0,0,0,1,0,0
00-0037549,Darrell Baker Jr.,CB,TEN,15,4,1,0,0,0.0,0,0,0,0,0
00-0037557,Ronnie Rivers,RB,LAR,15,1,0,0,0,0.0,0,0,0,0,0
00-0037561,Markquese Bell,SAF,DAL,15,2,2,1,0,0.0,0,0,0,0,0
00-0037587,Nate Landman,LB,LAR,15,5,4,1,0,0.0,0,0,0,0,0
00-0037593,Tre Avery,CB,CLE,15,0,1,0,0,0.0,0,0,0,0,0
00-0037594,Julius Chestnut,RB,TEN,15,0,1,0,0,0.0,0,0,0,0,0
00-0037596,Jack Gibbens,LB,NE,15,3,5,2,0,1.0,1,0,0,0,0
00-0037615,Nakobe Dean,LB,PHI,15,5,3,2,0,0.0,0,0,0,0,0
00-0037616,Nick Cross,SAF,IND,15,4,3,0,1,0.0,0,0,0,0,0
00-0037633,Jacob Hummel,LB,BAL,15,0,2,0,0,0.0,0,0,0,0,0
00-0037661,Ja'Marcus Ingram,CB,HOU,15,0,1,0,0,0.0,0,0,0,0,0
00-0037663,Jermaine Johnson II,DE,NYJ,15,1,1,0,0,0.0,0,0,0,0,0
00-0037665,Sam Williams,DE,DAL,15,0,0,1,0,0.0,0,0,0,0,0
00-0037756,Travis Jones,DT,BAL,15,2,2,1,0,1.0,1,0,0,0,0
00-0037758,Cordale Flott,CB,NYG,15,0,1,0,0,0.0,0,0,1,0,0
00-0037799,Dondrea Tillman,LB,DEN,15,1,1,1,0,1.0,1,0,0,0,0
00-0037813,Channing Tindall,LB,ARI,15,2,0,0,0,0.0,0,0,0,0,0
00-0037815,Cameron Thomas,DE,CLE,15,0,1,0,0,0.0,0,0,0,0,0
00-0037819,Leo Chenal,LB,KC,15,0,3,0,0,0.5,1,0,0,0,0
00-0037823,Christian Harris,LB,HOU,15,2,2,0,0,0.0,0,0,0,0,0
00-0037832,Kalia Davis,DT,SF,15,0,1,0,0,0.0,0,0,1,0,0
00-0037839,Cobie Durant,CB,LAR,15,3,0,0,0,0.0,0,0,0,0,0
00-0038038,Kyle Hamilton,SAF,BAL,15,3,5,0,0,0.0,0,0,0,0,0
00-0038039,Jack Jones,CB,MIA,15,6,2,0,0,0.0,0,0,0,0,0
00-0038046,Charlie Kolar,TE,BAL,15,0,3,0,0,0.0,0,0,0,0,0
00-0038106,Eyioma Uwazurike,DT,DEN,15,0,0,0,0,0.0,1,0,0,0,0
00-0038107,Micheal Clemons,DE,NYJ,15,0,0,0,0,0.0,0,0,1,0,0
00-0038116,Arnold Ebiketie,LB,ATL,15,0,1,0,0,0.0,0,0,0,0,0
00-0038121,Alontae Taylor,CB,NO,15,2,1,0,0,0.0,0,0,0,0,0
00-0038123,Dane Belton,SAF,NYG,15,4,4,1,2,1.0,1,0,0,0,0
00-0038124,Christian Watson,WR,GB,15,1,0,0,0,0.0,0,0,0,0,0
00-0038127,Logan Hall,DE,TB,15,2,3,0,0,0.0,0,0,0,0,0
00-0038133,Boye Mafe,DE,SEA,15,0,5,0,0,0.0,0,0,0,0,0
00-0038135,Jaquan Brisker,SAF,CHI,15,2,3,0,0,0.0,0,0,0,0,0
00-0038136,Coby Bryant,CB,SEA,15,2,1,0,0,0.0,0,1,1,0,0
00-0038142,David Ojabo,LB,BAL,15,2,0,0,0,0.0,0,0,0,0,0
00-0038387,Colby Wooden,DE,GB,15,1,2,0,0,0.0,0,0,0,0,0
00-0038390,Noah Sewell,LB,CHI,15,0,1,0,0,0.0,0,0,0,0,0
00-0038393,Dontayvion Wicks,WR,GB,15,1,0,0,0,0.0,0,0,0,0,0
00-0038398,Karl Brooks,DT,GB,15,1,1,0,0,0.0,0,0,0,0,0
00-0038408,Carrington Valentine,DB,GB,15,2,0,0,0,0.0,0,0,1,0,0
00-0038412,Moro Ojomo,DT,PHI,15,1,1,1,0,1.0,2,0,0,0,0
00-0038414,Kendall Williamson,SAF,LAC,15,1,1,0,0,0.0,0,0,0,0,0
00-0038428,Andre Szmyt,K,CLE,15,1,0,0,0,0.0,0,0,0,0,0
00-0038493,Claudin Cherelus,LB,CAR,15,1,0,0,0,0.0,0,0,0,0,0
00-0038504,Trenton Simpson,LB,BAL,15,4,5,0,0,0.0,0,0,0,0,0
00-0038505,Tavius Robinson,LB,BAL,15,1,0,1,0,1.0,2,0,0,0,0
00-0038546,Myles Murphy,DE,CIN,15,2,0,2,0,2.0,3,0,0,0,0
00-0038549,DJ Turner II,CB,CIN,15,2,0,0,0,0.0,0,0,0,0,0
00-0038552,Riley Moss,CB,DEN,15,4,0,0,0,0.0,0,1,3,0,0
00-0038553,Daiyan Henley,LB,LAC,15,1,3,0,0,0.0,0,1,1,0,0
00-0038554,Ji'Ayir Brown,SAF,SF,15,1,1,0,0,0.0,0,0,0,0,0
00-0038556,DeMarvion Overshown,LB,DAL,15,4,3,0,0,0.0,0,0,0,0,0
00-0038557,Dorian Williams,LB,BUF,15,1,0,0,0,0.0,0,0,0,0,0
00-0038560,Jordan Battle,SAF,CIN,15,7,1,1,0,0.0,0,1,1,0,0
00-0038565,Mekhi Blackmon,DB,IND,15,1,3,0,0,0.0,0,0,0,0,0
00-0038570,Ventrell Miller,LB,JAX,15,2,0,0,0,0.0,0,1,1,0,0
00-0038574,Isaiah McGuire,DE,CLE,15,0,1,0,0,0.0,0,0,0,0,0
00-0038577,Nick Herbig,LB,PIT,15,1,0,0,0,0.0,1,0,0,0,0
00-0038588,Jordan Howden,SAF,NO,15,3,2,0,0,0.0,0,0,0,0,0
00-0038596,Antonio Johnson,SAF,JAX,15,5,0,0,0,0.0,0,1,3,0,0
00-0038597,Chase Brown,RB,CIN,15,1,0,0,0,0.0,0,0,0,0,0
00-0038599,Henry To'oTo'o,LB,HOU,15,4,6,1,0,0.0,0,0,0,0,0
00-0038600,Owen Pappoe,LB,ARI,15,2,2,0,0,0.0,0,0,0,0,0
00-0038603,Robert Beal Jr.,DE,SF,15,1,2,0,0,0.0,0,0,0,0,0
00-0038616,Christian Braswell,CB,JAX,15,1,0,1,0,0.0,0,0,0,0,0
00-0038620,Erick Hallett,SAF,DET,15,5,5,0,0,0.0,0,0,1,0,0
00-0038625,Dee Winters,LB,SF,15,2,3,1,0,0.0,0,0,0,0,0
00-0038653,Cory Durden,DT,NE,15,0,3,1,0,0.0,0,0,0,0,0
00-0038660,Trevor Nowaske,LB,DET,15,0,2,0,0,0.0,0,0,0,0,0
00-0038685,Chris Brooks,RB,GB,15,0,2,0,0,0.0,0,0,0,0,0
00-0038703,Kendell Brooks,SAF,TEN,15,3,5,0,0,0.0,0,0,0,0,0
00-0038711,Mohamoud Diabate,LB,CLE,15,4,4,2,0,0.0,0,0,0,0,0
00-0038715,Ronnie Hickman Jr.,SAF,CLE,15,3,4,0,0,0.0,0,0,1,0,0
00-0038720,Julian Hill,TE,MIA,15,1,0,0,0,0.0,0,0,0,0,0
00-0038742,Tyrus Wheat,DE,DET,15,1,0,0,0,0.0,0,0,0,0,0
00-0038764,Patrick O'Connell,LB,SEA,15,1,0,0,0,0.0,0,0,0,0,0
00-0038765,Ty Okada,SAF,SEA,15,2,0,0,0,0.0,0,0,0,0,0
00-0038778,Jalen Redmond,DL,MIN,15,2,3,0,0,0.0,0,0,0,0,0
00-0038795,PJ Mustipher,DT,ARI,15,0,4,0,0,0.0,0,0,0,0,0
00-0038807,Ivan Pace Jr.,LB,MIN,15,1,0,0,0,0.0,0,0,0,0,0
00-0038820,Christian Izien,SAF,TB,15,4,4,0,1,0.0,0,0,0,0,0
00-0038922,Drake Thomas,LB,SEA,15,3,2,0,0,0.0,0,0,0,0,0
00-0038938,Jalin Hyatt,WR,NYG,15,1,0,0,0,0.0,0,0,0,0,0
00-0038958,Markees Watts,LB,TB,15,1,0,0,0,0.0,0,0,0,0,0
00-0038978,Byron Young,DT,PHI,15,0,3,0,0,0.0,0,0,0,0,0
00-0038982,Chamarri Conner,DB,KC,15,4,1,1,0,0.0,0,0,0,0,0
00-0038984,Kei'Trel Clark,CB,ARI,15,1,0,0,0,0.0,0,0,0,0,0
00-0038995,Bryan Bresee,DT,NO,15,0,2,1,0,0.0,0,0,0,0,0
00-0039007,Garrett Williams,CB,ARI,15,5,3,1,0,0.0,0,0,0,0,0
00-0039009,Dylan Horton,DE,HOU,15,0,3,0,0,0.0,0,0,0,0,0
00-0039013,Nolan Smith,LB,PHI,15,1,1,1,0,1.0,1,0,0,0,0
00-0039018,Jack Campbell,LB,DET,15,9,5,0,0,0.0,0,0,0,0,0
00-0039047,Derick Hall,LB,SEA,15,1,2,0,0,0.0,1,0,0,0,0
00-0039051,Josh Hayes,DB,TB,15,0,1,0,0,0.0,0,0,0,0,0
00-0039054,Marte Mapu,LB,NE,15,1,0,0,0,0.0,0,0,0,0,0
00-0039061,Desjuan Johnson,DE,LAR,15,0,3,0,0,0.0,0,0,0,0,0
00-0039064,Zay Flowers,WR,BAL,15,1,0,0,0,0.0,0,0,0,0,0
00-0039066,Michael Mayer,TE,LV,15,0,1,0,0,0.0,0,0,0,0,0
00-0039068,Yaya Diaby,LB,TB,15,2,2,1,0,0.0,2,0,0,0,0
00-0039070,Gervon Dexter Sr.,DT,CHI,15,1,0,1,0,1.0,1,0,0,0,0
00-0039071,Tyrique Stevenson,CB,CHI,15,1,0,0,0,0.0,0,0,0,0,0
00-0039108,Will Anderson Jr.,DE,HOU,15,0,0,0,0,0.0,1,0,0,0,0
00-0039110,Keeanu Benton,DT,PIT,15,1,0,0,0,0.0,0,0,0,0,0
00-0039111,Tuli Tuipulotu,LB,LAC,15,3,0,3,0,2.0,4,0,0,0,0
00-0039112,Lukas Van Ness,LB,GB,15,2,0,0,0,0.0,0,0,0,0,0
00-0039137,Byron Young,LB,LAR,15,1,2,0,0,0.0,2,0,0,0,0
00-0039138,Kobie Turner,DE,LAR,15,2,2,2,0,1.0,2,0,0,0,0
00-0039140,Kelee Ringo,CB,PHI,15,3,0,0,0,0.0,0,0,0,0,0
00-0039142,Will McDonald IV,DE,NYJ,15,0,0,1,0,0.0,1,0,0,0,0
00-0039147,Christian Gonzalez,CB,NE,15,1,4,0,0,0.0,0,0,1,0,0
00-0039148,Keion White,DE,SF,15,0,1,0,0,0.0,2,0,0,0,0
00-0039149,Quan Martin,SAF,WAS,15,5,4,0,0,0.0,0,0,1,0,0
00-0039151,Emmanuel Forbes,CB,LAR,15,4,2,0,0,0.0,0,0,1,0,0
00-0039167,Joey Porter Jr.,CB,PIT,15,1,0,0,0,0.0,0,0,0,0,0
00-0039169,Devon Witherspoon,CB,SEA,15,4,2,0,0,0.0,0,0,1,0,0
00-0039176,Basil Okoye,DT,BAL,15,1,1,0,0,0.0,0,0,0,0,0
00-0039178,Austin Ajiake,LB,IND,15,0,1,0,0,0.0,0,0,0,0,0
00-0039232,Nate Wiggins,CB,BAL,15,4,4,0,0,0.0,0,0,1,0,0
00-0039234,T.J. Tampa,CB,BAL,15,1,0,0,0,0.0,0,0,0,0,0
00-0039289,Leonard Taylor III,DT,NE,15,2,0,0,0,0.0,0,0,0,0,0
00-0039291,Eric Watts,DE,NYJ,15,0,1,0,0,0.0,0,0,0,0,0
00-0039309,Byron Murphy II,DT,SEA,15,1,3,0,0,0.0,0,0,0,0,0
00-0039338,Brock Bowers,TE,LV,15,1,0,0,0,0.0,0,0,0,0,0
00-0039340,Laiatu Latu,DE,IND,15,3,0,3,0,1.0,2,0,0,0,0
00-0039343,Kamari Lassiter,CB,HOU,15,3,2,0,0,0.0,0,1,2,0,0
00-0039345,Renardo Green,CB,SF,15,2,2,0,0,0.0,0,0,0,0,0
00-0039347,Trevin Wallace,LB,CAR,15,0,3,0,0,0.0,0,0,0,0,0
00-0039352,Marist Liufau,LB,DAL,15,1,1,0,0,0.0,0,0,0,0,0
00-0039353,Jarrian Jones,CB,JAX,15,2,0,0,0,0.0,0,0,0,0,0
00-0039354,McKinnley Jackson,DT,CIN,15,0,2,0,0,0.0,0,0,0,0,0
00-0039357,Decamerion Richardson,CB,LV,15,0,1,0,0,0.0,0,0,0,0,0
00-0039360,Malik Mustapha,SAF,SF,15,6,4,0,0,0.0,0,0,0,0,0
00-0039364,Sione Vaki,RB,DET,15,1,0,0,0,0.0,0,0,0,0,0
00-0039366,Tarheeb Still,CB,LAC,15,1,0,0,0,0.0,0,0,0,0,0
00-0039368,Jordan Magee,LB,WAS,15,3,1,0,0,0.0,0,0,0,0,0
00-0039369,Cam Hart,CB,LAC,15,1,1,0,0,0.0,0,0,1,0,0
00-0039371,Kris Abrams-Draine,CB,DEN,15,1,1,0,0,0.0,0,0,0,0,0
00-0039374,Tommy Eichenberg,LB,LV,15,3,2,1,0,0.0,0,0,0,0,0
00-0039380,Chau Smith-Wade,CB,CAR,15,3,3,0,0,0.0,0,0,0,0,0
00-0039387,Caelen Carson,DB,DAL,15,1,2,0,0,0.0,0,0,0,0,0
00-0039388,Jaylan Ford,LB,NO,15,1,0,0,0,0.0,0,0,0,0,0
00-0039389,Logan Lee,DT,PIT,15,1,0,0,0,0.0,0,0,0,0,0
00-0039391,Kimani Vidal,RB,LAC,15,1,0,0,0,0.0,0,0,0,0,0
00-0039395,Jamal Hill,LB,HOU,15,1,0,0,1,0.0,0,0,0,0,0
00-0039404,Will Reichard,K,MIN,15,2,0,0,0,0.0,0,0,0,0,0
00-0039417,Myles Harden,CB,CLE,15,2,3,0,0,0.0,1,0,1,0,0
00-0039421,Levi Drake Rodriguez,DL,MIN,15,2,3,0,0,0.0,1,0,0,0,0
00-0039423,Jonah Laulu,DT,LV,15,3,2,0,0,0.0,0,0,0,0,0
00-0039430,James Williams,LB,TEN,15,3,0,1,0,0.0,0,0,0,0,0
00-0039431,Jowon Briggs,DE,NYJ,15,1,2,0,0,0.0,1,0,0,0,0
00-0039436,Jaylen Harrell,DE,TEN,15,1,1,1,0,1.0,2,0,0,0,0
00-0039458,Brenden Bates,TE,CLE,15,1,0,0,0,0.0,0,0,0,0,0
00-0039465,Reddy Steward,DB,DAL,15,1,0,0,0,0.0,0,0,0,0,0
00-0039483,Isaiah Johnson,CB,MIA,15,2,0,0,0,0.0,0,0,0,0,0
00-0039530,Brevyn Spann-Ford,TE,DAL,15,1,1,0,0,0.0,0,0,0,0,0
00-0039603,British Brooks,RB,HOU,15,0,1,0,0,0.0,0,0,0,0,0
00-0039622,Isaiah Stalbird,LB,NO,15,0,1,0,0,0.0,0,0,0,0,0
00-0039648,David Martin-Robinson,TE,TEN,15,0,1,0,0,0.0,0,0,0,0,0
00-0039676,Chigozie Anusiem,DB,LV,15,0,1,0,0,0.0,0,0,0,0,0
00-0039686,Colson Yankoff,TE,WAS,15,0,1,0,0,0.0,0,0,0,0,0
00-0039692,Dell Pettus,SAF,NE,15,0,1,0,0,0.0,0,0,0,0,0
00-0039733,Ruke Orhorhoro,DT,ATL,15,0,0,0,0,0.0,0,0,1,0,0
00-0039734,Braden Fiske,DT,LAR,15,0,3,0,0,0.0,1,0,0,0,0
00-0039738,Blake Corum,RB,LAR,15,1,0,0,0,0.0,0,0,0,0,0
00-0039740,Jalyx Hunt,LB,PHI,15,1,0,1,0,0.0,2,0,0,0,0
00-0039741,Payton Wilson,LB,PIT,15,2,2,1,0,1.0,1,0,0,0,0
00-0039749,Tyler Davis,DE,LAR,15,1,0,0,0,0.0,0,0,0,0,0
00-0039763,Joe Andreessen,LB,BUF,15,1,0,0,0,0.0,0,0,0,0,0
00-0039770,Charles Woods,CB,NE,15,3,0,0,0,0.0,0,0,0,0,0
00-0039772,Josh Wallace,CB,LAR,15,3,0,0,0,0.0,0,0,0,0,0
00-0039774,Omar Speights,LB,LAR,15,1,2,0,0,0.0,0,0,0,0,0
00-0039776,Jaylen McCollough,SAF,LAR,15,1,0,0,0,0.0,0,0,1,0,0
00-0039789,Qwan'tez Stiggers,DB,NYJ,15,2,0,0,0,0.0,0,0,1,0,0
00-0039809,Jonah Elliss,LB,DEN,15,2,1,1,0,1.0,1,0,0,0,0
00-0039812,Ty'Ron Hopper,LB,GB,15,1,1,0,0,0.0,0,0,0,0,0
00-0039813,Evan Williams,SAF,GB,15,3,2,0,0,0.0,0,0,0,0,0
00-0039821,Andru Phillips,DB,NYG,15,1,0,0,0,0.0,0,0,1,0,0
00-0039825,Jaden Hicks,SAF,KC,15,1,1,0,0,0.5,1,0,0,0,0
00-0039826,Jeremiah Trotter Jr.,LB,PHI,15,1,1,0,0,0.0,0,0,0,0,0
00-0039829,Darius Muasau,LB,NYG,15,5,6,0,0,0.0,0,0,0,0,0
00-0039834,Kamren Kinchens,SAF,LAR,15,1,3,0,0,0.0,0,0,0,0,0
00-0039835,Justin Eboigbe,DT,LAC,15,0,1,0,0,0.0,0,0,0,0,0
00-0039838,Calen Bullock,SAF,HOU,15,3,1,0,0,0.0,0,0,2,0,0
00-0039840,Austin Booker,DE,CHI,15,3,1,2,0,2.0,4,0,0,0,0
00-0039841,Cooper DeJean,CB,PHI,15,4,0,0,0,0.0,0,0,0,0,0
00-0039850,Edgerrin Cooper,LB,GB,15,7,1,2,0,0.0,0,0,1,0,0
00-0039852,Jared Verse,DE,LAR,15,0,1,0,0,0.0,1,0,0,0,0
00-0039854,Darius Robinson,DL,ARI,15,0,2,0,0,0.0,0,0,0,0,0
00-0039858,Cedric Gray,LB,TEN,15,7,9,0,0,0.0,0,0,0,0,0
00-0039859,Brandon Dorlus,DE,ATL,15,1,1,1,0,1.0,1,0,0,0,0
00-0039860,Kool-Aid McKinstry,CB,NO,15,3,1,0,0,0.0,0,0,0,0,0
00-0039861,Tyler Nubin,SAF,NYG,15,5,2,2,0,0.0,0,0,0,0,0
00-0039867,Javon Bullard,SAF,GB,15,1,2,0,0,0.0,0,0,0,0,0
00-0039872,Cole Bishop,SAF,BUF,15,2,3,0,0,0.0,0,0,0,0,0
00-0039879,Javon Solomon,LB,BUF,15,2,0,0,0,0.0,0,0,0,0,0
00-0039886,T'Vondre Sweat,DT,TEN,15,3,4,0,0,0.0,0,0,0,0,0
00-0039888,Quinyon Mitchell,CB,PHI,15,1,0,0,0,0.0,0,0,1,0,0
00-0039889,Maason Smith,DT,JAX,15,1,1,0,0,0.0,0,0,0,0,0
00-0039890,Adonai Mitchell,WR,NYJ,15,1,0,0,0,0.0,0,0,0,0,0
00-0039895,Mike Hall Jr.,DT,CLE,15,0,2,0,0,0.0,0,0,0,0,0
00-0039898,Mike Sainristil,CB,WAS,15,3,0,0,0,0.0,0,1,1,0,0
00-0039906,Jer'Zhan Newton,DT,WAS,15,4,0,0,0,0.0,0,0,0,0,0
00-0039908,Kris Jenkins,DT,CIN,15,1,2,0,0,0.0,0,0,0,0,0
00-0039911,Chop Robinson,LB,MIA,15,1,1,0,0,0.0,0,0,1,0,0
00-0039924,Dallas Turner,LB,MIN,15,2,4,0,0,0.0,0,0,0,0,0
00-0040008,Shavon Revel Jr.,CB,DAL,15,3,2,1,0,0.0,0,0,0,0,0
00-0040011,Shemar James,LB,DAL,15,2,0,0,0,0.0,0,0,0,0,0
00-0040013,Smael Mondon Jr.,LB,PHI,15,0,2,0,0,0.0,0,0,0,0,0
00-0040016,Warren Brinson,DT,GB,15,1,1,0,0,0.0,0,0,0,0,0
00-0040045,Alijah Clark,DB,DAL,15,1,0,0,0,0.0,0,0,0,0,0
00-0040058,Nick Kallerup,TE,SEA,15,1,0,0,0,0.0,0,0,0,0,0
00-0040069,Teddye Buchanan,LB,BAL,15,0,2,0,0,0.0,0,0,0,0,0
00-0040089,Kevin Knowles,DB,KC,15,2,1,0,0,0.0,0,0,1,0,0
00-0040127,Kenneth Grant,DT,MIA,15,1,1,0,0,0.0,0,0,0,0,0
00-0040136,Princely Umanmielen,LB,CAR,15,1,0,0,0,0.0,0,0,0,0,0
00-0040137,Jordan Burch,LB,ARI,15,0,4,0,0,0.0,0,0,0,0,0
00-0040141,Kevin Winston Jr.,SAF,TEN,15,1,0,0,0,0.0,0,0,0,0,0
00-0040143,Jacob Parrish,CB,TB,15,2,0,0,0,0.0,0,0,0,0,0
00-0040144,Jamaree Caldwell,DT,LAC,15,1,1,0,0,0.0,0,0,0,0,0
00-0040148,Xavier Watts,SAF,ATL,15,5,4,0,0,0.0,0,0,0,0,0
00-0040152,Upton Stout,CB,SF,15,0,2,0,0,0.0,0,0,0,0,0
00-0040155,Danny Stutsman,LB,NO,15,2,0,0,0,0.0,0,0,0,0,0
00-0040157,Barrett Carter,LB,CIN,15,2,1,0,0,0.0,0,0,0,0,0
00-0040159,Lathan Ransom,SAF,CAR,15,1,2,0,0,0.0,0,0,0,0,0
00-0040160,Jack Sawyer,LB,PIT,15,1,2,0,0,0.0,0,0,0,0,0
00-0040165,Malachi Moore,SAF,NYJ,15,6,3,0,0,0.0,0,0,0,0,0
00-0040166,Quincy Riley,CB,NO,15,2,1,0,0,0.0,0,0,2,0,0
00-0040169,Tonka Hemingway,DT,LV,15,0,1,0,0,0.0,0,0,0,0,0
00-0040171,Joshua Farmer,DT,NE,15,1,1,0,0,0.0,0,0,0,0,0
00-0040173,Tyrion Ingram-Dawkins,DT,MIN,15,1,0,0,0,0.0,0,0,0,0,0
00-0040175,Jordan Phillips,DT,MIA,15,1,1,0,0,0.0,0,0,0,0,0
00-0040182,Dante Trader Jr.,SAF,MIA,15,1,1,0,0,0.0,0,0,0,0,0
00-0040195,Denzel Burke,CB,ARI,15,1,0,0,0,0.0,0,0,1,0,0
00-0040201,Marcus Harris,CB,TEN,15,4,2,1,0,0.0,0,0,1,0,0
00-0040205,Kalel Mullings,RB,TEN,15,0,1,0,0,0.0,0,0,0,0,0
00-0040213,Rayuan Lane III,SAF,JAX,15,0,1,0,0,0.0,0,0,0,0,0
00-0040221,R.J. Mickens,SAF,LAC,15,2,1,0,0,0.0,0,0,0,0,0
00-0040228,Cody Lindenberg,LB,LV,15,0,1,0,0,0.0,0,0,0,0,0
00-0040230,Kitan Crawford,SAF,ARI,15,2,2,0,0,0.0,0,0,0,0,0
00-0040231,Carson Bruener,LB,PIT,15,0,1,0,0,0.0,0,0,0,0,0
00-0040248,Zeek Biggers,DT,MIA,15,1,1,1,0,1.0,1,0,0,0,0
00-0040261,Easton Mascarenas-Arnold,LB,CLE,15,1,0,0,0,0.0,0,0,0,0,0
00-0040318,Ale Kaho,LB,WAS,15,0,1,0,0,0.0,0,0,0,0,0
00-0040326,Branson Combs,LB,JAX,15,0,1,0,0,0.0,0,0,0,0,0
00-0040329,BJ Green II,DE,JAX,15,1,0,1,0,1.0,1,0,0,0,0
00-0040347,Johnathan Edwards,DB,IND,15,4,1,0,0,0.0,0,0,1,0,0
00-0040396,Dean Clark,SAF,NYJ,15,2,0,0,0,0.0,0,0,0,0,0
00-0040397,Jordan Clark,CB,NYJ,15,1,0,0,0,0.0,0,0,0,0,0
00-0040431,Dalen Cambre,WR,NYG,15,1,0,0,0,0.0,0,0,0,0,0
00-0040492,Tyler Batty,LB,MIN,15,1,0,0,0,0.0,0,0,0,0,0
00-0040501,Austin Keys,LB,MIN,15,0,1,0,0,0.0,0,0,0,0,0
00-0040546,Cobee Bryant,CB,ATL,15,5,0,1,0,0.0,0,0,1,0,0
00-0040577,Jalon Walker,LB,ATL,15,0,1,0,0,0.5,2,0,0,0,0
00-0040578,James Pearce Jr.,DE,ATL,15,2,1,2,0,2.0,2,0,2,0,0
00-0040579,Carson Schwesinger,LB,CLE,15,4,10,0,0,0.0,1,0,0,0,0
00-0040580,Josaiah Stewart,LB,LAR,15,1,1,0,0,0.0,0,0,0,0,0
00-0040625,Nick Jackson,LB,TB,15,0,1,0,0,0.0,0,0,0,0,0
00-0040640,Ashton Gillotte,DE,KC,15,0,3,0,0,0.5,1,1,1,0,0
00-0040641,Darien Porter,CB,LV,15,2,2,0,0,0.0,0,0,0,0,0
00-0040643,Jonas Sanker,SAF,NO,15,3,3,1,0,0.0,0,0,0,0,0
00-0040662,Ty Robinson,DT,PHI,15,1,0,0,0,0.0,0,0,0,0,0
00-0040670,Nohl Williams,CB,KC,15,3,1,0,0,0.0,0,0,0,0,0
00-0040672,Tyleik Williams,DT,DET,15,1,0,0,0,0.0,0,0,0,0,0
00-0040677,Abdul Carter,LB,NYG,15,5,2,3,2,1.0,1,0,0,0,0
00-0040685,Mason Graham,DT,CLE,15,1,2,0,0,0.0,0,0,0,0,0
00-0040688,Malaki Starks,SAF,BAL,15,4,1,0,0,0.0,0,0,1,0,0
00-0040706,Walter Nolen,DT,ARI,15,1,2,1,0,1.0,1,0,1,0,0
00-0040708,Jihaad Campbell,LB,PHI,15,0,1,0,0,0.0,0,0,0,0,0
00-0040709,Maxwell Hairston,CB,BUF,15,4,2,0,0,0.0,0,0,0,0,0
00-0040710,Deone Walker,DT,BUF,15,0,1,0,0,0.0,0,0,0,0,0
00-0040711,CJ West,DT,SF,15,2,0,0,0,0.0,0,0,0,0,0
00-0040716,Craig Woodson,SAF,NE,15,3,4,0,0,0.0,0,0,0,0,0
00-0040720,Jahdae Barron,CB,DEN,15,1,0,0,0,0.0,0,0,0,0,0
00-0040722,Mike Green,LB,BAL,15,1,0,1,0,1.0,1,0,0,0,0
00-0040723,Jack Kiser,LB,JAX,15,2,1,0,0,0.0,0,0,0,0,0
00-0040724,T.J. Sanders,DT,BUF,15,0,2,0,0,0.0,0,0,0,0,0
00-0040725,Donovan Ezeiruaku,DE,DAL,15,1,1,0,0,0.0,0,0,0,0,0
00-0040733,Nick Emmanwori,SAF,SEA,15,6,1,1,0,1.0,1,0,2,0,0
00-0040738,Demetrius Knight Jr.,LB,CIN,15,5,1,2,1,2.0,2,0,0,0,0
00-0040744,Jaylahn Tuimolaou,DE,IND,15,2,1,0,0,0.0,0,0,0,0,0
00-0040746,Nic Scourton,LB,CAR,15,0,1,0,0,0.5,1,0,0,0,0
00-0040751,Will Johnson,CB,ARI,15,3,1,0,0,0.0,0,0,1,0,0
00-0026190,Calais Campbell,DE,ARI,16,0,2,0,0,0.0,1,0,0,0,0
00-0027865,Brandon Graham,DE,PHI,16,1,0,1,0,1.0,1,0,0,0,0
00-0027940,Von Miller,OLB,WAS,16,1,0,0,0,0.0,0,0,0,0,0
00-0027962,Cameron Jordan,LB,NO,16,3,0,3,0,2.0,2,0,0,0,0
00-0027969,Cameron Heyward,DE,PIT,16,2,2,1,0,1.0,2,0,0,0,0
00-0028292,Nick Bellore,LB,WAS,16,2,0,0,0,0.0,0,0,0,0,0
00-0028872,Johnny Hekker,P,TEN,16,1,0,0,0,0.0,0,0,0,0,0
00-0029255,Bobby Wagner,MLB,WAS,16,5,5,2,0,1.0,1,0,0,0,0
00-0029562,Lavonte David,OLB,TB,16,6,4,1,0,1.0,1,0,0,0,0
00-0029606,Harrison Smith,FS,MIN,16,2,0,0,0,0.0,0,0,0,0,0
00-0029607,Demario Davis,OLB,NO,16,2,6,1,0,0.0,0,0,1,0,0
00-0030070,John Jenkins,DT,BAL,16,1,0,0,0,0.0,0,0,0,0,0
00-0030114,Jordan Poyer,FS,BUF,16,6,5,1,0,0.5,1,1,1,0,0
00-0030294,Tony Jefferson,S,LAC,16,4,4,0,0,0.0,0,0,0,0,0
00-0030615,James Winchester,LS,KC,16,0,1,0,0,0.0,0,0,0,0,0
00-0030757,Mike Pennel,DT,KC,16,1,2,0,0,0.0,0,0,0,0,0
00-0031040,Khalil Mack,OLB,LAC,16,0,2,0,0,0.0,0,0,0,0,0
00-0031054,DaQuan Jones,DT,BUF,16,2,2,0,0,0.0,0,1,1,0,0
00-0031177,Brent Urban,DE,BAL,16,1,1,0,0,0.0,1,0,0,0,0
00-0031254,Denico Autry,DT,HOU,16,0,1,0,0,0.0,0,0,0,0,0
00-0031270,Shelby Harris,DE,CLE,16,2,1,0,0,0.0,0,0,0,0,0
00-0031360,Kyle Van Noy,MLB,BAL,16,0,0,0,0,0.0,0,0,1,0,0
00-0031411,DeMarcus Lawrence,LB,SEA,16,3,6,0,0,0.0,1,0,1,0,0
00-0031550,Shaq Thompson,OLB,BUF,16,1,1,0,0,0.0,0,0,0,0,0
00-0031554,Eric Kendricks,MLB,SF,16,0,2,0,0,0.0,0,0,0,0,0
00-0031565,Danielle Hunter,DE,HOU,16,1,2,1,0,1.0,0,0,0,0,0
00-0031583,Grady Jarrett,DT,CHI,16,3,4,0,0,0.0,1,0,1,0,0
00-0031898,Alex Singleton,LB,DEN,16,4,9,0,0,0.0,0,0,0,0,0
00-0031933,Leonard Williams,DE,SEA,16,2,2,0,0,0.0,1,0,0,0,0
00-0031935,Preston Smith,DE,WAS,16,1,1,0,0,0.0,0,0,0,0,0
00-0032052,Dante Fowler Jr.,DE,DAL,16,1,1,0,0,0.0,0,0,0,0,0
00-0032103,Denzel Perryman,MLB,LAC,16,4,2,0,0,0.0,0,0,1,0,0
00-0032104,Ameer Abdullah,RB,IND,16,1,0,0,0,0.0,0,0,0,0,0
00-0032164,Arik Armstead,DE,JAX,16,2,0,0,0,0.0,1,0,0,0,0
00-0032378,DeForest Buckner,DT,IND,16,4,1,0,0,0.0,0,0,0,0,0
00-0032379,Eli Apple,CB,SF,16,1,0,0,0,0.0,0,0,0,0,0
00-0032387,Jarran Reed,DT,SEA,16,0,3,0,0,0.0,0,0,0,0,0
00-0032424,DJ Reader,DT,DET,16,2,1,0,0,0.0,1,0,0,0,0
00-0032442,Elandon Roberts,OLB,LV,16,1,7,0,0,0.0,0,0,1,0,0
00-0032580,Jonathan Jones,DB,WAS,16,7,1,0,0,0.0,0,0,0,0,0
00-0032667,Roy Robertson-Harris,DE,NYG,16,1,3,0,0,0.0,1,0,0,0,0
00-0032753,Luke Rhodes,LS,IND,16,0,1,0,0,0.0,0,0,0,0,0
00-0032759,Sheldon Rankins,DT,HOU,16,1,0,0,0,0.0,0,0,0,0,0
00-0032762,Chris Jones,DE,KC,16,0,1,1,0,0.0,1,0,0,0,0
00-0032889,A'Shawn Robinson,DT,CAR,16,0,1,0,0,0.0,0,0,0,0,0
00-0032933,Antonio Hamilton,CB,WAS,16,2,1,0,0,0.0,0,0,0,0,0
00-0033010,Sheldon Day,DT,WAS,16,0,1,0,0,0.0,0,0,0,0,0
00-0033038,Eric Murray,S,JAX,16,4,1,0,0,0.0,0,0,0,0,0
00-0033046,Jihad Ward,LB,TEN,16,0,1,0,0,0.5,2,0,1,0,0
00-0033051,David Onyemata,DT,ATL,16,2,3,1,0,0.0,0,0,0,0,0
00-0033055,Jalen Ramsey,CB,PIT,16,0,2,1,0,0.0,0,0,1,0,0
00-0033064,Adam Gotsis,DE,TB,16,0,0,0,0,0.0,1,0,0,0,0
00-0033066,Andrew Billings,DT,CHI,16,1,0,0,0,0.0,0,0,0,0,0
00-0033072,Leonard Floyd,DE,ATL,16,0,1,0,0,0.0,0,0,0,0,0
00-0033073,Emmanuel Ogbah,DE,JAX,16,0,0,0,0,0.0,0,0,1,0,0
00-0033093,Jonathan Bullard,DE,NO,16,0,1,0,0,0.0,0,0,1,0,0
00-0033120,Kenny Clark,NT,DAL,16,2,2,0,0,0.0,0,0,0,0,0
00-0033132,Kevin Byard,FS,CHI,16,5,4,0,0,0.0,0,0,0,0,0
00-0033156,Joey Bosa,DE,BUF,16,1,0,0,0,0.0,0,0,1,0,0
00-0033281,Marlon Humphrey,CB,BAL,16,6,0,0,0,0.0,0,1,2,0,0
00-0033294,Chuck Clark,SAF,PIT,16,1,2,0,0,0.0,0,0,2,0,0
00-0033297,D.J. Jones,DT,DEN,16,3,4,0,0,1.0,2,0,1,0,0
00-0033336,Eric Wilson,LB,MIN,16,1,3,1,0,1.0,1,0,0,0,0
00-0033347,Josh Tupou,DT,BAL,16,1,1,0,0,0.0,0,0,0,0,0
00-0033381,Adam Butler,DT,LV,16,0,2,0,0,0.0,0,0,0,0,0
00-0033393,Kenny Moore II,CB,IND,16,2,1,0,0,0.0,0,0,0,0,0
00-0033523,Jonathan Allen,DE,MIN,16,4,4,2,0,1.0,1,0,0,0,0
00-0033546,Dalvin Tomlinson,DE,ARI,16,0,3,0,0,0.0,0,0,0,0,0
00-0033551,Rasul Douglas,CB,MIA,16,3,3,0,0,0.0,0,0,1,0,0
00-0033571,Matt Milano,OLB,BUF,16,4,5,1,0,0.0,2,0,0,0,0
00-0033576,Eric Saubert,TE,SEA,16,0,1,0,0,0.0,0,0,0,0,0
00-0033676,Elijah Wilkinson,OT,ATL,16,0,1,0,0,0.0,0,0,0,0,0
00-0033854,Dare Ogunbowale,RB,HOU,16,1,0,0,0,0.0,0,0,0,0,0
00-0033860,Davon Godchaux,DT,NO,16,2,0,0,0,0.0,0,0,0,0,0
00-0033868,Myles Garrett,DE,CLE,16,0,1,0,0,0.5,1,0,0,0,0
00-0033870,Solomon Thomas,DE,DAL,16,1,1,0,0,0.0,0,0,0,0,0
00-0033872,Jamal Adams,LB,LV,16,2,1,1,0,0.0,0,0,0,0,0
00-0033875,Haason Reddick,OLB,TB,16,2,1,0,0,0.0,0,0,0,0,0
00-0033876,Derek Barnett,DE,HOU,16,1,0,1,0,1.0,1,0,0,0,0
00-0033877,Malik Hooker,FS,DAL,16,4,2,1,0,0.0,0,0,0,0,0
00-0033878,Adoree' Jackson,CB,PHI,16,3,1,0,0,0.0,0,0,0,0,0
00-0033883,Jabrill Peppers,FS,PIT,16,0,1,0,0,0.0,0,0,0,0,0
00-0033884,Tre'Davious White,CB,BUF,16,2,2,0,0,0.0,0,0,1,0,0
00-0033890,Budda Baker,S,ARI,16,4,6,0,0,0.0,0,0,1,0,0
00-0033894,Marcus Williams,FS,LAC,16,2,1,0,0,0.0,0,0,0,0,0
00-0033907,Dawuane Smoot,DE,JAX,16,1,0,0,0,0.0,0,0,0,0,0
00-0033914,Alex Anzalone,MLB,DET,16,3,5,0,0,0.0,0,0,1,0,0
00-0033918,Fabian Moreau,CB,MIN,16,1,0,0,0,0.0,0,0,0,0,0
00-0033928,Jourdan Lewis,CB,JAX,16,2,2,0,0,0.0,0,0,1,0,0
00-0033941,Rayshawn Jenkins,SAF,CLE,16,0,1,0,0,0.0,0,0,0,0,0
00-0033945,Samson Ebukam,DE,IND,16,3,1,0,0,0.0,0,0,0,0,0
00-0033952,Grover Stewart,DT,IND,16,1,1,0,0,0.0,0,0,0,0,0
00-0034051,Christian Kuntz,LS,PIT,16,1,0,0,0,0.0,0,0,0,0,0
00-0034091,George Odum,DB,IND,16,2,1,0,0,0.0,0,0,0,0,0
00-0034163,Jacob Martin,DE,WAS,16,2,0,0,1,1.0,0,0,0,0,0
00-0034203,Darious Williams,CB,LAR,16,3,0,0,0,0.0,0,0,0,0,0
00-0034234,Poona Ford,DT,LAR,16,3,1,1,0,1.0,1,0,0,0,0
00-0034264,Jalyn Holmes,DT,WAS,16,0,1,0,0,0.0,0,0,0,0,0
00-0034285,Zach Sieler,DE,MIA,16,1,2,1,0,1.0,1,0,0,0,0
00-0034302,Frankie Luvu,LB,WAS,16,5,3,0,0,0.0,0,0,0,0,0
00-0034320,Kentavius Street,DE,ATL,16,1,1,1,0,0.0,0,0,0,0,0
00-0034333,Daron Payne,NT,WAS,16,2,3,0,0,0.0,0,0,0,0,0
00-0034344,Marcus Davenport,DE,DET,16,0,2,0,0,0.0,0,0,0,0,0
00-0034350,Uchenna Nwosu,LB,SEA,16,0,1,0,0,0.0,1,0,0,0,0
00-0034359,Tyquan Lewis,DE,IND,16,0,1,0,0,0.0,0,0,0,0,0
00-0034361,Justin Reid,S,NO,16,3,6,0,0,0.0,0,0,1,0,0
00-0034371,Da'Shawn Hand,DE,LAC,16,0,2,0,0,0.0,0,0,0,0,0
00-0034376,Taron Johnson,CB,BUF,16,2,3,0,0,0.0,0,0,0,0,0
00-0034377,Avonte Maddox,FS,DET,16,2,2,0,0,0.0,0,0,0,0,0
00-0034381,Josh Sweat,LB,ARI,16,0,1,0,0,0.0,0,0,0,0,0
00-0034384,D.J. Reed,CB,DET,16,7,1,0,0,0.0,0,0,0,0,0
00-0034413,Foye Oluokun,LB,JAX,16,6,5,0,0,0.0,0,0,0,0,0
00-0034431,Zaire Franklin,OLB,IND,16,2,2,0,0,0.0,0,0,1,0,0
00-0034446,Jalen Davis,CB,CIN,16,2,2,1,0,0.0,0,1,1,0,0
00-0034465,Jeremy Reaves,DB,WAS,16,2,1,0,0,0.0,0,0,0,0,0
00-0034473,Dennis Gardeck,LB,JAX,16,1,0,0,0,0.0,0,0,0,0,0
00-0034485,Jonathan Owens,SAF,CHI,16,0,1,0,0,0.0,0,0,0,0,0
00-0034668,Aaron Stinnie,G,NYG,16,1,0,0,0,0.0,0,0,0,0,0
00-0034673,Tremaine Edmunds,MLB,CHI,16,1,5,0,0,0.0,0,0,0,0,0
00-0034675,Jessie Bates,FS,ATL,16,2,1,0,0,0.0,0,0,1,0,0
00-0034746,Maurice Hurst,DT,CLE,16,0,1,0,0,0.0,0,0,0,0,0
00-0034754,Oren Burks,ILB,CIN,16,0,2,0,0,0.0,0,0,0,0,0
00-0034760,Nathan Shepherd,DE,NO,16,2,1,1,1,1.0,2,0,0,0,0
00-0034773,Vita Vea,DT,TB,16,0,0,0,0,0.0,1,0,1,0,0
00-0034778,Carlton Davis III,CB,NE,16,6,2,1,0,0.0,0,0,0,0,0
00-0034779,Ronnie Harrison,LB,ATL,16,1,1,0,0,0.0,0,0,0,0,0
00-0034782,Harrison Phillips,DT,NYJ,16,1,4,0,0,0.0,0,0,0,0,0
00-0034790,Derwin James,FS,LAC,16,5,1,0,1,0.0,0,0,0,0,0
00-0034797,Jerome Baker,OLB,CLE,16,1,1,0,0,0.0,0,0,0,0,0
00-0034800,B.J. Hill,DE,CIN,16,0,2,0,0,0.0,1,0,0,0,0
00-0034801,Josh Woods,LB,ATL,16,2,1,0,0,0.0,0,0,0,0,0
00-0034805,John Franklin-Myers,DE,DEN,16,2,1,1,0,2.0,2,0,0,0,0
00-0034810,Sebastian Joseph-Day,DT,TEN,16,1,0,0,0,0.0,0,0,0,0,0
00-0034825,Arden Key,DE,TEN,16,1,0,0,0,0.0,0,0,0,0,0
00-0034832,Bradley Chubb,OLB,MIA,16,1,3,0,0,0.0,0,0,0,0,0
00-0034874,Roquan Smith,ILB,BAL,16,8,2,0,0,0.0,0,0,0,0,0
00-0034966,D'Angelo Ross,CB,CLE,16,1,1,0,0,0.0,0,0,0,0,0
00-0034967,Rashan Gary,LB,GB,16,0,0,0,0,0.0,2,0,0,0,0
00-0034973,Maxx Crosby,DE,LV,16,3,3,2,0,0.0,1,0,0,0,0
00-0034974,Julian Love,SAF,SEA,16,3,5,0,0,0.0,0,0,0,0,0
00-0034982,Dre Greenlaw,LB,DEN,16,1,2,0,0,0.0,0,0,0,0,0
00-0034987,E.J. Speed,LB,HOU,16,1,5,1,0,0.0,0,0,0,0,0
00-0034993,Marcus Epps,SAF,PHI,16,1,1,0,0,0.0,0,0,0,0,0
00-0035000,Quinton Bell,LB,MIA,16,0,2,0,0,0.0,1,0,0,0,0
00-0035133,Keisean Nixon,DB,GB,16,0,1,0,0,0.0,0,0,0,0,0
00-0035202,Del'Shawn Phillips,LB,LAC,16,3,1,0,0,0.0,0,0,0,0,0
00-0035227,P.J. Locke,DB,DEN,16,4,2,0,0,0.0,0,0,0,0,0
00-0035236,Byron Murphy,CB,MIN,16,0,2,0,0,0.0,0,1,1,0,0
00-0035240,Jahlani Tavai,LB,NE,16,1,3,0,0,0.0,0,0,0,0,0
00-0035244,Lonnie Johnson,SAF,LV,16,1,1,0,0,0.0,0,0,0,0,0
00-0035248,Zach Allen,DE,DEN,16,1,1,0,0,0.0,3,0,0,0,0
00-0035253,C.J. Gardner-Johnson,SAF,CHI,16,2,1,0,0,0.0,0,0,0,0,0
00-0035262,Drue Tranquill,LB,KC,16,2,8,0,1,0.0,0,0,0,0,0
00-0035272,Andrew Van Ginkel,OLB,MIN,16,2,2,1,0,1.0,2,0,1,0,0
00-0035276,Blake Cashman,LB,MIN,16,7,9,0,0,0.0,0,0,0,0,0
00-0035277,Mike Jackson,CB,CAR,16,2,0,1,0,0.0,0,0,3,0,0
00-0035279,Charles Omenihu,DE,KC,16,0,0,0,0,0.0,1,0,0,0,0
00-0035286,Cole Holcomb,LB,PIT,16,0,1,0,0,0.0,0,0,0,0,0
00-0035301,Donovan Wilson,SAF,DAL,16,1,6,1,0,0.0,0,0,0,0,0
00-0035316,Kaden Elliss,LB,ATL,16,1,3,0,0,0.0,0,0,0,0,0
00-0035352,Tyrel Dodson,LB,MIA,16,5,3,0,0,0.0,1,0,0,0,0
00-0035363,Joe Giles-Harris,LB,CIN,16,2,2,0,0,0.0,0,0,1,0,0
00-0035378,Andrew Wingard,SAF,JAX,16,1,0,0,0,0.0,0,0,0,0,0
00-0035386,T.J. Edwards,LB,CHI,16,5,5,0,0,0.5,1,0,0,0,0
00-0035402,Carl Granderson,DE,NO,16,1,2,0,0,0.0,0,0,0,0,0
00-0035413,Luke Gifford,LB,SF,16,0,2,0,0,0.0,0,0,0,0,0
00-0035525,Devin Bush,LB,CLE,16,5,4,0,0,0.0,0,0,0,0,0
00-0035542,Kemon Hall,DB,TEN,16,5,0,2,0,0.0,0,0,0,0,0
00-0035588,Garrett Bradbury,C,NE,16,1,0,0,0,0.0,0,0,0,0,0
00-0035630,Chris Lindstrom,G,ATL,16,0,1,0,0,0.0,0,0,0,0,0
00-0035632,Amani Hooker,SAF,TEN,16,1,2,0,0,0.0,0,0,0,0,0
00-0035637,Rock Ya-Sin,CB,DET,16,2,2,0,0,0.0,0,0,1,0,0
00-0035642,Josh Hines-Allen,DE,JAX,16,1,0,0,0,0.0,1,0,0,0,0
00-0035643,Jeffery Simmons,DT,TEN,16,2,1,2,0,0.0,0,0,2,0,0
00-0035646,Sione Takitaki,LB,MIN,16,1,1,0,0,0.0,0,0,0,0,0
00-0035647,Montez Sweat,DE,CHI,16,2,3,1,0,1.0,1,0,0,0,0
00-0035655,Will Harris,SAF,WAS,16,2,1,0,0,0.0,0,0,1,0,0
00-0035656,Khalen Saunders,DT,NYJ,16,1,2,0,0,0.0,0,0,0,0,0
00-0035667,Greg Gaines,DT,TB,16,0,2,0,0,0.0,0,0,0,0,0
00-0035669,Nick Scott,SAF,CAR,16,9,1,0,0,0.0,0,0,0,0,0
00-0035672,Cody Barton,LB,TEN,16,1,1,0,0,0.0,0,0,1,0,0
00-0035674,Jerry Tillery,DT,KC,16,0,3,0,0,0.0,0,0,0,0,0
00-0035678,Dre'Mont Jones,DE,BAL,16,2,0,1,0,1.0,2,0,0,0,0
00-0035680,Quincy Williams,LB,NYJ,16,6,5,0,0,0.0,0,0,0,0,0
00-0035681,Mike Edwards,SAF,KC,16,1,1,0,0,0.0,0,0,0,0,0
00-0035683,Dexter Lawrence,DT,NYG,16,1,0,1,0,0.0,1,0,1,0,0
00-0035687,Bobby Okereke,ILB,NYG,16,7,6,0,0,0.0,0,0,1,0,0
00-0035692,Clelin Ferrell,DE,SF,16,0,1,0,0,0.0,0,0,0,0,0
00-0035697,Germaine Pratt,LB,IND,16,4,2,0,0,0.0,0,0,1,0,0
00-0035699,Jamel Dean,CB,TB,16,3,1,0,0,0.0,0,0,1,0,0
00-0035707,Devin White,LB,LV,16,7,4,0,0,0.0,0,0,1,0,0
00-0035713,Brian Burns,LB,NYG,16,2,2,2,1,2.0,2,0,0,0,0
00-0035763,Malcolm Roach,DT,DEN,16,2,1,1,0,1.0,1,0,0,0,0
00-0035841,Benito Jones,DT,MIA,16,0,2,0,0,0.0,0,0,0,0,0
00-0035891,Cody White,WR,SEA,16,1,1,0,0,0.0,0,0,0,0,0
00-0035942,Christian Rozeboom,LB,CAR,16,3,4,1,0,1.0,1,0,0,0,0
00-0035944,Jonah Williams,DE,NO,16,1,0,1,0,1.0,1,0,0,0,0
00-0035961,Krys Barnes,LB,CAR,16,1,0,0,0,0.0,0,0,0,0,0
00-0036037,Sam Franklin Jr.,SAF,BUF,16,1,1,0,0,0.0,0,0,0,0,0
00-0036087,Myles Bryant,CB,HOU,16,3,1,0,0,0.0,0,0,0,0,0
00-0036114,A.J. Green,CB,MIA,16,1,0,0,0,0.0,0,0,0,0,0
00-0036151,Bryce Huff,DE,SF,16,1,1,0,0,0.0,1,0,0,0,0
00-0036181,Teair Tart,DT,LAC,16,2,0,1,0,0.0,0,0,0,0,0
00-0036192,A.J. Epenesa,DE,BUF,16,1,2,0,0,0.0,0,0,0,0,0
00-0036193,Anfernee Jennings,LB,NE,16,1,0,1,0,1.0,1,0,0,0,0
00-0036204,LaCale London,DE,ATL,16,1,0,1,0,0.0,0,0,0,0,0
00-0036220,Derrick Brown,DT,CAR,16,3,2,1,0,1.0,1,0,0,0,0
00-0036222,Isaiah Rodgers,CB,MIN,16,3,0,1,0,0.0,0,0,1,0,0
00-0036231,Kyle Dugger,SAF,PIT,16,6,1,1,0,1.0,1,0,0,0,0
00-0036260,Javon Kinlaw,DT,WAS,16,2,1,0,0,0.0,0,0,0,0,0
00-0036262,DaVon Hamilton,DT,JAX,16,1,0,0,0,0.0,0,0,0,0,0
00-0036281,C.J. Henderson,CB,ATL,16,3,1,0,0,0.0,0,1,1,0,0
00-0036282,Grant Delpit,SAF,CLE,16,2,2,0,0,0.0,0,0,0,0,0
00-0036285,A.J. Terrell,CB,ATL,16,2,0,0,0,0.0,0,0,1,0,0
00-0036286,K'Lavon Chaisson,LB,NE,16,3,0,1,1,0.0,1,0,0,0,0
00-0036287,Noah Igbinoghene,CB,WAS,16,2,0,1,0,0.0,0,0,0,0,0
00-0036291,Marlon Davidson,DE,HOU,16,0,1,0,0,0.0,0,0,0,0,0
00-0036292,Jaylon Johnson,CB,CHI,16,4,0,0,0,0.0,0,0,0,0,0
00-0036293,Jeremy Chinn,SAF,LV,16,3,4,0,0,0.0,0,0,0,0,0
00-0036294,Logan Wilson,LB,DAL,16,4,1,0,0,0.0,0,0,0,0,0
00-0036298,Akeem Davis-Gaither,LB,ARI,16,5,6,0,0,0.0,0,0,0,0,0
00-0036300,Mykal Walker,LB,NYJ,16,2,6,0,0,0.0,0,0,0,0,0
00-0036302,Jaylinn Hawkins,SAF,NE,16,4,3,0,1,0.0,1,0,0,0,0
00-0036306,Daniel Thomas,SAF,DET,16,0,1,0,0,0.0,0,0,0,0,0
00-0036321,Chase Young,DE,NO,16,1,1,1,0,1.0,1,0,0,0,0
00-0036323,Patrick Queen,LB,PIT,16,4,3,0,0,0.0,0,0,0,0,0
00-0036329,Ashtyn Davis,SAF,MIA,16,2,0,1,0,0.0,0,0,0,0,0
00-0036333,Alex Highsmith,LB,PIT,16,4,2,2,0,0.0,2,0,0,0,0
00-0036335,D.J. Wonnum,LB,CAR,16,1,2,0,0,0.0,0,0,0,0,0
00-0036337,James Lynch,DT,TEN,16,0,1,0,0,0.0,0,0,0,0,0
00-0036338,Troy Dye,LB,LAC,16,1,2,0,0,0.0,0,0,0,0,0
00-0036341,Khalid Kareem,LB,ATL,16,1,1,0,0,0.0,0,0,0,0,0
00-0036349,Kam Curl,SAF,LAR,16,2,3,0,1,0.0,0,0,0,0,0
00-0036361,Trevon Diggs,CB,DAL,16,4,2,0,0,0.0,0,0,0,0,0
00-0036366,Neville Gallimore,DT,IND,16,3,0,0,0,0.0,0,0,0,0,0
00-0036375,Amik Robertson,CB,DET,16,2,2,0,0,0.0,0,0,0,0,0
00-0036378,Michael Danna,LB,KC,16,0,5,0,0,0.0,0,0,0,0,0
00-0036380,Alohi Gilman,SAF,BAL,16,6,2,0,0,0.0,0,0,1,0,0
00-0036388,Xavier McKinney,SAF,GB,16,3,3,0,0,0.0,0,0,1,0,0
00-0036409,Jordyn Brooks,LB,MIA,16,5,9,0,0,0.0,0,0,1,0,0
00-0036411,Antoine Winfield Jr.,SAF,TB,16,0,2,0,0,0.0,0,0,0,0,0
00-0036416,Kristian Fulton,CB,KC,16,6,3,0,0,0.0,0,0,0,0,0
00-0036418,Zack Baun,LB,PHI,16,3,6,0,0,0.0,0,0,0,0,0
00-0036421,Terrell Burgess,SAF,NO,16,1,0,0,0,0.0,0,0,0,0,0
00-0036429,Charlie Woerner,TE,ATL,16,0,1,0,0,0.0,0,0,0,0,0
00-0036441,"Kenneth Murray, Jr.",LB,DAL,16,1,2,0,0,0.0,1,0,0,0,0
00-0036479,Kwity Paye,DE,IND,16,1,1,1,0,0.0,0,0,0,0,0
00-0036500,Jamien Sherwood,LB,NYJ,16,7,4,2,0,1.0,1,0,0,0,0
00-0036504,Brandin Echols,CB,PIT,16,3,1,0,0,0.0,0,0,0,0,0
00-0036534,Shane Zylstra,TE,DET,16,1,0,0,0,0.0,0,0,0,0,0
00-0036563,Deommodore Lenoir,CB,SF,16,2,1,0,0,0.0,0,0,0,0,0
00-0036564,Talanoa Hufanga,SAF,DEN,16,3,1,0,0,0.0,0,0,1,0,0
00-0036568,Roy Lopez,DT,DET,16,0,1,0,0,0.0,0,0,0,0,0
00-0036587,Ar'Darius Washington,SAF,BAL,16,2,0,1,1,1.0,2,0,0,0,0
00-0036589,Nick McCloud,CB,CHI,16,2,0,0,0,0.0,0,0,0,0,0
00-0036613,Jaylen Waddle,WR,MIA,16,1,0,0,0,0.0,0,0,0,0,0
00-0036617,Asante Samuel Jr.,CB,PIT,16,1,0,0,0,0.0,0,0,0,0,0
00-0036621,Nick Bolton,LB,KC,16,4,6,1,0,1.0,1,0,0,0,0
00-0036624,Alim McNeill,DT,DET,16,1,1,1,0,0.0,0,0,0,0,0
00-0036625,Benjamin St-Juste,CB,LAC,16,3,3,0,0,0.0,0,0,1,0,0
00-0036629,Camryn Bynum,SAF,IND,16,5,2,0,0,0.0,0,1,1,0,0
00-0036642,Tedarrell Slaton,DT,CIN,16,0,4,0,0,0.0,0,0,0,0,0
00-0036643,K.J. Britt,LB,MIA,16,0,1,0,0,0.0,0,0,0,0,0
00-0036658,Isaiah McDuffie,LB,GB,16,1,5,0,0,0.0,0,0,0,0,0
00-0036672,Grant Stuard,LB,DET,16,0,1,0,0,0.0,0,0,0,0,0
00-0036683,Devon Key,SAF,DEN,16,0,1,0,0,0.0,0,0,0,0,0
00-0036695,Naquan Jones,DT,HOU,16,0,1,0,0,0.0,0,0,0,0,0
00-0036813,Christian Elliss,LB,NE,16,3,2,0,0,0.0,0,0,0,0,0
00-0036816,Riley Patterson,K,MIA,16,0,1,0,0,0.0,0,0,0,0,0
00-0036850,Cameron Sample,DE,CIN,16,0,2,0,0,0.0,1,0,0,0,0
00-0036862,Ben Skowronek,WR,PIT,16,1,0,0,0,0.0,0,0,0,0,0
00-0036867,Chris Rumph II,LB,NO,16,1,2,1,0,1.0,1,0,0,0,0
00-0036871,Nate Hobbs,CB,GB,16,3,3,1,0,0.0,0,0,0,0,0
00-0036874,Pat Surtain II,CB,DEN,16,1,0,0,0,0.0,0,0,0,0,0
00-0036876,Kylen Granson,TE,PHI,16,0,1,0,0,0.0,0,0,0,0,0
00-0036881,Jay Tufele,DT,NYJ,16,0,1,0,0,0.0,0,0,0,0,0
00-0036883,Tommy Togiai,DT,HOU,16,2,5,0,0,0.0,0,0,0,0,0
00-0036901,Eric Stokes,CB,LV,16,1,2,0,0,0.0,0,0,1,0,0
00-0036903,Bobby Brown III,DT,CAR,16,1,1,0,0,0.0,0,0,0,0,0
00-0036904,Robert Rochell,CB,CAR,16,0,1,0,0,0.0,0,0,0,0,0
00-0036909,Khyiris Tonga,DT,NE,16,0,3,0,0,0.0,0,0,0,0,0
00-0036914,Greg Rousseau,LB,BUF,16,2,1,2,0,2.5,7,0,0,0,0
00-0036927,Pete Werner,LB,NO,16,1,1,0,0,0.0,0,0,0,0,0
00-0036933,Zaven Collins,LB,ARI,16,4,0,2,0,0.0,0,0,0,0,0
00-0036934,Jaelan Phillips,LB,PHI,16,1,0,0,0,0.0,0,0,0,0,0
00-0036937,Paulson Adebo,CB,NYG,16,1,1,0,0,0.0,0,1,1,0,0
00-0036940,Odafe Oweh,LB,LAC,16,1,1,0,0,0.0,1,0,0,0,0
00-0036942,Osa Odighizuwa,DT,DAL,16,0,1,0,0,0.0,2,0,0,0,0
00-0036944,Jaycee Horn,CB,CAR,16,3,0,1,0,0.0,0,0,0,0,0
00-0036952,Jonathon Cooper,LB,DEN,16,1,1,0,0,0.0,2,0,0,0,0
00-0036962,Tre'von Moehrig,SAF,CAR,16,5,2,0,0,0.0,0,0,0,0,0
00-0036964,Derrick Barnes,LB,DET,16,3,1,0,0,0.0,0,0,0,0,0
00-0036974,Tyson Campbell,CB,CLE,16,2,0,0,0,0.0,0,0,0,0,0
00-0036981,Christian Barmore,DT,NE,16,0,0,0,0,0.0,1,0,0,0,0
00-0036982,Chauncey Golston,DE,NYG,16,4,2,3,0,1.0,1,0,0,0,0
00-0036986,Nahshon Wright,CB,CHI,16,3,5,0,1,0.0,0,0,0,0,0
00-0036987,Brandon Stephens,CB,NYJ,16,1,4,0,0,0.0,0,0,0,0,0
00-0036989,Malcolm Koonce,DE,LV,16,0,0,1,0,0.0,2,0,0,0,0
00-0036990,Divine Deablo,LB,ATL,16,4,2,0,0,0.0,0,0,2,0,0
00-0036992,Elijah Molden,CB,LAC,16,0,3,0,0,0.0,0,0,0,0,0
00-0036993,Ifeatu Melifonwu,SAF,MIA,16,0,2,0,0,0.0,0,0,0,0,0
00-0036994,Ernest Jones,LB,SEA,16,4,8,1,0,0.0,0,0,0,0,0
00-0036995,Baron Browning,LB,ARI,16,3,0,0,0,0.0,0,0,0,0,0
00-0036996,Greg Newsome II,CB,JAX,16,3,0,0,0,0.0,0,0,0,0,0
00-0036998,Jevon Holland,SAF,NYG,16,5,2,0,0,0.0,0,0,0,0,0
00-0037034,Dee Alford,CB,ATL,16,4,0,1,0,0.0,0,0,0,0,0
00-0037073,Jordan Davis,DT,PHI,16,3,2,2,0,0.0,0,0,0,0,0
00-0037074,Quay Walker,LB,GB,16,4,9,1,0,0.0,0,0,1,0,0
00-0037079,Riq Woolen,CB,SEA,16,1,0,0,0,0.0,0,0,0,0,0
00-0037082,Dominique Robinson,DE,CHI,16,0,3,0,0,0.0,0,0,0,0,0
00-0037083,Kingsley Enagbare,LB,GB,16,0,3,0,0,0.0,0,0,0,0,0
00-0037093,Dareke Young,WR,SEA,16,1,0,0,0,0.0,0,0,0,0,0
00-0037096,Elijah Hicks,SAF,CHI,16,1,1,0,0,0.0,0,0,0,0,0
00-0037112,Jake Tonges,TE,SF,16,2,0,0,0,0.0,0,0,0,0,0
00-0037120,Tyler Goodson,RB,IND,16,1,0,0,0,0.0,0,0,0,0,0
00-0037130,Reed Blankenship,SAF,PHI,16,2,1,0,0,0.0,0,0,0,0,0
00-0037137,Josh Jobe,CB,SEA,16,2,2,0,0,0.0,0,0,2,0,0
00-0037179,Jeremiah Moon,LB,PIT,16,0,1,0,0,0.0,0,0,0,0,0
00-0037192,George Karlaftis,DE,KC,16,0,1,0,0,0.0,0,0,0,0,0
00-0037193,Bryan Cook,SAF,KC,16,3,6,0,0,0.0,0,0,0,0,0
00-0037195,Jaylen Watson,CB,KC,16,3,4,0,0,0.0,0,0,0,0,0
00-0037203,LaBryan Ray,DT,CAR,16,1,1,0,0,0.0,0,0,0,0,0
00-0037205,Brenden Schooler,SAF,NE,16,1,0,0,0,0.0,0,0,0,0,0
00-0037208,Jack Cochrane,LB,KC,16,2,3,0,0,0.0,0,0,0,0,0
00-0037235,Travon Walker,DE,JAX,16,2,0,1,0,0.0,3,0,1,0,0
00-0037236,Aidan Hutchinson,DE,DET,16,3,0,2,0,2.0,2,0,0,0,0
00-0037237,Derek Stingley Jr.,CB,HOU,16,1,1,0,1,0.0,0,1,1,1,0
00-0037244,Devin Lloyd,LB,JAX,16,3,3,0,0,0.0,0,0,1,0,0
00-0037246,Jalen Pitre,SAF,HOU,16,5,1,0,0,0.0,0,0,1,0,0
00-0037247,George Pickens,WR,DAL,16,1,0,0,0,0.0,0,0,0,0,0
00-0037249,Nik Bonitto,LB,DEN,16,0,2,0,0,0.0,1,0,0,0,0
00-0037251,Alex Wright,DE,CLE,16,0,2,0,0,0.5,2,0,0,0,0
00-0037253,Marcus Jones,CB,NE,16,1,0,0,0,0.0,0,0,0,0,0
00-0037254,Terrel Bernard,LB,BUF,16,1,5,0,0,0.0,0,0,0,0,0
00-0037260,DJ Davidson,DT,NYG,16,0,1,0,0,0.0,0,0,0,0,0
00-0037262,Thomas Booker,DT,LV,16,0,3,0,0,0.0,0,0,0,0,0
00-0037264,Delarrin Turner-Yell,SAF,DEN,16,0,1,0,0,0.0,0,0,0,0,0
00-0037269,Eric Johnson,DT,IND,16,1,0,0,0,0.0,0,0,0,0,0
00-0037281,Damone Clark,LB,HOU,16,1,0,0,0,0.0,0,0,0,0,0
00-0037283,John Ridgeway,DT,NO,16,1,3,1,0,0.0,0,0,0,0,0
00-0037288,Christian Benford,CB,BUF,16,1,0,0,0,0.0,0,0,0,0,0
00-0037310,James Houston,DE,DAL,16,2,1,0,0,0.0,0,0,0,0,0
00-0037313,Montaric Brown,CB,JAX,16,3,1,0,0,0.0,0,0,2,0,0
00-0037315,Cameron Goode,LB,MIA,16,0,4,0,0,0.0,0,0,0,0,0
00-0037364,Arron Mosby,DE,GB,16,1,1,0,0,0.0,0,0,0,0,0
00-0037384,Ja'Quan McMillian,CB,DEN,16,4,1,1,0,0.0,0,0,0,0,0
00-0037457,Jake Hansen,LB,HOU,16,0,1,0,0,0.0,0,0,0,0,0
00-0037512,Isaiah Pola-Mao,SAF,LV,16,5,2,0,0,0.0,0,0,0,0,0
00-0037527,Segun Olubi,LB,IND,16,1,0,0,0,0.0,0,0,0,0,0
00-0037549,Darrell Baker Jr.,CB,TEN,16,1,0,0,0,0.0,0,0,1,0,0
00-0037561,Markquese Bell,SAF,DAL,16,1,2,0,1,0.0,1,0,0,0,0
00-0037587,Nate Landman,LB,LAR,16,2,3,1,0,1.0,1,0,0,0,0
00-0037593,Tre Avery,CB,CLE,16,1,0,0,0,0.0,0,0,0,0,0
00-0037594,Julius Chestnut,RB,TEN,16,0,1,0,0,0.0,0,0,0,0,0
00-0037596,Jack Gibbens,LB,NE,16,3,7,1,0,0.0,1,0,0,0,0
00-0037602,Sam Okuayinonu,DT,SF,16,1,2,0,0,0.0,0,0,0,0,0
00-0037615,Nakobe Dean,LB,PHI,16,1,1,0,0,0.0,0,0,0,0,0
00-0037616,Nick Cross,SAF,IND,16,3,3,0,0,0.0,0,0,0,0,0
00-0037617,Hassan Haskins,RB,LAC,16,1,1,0,0,0.0,0,0,0,0,0
00-0037633,Jacob Hummel,LB,BAL,16,1,0,0,0,0.0,0,0,0,0,0
00-0037661,Ja'Marcus Ingram,CB,HOU,16,0,2,0,0,0.0,0,0,0,0,0
00-0037663,Jermaine Johnson II,DE,NYJ,16,1,1,0,0,0.0,1,0,0,0,0
00-0037665,Sam Williams,DE,DAL,16,1,1,0,0,0.0,0,0,0,0,0
00-0037742,Treylon Burks,WR,WAS,16,1,0,0,0,0.0,0,0,0,0,0
00-0037743,Daxton Hill,DB,CIN,16,3,1,0,0,0.0,0,0,1,0,0
00-0037752,Tycen Anderson,SAF,CIN,16,1,2,0,0,0.0,0,0,0,0,0
00-0037756,Travis Jones,DT,BAL,16,0,0,0,0,0.0,1,0,0,0,0
00-0037758,Cordale Flott,CB,NYG,16,0,0,0,0,0.0,0,0,1,0,0
00-0037799,Dondrea Tillman,LB,DEN,16,2,1,0,0,0.0,0,0,0,0,0
00-0037823,Christian Harris,LB,HOU,16,0,1,0,0,0.0,0,0,0,0,0
00-0037826,Drake Jackson,DE,WAS,16,1,0,0,0,0.0,0,0,0,0,0
00-0037832,Kalia Davis,DT,SF,16,0,3,0,0,0.0,0,0,1,0,0
00-0037839,Cobie Durant,CB,LAR,16,2,1,0,0,0.0,0,0,0,0,0
00-0038038,Kyle Hamilton,SAF,BAL,16,5,0,1,0,0.0,0,0,1,0,0
00-0038039,Jack Jones,CB,MIA,16,3,1,0,0,0.0,0,0,0,0,0
00-0038043,Joshua Williams,CB,KC,16,1,0,0,0,0.0,0,0,0,0,0
00-0038099,Phidarian Mathis,DT,BUF,16,2,2,0,0,0.0,0,0,0,0,0
00-0038101,Akayleb Evans,CB,CAR,16,2,2,0,0,0.0,0,0,0,0,0
00-0038103,Cole Strange,G,MIA,16,1,0,0,0,0.0,0,0,0,0,0
00-0038106,Eyioma Uwazurike,DT,DEN,16,0,2,0,0,0.0,0,0,0,0,0
00-0038116,Arnold Ebiketie,LB,ATL,16,1,0,1,0,1.0,1,0,0,0,0
00-0038119,Jalyn Armour-Davis,CB,TEN,16,1,1,0,0,0.0,0,0,0,0,0
00-0038121,Alontae Taylor,CB,NO,16,5,2,1,0,1.0,1,0,0,0,0
00-0038123,Dane Belton,SAF,NYG,16,4,2,0,0,0.0,0,0,0,0,0
00-0038126,Perrion Winfrey,DT,DAL,16,0,2,0,0,0.0,0,0,0,0,0
00-0038127,Logan Hall,DE,TB,16,2,2,0,0,0.0,1,0,0,0,0
00-0038134,Kenneth Walker III,RB,SEA,16,1,0,0,0,0.0,0,0,0,0,0
00-0038135,Jaquan Brisker,SAF,CHI,16,2,6,0,0,0.0,0,0,0,0,0
00-0038136,Coby Bryant,CB,SEA,16,1,4,0,0,0.0,0,0,0,0,0
00-0038142,David Ojabo,LB,BAL,16,1,0,0,0,0.0,0,0,0,0,0
00-0038387,Colby Wooden,DE,GB,16,1,1,0,0,0.0,1,0,0,0,0
00-0038390,Noah Sewell,LB,CHI,16,1,0,0,0,0.0,0,0,0,0,0
00-0038398,Karl Brooks,DT,GB,16,0,1,0,0,0.0,0,0,0,0,0
00-0038399,Zaire Barnes,LB,NYG,16,0,1,0,0,0.0,0,0,0,0,0
00-0038407,Jaylon Jones,DB,IND,16,0,0,0,0,0.0,0,0,1,0,0
00-0038408,Carrington Valentine,DB,GB,16,1,1,0,0,0.0,0,0,0,0,0
00-0038412,Moro Ojomo,DT,PHI,16,0,3,0,0,0.0,0,0,0,0,0
00-0038440,Zavier Scott,RB,MIN,16,1,0,0,0,0.0,0,0,0,0,0
00-0038463,Brenton Cox Jr.,DE,GB,16,1,2,0,0,0.0,0,0,0,0,0
00-0038488,Brady Russell,RB,SEA,16,1,0,0,0,0.0,0,0,0,0,0
00-0038493,Claudin Cherelus,LB,CAR,16,6,2,0,0,0.0,0,0,0,0,0
00-0038504,Trenton Simpson,LB,BAL,16,6,1,2,0,1.0,0,0,0,0,0
00-0038505,Tavius Robinson,LB,BAL,16,0,0,0,0,0.0,2,0,0,0,0
00-0038506,Jordon Riley,DT,GB,16,2,0,0,0,0.0,0,0,0,0,0
00-0038514,Truman Jones,DE,TEN,16,2,1,1,0,1.5,2,0,0,0,0
00-0038541,Tyree Wilson,DE,LV,16,0,1,0,0,0.0,0,0,0,0,0
00-0038546,Myles Murphy,DE,CIN,16,2,2,1,0,0.0,1,0,0,0,0
00-0038549,DJ Turner II,CB,CIN,16,3,0,0,1,0.0,0,0,0,0,0
00-0038552,Riley Moss,CB,DEN,16,5,1,2,0,1.0,1,0,2,0,0
00-0038553,Daiyan Henley,LB,LAC,16,4,2,0,0,0.0,0,0,0,0,0
00-0038554,Ji'Ayir Brown,SAF,SF,16,5,4,1,1,0.0,0,0,0,0,0
00-0038556,DeMarvion Overshown,LB,DAL,16,1,1,0,0,0.0,0,0,0,0,0
00-0038557,Dorian Williams,LB,BUF,16,1,3,0,0,0.0,0,0,0,0,0
00-0038560,Jordan Battle,SAF,CIN,16,6,4,0,1,0.0,0,0,0,0,0
00-0038565,Mekhi Blackmon,DB,IND,16,3,0,0,0,0.0,0,0,1,0,0
00-0038570,Ventrell Miller,LB,JAX,16,1,0,0,0,0.0,0,0,0,0,0
00-0038578,Jay Ward,SAF,MIN,16,2,4,0,0,0.0,0,0,0,0,0
00-0038580,Yasir Abdullah,LB,JAX,16,1,1,0,0,0.0,0,0,0,0,0
00-0038585,Cameron Mitchell,DB,IND,16,3,0,1,0,0.0,0,0,0,0,0
00-0038594,Darrell Luter Jr.,CB,SF,16,5,1,0,0,0.0,0,0,1,0,0
00-0038596,Antonio Johnson,SAF,JAX,16,2,0,0,0,0.0,0,0,0,0,0
00-0038599,Henry To'oTo'o,LB,HOU,16,1,3,0,0,0.0,0,0,0,0,0
00-0038600,Owen Pappoe,LB,ARI,16,1,0,0,0,0.0,0,0,0,0,0
00-0038605,JL Skinner,SAF,DEN,16,0,1,0,0,0.0,0,0,0,0,0
00-0038608,Kayshon Boutte,WR,NE,16,1,0,0,0,0.0,0,0,0,0,0
00-0038609,Luke Wypler,C,CLE,16,1,1,0,0,0.0,0,0,0,0,0
00-0038613,Jerrick Reed II,SAF,TEN,16,1,0,0,0,0.0,0,0,0,0,0
00-0038625,Dee Winters,LB,SF,16,1,2,0,0,0.0,0,1,2,1,0
00-0038635,Andre Jones Jr.,LB,BUF,16,1,3,0,0,0.0,0,0,0,0,0
00-0038642,D.J. Ivey,CB,CIN,16,3,2,0,0,0.0,0,0,1,0,0
00-0038653,Cory Durden,DT,NE,16,1,3,0,0,0.0,0,0,0,0,0
00-0038660,Trevor Nowaske,LB,DET,16,0,1,0,0,0.0,0,0,0,0,0
00-0038685,Chris Brooks,RB,GB,16,0,1,0,0,0.0,0,0,0,0,0
00-0038703,Kendell Brooks,SAF,TEN,16,1,3,0,0,0.0,0,0,0,0,0
00-0038711,Mohamoud Diabate,LB,CLE,16,3,1,0,0,0.0,0,0,0,0,0
00-0038715,Ronnie Hickman Jr.,SAF,CLE,16,2,4,0,0,0.0,0,0,0,0,0
00-0038765,Ty Okada,SAF,SEA,16,1,0,0,0,0.0,0,0,0,0,0
00-0038778,Jalen Redmond,DL,MIN,16,1,3,1,0,1.0,1,0,1,0,0
00-0038783,Nate Adkins,TE,DEN,16,0,1,0,0,0.0,0,0,0,0,0
00-0038788,Art Green,CB,NYG,16,1,0,0,0,0.0,0,0,0,0,0
00-0038795,PJ Mustipher,DT,ARI,16,0,1,0,0,0.0,0,0,0,0,0
00-0038807,Ivan Pace Jr.,LB,MIN,16,0,2,0,0,0.0,0,0,0,0,0
00-0038817,Evan Deckers,LS,TB,16,1,0,0,0,0.0,0,0,0,0,0
00-0038840,Brycen Tremayne,WR,CAR,16,0,2,0,0,0.0,0,0,0,0,0
00-0038841,Nick Whiteside,DB,DET,16,1,1,0,0,0.0,0,0,0,0,0
00-0038890,Shaka Heyward,LB,CIN,16,0,5,0,0,0.0,0,0,0,0,0
00-0038896,Jacob Saylors,RB,DET,16,0,2,0,0,0.0,0,0,0,0,0
00-0038922,Drake Thomas,LB,SEA,16,6,7,0,0,0.0,0,0,0,0,0
00-0038937,Zacch Pickens,DT,KC,16,3,1,0,0,0.0,0,0,0,0,0
00-0038978,Byron Young,DT,PHI,16,2,1,1,0,1.0,1,0,0,0,0
00-0038982,Chamarri Conner,DB,KC,16,6,0,1,0,1.0,1,0,0,0,0
00-0038995,Bryan Bresee,DT,NO,16,0,1,0,0,0.0,0,0,0,0,0
00-0039002,Sydney Brown,SAF,PHI,16,1,1,0,0,0.0,0,0,0,0,0
00-0039007,Garrett Williams,CB,ARI,16,1,2,0,0,0.0,0,0,0,0,0
00-0039009,Dylan Horton,DE,HOU,16,0,4,0,0,0.0,0,0,0,0,0
00-0039013,Nolan Smith,LB,PHI,16,0,0,0,0,0.0,1,0,0,0,0
00-0039018,Jack Campbell,LB,DET,16,7,9,0,0,0.0,0,0,2,0,0
00-0039020,Anthony Bradford,G,SEA,16,0,1,0,0,0.0,0,0,0,0,0
00-0039047,Derick Hall,LB,SEA,16,1,2,0,0,0.0,0,0,0,0,0
00-0039049,SirVocea Dennis,LB,TB,16,6,2,1,0,1.0,2,0,0,0,0
00-0039061,Desjuan Johnson,DE,LAR,16,0,1,0,0,0.0,0,0,0,0,0
00-0039068,Yaya Diaby,LB,TB,16,1,0,0,0,0.0,2,0,0,0,0
00-0039070,Gervon Dexter Sr.,DT,CHI,16,2,1,0,0,0.0,1,0,0,0,0
00-0039071,Tyrique Stevenson,CB,CHI,16,2,0,0,0,0.0,0,0,1,0,0
00-0039108,Will Anderson Jr.,DE,HOU,16,2,0,1,0,1.0,1,0,0,0,0
00-0039110,Keeanu Benton,DT,PIT,16,2,0,1,1,1.0,2,0,0,0,0
00-0039111,Tuli Tuipulotu,LB,LAC,16,2,2,1,0,1.0,2,0,0,0,0
00-0039137,Byron Young,LB,LAR,16,2,2,0,0,0.0,1,0,0,0,0
00-0039138,Kobie Turner,DE,LAR,16,1,2,1,0,1.5,2,1,2,0,0
00-0039142,Will McDonald IV,DE,NYJ,16,3,1,0,0,1.0,2,0,0,0,0
00-0039143,Isaiah Foskey,DE,CIN,16,0,1,0,0,0.0,1,0,0,0,0
00-0039147,Christian Gonzalez,CB,NE,16,7,0,0,0,0.0,0,0,1,0,0
00-0039148,Keion White,DE,SF,16,1,2,0,0,0.0,1,0,0,0,0
00-0039149,Quan Martin,SAF,WAS,16,1,1,0,0,0.0,0,0,0,0,0
00-0039151,Emmanuel Forbes,CB,LAR,16,2,0,0,0,0.0,0,0,1,0,0
00-0039155,BJ Ojulari,LB,ARI,16,2,0,1,0,1.0,2,0,0,0,0
00-0039167,Joey Porter Jr.,CB,PIT,16,4,2,0,0,0.0,0,0,2,0,0
00-0039169,Devon Witherspoon,CB,SEA,16,5,4,1,0,0.0,1,0,0,0,0
00-0039178,Austin Ajiake,LB,IND,16,0,2,0,0,0.0,0,0,0,0,0
00-0039232,Nate Wiggins,CB,BAL,16,3,1,0,0,0.0,0,0,2,0,0
00-0039234,T.J. Tampa,CB,BAL,16,0,1,0,0,0.0,0,0,0,0,0
00-0039284,Braiden McGregor,DE,NYJ,16,1,1,0,0,0.0,0,0,0,0,0
00-0039285,Jarius Monroe,SAF,NYJ,16,1,0,0,0,0.0,0,0,0,0,0
00-0039309,Byron Murphy II,DT,SEA,16,1,4,0,0,0.0,0,0,0,0,0
00-0039340,Laiatu Latu,DE,IND,16,2,0,1,1,1.0,1,0,0,0,0
00-0039343,Kamari Lassiter,CB,HOU,16,4,4,0,0,0.0,0,0,2,0,0
00-0039352,Marist Liufau,LB,DAL,16,0,1,0,0,0.0,0,0,0,0,0
00-0039353,Jarrian Jones,CB,JAX,16,3,0,1,0,0.0,0,1,1,0,0
00-0039354,McKinnley Jackson,DT,CIN,16,0,2,0,0,0.0,0,0,0,0,0
00-0039357,Decamerion Richardson,CB,LV,16,1,0,0,0,0.0,0,0,0,0,0
00-0039360,Malik Mustapha,SAF,SF,16,3,5,0,0,0.0,1,0,0,0,0
00-0039366,Tarheeb Still,CB,LAC,16,1,1,0,0,0.0,0,0,0,0,0
00-0039368,Jordan Magee,LB,WAS,16,4,0,1,0,0.0,0,0,0,0,0
00-0039369,Cam Hart,CB,LAC,16,1,1,0,0,0.0,0,0,0,0,0
00-0039374,Tommy Eichenberg,LB,LV,16,2,0,0,0,0.0,0,0,0,0,0
00-0039375,Josh Newton,CB,CIN,16,0,0,0,0,0.0,0,0,1,0,0
00-0039380,Chau Smith-Wade,CB,CAR,16,3,2,0,0,0.0,0,0,0,0,0
00-0039388,Jaylan Ford,LB,NO,16,0,2,0,0,0.0,0,0,0,0,0
00-0039395,Jamal Hill,LB,HOU,16,1,0,0,0,0.0,0,0,0,0,0
00-0039414,Daijahn Anthony,SAF,CIN,16,1,1,0,0,0.0,0,0,0,0,0
00-0039416,Jaden Davis,DB,ARI,16,1,1,0,0,0.0,0,0,0,0,0
00-0039417,Myles Harden,CB,CLE,16,3,1,0,0,0.0,0,0,1,0,0
00-0039421,Levi Drake Rodriguez,DL,MIN,16,1,4,0,0,1.0,1,0,0,0,0
00-0039423,Jonah Laulu,DT,LV,16,2,2,1,0,0.0,0,0,0,0,0
00-0039430,James Williams,LB,TEN,16,8,1,1,0,1.0,1,0,0,0,0
00-0039431,Jowon Briggs,DE,NYJ,16,1,0,1,0,1.0,1,0,0,0,0
00-0039435,Tatum Bethune,LB,SF,16,4,5,0,0,0.0,0,0,1,0,0
00-0039436,Jaylen Harrell,DE,TEN,16,1,0,1,1,1.0,0,0,0,0,0
00-0039465,Reddy Steward,DB,DAL,16,2,1,1,0,0.0,0,0,0,0,0
00-0039530,Brevyn Spann-Ford,TE,DAL,16,1,0,0,0,0.0,0,0,0,0,0
00-0039589,Kameron Johnson,WR,TB,16,1,0,0,0,0.0,0,0,0,0,0
00-0039603,British Brooks,RB,HOU,16,2,0,0,0,0.0,0,0,0,0,0
00-0039622,Isaiah Stalbird,LB,NO,16,1,0,1,0,1.0,1,0,0,0,0
00-0039637,Maema Njongmeta,LB,CAR,16,0,1,0,0,0.0,0,0,0,0,0
00-0039660,Thomas Harper,SAF,DET,16,4,3,1,1,0.0,0,0,1,0,0
00-0039733,Ruke Orhorhoro,DT,ATL,16,1,0,1,0,0.0,2,0,0,0,0
00-0039740,Jalyx Hunt,LB,PHI,16,2,0,0,0,0.0,1,0,0,0,0
00-0039741,Payton Wilson,LB,PIT,16,4,1,0,0,0.0,0,0,0,0,0
00-0039746,Will Shipley,RB,PHI,16,1,0,0,0,0.0,0,0,0,0,0
00-0039749,Tyler Davis,DE,LAR,16,0,2,0,0,0.0,0,0,0,0,0
00-0039752,Cedric Johnson,DE,CIN,16,2,1,0,0,0.0,0,0,0,0,0
00-0039764,Elijah Chatman,DT,NYG,16,0,1,0,0,0.0,0,0,0,0,0
00-0039772,Josh Wallace,CB,LAR,16,6,0,0,0,0.0,0,1,1,0,0
00-0039774,Omar Speights,LB,LAR,16,4,3,0,0,0.0,0,0,0,0,0
00-0039776,Jaylen McCollough,SAF,LAR,16,1,1,0,0,0.0,0,0,0,0,0
00-0039789,Qwan'tez Stiggers,DB,NYJ,16,3,2,0,0,0.0,0,0,2,0,0
00-0039792,Devontez Walker,WR,BAL,16,1,0,0,1,1.0,1,0,0,0,0
00-0039809,Jonah Elliss,LB,DEN,16,2,2,0,0,0.0,0,0,0,0,0
00-0039815,Tyrice Knight,LB,SEA,16,1,1,0,0,0.0,0,0,0,0,0
00-0039821,Andru Phillips,DB,NYG,16,2,1,0,0,0.0,0,0,0,0,0
00-0039825,Jaden Hicks,SAF,KC,16,4,0,0,0,0.0,0,0,0,0,0
00-0039826,Jeremiah Trotter Jr.,LB,PHI,16,0,2,0,0,0.0,0,0,0,0,0
00-0039829,Darius Muasau,LB,NYG,16,0,3,0,0,0.0,0,0,0,0,0
00-0039834,Kamren Kinchens,SAF,LAR,16,3,1,0,0,0.0,0,0,0,0,0
00-0039835,Justin Eboigbe,DT,LAC,16,0,1,0,0,0.0,0,0,0,0,0
00-0039838,Calen Bullock,SAF,HOU,16,3,6,0,0,0.0,0,0,0,0,0
00-0039840,Austin Booker,DE,CHI,16,4,3,0,0,0.5,1,0,0,0,0
00-0039841,Cooper DeJean,CB,PHI,16,5,0,0,0,0.0,0,1,4,0,0
00-0039846,Tykee Smith,DB,TB,16,2,2,0,0,0.0,1,0,1,0,0
00-0039850,Edgerrin Cooper,LB,GB,16,2,1,0,0,0.0,0,0,0,0,0
00-0039852,Jared Verse,DE,LAR,16,1,3,0,0,0.5,2,0,0,0,0
00-0039854,Darius Robinson,DL,ARI,16,1,5,1,0,0.0,0,0,0,0,0
00-0039859,Brandon Dorlus,DE,ATL,16,0,1,0,0,0.5,1,0,0,0,0
00-0039860,Kool-Aid McKinstry,CB,NO,16,3,2,0,0,0.0,0,0,1,0,0
00-0039861,Tyler Nubin,SAF,NYG,16,4,2,0,0,0.0,0,0,1,0,0
00-0039864,Dadrion Taylor-Demerson,SAF,ARI,16,5,6,0,0,0.0,0,0,1,0,0
00-0039867,Javon Bullard,SAF,GB,16,5,5,0,0,0.0,0,0,1,0,0
00-0039872,Cole Bishop,SAF,BUF,16,5,2,1,0,0.0,0,0,0,0,0
00-0039886,T'Vondre Sweat,DT,TEN,16,1,1,0,0,0.0,0,0,0,0,0
00-0039888,Quinyon Mitchell,CB,PHI,16,1,0,0,0,0.0,0,0,2,0,0
00-0039898,Mike Sainristil,CB,WAS,16,4,0,0,1,0.0,0,0,1,0,0
00-0039902,Chris Braswell,LB,TB,16,1,1,1,0,0.0,0,0,0,0,0
00-0039906,Jer'Zhan Newton,DT,WAS,16,2,0,0,0,0.0,0,0,0,0,0
00-0039911,Chop Robinson,LB,MIA,16,0,3,0,0,0.5,1,0,0,0,0
00-0039924,Dallas Turner,LB,MIN,16,0,1,0,0,0.0,0,0,0,0,0
00-0040008,Shavon Revel Jr.,CB,DAL,16,7,1,0,0,0.0,0,0,1,0,0
00-0040010,Barryn Sorrell,DE,GB,16,1,0,0,0,0.0,0,0,0,0,0
00-0040011,Shemar James,LB,DAL,16,4,1,0,0,0.0,0,0,0,0,0
00-0040016,Warren Brinson,DT,GB,16,1,0,0,0,0.0,1,0,0,0,0
00-0040020,Micah Robinson,CB,TEN,16,1,0,0,0,0.0,0,0,0,0,0
00-0040027,Brandon Johnson,CB,PHI,16,0,1,0,0,0.0,0,0,0,0,0
00-0040061,Connor O'Toole,LB,SEA,16,1,1,0,0,0.0,0,0,0,0,0
00-0040072,Jeffrey Bassa,LB,KC,16,0,1,0,0,0.0,0,0,0,0,0
00-0040089,Kevin Knowles,DB,KC,16,1,1,0,0,0.0,0,0,0,0,0
00-0040104,Keondre Jackson,SAF,BAL,16,1,0,0,0,0.0,0,0,0,0,0
00-0040123,Armand Membou,OT,NYJ,16,1,0,0,0,0.0,0,0,0,0,0
00-0040127,Kenneth Grant,DT,MIA,16,0,4,0,0,0.5,1,0,0,0,0
00-0040134,Pat Bryant,WR,DEN,16,1,0,0,0,0.0,0,0,0,0,0
00-0040136,Princely Umanmielen,LB,CAR,16,0,1,0,0,0.0,0,0,0,0,0
00-0040143,Jacob Parrish,CB,TB,16,2,3,0,0,0.0,0,0,2,0,0
00-0040144,Jamaree Caldwell,DT,LAC,16,0,2,0,0,0.0,0,0,1,0,0
00-0040148,Xavier Watts,SAF,ATL,16,3,2,0,0,0.0,0,0,0,0,0
00-0040152,Upton Stout,CB,SF,16,3,3,0,0,0.0,0,0,2,0,0
00-0040155,Danny Stutsman,LB,NO,16,2,3,0,0,0.0,0,0,0,0,0
00-0040157,Barrett Carter,LB,CIN,16,1,4,0,0,0.0,0,1,2,0,0
00-0040159,Lathan Ransom,SAF,CAR,16,0,1,0,0,0.0,0,1,1,0,0
00-0040160,Jack Sawyer,LB,PIT,16,3,2,1,0,0.0,2,0,0,0,0
00-0040165,Malachi Moore,SAF,NYJ,16,5,3,0,1,0.0,0,0,0,0,0
00-0040166,Quincy Riley,CB,NO,16,1,1,0,0,0.0,0,0,0,0,0
00-0040168,Que Robinson,LB,DEN,16,1,2,1,0,0.0,2,0,1,0,0
00-0040169,Tonka Hemingway,DT,LV,16,2,0,1,0,0.0,1,0,0,0,0
00-0040173,Tyrion Ingram-Dawkins,DT,MIN,16,1,0,0,0,0.0,0,0,0,0,0
00-0040178,Jason Marshall Jr.,CB,MIA,16,3,2,0,0,0.0,0,0,0,0,0
00-0040182,Dante Trader Jr.,SAF,MIA,16,2,3,0,0,0.0,0,0,0,0,0
00-0040185,Marques Sigle,SAF,SF,16,0,1,0,0,0.0,0,0,0,0,0
00-0040188,Yahya Black,DE,PIT,16,2,1,0,0,0.0,0,0,1,0,0
00-0040192,Jordan Hancock,CB,BUF,16,1,2,0,0,0.0,0,0,0,0,0
00-0040195,Denzel Burke,CB,ARI,16,1,1,0,0,0.0,0,1,1,0,0
00-0040198,Ollie Gordon II,RB,MIA,16,1,0,0,0,0.0,0,0,0,0,0
00-0040201,Marcus Harris,CB,TEN,16,0,1,0,0,0.0,0,0,0,0,0
00-0040205,Kalel Mullings,RB,TEN,16,0,1,0,0,0.0,0,0,0,0,0
00-0040208,Tahj Brooks,RB,CIN,16,0,1,0,0,0.0,0,0,0,0,0
00-0040213,Rayuan Lane III,SAF,JAX,16,1,1,0,0,0.0,0,0,0,0,0
00-0040214,Kobe King,LB,NYJ,16,1,0,0,0,0.0,0,0,0,0,0
00-0040230,Kitan Crawford,SAF,ARI,16,1,0,0,0,0.0,0,0,0,0,0
00-0040231,Carson Bruener,LB,PIT,16,0,3,0,0,0.0,0,0,0,0,0
00-0040246,Julian Ashby,LS,NE,16,1,0,0,0,0.0,0,0,0,0,0
00-0040248,Zeek Biggers,DT,MIA,16,0,5,0,0,0.0,0,0,0,0,0
00-0040251,Trikweze Bridges,DB,DAL,16,1,1,0,0,0.0,0,0,1,0,0
00-0040263,Donovan McMillon,SAF,CLE,16,0,2,0,0,0.0,0,0,0,0,0
00-0040326,Branson Combs,LB,JAX,16,0,1,0,0,0.0,0,0,0,0,0
00-0040329,BJ Green II,DE,JAX,16,2,1,1,0,1.0,0,0,0,0,0
00-0040347,Johnathan Edwards,DB,IND,16,2,1,0,0,0.0,0,0,0,0,0
00-0040369,Howard Cross III,DT,CIN,16,1,2,0,0,0.0,0,0,0,0,0
00-0040371,Eric Gregory,DT,NE,16,0,1,0,0,0.0,0,0,0,0,0
00-0040396,Dean Clark,SAF,NYJ,16,4,2,0,0,0.0,0,0,0,0,0
00-0040397,Jordan Clark,CB,NYJ,16,3,2,0,0,0.0,0,0,0,0,0
00-0040409,Austin Brinkman,LS,HOU,16,0,1,0,0,0.0,0,0,0,0,0
00-0040416,John Bullock,LB,TB,16,0,1,0,0,0.0,0,0,0,0,0
00-0040488,Carter Runyon,TE,LV,16,1,0,0,0,0.0,0,0,0,0,0
00-0040492,Tyler Batty,LB,MIN,16,1,0,0,0,0.0,0,0,0,0,0
00-0040496,Chaz Chambliss,LB,MIN,16,0,1,0,0,0.0,0,0,0,0,0
00-0040503,Dorian Mausi,LB,TEN,16,1,0,0,0,0.0,0,0,0,0,0
00-0040546,Cobee Bryant,CB,ATL,16,1,1,0,0,0.0,0,0,0,0,0
00-0040574,Elijah Ponder,LB,NE,16,1,1,0,0,0.0,0,0,0,0,0
00-0040577,Jalon Walker,LB,ATL,16,1,0,0,0,0.0,0,0,0,0,0
00-0040578,James Pearce Jr.,DE,ATL,16,1,1,0,0,0.5,1,0,2,0,0
00-0040579,Carson Schwesinger,LB,CLE,16,5,9,1,0,1.0,2,0,0,0,0
00-0040580,Josaiah Stewart,LB,LAR,16,1,0,0,0,0.0,0,0,0,0,0
00-0040582,Arian Smith,WR,NYJ,16,1,0,0,0,0.0,0,0,0,0,0
00-0040585,Ty Hamilton,DT,LAR,16,0,1,0,0,0.0,0,0,0,0,0
00-0040624,Elijah Williams,DE,MIN,16,1,1,0,0,0.0,0,0,0,0,0
00-0040634,Jordan Turner,LB,DEN,16,1,2,0,0,0.0,0,0,0,0,0
00-0040639,Grey Zabel,G,SEA,16,0,1,0,0,0.0,0,0,0,0,0
00-0040640,Ashton Gillotte,DE,KC,16,1,4,0,0,0.0,1,0,0,0,0
00-0040641,Darien Porter,CB,LV,16,2,1,0,0,0.0,0,0,0,0,0
00-0040643,Jonas Sanker,SAF,NO,16,1,5,0,0,0.0,0,1,2,0,0
00-0040645,Cody Simon,LB,ARI,16,2,5,1,0,0.0,0,0,1,0,0
00-0040647,Rylie Mills,DT,SEA,16,0,1,0,0,0.0,0,0,0,0,0
00-0040663,Harold Fannin Jr.,TE,CLE,16,0,1,0,0,0.0,0,0,0,0,0
00-0040670,Nohl Williams,CB,KC,16,1,1,0,0,0.0,0,0,0,0,0
00-0040677,Abdul Carter,LB,NYG,16,1,1,1,0,1.0,4,0,0,0,0
00-0040678,Derrick Harmon,DT,PIT,16,0,2,0,0,0.0,0,0,0,0,0
00-0040685,Mason Graham,DT,CLE,16,1,1,0,0,0.0,0,0,0,0,0
00-0040688,Malaki Starks,SAF,BAL,16,3,0,0,0,0.0,0,0,0,0,0
00-0040706,Walter Nolen,DT,ARI,16,0,0,0,0,0.0,1,0,0,0,0
00-0040708,Jihaad Campbell,LB,PHI,16,2,4,1,0,0.0,0,0,0,0,0
00-0040710,Deone Walker,DT,BUF,16,0,3,0,0,0.0,1,0,2,0,0
00-0040711,CJ West,DT,SF,16,1,0,1,0,1.0,1,0,0,0,0
00-0040716,Craig Woodson,SAF,NE,16,3,1,0,0,0.0,0,0,0,0,0
00-0040720,Jahdae Barron,CB,DEN,16,0,1,0,0,0.0,0,0,0,0,0
00-0040721,Alfred Collins,DT,SF,16,1,1,1,1,1.0,0,0,0,0,0
00-0040722,Mike Green,LB,BAL,16,0,1,0,0,0.0,1,0,0,0,0
00-0040724,T.J. Sanders,DT,BUF,16,1,2,0,0,0.0,0,0,0,0,0
00-0040725,Donovan Ezeiruaku,DE,DAL,16,0,2,0,0,0.0,1,0,0,0,0
00-0040733,Nick Emmanwori,SAF,SEA,16,7,4,0,0,0.0,0,0,0,0,0
00-0040738,Demetrius Knight Jr.,LB,CIN,16,3,1,0,0,0.0,0,0,0,0,0
00-0040746,Nic Scourton,LB,CAR,16,2,2,1,0,0.0,0,0,0,0,0
00-0040747,Benjamin Morrison,CB,TB,16,4,2,1,0,0.0,0,0,0,0,0
00-0040751,Will Johnson,CB,ARI,16,1,2,0,0,0.0,0,0,2,0,0
00-0040756,Shemar Stewart,DE,CIN,16,2,0,1,0,0.0,0,0,0,0,0
00-0026190,Calais Campbell,DE,ARI,17,2,1,1,0,1.0,1,0,0,0,0
00-0026498,Matthew Stafford,QB,LAR,17,1,0,0,0,0.0,0,0,0,0,0
00-0027867,Jason Pierre-Paul,DE,TB,17,0,0,0,0,0.0,0,0,1,0,0
00-0027940,Von Miller,OLB,WAS,17,2,0,0,0,1.0,1,0,0,0,0
00-0027962,Cameron Jordan,LB,NO,17,2,3,1,1,1.0,2,0,0,0,0
00-0027969,Cameron Heyward,DE,PIT,17,3,2,1,0,0.0,0,0,0,0,0
00-0029008,Charley Hughlett,LS,PHI,17,1,0,0,0,0.0,0,0,0,0,0
00-0029255,Bobby Wagner,MLB,WAS,17,5,5,0,0,0.5,2,0,1,0,0
00-0029562,Lavonte David,OLB,TB,17,2,1,0,0,0.0,0,0,0,0,0
00-0029606,Harrison Smith,FS,MIN,17,3,0,2,0,1.0,1,1,3,0,0
00-0029607,Demario Davis,OLB,NO,17,0,6,0,0,0.5,1,0,0,0,0
00-0030070,John Jenkins,DT,BAL,17,0,1,0,0,0.0,0,0,0,0,0
00-0030294,Tony Jefferson,S,LAC,17,1,2,1,0,0.0,1,0,0,0,0
00-0030757,Mike Pennel,DT,KC,17,0,1,0,0,0.0,0,0,0,0,0
00-0031040,Khalil Mack,OLB,LAC,17,2,2,1,1,0.0,0,0,0,0,0
00-0031254,Denico Autry,DT,HOU,17,1,0,1,1,1.0,0,0,0,0,0
00-0031270,Shelby Harris,DE,CLE,17,0,0,0,0,0.0,1,0,1,0,0
00-0031357,C.J. Goodwin,CB,DAL,17,1,1,0,0,0.0,0,0,0,0,0
00-0031364,Jadeveon Clowney,OLB,DAL,17,1,1,3,0,1.5,3,0,0,0,0
00-0031411,DeMarcus Lawrence,LB,SEA,17,3,3,1,1,1.0,1,0,0,0,0
00-0031550,Shaq Thompson,OLB,BUF,17,3,1,1,0,0.0,0,0,0,0,0
00-0031565,Danielle Hunter,DE,HOU,17,2,2,1,0,1.0,2,0,0,0,0
00-0031583,Grady Jarrett,DT,CHI,17,0,3,0,0,0.0,0,0,0,0,0
00-0031898,Alex Singleton,LB,DEN,17,2,2,0,0,0.0,0,0,0,0,0
00-0031933,Leonard Williams,DE,SEA,17,0,3,0,0,0.0,0,0,0,0,0
00-0031935,Preston Smith,DE,WAS,17,0,2,0,0,0.5,1,0,0,0,0
00-0032228,Joe Cardona,LS,MIA,17,0,1,0,0,0.0,0,0,0,0,0
00-0032387,Jarran Reed,DT,SEA,17,0,2,0,0,0.0,0,0,0,0,0
00-0032388,Deion Jones,LB,TB,17,0,1,0,0,0.0,0,0,0,0,0
00-0032398,Chris Moore,WR,WAS,17,1,0,0,0,0.0,0,0,0,0,0
00-0032424,DJ Reader,DT,DET,17,0,1,0,0,0.0,0,0,0,0,0
00-0032442,Elandon Roberts,OLB,LV,17,4,2,0,0,0.0,0,0,0,0,0
00-0032580,Jonathan Jones,DB,WAS,17,0,1,0,0,0.0,0,0,2,0,0
00-0032667,Roy Robertson-Harris,DE,NYG,17,3,0,0,0,0.0,0,0,0,0,0
00-0032759,Sheldon Rankins,DT,HOU,17,0,1,0,0,0.5,3,0,0,0,0
00-0032762,Chris Jones,DE,KC,17,1,1,1,0,1.0,4,0,0,0,0
00-0032763,Austin Johnson,NT,JAX,17,0,1,0,0,0.0,0,0,0,0,0
00-0032803,Jalen Mills,CB,DET,17,0,4,0,0,0.0,0,0,1,0,0
00-0032889,A'Shawn Robinson,DT,CAR,17,0,9,0,0,0.0,1,0,0,0,0
00-0032918,C.J. Ham,FB,MIN,17,1,2,0,0,0.0,0,0,0,0,0
00-0032951,Laquon Treadwell,WR,IND,17,1,0,0,0,0.0,0,0,0,0,0
00-0033010,Sheldon Day,DT,WAS,17,0,1,0,0,0.0,0,0,0,0,0
00-0033038,Eric Murray,S,JAX,17,2,1,0,0,0.0,0,0,1,0,0
00-0033046,Jihad Ward,LB,TEN,17,0,1,0,0,0.0,1,0,0,0,0
00-0033051,David Onyemata,DT,ATL,17,1,1,0,0,0.0,0,0,0,0,0
00-0033055,Jalen Ramsey,CB,PIT,17,3,2,0,0,0.0,0,0,0,0,0
00-0033066,Andrew Billings,DT,CHI,17,0,2,1,0,0.0,0,0,0,0,0
00-0033072,Leonard Floyd,DE,ATL,17,1,1,1,0,1.0,2,0,0,0,0
00-0033093,Jonathan Bullard,DE,NO,17,1,1,2,0,0.0,0,0,0,0,0
00-0033109,Javon Hargrave,NT,MIN,17,2,3,0,0,0.0,1,0,0,0,0
00-0033120,Kenny Clark,NT,DAL,17,0,1,0,0,0.0,0,0,0,0,0
00-0033132,Kevin Byard,FS,CHI,17,0,2,0,0,0.0,0,0,0,0,0
00-0033156,Joey Bosa,DE,BUF,17,1,1,1,0,0.0,0,0,0,0,0
00-0033217,Mo Alie-Cox,TE,IND,17,1,0,0,0,0.0,0,0,0,0,0
00-0033281,Marlon Humphrey,CB,BAL,17,1,2,0,0,0.0,0,1,1,0,0
00-0033284,Taylor Moton,OT,CAR,17,1,0,0,0,0.0,0,0,0,0,0
00-0033294,Chuck Clark,SAF,PIT,17,4,1,0,0,0.0,0,0,0,0,0
00-0033297,D.J. Jones,DT,DEN,17,3,2,0,0,0.0,0,0,0,0,0
00-0033336,Eric Wilson,LB,MIN,17,1,3,0,1,0.0,0,0,0,0,0
00-0033381,Adam Butler,DT,LV,17,0,1,0,0,0.0,0,0,0,0,0
00-0033393,Kenny Moore II,CB,IND,17,8,2,2,0,0.0,0,0,0,0,0
00-0033523,Jonathan Allen,DE,MIN,17,3,4,0,0,0.0,0,0,0,0,0
00-0033546,Dalvin Tomlinson,DE,ARI,17,1,1,1,0,1.0,1,0,0,0,0
00-0033548,Chidobe Awuzie,CB,BAL,17,1,0,0,0,0.0,0,0,0,0,0
00-0033551,Rasul Douglas,CB,MIA,17,2,2,0,0,0.0,0,0,0,0,0
00-0033571,Matt Milano,OLB,BUF,17,4,3,1,0,0.5,1,0,0,0,0
00-0033697,Michael Davis,CB,NO,17,0,1,0,0,0.0,0,0,0,0,0
00-0033783,Ahkello Witherspoon,CB,LAR,17,0,1,0,0,0.0,0,0,0,0,0
00-0033860,Davon Godchaux,DT,NO,17,0,2,0,0,0.0,0,0,0,0,0
00-0033868,Myles Garrett,DE,CLE,17,1,0,0,0,0.0,1,0,0,0,0
00-0033870,Solomon Thomas,DE,DAL,17,1,0,1,0,0.0,0,0,0,0,0
00-0033872,Jamal Adams,LB,LV,17,1,2,0,0,0.0,0,0,0,0,0
00-0033875,Haason Reddick,OLB,TB,17,3,1,1,0,0.0,0,0,0,0,0
00-0033876,Derek Barnett,DE,HOU,17,2,0,2,0,2.0,2,0,0,0,0
00-0033877,Malik Hooker,FS,DAL,17,1,2,0,0,0.0,0,0,0,0,0
00-0033878,Adoree' Jackson,CB,PHI,17,2,3,0,0,0.0,0,0,2,0,0
00-0033884,Tre'Davious White,CB,BUF,17,0,0,0,0,0.0,0,0,1,0,0
00-0033894,Marcus Williams,FS,LAC,17,3,0,0,0,0.0,0,0,0,0,0
00-0033905,Larry Ogunjobi,DT,BUF,17,2,0,0,0,0.0,0,0,0,0,0
00-0033907,Dawuane Smoot,DE,JAX,17,0,1,0,0,0.0,0,0,0,0,0
00-0033914,Alex Anzalone,MLB,DET,17,2,1,1,0,1.0,1,0,0,0,0
00-0033918,Fabian Moreau,CB,MIN,17,2,0,0,0,0.0,0,0,0,0,0
00-0033941,Rayshawn Jenkins,SAF,CLE,17,2,0,0,1,0.0,0,0,0,0,0
00-0033945,Samson Ebukam,DE,IND,17,1,1,1,0,0.0,0,0,0,0,0
00-0033952,Grover Stewart,DT,IND,17,0,4,0,0,0.0,2,0,0,0,0
00-0033964,Al-Quadin Muhammad,LB,DET,17,2,0,2,0,2.0,2,0,0,0,0
00-0034163,Jacob Martin,DE,WAS,17,1,3,0,0,0.0,1,0,0,0,0
00-0034234,Poona Ford,DT,LAR,17,0,2,0,0,0.0,1,0,0,0,0
00-0034264,Jalyn Holmes,DT,WAS,17,2,3,0,0,0.0,0,0,0,0,0
00-0034278,Tremon Smith,CB,HOU,17,2,2,0,0,0.0,0,0,0,0,0
00-0034285,Zach Sieler,DE,MIA,17,1,1,0,0,0.0,0,0,0,0,0
00-0034302,Frankie Luvu,LB,WAS,17,3,4,0,0,0.0,0,0,1,0,0
00-0034344,Marcus Davenport,DE,DET,17,2,2,0,0,0.0,0,0,0,0,0
00-0034350,Uchenna Nwosu,LB,SEA,17,1,1,1,0,0.0,1,0,1,0,0
00-0034356,Donte Jackson,CB,LAC,17,1,0,0,0,0.0,0,0,0,0,0
00-0034361,Justin Reid,S,NO,17,1,1,1,0,0.0,0,0,1,0,0
00-0034371,Da'Shawn Hand,DE,LAC,17,2,0,0,0,0.0,0,0,1,0,0
00-0034376,Taron Johnson,CB,BUF,17,0,3,0,0,0.0,0,0,0,0,0
00-0034381,Josh Sweat,LB,ARI,17,0,1,0,0,0.0,0,0,0,0,0
00-0034384,D.J. Reed,CB,DET,17,0,3,0,0,0.0,0,0,1,0,0
00-0034391,Siran Neal,DB,SF,17,0,1,0,0,0.0,0,0,0,0,0
00-0034413,Foye Oluokun,LB,JAX,17,5,8,0,0,0.0,0,0,0,0,0
00-0034431,Zaire Franklin,OLB,IND,17,1,4,0,0,0.0,0,0,0,0,0
00-0034446,Jalen Davis,CB,CIN,17,2,1,0,0,0.0,0,0,0,0,0
00-0034465,Jeremy Reaves,DB,WAS,17,4,2,0,0,0.0,0,0,1,0,0
00-0034488,Tavierre Thomas,SAF,MIN,17,1,1,0,0,0.0,0,0,0,0,0
00-0034639,Mike Ford,DB,ATL,17,1,1,0,0,0.0,0,0,0,0,0
00-0034657,Matt Dickerson,DE,JAX,17,0,2,0,0,0.0,0,0,0,0,0
00-0034673,Tremaine Edmunds,MLB,CHI,17,7,2,0,0,0.0,0,0,0,0,0
00-0034675,Jessie Bates,FS,ATL,17,4,3,0,0,0.0,0,1,1,1,0
00-0034754,Oren Burks,ILB,CIN,17,0,1,0,0,0.0,0,0,0,0,0
00-0034760,Nathan Shepherd,DE,NO,17,2,1,0,0,0.0,0,0,0,0,0
00-0034773,Vita Vea,DT,TB,17,1,2,0,0,0.0,0,0,0,0,0
00-0034775,Christian Kirk,WR,HOU,17,1,0,0,0,0.0,0,0,0,0,0
00-0034778,Carlton Davis III,CB,NE,17,2,0,0,0,0.0,0,0,0,0,0
00-0034779,Ronnie Harrison,LB,ATL,17,1,1,0,0,0.0,0,0,0,0,0
00-0034780,Isaac Yiadom,CB,NO,17,1,0,0,0,0.0,0,0,0,0,0
00-0034782,Harrison Phillips,DT,NYJ,17,2,3,0,0,0.0,1,0,0,0,0
00-0034790,Derwin James,FS,LAC,17,4,4,0,0,0.0,0,1,1,0,0
00-0034797,Jerome Baker,OLB,CLE,17,0,4,1,0,0.0,0,0,0,0,0
00-0034800,B.J. Hill,DE,CIN,17,2,0,0,0,0.0,1,0,0,0,0
00-0034810,Sebastian Joseph-Day,DT,TEN,17,0,1,0,0,0.0,1,0,0,0,0
00-0034825,Arden Key,DE,TEN,17,1,1,1,0,0.0,0,0,0,0,0
00-0034832,Bradley Chubb,OLB,MIA,17,2,1,2,1,2.0,2,0,0,0,0
00-0034856,Denzel Ward,CB,CLE,17,0,1,0,0,0.0,0,0,1,0,0
00-0034869,Sam Darnold,QB,SEA,17,1,0,0,1,0.0,0,0,0,0,0
00-0034874,Roquan Smith,ILB,BAL,17,1,2,0,0,0.0,0,0,0,0,0
00-0034967,Rashan Gary,LB,GB,17,0,1,0,0,0.0,1,0,0,0,0
00-0034974,Julian Love,SAF,SEA,17,5,1,0,0,0.0,0,1,1,0,0
00-0034987,E.J. Speed,LB,HOU,17,2,0,0,0,0.0,0,0,0,0,0
00-0034993,Marcus Epps,SAF,PHI,17,8,1,1,0,0.0,0,0,0,0,0
00-0035000,Quinton Bell,LB,MIA,17,0,2,0,0,0.0,0,0,0,0,0
00-0035020,Demetrius Flannigan-Fowles,LB,NYG,17,3,2,1,0,1.0,0,0,0,0,0
00-0035021,Ashton Dulin,WR,IND,17,1,1,0,0,0.0,0,0,0,0,0
00-0035133,Keisean Nixon,DB,GB,17,3,4,0,0,0.0,0,0,1,0,0
00-0035166,Azeez Al-Shaair,LB,HOU,17,2,4,0,0,0.0,0,1,1,0,0
00-0035192,Joey Slye,K,TEN,17,1,0,0,0,0.0,0,0,0,0,0
00-0035202,Del'Shawn Phillips,LB,LAC,17,1,5,0,0,0.0,0,0,0,0,0
00-0035227,P.J. Locke,DB,DEN,17,2,2,1,0,0.0,0,0,0,0,0
00-0035236,Byron Murphy,CB,MIN,17,3,0,0,0,0.0,0,1,1,0,0
00-0035240,Jahlani Tavai,LB,NE,17,4,2,2,0,0.0,0,0,0,0,0
00-0035244,Lonnie Johnson,SAF,LV,17,4,3,0,0,0.0,0,0,0,0,0
00-0035248,Zach Allen,DE,DEN,17,1,0,0,0,0.0,2,0,0,0,0
00-0035253,C.J. Gardner-Johnson,SAF,CHI,17,2,3,0,0,0.0,0,0,1,0,0
00-0035262,Drue Tranquill,LB,KC,17,7,2,0,0,0.0,0,0,0,0,0
00-0035272,Andrew Van Ginkel,OLB,MIN,17,2,3,1,0,1.5,2,0,0,0,0
00-0035276,Blake Cashman,LB,MIN,17,6,11,1,0,1.0,1,0,0,0,0
00-0035277,Mike Jackson,CB,CAR,17,7,3,0,0,0.0,0,1,2,0,0
00-0035279,Charles Omenihu,DE,KC,17,3,2,0,0,0.0,1,0,0,0,0
00-0035280,Jake Bailey,P,MIA,17,1,0,0,0,0.0,0,0,0,0,0
00-0035301,Donovan Wilson,SAF,DAL,17,2,2,1,0,0.0,0,0,0,0,0
00-0035316,Kaden Elliss,LB,ATL,17,1,2,0,0,0.0,0,0,1,0,0
00-0035352,Tyrel Dodson,LB,MIA,17,4,1,1,0,1.0,0,0,0,0,0
00-0035357,Cam Lewis,CB,BUF,17,4,1,0,0,0.0,0,0,0,0,0
00-0035363,Joe Giles-Harris,LB,CIN,17,4,3,0,0,0.0,0,0,0,0,0
00-0035378,Andrew Wingard,SAF,JAX,17,3,2,1,0,0.0,0,0,0,0,0
00-0035386,T.J. Edwards,LB,CHI,17,6,3,0,0,0.0,0,1,1,1,0
00-0035402,Carl Granderson,DE,NO,17,0,1,0,0,0.0,0,0,0,0,0
00-0035409,Shy Tuttle,DT,WAS,17,1,2,0,0,0.0,0,0,0,0,0
00-0035413,Luke Gifford,LB,SF,17,3,0,0,0,0.0,0,0,0,0,0
00-0035525,Devin Bush,LB,CLE,17,5,4,1,1,0.0,0,0,0,0,0
00-0035542,Kemon Hall,DB,TEN,17,4,0,0,1,0.0,0,0,0,0,0
00-0035594,Travis Homer,RB,CHI,17,0,2,0,0,0.0,0,0,0,0,0
00-0035617,Troy Reeder,LB,LAR,17,1,1,0,0,0.0,0,0,0,0,0
00-0035632,Amani Hooker,SAF,TEN,17,2,0,0,0,0.0,0,0,0,0,0
00-0035633,Corey Ballentine,DB,DAL,17,0,1,0,0,0.0,0,0,0,0,0
00-0035636,L.J. Collier,DE,ARI,17,0,3,0,0,0.0,1,0,0,0,0
00-0035637,Rock Ya-Sin,CB,DET,17,3,1,0,0,0.0,0,0,0,0,0
00-0035642,Josh Hines-Allen,DE,JAX,17,3,3,1,0,1.0,1,0,1,0,0
00-0035643,Jeffery Simmons,DT,TEN,17,4,3,0,1,1.0,1,0,0,0,0
00-0035646,Sione Takitaki,LB,MIN,17,0,1,0,0,0.0,0,0,0,0,0
00-0035647,Montez Sweat,DE,CHI,17,4,1,0,0,0.0,0,0,0,0,0
00-0035655,Will Harris,SAF,WAS,17,5,5,0,0,0.0,0,0,0,0,0
00-0035656,Khalen Saunders,DT,NYJ,17,1,0,1,0,1.0,1,0,0,0,0
00-0035667,Greg Gaines,DT,TB,17,1,1,0,0,0.0,0,0,0,0,0
00-0035669,Nick Scott,SAF,CAR,17,5,2,0,0,0.0,0,0,0,0,0
00-0035672,Cody Barton,LB,TEN,17,1,2,0,0,0.0,0,0,0,0,0
00-0035674,Jerry Tillery,DT,KC,17,0,2,0,0,0.0,0,0,0,0,0
00-0035678,Dre'Mont Jones,DE,BAL,17,0,6,0,0,0.0,1,0,0,0,0
00-0035680,Quincy Williams,LB,NYJ,17,5,1,0,0,0.0,0,0,0,0,0
00-0035681,Mike Edwards,SAF,KC,17,0,1,0,0,0.0,0,0,0,0,0
00-0035683,Dexter Lawrence,DT,NYG,17,2,1,1,0,0.0,0,0,0,0,0
00-0035687,Bobby Okereke,ILB,NYG,17,4,2,1,0,0.0,0,1,1,0,0
00-0035697,Germaine Pratt,LB,IND,17,5,2,0,0,0.0,0,1,2,0,0
00-0035699,Jamel Dean,CB,TB,17,1,1,0,0,0.0,0,0,1,0,0
00-0035705,Jalen Thompson,DB,ARI,17,3,1,0,0,0.0,0,0,0,0,0
00-0035707,Devin White,LB,LV,17,4,4,0,0,0.0,1,0,0,0,0
00-0035713,Brian Burns,LB,NYG,17,1,3,1,0,1.5,3,0,0,0,0
00-0035718,Quinnen Williams,DT,DAL,17,2,1,0,0,0.0,1,0,0,0,0
00-0035763,Malcolm Roach,DT,DEN,17,2,3,0,0,0.0,0,0,0,0,0
00-0035900,Cole Christiansen,LB,KC,17,0,1,0,0,0.0,0,0,0,0,0
00-0035942,Christian Rozeboom,LB,CAR,17,4,6,1,0,0.0,0,0,0,0,0
00-0035944,Jonah Williams,DE,NO,17,2,1,1,0,1.0,1,0,0,0,0
00-0036151,Bryce Huff,DE,SF,17,0,3,0,0,0.0,0,0,0,0,0
00-0036181,Teair Tart,DT,LAC,17,1,2,0,0,0.0,0,0,1,0,0
00-0036187,Reggie Gilliam,RB,BUF,17,1,0,0,0,0.0,0,0,0,0,0
00-0036192,A.J. Epenesa,DE,BUF,17,1,0,0,0,0.0,1,0,0,0,0
00-0036193,Anfernee Jennings,LB,NE,17,2,2,0,0,0.0,1,0,0,0,0
00-0036199,Geno Stone,SAF,CIN,17,3,1,0,0,0.0,0,0,0,0,0
00-0036204,LaCale London,DE,ATL,17,1,3,0,0,0.0,0,0,0,0,0
00-0036220,Derrick Brown,DT,CAR,17,3,3,0,0,0.0,1,0,0,0,0
00-0036222,Isaiah Rodgers,CB,MIN,17,2,2,0,0,0.0,0,0,0,0,0
00-0036231,Kyle Dugger,SAF,PIT,17,5,3,0,0,0.0,0,1,1,0,0
00-0036237,Larrell Murchison,DT,LAR,17,0,1,0,0,0.0,0,0,0,0,0
00-0036260,Javon Kinlaw,DT,WAS,17,5,2,0,0,0.0,0,0,0,0,0
00-0036262,DaVon Hamilton,DT,JAX,17,1,1,0,0,0.0,0,0,0,0,0
00-0036266,Jordan Elliott,DT,SF,17,0,0,0,0,0.0,1,0,1,0,0
00-0036280,Malik Harrison,LB,PIT,17,1,2,1,0,0.0,0,0,0,0,0
00-0036281,C.J. Henderson,CB,ATL,17,2,0,0,0,0.0,0,0,0,0,0
00-0036282,Grant Delpit,SAF,CLE,17,6,1,1,1,1.0,1,0,0,0,0
00-0036285,A.J. Terrell,CB,ATL,17,6,1,0,0,0.0,0,0,2,0,0
00-0036286,K'Lavon Chaisson,LB,NE,17,1,2,0,0,0.0,0,0,1,0,0
00-0036287,Noah Igbinoghene,CB,WAS,17,3,3,0,0,0.0,0,0,1,0,0
00-0036288,Yetur Gross-Matos,DE,SF,17,0,1,0,0,0.0,1,0,0,0,0
00-0036292,Jaylon Johnson,CB,CHI,17,1,1,0,0,0.0,0,0,1,0,0
00-0036298,Akeem Davis-Gaither,LB,ARI,17,1,4,0,0,0.0,0,0,1,0,0
00-0036300,Mykal Walker,LB,NYJ,17,0,3,0,0,0.0,0,0,0,0,0
00-0036302,Jaylinn Hawkins,SAF,NE,17,1,0,0,0,0.0,0,1,1,0,0
00-0036306,Daniel Thomas,SAF,DET,17,3,4,1,0,0.0,0,0,0,0,0
00-0036321,Chase Young,DE,NO,17,3,1,1,1,1.5,2,0,0,0,0
00-0036323,Patrick Queen,LB,PIT,17,2,4,1,0,0.0,0,0,0,0,0
00-0036329,Ashtyn Davis,SAF,MIA,17,5,2,0,0,0.0,0,1,2,0,0
00-0036332,Josiah Deguara,TE,ARI,17,0,2,0,0,0.0,0,0,0,0,0
00-0036333,Alex Highsmith,LB,PIT,17,3,0,2,0,2.0,4,0,0,0,0
00-0036335,D.J. Wonnum,LB,CAR,17,1,0,1,0,1.0,1,0,1,0,0
00-0036337,James Lynch,DT,TEN,17,0,1,0,0,0.5,1,0,0,0,0
00-0036338,Troy Dye,LB,LAC,17,0,1,0,0,0.0,0,0,1,0,0
00-0036341,Khalid Kareem,LB,ATL,17,1,1,1,0,0.0,1,0,0,0,0
00-0036349,Kam Curl,SAF,LAR,17,6,3,0,0,0.0,0,0,0,0,0
00-0036356,Isaiah Simmons,SAF,CAR,17,1,0,0,0,0.0,0,0,0,0,0
00-0036361,Trevon Diggs,CB,DAL,17,1,0,0,0,0.0,0,0,0,0,0
00-0036362,Willie Gay Jr.,LB,MIA,17,2,2,0,0,0.0,0,0,0,0,0
00-0036366,Neville Gallimore,DT,IND,17,0,1,0,0,0.0,0,0,1,0,0
00-0036371,Leki Fotu,DT,HOU,17,0,2,0,0,0.0,0,0,0,0,0
00-0036375,Amik Robertson,CB,DET,17,1,1,0,0,0.0,0,0,0,0,0
00-0036380,Alohi Gilman,SAF,BAL,17,2,1,0,0,0.0,0,0,0,0,0
00-0036388,Xavier McKinney,SAF,GB,17,6,7,0,0,0.0,0,0,0,0,0
00-0036395,K'Von Wallace,SAF,HOU,17,2,2,1,0,0.0,0,0,0,0,0
00-0036407,Jerry Jeudy,WR,CLE,17,1,0,0,0,0.0,0,0,0,0,0
00-0036409,Jordyn Brooks,LB,MIA,17,2,3,1,0,0.0,0,0,1,0,0
00-0036411,Antoine Winfield Jr.,SAF,TB,17,2,5,0,0,0.0,0,0,0,0,0
00-0036416,Kristian Fulton,CB,KC,17,2,1,0,0,0.0,0,0,3,0,0
00-0036418,Zack Baun,LB,PHI,17,5,0,1,0,0.0,0,0,0,0,0
00-0036429,Charlie Woerner,TE,ATL,17,0,1,0,0,0.0,0,0,0,0,0
00-0036441,"Kenneth Murray, Jr.",LB,DAL,17,0,3,0,0,0.0,0,0,0,0,0
00-0036463,Chris Blair,WR,ATL,17,1,0,0,0,0.0,0,0,0,0,0
00-0036479,Kwity Paye,DE,IND,17,0,1,0,0,0.0,1,0,0,0,0
00-0036500,Jamien Sherwood,LB,NYJ,17,3,4,0,0,0.0,0,0,0,0,0
00-0036502,Jason Pinnock,SAF,SF,17,2,1,0,0,0.0,0,0,0,0,0
00-0036563,Deommodore Lenoir,CB,SF,17,2,2,0,0,0.0,0,0,0,0,0
00-0036564,Talanoa Hufanga,SAF,DEN,17,1,1,0,0,0.0,0,0,0,0,0
00-0036568,Roy Lopez,DT,DET,17,2,0,0,0,0.0,1,0,0,0,0
00-0036587,Ar'Darius Washington,SAF,BAL,17,0,1,0,0,0.0,1,0,0,0,0
00-0036590,Quintin Morris,TE,JAX,17,0,1,0,0,0.0,0,0,0,0,0
00-0036617,Asante Samuel Jr.,CB,PIT,17,1,2,0,0,0.0,0,0,0,0,0
00-0036621,Nick Bolton,LB,KC,17,6,6,0,0,0.0,0,1,1,0,0
00-0036629,Camryn Bynum,SAF,IND,17,3,1,0,0,0.0,0,0,0,0,0
00-0036642,Tedarrell Slaton,DT,CIN,17,2,1,1,0,1.0,1,0,0,0,0
00-0036643,K.J. Britt,LB,MIA,17,0,1,0,0,0.0,1,0,0,0,0
00-0036649,Quinton Bohanna,DT,GB,17,1,1,0,0,0.0,0,0,0,0,0
00-0036658,Isaiah McDuffie,LB,GB,17,6,1,0,0,0.0,0,0,0,0,0
00-0036677,Zayne Anderson,SAF,GB,17,1,0,0,0,0.0,0,0,0,0,0
00-0036683,Devon Key,SAF,DEN,17,0,1,0,0,0.0,0,0,0,0,0
00-0036695,Naquan Jones,DT,HOU,17,1,0,0,0,0.0,0,0,0,0,0
00-0036727,Adam Prentice,FB,DEN,17,1,0,0,0,0.0,0,0,0,0,0
00-0036802,Jon Rhattigan,LB,LV,17,0,1,0,0,0.0,0,0,0,0,0
00-0036813,Christian Elliss,LB,NE,17,0,5,0,0,0.0,0,0,0,0,0
00-0036850,Cameron Sample,DE,CIN,17,0,0,0,0,0.0,1,0,0,0,0
00-0036867,Chris Rumph II,LB,NO,17,0,1,0,0,0.0,0,0,0,0,0
00-0036871,Nate Hobbs,CB,GB,17,1,0,0,0,0.0,0,0,1,0,0
00-0036874,Pat Surtain II,CB,DEN,17,4,1,0,0,0.0,0,0,0,0,0
00-0036876,Kylen Granson,TE,PHI,17,0,1,0,0,0.0,0,0,0,0,0
00-0036883,Tommy Togiai,DT,HOU,17,1,3,0,0,0.0,0,0,0,0,0
00-0036901,Eric Stokes,CB,LV,17,2,0,0,0,0.0,0,0,0,0,0
00-0036903,Bobby Brown III,DT,CAR,17,1,3,0,0,0.0,0,0,1,0,0
00-0036914,Greg Rousseau,LB,BUF,17,1,2,0,0,0.5,2,0,0,0,0
00-0036927,Pete Werner,LB,NO,17,3,2,0,0,0.0,0,0,0,0,0
00-0036933,Zaven Collins,LB,ARI,17,0,1,0,0,0.5,1,0,0,0,0
00-0036934,Jaelan Phillips,LB,PHI,17,3,3,1,1,1.0,0,0,0,0,0
00-0036937,Paulson Adebo,CB,NYG,17,1,2,0,0,0.0,0,0,1,0,0
00-0036940,Odafe Oweh,LB,LAC,17,1,0,0,0,0.0,0,0,0,0,0
00-0036942,Osa Odighizuwa,DT,DAL,17,1,0,0,0,0.0,1,0,0,0,0
00-0036944,Jaycee Horn,CB,CAR,17,2,0,0,0,0.0,0,0,0,0,0
00-0036952,Jonathon Cooper,LB,DEN,17,1,0,0,0,0.0,1,0,0,0,0
00-0036953,Teven Jenkins,G,CLE,17,1,0,0,0,0.0,0,0,0,0,0
00-0036956,Darren Hall,CB,ARI,17,2,4,0,0,0.0,0,0,0,0,0
00-0036962,Tre'von Moehrig,SAF,CAR,17,3,1,2,0,1.0,1,0,0,0,0
00-0036963,Amon-Ra St. Brown,WR,DET,17,1,0,0,0,0.0,0,0,0,0,0
00-0036964,Derrick Barnes,LB,DET,17,1,4,0,0,0.0,0,0,0,0,0
00-0036967,Joe Tryon-Shoyinka,DE,CHI,17,4,1,1,0,0.0,0,0,0,0,0
00-0036974,Tyson Campbell,CB,CLE,17,3,1,1,0,0.0,0,0,2,0,0
00-0036981,Christian Barmore,DT,NE,17,0,0,0,0,0.0,1,0,0,0,0
00-0036982,Chauncey Golston,DE,NYG,17,2,0,1,0,0.0,0,0,0,0,0
00-0036986,Nahshon Wright,CB,CHI,17,6,1,0,0,0.0,0,0,0,0,0
00-0036987,Brandon Stephens,CB,NYJ,17,1,1,0,0,0.0,0,0,0,0,0
00-0036989,Malcolm Koonce,DE,LV,17,1,1,1,0,1.0,3,0,0,0,0
00-0036990,Divine Deablo,LB,ATL,17,7,3,0,0,0.0,0,0,0,0,0
00-0036992,Elijah Molden,CB,LAC,17,2,1,0,0,0.0,0,1,1,0,0
00-0036993,Ifeatu Melifonwu,SAF,MIA,17,3,2,0,0,0.0,0,0,0,0,0
00-0036994,Ernest Jones,LB,SEA,17,1,4,0,0,0.0,0,0,0,0,0
00-0036995,Baron Browning,LB,ARI,17,1,0,0,0,0.0,0,0,0,0,0
00-0036996,Greg Newsome II,CB,JAX,17,1,0,0,0,0.0,0,0,1,0,0
00-0036998,Jevon Holland,SAF,NYG,17,0,2,0,0,0.0,0,0,0,0,0
00-0037034,Dee Alford,CB,ATL,17,2,0,0,0,0.0,0,0,1,0,0
00-0037051,Elijah Garcia,DE,ATL,17,0,1,0,0,0.0,0,0,0,0,0
00-0037073,Jordan Davis,DT,PHI,17,3,2,0,0,0.0,0,0,0,0,0
00-0037074,Quay Walker,LB,GB,17,6,6,0,0,1.0,1,0,0,0,0
00-0037079,Riq Woolen,CB,SEA,17,2,0,0,0,0.0,0,0,0,0,0
00-0037082,Dominique Robinson,DE,CHI,17,0,1,0,0,0.0,0,0,0,0,0
00-0037083,Kingsley Enagbare,LB,GB,17,3,2,2,0,0.0,1,0,0,0,0
00-0037085,Tyler Badie,RB,DEN,17,0,1,0,0,0.0,0,0,0,0,0
00-0037093,Dareke Young,WR,SEA,17,1,0,0,0,0.0,0,0,0,0,0
00-0037096,Elijah Hicks,SAF,CHI,17,1,1,0,0,0.0,0,0,0,0,0
00-0037106,Jaylon Jones,DB,CHI,17,1,0,0,0,0.0,0,0,0,0,0
00-0037129,Josh Blackwell,CB,CHI,17,0,1,0,0,0.0,0,0,0,0,0
00-0037130,Reed Blankenship,SAF,PHI,17,4,1,0,0,0.0,0,0,0,0,0
00-0037179,Jeremiah Moon,LB,PIT,17,0,1,0,0,0.0,0,0,0,0,0
00-0037190,Sauce Gardner,CB,IND,17,2,1,0,0,0.0,0,0,1,0,0
00-0037192,George Karlaftis,DE,KC,17,1,1,0,0,0.0,0,0,0,0,0
00-0037193,Bryan Cook,SAF,KC,17,4,4,0,0,0.0,0,0,1,0,0
00-0037203,LaBryan Ray,DT,CAR,17,0,1,0,0,0.0,0,0,0,0,0
00-0037205,Brenden Schooler,SAF,NE,17,3,2,0,0,0.0,0,0,0,0,0
00-0037235,Travon Walker,DE,JAX,17,4,0,2,0,1.0,3,0,0,0,0
00-0037236,Aidan Hutchinson,DE,DET,17,4,2,2,0,2.0,3,0,0,0,0
00-0037237,Derek Stingley Jr.,CB,HOU,17,2,1,0,0,0.0,0,0,1,0,0
00-0037242,Kaiir Elam,CB,TEN,17,2,0,1,0,0.0,0,0,1,0,0
00-0037244,Devin Lloyd,LB,JAX,17,1,4,0,0,0.0,1,0,1,0,0
00-0037246,Jalen Pitre,SAF,HOU,17,4,1,0,0,0.0,0,0,1,0,0
00-0037249,Nik Bonitto,LB,DEN,17,1,0,0,0,0.0,0,0,1,0,0
00-0037251,Alex Wright,DE,CLE,17,2,2,2,0,1.0,2,0,0,0,0
00-0037253,Marcus Jones,CB,NE,17,2,0,0,0,0.0,0,0,0,0,0
00-0037254,Terrel Bernard,LB,BUF,17,3,0,0,0,0.0,0,0,0,0,0
00-0037262,Thomas Booker,DT,LV,17,1,2,0,0,0.0,1,0,0,0,0
00-0037270,Otito Ogbonnia,DT,LAC,17,1,1,1,0,0.0,0,0,0,0,0
00-0037271,D'Marco Jackson,LB,CHI,17,1,0,0,0,0.0,0,0,0,0,0
00-0037276,Ty Chandler,RB,MIN,17,0,1,0,0,0.0,0,0,0,0,0
00-0037277,Teagan Quitoriano,TE,ATL,17,1,0,0,0,0.0,0,0,0,0,0
00-0037280,Matthew Butler,DT,MIA,17,1,0,0,0,0.0,0,0,0,0,0
00-0037281,Damone Clark,LB,HOU,17,2,0,0,0,0.0,0,0,0,0,0
00-0037283,John Ridgeway,DT,NO,17,2,1,0,0,0.0,1,0,0,0,0
00-0037288,Christian Benford,CB,BUF,17,3,0,0,0,0.0,0,0,2,0,0
00-0037289,Malcolm Rodriguez,LB,DET,17,2,1,0,0,0.0,0,0,0,0,0
00-0037301,Theo Jackson,DB,MIN,17,2,2,1,0,1.0,1,0,0,0,0
00-0037307,Ja'Sir Taylor,CB,NYJ,17,3,0,0,0,0.0,0,0,0,0,0
00-0037310,James Houston,DE,DAL,17,1,2,0,0,0.0,0,0,0,0,0
00-0037313,Montaric Brown,CB,JAX,17,4,2,0,0,0.0,0,0,2,0,0
00-0037315,Cameron Goode,LB,MIA,17,1,2,0,0,0.0,0,0,0,0,0
00-0037320,Deane Leonard,CB,LAC,17,1,0,0,0,0.0,0,0,0,0,0
00-0037321,Chase Lucas,CB,SF,17,1,0,0,0,0.0,0,0,0,0,0
00-0037461,Tristin McCollum,DB,LV,17,3,0,1,0,0.0,0,0,0,0,0
00-0037468,Raheem Layne,SAF,NYG,17,2,2,0,0,0.0,0,0,0,0,0
00-0037512,Isaiah Pola-Mao,SAF,LV,17,2,1,0,0,0.0,0,0,1,0,0
00-0037527,Segun Olubi,LB,IND,17,1,0,0,0,0.0,0,0,0,0,0
00-0037549,Darrell Baker Jr.,CB,TEN,17,4,1,0,0,0.0,0,0,0,0,0
00-0037561,Markquese Bell,SAF,DAL,17,1,2,0,0,0.0,0,0,0,0,0
00-0037587,Nate Landman,LB,LAR,17,1,4,1,0,0.0,1,0,0,0,0
00-0037593,Tre Avery,CB,CLE,17,2,1,0,0,0.0,0,0,0,0,0
00-0037594,Julius Chestnut,RB,TEN,17,0,1,0,0,0.0,0,0,0,0,0
00-0037596,Jack Gibbens,LB,NE,17,3,2,1,0,0.0,0,0,0,0,0
00-0037602,Sam Okuayinonu,DT,SF,17,1,0,1,0,0.0,1,0,0,0,0
00-0037616,Nick Cross,SAF,IND,17,9,3,1,0,0.0,1,0,0,0,0
00-0037617,Hassan Haskins,RB,LAC,17,1,0,0,0,0.0,0,0,0,0,0
00-0037633,Jacob Hummel,LB,BAL,17,0,1,0,0,0.0,0,0,0,0,0
00-0037661,Ja'Marcus Ingram,CB,HOU,17,1,0,0,0,0.0,0,0,0,0,0
00-0037663,Jermaine Johnson II,DE,NYJ,17,1,0,1,0,0.0,0,0,1,0,0
00-0037665,Sam Williams,DE,DAL,17,0,0,1,0,0.0,0,0,1,0,0
00-0037711,Jeremiah Pharms Jr.,DT,NE,17,0,1,0,0,0.0,0,0,0,0,0
00-0037743,Daxton Hill,DB,CIN,17,0,1,0,0,0.0,0,0,3,0,0
00-0037756,Travis Jones,DT,BAL,17,1,3,1,0,1.5,1,0,0,0,0
00-0037799,Dondrea Tillman,LB,DEN,17,1,1,0,0,0.5,2,0,0,0,0
00-0037804,Zachary Carter,DT,ARI,17,2,3,0,0,0.0,0,0,0,0,0
00-0037811,Chad Muma,LB,NE,17,1,3,0,0,0.0,0,0,0,0,0
00-0037813,Channing Tindall,LB,ARI,17,0,1,0,0,0.0,0,0,0,0,0
00-0037815,Cameron Thomas,DE,CLE,17,1,3,0,0,0.0,0,0,0,0,0
00-0037826,Drake Jackson,DE,WAS,17,0,1,0,0,0.0,0,0,0,0,0
00-0037832,Kalia Davis,DT,SF,17,2,1,1,0,0.0,0,0,0,0,0
00-0037839,Cobie Durant,CB,LAR,17,0,1,0,0,0.0,0,0,0,0,0
00-0037842,Derion Kendrick,CB,LAR,17,1,0,0,0,0.0,0,0,0,0,0
00-0037843,Daniel Hardy,DE,CHI,17,0,1,0,0,0.0,0,0,0,0,0
00-0038038,Kyle Hamilton,SAF,BAL,17,2,2,0,0,0.0,0,0,0,0,0
00-0038039,Jack Jones,CB,MIA,17,8,2,1,0,0.0,0,0,1,0,0
00-0038043,Joshua Williams,CB,KC,17,0,1,0,0,0.0,0,0,0,0,0
00-0038099,Phidarian Mathis,DT,BUF,17,0,2,0,0,0.0,0,0,0,0,0
00-0038100,Percy Butler,SAF,WAS,17,0,1,0,0,0.0,0,0,0,0,0
00-0038106,Eyioma Uwazurike,DT,DEN,17,1,2,0,0,0.0,0,0,0,0,0
00-0038107,Micheal Clemons,DE,NYJ,17,0,2,0,0,0.0,1,0,0,0,0
00-0038121,Alontae Taylor,CB,NO,17,7,2,0,0,0.0,1,0,4,0,0
00-0038123,Dane Belton,SAF,NYG,17,3,4,0,0,0.0,0,1,1,0,0
00-0038125,Roger McCreary,CB,LAR,17,0,1,0,0,0.0,0,0,0,0,0
00-0038127,Logan Hall,DE,TB,17,3,0,1,0,1.0,2,0,0,0,0
00-0038129,Cade Otton,TE,TB,17,2,0,0,0,0.0,0,0,0,0,0
00-0038133,Boye Mafe,DE,SEA,17,1,1,1,0,1.0,1,0,0,0,0
00-0038135,Jaquan Brisker,SAF,CHI,17,3,5,0,0,0.0,0,0,1,0,0
00-0038142,David Ojabo,LB,BAL,17,0,1,0,0,0.0,0,0,0,0,0
00-0038359,Xavier Smith,WR,LAR,17,1,0,0,0,0.0,0,0,0,0,0
00-0038366,Tanner Ingle,SAF,LAR,17,0,1,0,0,0.0,0,0,0,0,0
00-0038386,Jalen Carter,DT,PHI,17,1,0,1,0,1.0,1,0,1,0,0
00-0038387,Colby Wooden,DE,GB,17,3,3,0,0,0.0,0,0,0,0,0
00-0038390,Noah Sewell,LB,CHI,17,0,1,0,0,0.0,0,0,0,0,0
00-0038398,Karl Brooks,DT,GB,17,2,3,0,0,0.0,0,0,0,0,0
00-0038407,Jaylon Jones,DB,IND,17,1,0,0,0,0.0,0,0,0,0,0
00-0038408,Carrington Valentine,DB,GB,17,0,1,0,0,0.0,0,0,0,0,0
00-0038412,Moro Ojomo,DT,PHI,17,1,2,1,0,1.0,2,0,0,0,0
00-0038414,Kendall Williamson,SAF,LAC,17,1,1,0,0,0.0,0,0,0,0,0
00-0038440,Zavier Scott,RB,MIN,17,1,1,0,0,0.0,0,0,0,0,0
00-0038504,Trenton Simpson,LB,BAL,17,2,2,0,0,0.0,0,0,0,0,0
00-0038505,Tavius Robinson,LB,BAL,17,2,2,0,0,0.5,1,0,0,0,0
00-0038513,Cam Jones,LB,NYJ,17,0,1,0,0,0.0,0,0,0,0,0
00-0038514,Truman Jones,DE,TEN,17,0,1,0,0,0.0,0,0,0,0,0
00-0038521,Reese Taylor,DB,DEN,17,1,0,0,0,0.0,0,0,0,0,0
00-0038541,Tyree Wilson,DE,LV,17,2,3,0,0,0.0,0,0,0,0,0
00-0038546,Myles Murphy,DE,CIN,17,4,2,1,0,1.0,1,0,0,0,0
00-0038549,DJ Turner II,CB,CIN,17,0,1,0,0,0.0,0,0,1,0,0
00-0038552,Riley Moss,CB,DEN,17,2,1,0,0,0.0,0,0,0,0,0
00-0038553,Daiyan Henley,LB,LAC,17,2,9,0,0,0.0,0,0,0,0,0
00-0038554,Ji'Ayir Brown,SAF,SF,17,1,3,0,0,0.0,0,0,1,0,0
00-0038557,Dorian Williams,LB,BUF,17,0,2,0,0,0.0,0,0,0,0,0
00-0038560,Jordan Battle,SAF,CIN,17,0,3,0,0,0.0,0,0,0,0,0
00-0038563,Tre Tucker,WR,LV,17,1,0,0,0,0.0,0,0,0,0,0
00-0038565,Mekhi Blackmon,DB,IND,17,1,0,0,0,0.0,0,0,0,0,0
00-0038570,Ventrell Miller,LB,JAX,17,0,1,0,0,0.0,0,0,0,0,0
00-0038577,Nick Herbig,LB,PIT,17,0,0,0,0,0.0,0,0,1,0,0
00-0038578,Jay Ward,SAF,MIN,17,3,2,0,0,0.0,0,0,0,0,0
00-0038585,Cameron Mitchell,DB,IND,17,4,3,0,0,0.0,0,0,2,0,0
00-0038591,Mike Morris,DE,SEA,17,1,1,1,0,0.0,0,0,0,0,0
00-0038594,Darrell Luter Jr.,CB,SF,17,2,1,0,0,0.0,0,0,0,0,0
00-0038596,Antonio Johnson,SAF,JAX,17,1,0,0,0,0.0,0,1,1,0,0
00-0038599,Henry To'oTo'o,LB,HOU,17,5,7,1,0,0.0,0,0,0,0,0
00-0038600,Owen Pappoe,LB,ARI,17,0,2,0,0,0.0,0,0,0,0,0
00-0038605,JL Skinner,SAF,DEN,17,1,0,0,0,0.0,0,0,0,0,0
00-0038623,Dante Stills,DT,ARI,17,2,1,0,0,0.0,0,0,0,0,0
00-0038625,Dee Winters,LB,SF,17,7,0,1,0,0.0,0,0,0,0,0
00-0038635,Andre Jones Jr.,LB,BUF,17,0,1,0,0,0.0,0,0,0,0,0
00-0038642,D.J. Ivey,CB,CIN,17,2,0,0,0,0.0,0,0,1,0,0
00-0038643,Brayden Willis,TE,SF,17,0,1,0,0,0.0,0,0,0,0,0
00-0038647,Ronnie Bell,WR,NO,17,0,1,0,0,0.0,0,0,0,0,0
00-0038653,Cory Durden,DT,NE,17,0,1,1,0,0.0,1,0,0,0,0
00-0038685,Chris Brooks,RB,GB,17,1,0,0,0,0.0,0,0,0,0,0
00-0038703,Kendell Brooks,SAF,TEN,17,4,1,0,0,0.0,0,0,0,0,0
00-0038705,Emari Demercado,RB,ARI,17,1,1,0,0,0.0,0,0,0,0,0
00-0038710,Blake Whiteheart,TE,CLE,17,1,0,0,0,0.0,0,0,0,0,0
00-0038711,Mohamoud Diabate,LB,CLE,17,1,2,0,0,0.0,0,0,0,0,0
00-0038715,Ronnie Hickman Jr.,SAF,CLE,17,2,0,0,0,0.0,0,0,0,0,0
00-0038752,Jake Bobo,WR,SEA,17,1,1,0,0,0.0,0,0,0,0,0
00-0038765,Ty Okada,SAF,SEA,17,5,1,1,0,0.0,0,0,0,0,0
00-0038778,Jalen Redmond,DL,MIN,17,1,0,1,0,0.0,1,0,1,0,0
00-0038788,Art Green,CB,NYG,17,0,1,0,0,0.0,0,0,0,0,0
00-0038791,Thomas Incoom,LB,CAR,17,0,1,0,0,0.0,0,0,0,0,0
00-0038807,Ivan Pace Jr.,LB,MIN,17,1,0,0,0,0.0,0,0,0,0,0
00-0038820,Christian Izien,SAF,TB,17,1,1,0,0,0.0,0,0,0,0,0
00-0038840,Brycen Tremayne,WR,CAR,17,1,0,0,0,0.0,0,0,0,0,0
00-0038890,Shaka Heyward,LB,CIN,17,0,1,0,0,0.0,1,0,0,0,0
00-0038922,Drake Thomas,LB,SEA,17,0,5,0,0,0.0,0,0,0,0,0
00-0038978,Byron Young,DT,PHI,17,0,1,0,0,0.0,0,0,0,0,0
00-0038982,Chamarri Conner,DB,KC,17,7,3,0,0,0.0,1,0,0,0,0
00-0038997,Josh Downs,WR,IND,17,1,0,0,0,0.0,0,0,0,0,0
00-0039000,Deonte Banks,CB,NYG,17,3,0,0,0,0.0,0,0,2,0,0
00-0039002,Sydney Brown,SAF,PHI,17,0,1,0,0,0.0,0,0,0,0,0
00-0039013,Nolan Smith,LB,PHI,17,0,1,0,0,0.0,0,0,0,0,0
00-0039018,Jack Campbell,LB,DET,17,2,4,0,0,0.0,0,0,0,0,0
00-0039030,Jake Andrews,C,HOU,17,1,0,0,0,0.0,0,0,0,0,0
00-0039031,Adetomiwa Adebawore,DT,IND,17,2,1,1,0,1.0,1,0,0,0,0
00-0039041,Elijah Higgins,TE,ARI,17,1,0,0,0,0.0,0,0,0,0,0
00-0039049,SirVocea Dennis,LB,TB,17,3,3,1,0,0.0,0,0,0,0,0
00-0039054,Marte Mapu,LB,NE,17,2,0,0,0,0.0,0,0,1,0,0
00-0039061,Desjuan Johnson,DE,LAR,17,0,2,0,0,0.0,0,0,0,0,0
00-0039068,Yaya Diaby,LB,TB,17,2,4,2,0,1.0,1,0,0,0,0
00-0039070,Gervon Dexter Sr.,DT,CHI,17,3,4,0,0,0.0,0,0,0,0,0
00-0039108,Will Anderson Jr.,DE,HOU,17,1,1,2,0,0.5,1,0,0,0,0
00-0039110,Keeanu Benton,DT,PIT,17,1,2,0,0,0.0,0,0,0,0,0
00-0039111,Tuli Tuipulotu,LB,LAC,17,1,1,0,0,0.0,0,0,0,0,0
00-0039112,Lukas Van Ness,LB,GB,17,4,2,0,0,0.0,1,0,0,0,0
00-0039137,Byron Young,LB,LAR,17,2,6,1,0,0.0,3,0,0,0,0
00-0039138,Kobie Turner,DE,LAR,17,3,2,0,0,0.0,1,0,0,0,0
00-0039143,Isaiah Foskey,DE,CIN,17,1,0,0,0,0.0,0,0,0,0,0
00-0039147,Christian Gonzalez,CB,NE,17,4,0,0,0,0.0,0,0,0,0,0
00-0039148,Keion White,DE,SF,17,0,1,0,0,0.0,0,0,0,0,0
00-0039149,Quan Martin,SAF,WAS,17,2,0,0,0,0.0,0,0,0,0,0
00-0039151,Emmanuel Forbes,CB,LAR,17,1,1,0,0,0.0,0,0,1,0,0
00-0039155,BJ Ojulari,LB,ARI,17,2,0,0,0,0.0,0,0,0,0,0
00-0039167,Joey Porter Jr.,CB,PIT,17,1,3,0,0,0.0,0,0,0,0,0
00-0039169,Devon Witherspoon,CB,SEA,17,3,1,0,0,0.0,0,0,1,0,0
00-0039232,Nate Wiggins,CB,BAL,17,7,0,0,0,0.0,0,0,0,0,0
00-0039234,T.J. Tampa,CB,BAL,17,1,2,0,0,0.0,0,0,0,0,0
00-0039285,Jarius Monroe,SAF,NYJ,17,0,1,0,0,0.0,0,0,0,0,0
00-0039289,Leonard Taylor III,DT,NE,17,1,3,0,0,0.0,0,0,0,0,0
00-0039291,Eric Watts,DE,NYJ,17,2,0,0,0,0.0,0,0,0,0,0
00-0039309,Byron Murphy II,DT,SEA,17,1,0,0,0,0.0,1,0,0,0,0
00-0039312,Miles Battle,CB,NE,17,3,0,0,0,0.0,0,0,0,0,0
00-0039340,Laiatu Latu,DE,IND,17,2,0,1,0,1.0,2,0,1,0,0
00-0039343,Kamari Lassiter,CB,HOU,17,5,1,0,0,0.0,0,0,1,0,0
00-0039352,Marist Liufau,LB,DAL,17,0,1,0,0,0.0,0,0,0,0,0
00-0039353,Jarrian Jones,CB,JAX,17,0,1,0,0,0.0,0,1,1,0,0
00-0039360,Malik Mustapha,SAF,SF,17,2,1,0,0,0.0,0,0,1,0,0
00-0039364,Sione Vaki,RB,DET,17,1,0,0,0,0.0,0,0,0,0,0
00-0039366,Tarheeb Still,CB,LAC,17,5,1,1,0,0.0,0,0,0,0,0
00-0039368,Jordan Magee,LB,WAS,17,1,4,1,0,0.0,0,0,1,0,0
00-0039369,Cam Hart,CB,LAC,17,0,2,0,0,0.0,0,0,0,0,0
00-0039374,Tommy Eichenberg,LB,LV,17,3,2,0,0,0.0,0,0,0,0,0
00-0039377,Jaylon Carlies,LB,IND,17,0,1,0,0,0.0,0,0,0,0,0
00-0039380,Chau Smith-Wade,CB,CAR,17,2,0,0,0,0.0,0,0,0,0,0
00-0039389,Logan Lee,DT,PIT,17,0,0,0,0,0.0,0,0,1,0,0
00-0039414,Daijahn Anthony,SAF,CIN,17,1,0,0,0,0.0,0,0,0,0,0
00-0039421,Levi Drake Rodriguez,DL,MIN,17,1,0,1,0,0.0,0,0,0,0,0
00-0039423,Jonah Laulu,DT,LV,17,2,2,1,0,0.0,0,0,0,0,0
00-0039430,James Williams,LB,TEN,17,2,0,0,0,0.0,0,0,0,0,0
00-0039431,Jowon Briggs,DE,NYJ,17,3,2,0,0,0.0,0,0,0,0,0
00-0039435,Tatum Bethune,LB,SF,17,6,4,1,0,0.0,0,0,1,0,0
00-0039436,Jaylen Harrell,DE,TEN,17,2,1,1,0,0.5,2,0,0,0,0
00-0039460,Carl Jones,LB,BAL,17,0,1,0,0,0.0,0,0,0,0,0
00-0039465,Reddy Steward,DB,DAL,17,2,3,0,0,0.5,1,0,1,0,0
00-0039530,Brevyn Spann-Ford,TE,DAL,17,0,1,0,0,0.0,0,0,0,0,0
00-0039620,Rico Payton,CB,NYG,17,1,1,0,0,0.0,0,0,0,0,0
00-0039648,David Martin-Robinson,TE,TEN,17,1,1,0,0,0.0,0,0,0,0,0
00-0039660,Thomas Harper,SAF,DET,17,1,2,0,0,0.0,0,0,0,0,0
00-0039681,Tyler Owens,DB,WAS,17,1,0,0,0,0.0,0,0,0,0,0
00-0039692,Dell Pettus,SAF,NE,17,4,2,1,0,1.0,1,0,0,0,0
00-0039733,Ruke Orhorhoro,DT,ATL,17,1,1,1,0,1.0,1,0,0,0,0
00-0039734,Braden Fiske,DT,LAR,17,0,1,0,0,0.0,0,0,0,0,0
00-0039740,Jalyx Hunt,LB,PHI,17,4,3,2,0,2.0,3,0,0,0,0
00-0039741,Payton Wilson,LB,PIT,17,3,2,0,0,0.0,0,0,0,0,0
00-0039746,Will Shipley,RB,PHI,17,2,1,0,0,0.0,0,0,0,0,0
00-0039749,Tyler Davis,DE,LAR,17,0,3,0,0,0.0,0,0,0,0,0
00-0039751,Jordan Whittington,WR,LAR,17,0,1,0,0,0.0,0,0,0,0,0
00-0039752,Cedric Johnson,DE,CIN,17,2,2,1,0,1.0,1,0,0,0,0
00-0039770,Charles Woods,CB,NE,17,2,0,0,0,0.0,0,0,0,0,0
00-0039774,Omar Speights,LB,LAR,17,3,5,0,0,0.0,0,0,0,0,0
00-0039776,Jaylen McCollough,SAF,LAR,17,1,2,0,0,0.0,0,0,0,0,0
00-0039789,Qwan'tez Stiggers,DB,NYJ,17,6,4,1,0,0.0,0,0,0,0,0
00-0039796,Rasheen Ali,RB,BAL,17,1,0,0,0,0.0,0,0,0,0,0
00-0039798,Isaiah Davis,RB,NYJ,17,1,0,0,0,0.0,0,0,0,0,0
00-0039809,Jonah Elliss,LB,DEN,17,1,1,1,0,0.5,2,0,0,0,0
00-0039813,Evan Williams,SAF,GB,17,4,1,0,0,0.0,0,0,0,0,0
00-0039815,Tyrice Knight,LB,SEA,17,1,0,0,0,0.0,0,0,0,0,0
00-0039821,Andru Phillips,DB,NYG,17,3,3,1,0,0.0,0,0,0,0,0
00-0039825,Jaden Hicks,SAF,KC,17,1,1,0,0,0.0,0,0,0,0,0
00-0039829,Darius Muasau,LB,NYG,17,2,3,0,0,0.0,0,0,0,0,0
00-0039831,Kamal Hadden,DB,GB,17,0,1,0,0,0.0,0,0,0,0,0
00-0039834,Kamren Kinchens,SAF,LAR,17,2,3,0,0,0.0,0,0,0,0,0
00-0039835,Justin Eboigbe,DT,LAC,17,1,1,0,0,0.0,0,0,0,0,0
00-0039838,Calen Bullock,SAF,HOU,17,0,1,0,0,0.0,0,0,1,0,0
00-0039840,Austin Booker,DE,CHI,17,1,2,1,0,1.0,1,0,2,0,0
00-0039841,Cooper DeJean,CB,PHI,17,5,4,0,0,0.0,0,0,0,0,0
00-0039846,Tykee Smith,DB,TB,17,1,0,0,0,0.0,0,0,0,0,0
00-0039850,Edgerrin Cooper,LB,GB,17,4,6,0,0,0.0,0,0,0,0,0
00-0039852,Jared Verse,DE,LAR,17,2,3,1,0,0.0,1,0,0,0,0
00-0039854,Darius Robinson,DL,ARI,17,1,4,0,0,0.0,0,0,0,0,0
00-0039858,Cedric Gray,LB,TEN,17,9,3,1,0,0.0,0,0,0,0,0
00-0039859,Brandon Dorlus,DE,ATL,17,1,0,1,0,1.0,1,0,0,0,0
00-0039860,Kool-Aid McKinstry,CB,NO,17,4,2,0,0,0.0,0,0,2,0,0
00-0039864,Dadrion Taylor-Demerson,SAF,ARI,17,5,4,0,0,0.0,0,0,0,0,0
00-0039867,Javon Bullard,SAF,GB,17,3,1,0,0,0.0,0,0,0,0,0
00-0039872,Cole Bishop,SAF,BUF,17,2,0,0,0,0.0,0,0,0,0,0
00-0039886,T'Vondre Sweat,DT,TEN,17,1,3,0,0,0.0,0,0,0,0,0
00-0039888,Quinyon Mitchell,CB,PHI,17,3,1,0,0,0.0,0,0,0,0,0
00-0039895,Mike Hall Jr.,DT,CLE,17,1,0,0,0,0.0,0,0,0,0,0
00-0039898,Mike Sainristil,CB,WAS,17,4,2,0,0,0.0,0,0,1,0,0
00-0039902,Chris Braswell,LB,TB,17,3,1,1,0,0.0,0,0,0,0,0
00-0039906,Jer'Zhan Newton,DT,WAS,17,3,6,2,0,3.0,5,0,0,0,0
00-0039911,Chop Robinson,LB,MIA,17,0,1,0,0,0.0,0,0,0,0,0
00-0039924,Dallas Turner,LB,MIN,17,2,3,1,1,0.5,1,0,0,0,0
00-0040008,Shavon Revel Jr.,CB,DAL,17,3,3,0,0,0.0,0,0,1,0,0
00-0040011,Shemar James,LB,DAL,17,3,3,0,0,0.0,0,0,0,0,0
00-0040013,Smael Mondon Jr.,LB,PHI,17,1,1,0,0,0.0,0,0,0,0,0
00-0040020,Micah Robinson,CB,TEN,17,1,0,0,0,0.0,0,0,0,0,0
00-0040045,Alijah Clark,DB,DAL,17,0,1,0,0,0.0,0,0,0,0,0
00-0040061,Connor O'Toole,LB,SEA,17,1,0,0,0,0.0,0,0,0,0,0
00-0040072,Jeffrey Bassa,LB,KC,17,1,1,0,0,0.0,0,0,0,0,0
00-0040100,Jay Higgins,LB,BAL,17,0,2,0,0,0.0,0,0,0,0,0
00-0040104,Keondre Jackson,SAF,BAL,17,0,1,0,0,0.0,0,0,0,0,0
00-0040118,Cooper McDonald,LB,KC,17,0,3,0,0,0.0,0,0,0,0,0
00-0040122,Ashton Jeanty,RB,LV,17,1,0,0,0,0.0,0,0,0,0,0
00-0040124,Tetairoa McMillan,WR,CAR,17,1,0,0,0,0.0,0,0,0,0,0
00-0040127,Kenneth Grant,DT,MIA,17,2,1,0,0,0.0,0,0,0,0,0
00-0040136,Princely Umanmielen,LB,CAR,17,1,2,0,0,0.0,0,0,0,0,0
00-0040137,Jordan Burch,LB,ARI,17,0,2,0,0,0.0,0,0,1,0,0
00-0040143,Jacob Parrish,CB,TB,17,2,3,0,0,0.0,0,0,0,0,0
00-0040144,Jamaree Caldwell,DT,LAC,17,2,0,1,0,0.0,0,0,0,0,0
00-0040148,Xavier Watts,SAF,ATL,17,4,1,0,0,0.0,0,2,3,0,0
00-0040152,Upton Stout,CB,SF,17,3,1,0,0,0.0,0,0,0,0,0
00-0040155,Danny Stutsman,LB,NO,17,3,3,0,0,0.0,0,0,0,0,0
00-0040157,Barrett Carter,LB,CIN,17,1,2,0,0,0.0,1,0,1,0,0
00-0040160,Jack Sawyer,LB,PIT,17,1,1,0,0,0.0,0,1,1,0,0
00-0040165,Malachi Moore,SAF,NYJ,17,4,3,1,0,0.0,0,0,1,0,0
00-0040166,Quincy Riley,CB,NO,17,3,1,0,0,0.0,0,0,0,0,0
00-0040169,Tonka Hemingway,DT,LV,17,2,0,1,0,1.0,1,0,1,0,0
00-0040174,Cam Jackson,DT,CAR,17,1,4,0,0,0.0,0,0,0,0,0
00-0040175,Jordan Phillips,DT,MIA,17,1,1,0,0,0.0,0,0,0,0,0
00-0040178,Jason Marshall Jr.,CB,MIA,17,3,3,1,0,0.0,0,1,2,0,0
00-0040182,Dante Trader Jr.,SAF,MIA,17,1,0,0,0,0.0,0,0,0,0,0
00-0040185,Marques Sigle,SAF,SF,17,1,0,0,0,0.0,0,0,0,0,0
00-0040188,Yahya Black,DE,PIT,17,0,2,0,0,0.0,0,0,0,0,0
00-0040195,Denzel Burke,CB,ARI,17,5,1,1,0,0.0,0,0,2,0,0
00-0040198,Ollie Gordon II,RB,MIA,17,1,0,0,0,0.0,0,0,0,0,0
00-0040199,JJ Pegues,DT,LV,17,2,1,0,0,0.0,0,0,0,0,0
00-0040205,Kalel Mullings,RB,TEN,17,1,0,0,0,0.0,0,0,0,0,0
00-0040208,Tahj Brooks,RB,CIN,17,0,1,0,0,0.0,0,0,0,0,0
00-0040213,Rayuan Lane III,SAF,JAX,17,1,0,0,0,0.0,0,0,0,0,0
00-0040238,LeQuint Allen Jr.,RB,JAX,17,1,0,0,0,0.0,0,0,0,0,0
00-0040248,Zeek Biggers,DT,MIA,17,0,1,0,0,0.0,1,0,0,0,0
00-0040252,Kobee Minor,DB,NE,17,1,0,0,0,0.0,0,0,0,0,0
00-0040255,Adin Huntington,DE,CLE,17,2,1,0,0,0.0,0,0,0,0,0
00-0040263,Donovan McMillon,SAF,CLE,17,1,0,0,0,0.0,0,0,0,0,0
00-0040289,Bam Martin-Scott,LB,CAR,17,0,3,0,0,0.0,0,0,0,0,0
00-0040314,Ricky Barber,DT,WAS,17,2,3,1,0,1.0,1,0,0,0,0
00-0040347,Johnathan Edwards,DB,IND,17,1,0,0,0,0.0,0,0,0,0,0
00-0040363,Keleki Latu,TE,BUF,17,0,1,0,0,0.0,0,0,0,0,0
00-0040371,Eric Gregory,DT,NE,17,0,1,0,0,0.0,0,0,0,0,0
00-0040372,Bralyn Lux,DB,CIN,17,2,1,0,0,0.0,0,0,0,0,0
00-0040384,Elijah Simmons,DL,TB,17,1,1,0,0,0.0,0,0,0,0,0
00-0040396,Dean Clark,SAF,NYJ,17,0,1,0,0,0.0,0,0,0,0,0
00-0040397,Jordan Clark,CB,NYJ,17,3,0,0,0,0.0,0,0,0,0,0
00-0040404,Payton Page,DT,NYJ,17,4,0,1,0,0.0,0,0,0,0,0
00-0040489,Greedy Vance,CB,LV,17,4,0,0,0,0.0,1,0,1,0,0
00-0040492,Tyler Batty,LB,MIN,17,2,0,0,0,0.0,0,0,0,0,0
00-0040527,Sebastian Castro,SAF,PIT,17,0,1,0,0,0.0,0,0,0,0,0
00-0040546,Cobee Bryant,CB,ATL,17,0,1,0,0,0.0,0,0,0,0,0
00-0040574,Elijah Ponder,LB,NE,17,0,1,0,0,0.0,1,0,0,0,0
00-0040577,Jalon Walker,LB,ATL,17,1,0,0,0,0.0,0,0,0,0,0
00-0040578,James Pearce Jr.,DE,ATL,17,1,0,0,0,0.0,0,0,0,0,0
00-0040579,Carson Schwesinger,LB,CLE,17,3,6,0,0,0.0,0,0,0,0,0
00-0040585,Ty Hamilton,DT,LAR,17,0,2,0,0,0.0,0,0,0,0,0
00-0040613,Shaun Dolac,LB,LAR,17,0,2,0,0,0.0,0,0,0,0,0
00-0040640,Ashton Gillotte,DE,KC,17,1,3,0,0,0.0,0,0,0,0,0
00-0040641,Darien Porter,CB,LV,17,2,1,0,0,0.0,0,0,1,0,0
00-0040643,Jonas Sanker,SAF,NO,17,3,0,0,0,0.0,0,0,0,0,0
00-0040645,Cody Simon,LB,ARI,17,4,11,0,0,0.5,1,0,0,0,0
00-0040647,Rylie Mills,DT,SEA,17,1,1,0,0,0.0,0,0,0,0,0
00-0040667,Matthew Golden,WR,GB,17,1,0,0,0,0.0,0,0,0,0,0
00-0040669,Isaac TeSlaa,WR,DET,17,1,0,0,0,0.0,0,0,0,0,0
00-0040670,Nohl Williams,CB,KC,17,6,1,3,0,0.0,0,0,0,0,0
00-0040672,Tyleik Williams,DT,DET,17,1,0,0,0,1.0,1,0,0,0,0
00-0040677,Abdul Carter,LB,NYG,17,2,1,2,0,0.5,4,0,0,0,0
00-0040678,Derrick Harmon,DT,PIT,17,0,1,0,0,0.0,0,0,0,0,0
00-0040685,Mason Graham,DT,CLE,17,4,2,1,0,0.0,0,0,0,0,0
00-0040688,Malaki Starks,SAF,BAL,17,3,2,0,0,0.0,0,0,0,0,0
00-0040694,Darius Alexander,DT,NYG,17,2,1,1,0,1.0,2,0,0,0,0
00-0040708,Jihaad Campbell,LB,PHI,17,4,3,0,0,0.0,0,0,0,0,0
00-0040709,Maxwell Hairston,CB,BUF,17,3,0,0,0,0.0,0,0,0,0,0
00-0040710,Deone Walker,DT,BUF,17,2,1,1,0,0.0,0,0,0,0,0
00-0040711,CJ West,DT,SF,17,1,0,0,0,0.0,0,0,0,0,0
00-0040716,Craig Woodson,SAF,NE,17,1,0,0,0,0.0,0,0,0,0,0
00-0040720,Jahdae Barron,CB,DEN,17,2,2,0,0,0.0,0,0,0,0,0
00-0040721,Alfred Collins,DT,SF,17,0,2,0,0,0.0,0,0,1,0,0
00-0040724,T.J. Sanders,DT,BUF,17,1,0,0,0,0.0,0,0,0,0,0
00-0040725,Donovan Ezeiruaku,DE,DAL,17,0,1,0,0,0.0,0,0,0,0,0
00-0040733,Nick Emmanwori,SAF,SEA,17,2,1,0,0,0.0,0,0,0,0,0
00-0040738,Demetrius Knight Jr.,LB,CIN,17,1,4,0,0,0.0,0,0,0,0,0
00-0040746,Nic Scourton,LB,CAR,17,1,3,1,1,1.0,0,0,0,0,0
00-0040747,Benjamin Morrison,CB,TB,17,2,2,0,0,0.0,0,0,1,0,0
00-0040751,Will Johnson,CB,ARI,17,4,0,0,0,0.0,0,0,0,0,0
00-0040756,Shemar Stewart,DE,CIN,17,1,1,1,0,1.0,1,0,0,0,0
00-0026190,Calais Campbell,DE,ARI,18,1,1,0,0,0.0,0,0,0,0,0
00-0027224,Jon Weeks,LS,SF,18,1,0,0,0,0.0,0,0,0,0,0
00-0027865,Brandon Graham,DE,PHI,18,1,3,0,0,0.0,0,0,0,0,0
00-0027940,Von Miller,OLB,WAS,18,1,1,1,0,1.0,1,0,0,0,0
00-0027962,Cameron Jordan,LB,NO,18,3,1,2,0,1.0,2,0,0,0,0
00-0027969,Cameron Heyward,DE,PIT,18,5,2,0,0,0.0,1,0,0,0,0
00-0028292,Nick Bellore,LB,WAS,18,0,1,0,0,0.0,0,0,0,0,0
00-0029255,Bobby Wagner,MLB,WAS,18,1,4,0,0,0.0,0,0,0,0,0
00-0029562,Lavonte David,OLB,TB,18,5,1,0,0,0.0,0,0,0,0,0
00-0029607,Demario Davis,OLB,NO,18,1,5,0,0,0.0,0,0,0,0,0
00-0029963,Chris Hubbard,OT,DET,18,0,1,0,0,0.0,0,0,0,0,0
00-0030070,John Jenkins,DT,BAL,18,0,3,0,0,0.0,0,0,0,0,0
00-0030294,Tony Jefferson,S,LAC,18,6,2,0,0,0.0,0,0,0,0,0
00-0031136,Chris Boswell,K,PIT,18,1,0,0,0,0.0,0,0,0,0,0
00-0031177,Brent Urban,DE,BAL,18,1,2,0,0,0.0,0,0,0,0,0
00-0031270,Shelby Harris,DE,CLE,18,2,0,0,0,0.0,0,0,1,0,0
00-0031357,C.J. Goodwin,CB,DAL,18,1,0,0,0,0.0,0,0,0,0,0
00-0031360,Kyle Van Noy,MLB,BAL,18,1,1,0,0,0.0,0,0,0,0,0
00-0031364,Jadeveon Clowney,OLB,DAL,18,4,1,4,1,3.0,3,0,1,0,0
00-0031408,Mike Evans,WR,TB,18,1,0,0,0,0.0,0,0,0,0,0
00-0031411,DeMarcus Lawrence,LB,SEA,18,0,1,0,0,0.0,1,0,0,0,0
00-0031554,Eric Kendricks,MLB,SF,18,3,1,0,0,0.0,0,0,0,0,0
00-0031565,Danielle Hunter,DE,HOU,18,1,1,1,1,1.0,0,0,0,0,0
00-0031583,Grady Jarrett,DT,CHI,18,2,1,0,0,0.5,1,0,1,0,0
00-0031898,Alex Singleton,LB,DEN,18,3,4,0,0,0.0,0,0,1,0,0
00-0031935,Preston Smith,DE,WAS,18,0,1,0,0,0.0,0,0,0,0,0
00-0032146,Bud Dupree,OLB,LAC,18,0,0,0,0,0.0,1,0,0,0,0
00-0032164,Arik Armstead,DE,JAX,18,0,1,0,0,0.0,0,0,0,0,0
00-0032387,Jarran Reed,DT,SEA,18,2,0,1,0,1.0,2,0,0,0,0
00-0032392,Austin Hooper,TE,NE,18,1,0,0,0,0.0,0,0,0,0,0
00-0032442,Elandon Roberts,OLB,LV,18,3,1,0,0,0.0,0,0,0,0,0
00-0032580,Jonathan Jones,DB,WAS,18,6,1,0,0,0.0,0,0,0,0,0
00-0032667,Roy Robertson-Harris,DE,NYG,18,2,1,1,0,0.0,0,0,0,0,0
00-0032759,Sheldon Rankins,DT,HOU,18,0,2,0,0,0.0,0,0,0,0,0
00-0032762,Chris Jones,DE,KC,18,2,1,2,0,2.0,2,0,0,0,0
00-0032763,Austin Johnson,NT,JAX,18,0,2,0,0,0.0,0,0,0,0,0
00-0032803,Jalen Mills,CB,DET,18,2,0,0,0,0.0,0,0,0,0,0
00-0032889,A'Shawn Robinson,DT,CAR,18,1,4,0,0,0.0,1,0,0,0,0
00-0032933,Antonio Hamilton,CB,WAS,18,1,0,0,0,0.0,0,0,0,0,0
00-0032965,Ronnie Stanley,OT,BAL,18,1,0,0,0,0.0,0,0,0,0,0
00-0033038,Eric Murray,S,JAX,18,2,2,0,0,0.0,0,0,0,0,0
00-0033046,Jihad Ward,LB,TEN,18,2,1,0,0,0.0,0,0,0,0,0
00-0033051,David Onyemata,DT,ATL,18,1,5,0,0,0.0,0,0,0,0,0
00-0033055,Jalen Ramsey,CB,PIT,18,4,2,0,0,0.0,0,0,1,0,0
00-0033066,Andrew Billings,DT,CHI,18,3,1,1,0,1.0,2,0,0,0,0
00-0033072,Leonard Floyd,DE,ATL,18,0,1,0,0,0.0,0,0,0,0,0
00-0033093,Jonathan Bullard,DE,NO,18,0,1,0,0,0.0,0,0,0,0,0
00-0033109,Javon Hargrave,NT,MIN,18,0,2,0,0,0.0,0,0,0,0,0
00-0033120,Kenny Clark,NT,DAL,18,1,0,0,0,0.0,0,0,0,0,0
00-0033132,Kevin Byard,FS,CHI,18,2,6,0,0,0.0,0,1,1,0,0
00-0033280,Christian McCaffrey,RB,SF,18,1,0,0,0,0.0,0,0,0,0,0
00-0033281,Marlon Humphrey,CB,BAL,18,5,2,1,0,0.0,0,0,1,0,0
00-0033294,Chuck Clark,SAF,PIT,18,0,1,0,0,0.0,0,0,0,0,0
00-0033297,D.J. Jones,DT,DEN,18,0,2,0,0,0.0,0,0,0,0,0
00-0033336,Eric Wilson,LB,MIN,18,3,6,1,0,0.0,1,0,0,0,0
00-0033357,Taysom Hill,TE,NO,18,2,0,0,0,0.0,0,0,0,0,0
00-0033393,Kenny Moore II,CB,IND,18,0,1,0,0,0.0,1,0,0,0,0
00-0033523,Jonathan Allen,DE,MIN,18,1,2,0,0,0.0,0,0,0,0,0
00-0033548,Chidobe Awuzie,CB,BAL,18,6,1,0,0,0.0,0,0,0,0,0
00-0033551,Rasul Douglas,CB,MIA,18,2,1,0,0,0.0,0,0,1,0,0
00-0033783,Ahkello Witherspoon,CB,LAR,18,0,0,0,0,0.0,0,1,1,0,0
00-0033854,Dare Ogunbowale,RB,HOU,18,0,1,0,0,0.0,0,0,0,0,0
00-0033860,Davon Godchaux,DT,NO,18,0,0,0,0,0.0,1,0,0,0,0
00-0033868,Myles Garrett,DE,CLE,18,1,0,1,0,1.0,2,0,0,0,0
00-0033870,Solomon Thomas,DE,DAL,18,0,1,0,0,0.0,0,0,0,0,0
00-0033872,Jamal Adams,LB,LV,18,4,0,0,1,0.0,0,0,0,0,0
00-0033875,Haason Reddick,OLB,TB,18,1,1,0,0,0.0,0,0,0,0,0
00-0033876,Derek Barnett,DE,HOU,18,2,2,1,0,0.0,2,0,0,0,0
00-0033877,Malik Hooker,FS,DAL,18,1,3,0,0,0.0,0,0,0,0,0
00-0033884,Tre'Davious White,CB,BUF,18,0,1,0,0,0.0,0,0,0,0,0
00-0033886,T.J. Watt,OLB,PIT,18,1,1,0,0,0.0,1,1,1,0,0
00-0033890,Budda Baker,S,ARI,18,5,2,2,0,0.0,0,0,0,0,0
00-0033892,Marcus Maye,FS,LAC,18,1,4,0,0,0.0,0,0,0,0,0
00-0033905,Larry Ogunjobi,DT,BUF,18,1,5,1,0,0.0,0,0,0,0,0
00-0033907,Dawuane Smoot,DE,JAX,18,1,4,1,0,1.0,1,0,0,0,0
00-0033913,Chris Wormley,NT,IND,18,2,0,0,0,0.0,0,0,0,0,0
00-0033918,Fabian Moreau,CB,MIN,18,1,0,0,0,0.0,0,0,0,0,0
00-0033941,Rayshawn Jenkins,SAF,CLE,18,2,3,0,0,0.0,0,0,0,0,0
00-0033945,Samson Ebukam,DE,IND,18,2,3,0,0,0.0,0,0,0,0,0
00-0033952,Grover Stewart,DT,IND,18,1,1,0,0,0.0,0,0,0,0,0
00-0034067,Scott Daly,LS,CHI,18,0,1,0,0,0.0,0,0,0,0,0
00-0034116,J.T. Gray,DB,TB,18,2,0,0,0,0.0,0,0,0,0,0
00-0034163,Jacob Martin,DE,WAS,18,0,1,0,0,0.0,1,0,0,0,0
00-0034234,Poona Ford,DT,LAR,18,0,1,0,0,0.0,0,0,0,0,0
00-0034278,Tremon Smith,CB,HOU,18,2,2,0,0,0.0,0,0,0,0,0
00-0034285,Zach Sieler,DE,MIA,18,2,1,1,0,0.0,0,0,0,0,0
00-0034302,Frankie Luvu,LB,WAS,18,1,0,0,0,0.0,1,0,0,0,0
00-0034320,Kentavius Street,DE,ATL,18,3,1,1,0,1.0,1,0,0,0,0
00-0034333,Daron Payne,NT,WAS,18,3,1,1,0,1.0,2,0,0,0,0
00-0034350,Uchenna Nwosu,LB,SEA,18,1,0,0,0,1.0,1,0,0,0,0
00-0034359,Tyquan Lewis,DE,IND,18,0,1,0,0,0.0,0,0,0,0,0
00-0034361,Justin Reid,S,NO,18,0,1,0,0,0.0,0,0,0,0,0
00-0034371,Da'Shawn Hand,DE,LAC,18,3,0,0,0,0.0,0,0,1,0,0
00-0034377,Avonte Maddox,FS,DET,18,3,1,0,0,0.0,0,1,1,0,0
00-0034381,Josh Sweat,LB,ARI,18,1,1,1,0,1.0,1,0,0,0,0
00-0034384,D.J. Reed,CB,DET,18,1,1,0,0,0.0,0,0,0,0,0
00-0034386,Justin Watson,WR,HOU,18,0,1,0,0,0.0,0,0,0,0,0
00-0034391,Siran Neal,DB,SF,18,2,0,0,0,0.0,0,0,0,0,0
00-0034413,Foye Oluokun,LB,JAX,18,3,5,0,0,0.0,0,0,1,0,0
00-0034431,Zaire Franklin,OLB,IND,18,6,5,2,0,0.0,0,0,0,0,0
00-0034446,Jalen Davis,CB,CIN,18,1,3,0,0,0.0,0,0,0,0,0
00-0034465,Jeremy Reaves,DB,WAS,18,6,1,0,0,0.0,0,1,2,0,0
00-0034473,Dennis Gardeck,LB,JAX,18,1,0,0,0,0.0,0,0,0,0,0
00-0034488,Tavierre Thomas,SAF,MIN,18,2,0,0,0,0.0,0,0,0,0,0
00-0034639,Mike Ford,DB,ATL,18,2,0,0,0,0.0,0,0,0,0,0
00-0034657,Matt Dickerson,DE,JAX,18,0,1,0,0,0.0,1,0,0,0,0
00-0034673,Tremaine Edmunds,MLB,CHI,18,7,1,0,0,0.0,0,0,0,0,0
00-0034675,Jessie Bates,FS,ATL,18,2,1,0,0,0.0,0,0,0,0,0
00-0034754,Oren Burks,ILB,CIN,18,1,0,0,0,0.0,0,0,0,0,0
00-0034773,Vita Vea,DT,TB,18,3,0,1,0,0.0,0,0,0,0,0
00-0034778,Carlton Davis III,CB,NE,18,3,0,0,0,0.0,0,0,1,0,0
00-0034780,Isaac Yiadom,CB,NO,18,1,1,0,0,0.0,0,0,0,0,0
00-0034782,Harrison Phillips,DT,NYJ,18,2,2,1,0,0.0,0,0,0,0,0
00-0034797,Jerome Baker,OLB,CLE,18,1,4,0,1,0.0,0,0,0,0,0
00-0034798,Durham Smythe,TE,CHI,18,1,0,0,0,0.0,0,0,0,0,0
00-0034800,B.J. Hill,DE,CIN,18,4,4,1,0,1.0,1,0,0,0,0
00-0034801,Josh Woods,LB,ATL,18,1,0,0,0,0.0,0,0,0,0,0
00-0034818,Derrick Nnadi,NT,KC,18,4,0,0,0,0.0,0,0,0,0,0
00-0034832,Bradley Chubb,OLB,MIA,18,1,0,0,0,0.0,2,0,0,0,0
00-0034874,Roquan Smith,ILB,BAL,18,1,2,0,0,0.0,0,0,0,0,0
00-0034941,Mitch Wishnowsky,P,BUF,18,1,0,0,0,0.0,0,0,0,0,0
00-0034966,D'Angelo Ross,CB,CLE,18,3,3,0,0,0.0,0,0,2,0,0
00-0034968,Darnell Savage,DB,BUF,18,0,2,0,0,0.0,0,0,1,0,0
00-0034987,E.J. Speed,LB,HOU,18,1,5,0,0,0.0,0,0,0,0,0
00-0035000,Quinton Bell,LB,MIA,18,0,3,0,0,0.0,0,0,0,0,0
00-0035020,Demetrius Flannigan-Fowles,LB,NYG,18,0,3,0,0,0.0,0,0,0,0,0
00-0035021,Ashton Dulin,WR,IND,18,0,1,0,0,0.0,0,0,0,0,0
00-0035133,Keisean Nixon,DB,GB,18,1,0,0,0,0.0,0,0,0,0,0
00-0035166,Azeez Al-Shaair,LB,HOU,18,0,1,0,0,0.0,0,0,0,0,0
00-0035202,Del'Shawn Phillips,LB,LAC,18,3,4,1,0,1.0,2,0,0,0,0
00-0035227,P.J. Locke,DB,DEN,18,0,0,0,0,0.0,0,0,1,0,0
00-0035236,Byron Murphy,CB,MIN,18,3,1,1,0,0.0,0,0,0,0,0
00-0035240,Jahlani Tavai,LB,NE,18,3,5,1,1,0.0,0,0,0,0,0
00-0035244,Lonnie Johnson,SAF,LV,18,2,1,0,0,0.0,0,0,1,0,0
00-0035248,Zach Allen,DE,DEN,18,0,1,1,0,0.5,2,0,0,0,0
00-0035253,C.J. Gardner-Johnson,SAF,CHI,18,5,1,0,0,0.0,0,0,0,0,0
00-0035262,Drue Tranquill,LB,KC,18,2,2,1,0,0.0,0,0,0,0,0
00-0035272,Andrew Van Ginkel,OLB,MIN,18,2,1,2,0,0.0,0,0,2,0,0
00-0035276,Blake Cashman,LB,MIN,18,3,4,1,0,1.0,1,0,0,0,0
00-0035277,Mike Jackson,CB,CAR,18,4,3,0,0,0.0,0,0,0,0,0
00-0035279,Charles Omenihu,DE,KC,18,0,3,0,0,0.0,1,0,0,0,0
00-0035301,Donovan Wilson,SAF,DAL,18,3,2,0,0,0.0,0,0,0,0,0
00-0035316,Kaden Elliss,LB,ATL,18,2,4,0,0,0.0,0,0,1,0,0
00-0035352,Tyrel Dodson,LB,MIA,18,0,8,0,0,0.0,0,0,0,0,0
00-0035357,Cam Lewis,CB,BUF,18,3,0,0,0,0.0,0,0,0,0,0
00-0035363,Joe Giles-Harris,LB,CIN,18,1,3,0,0,0.0,0,0,0,0,0
00-0035378,Andrew Wingard,SAF,JAX,18,0,0,0,0,0.0,0,0,1,0,0
00-0035386,T.J. Edwards,LB,CHI,18,2,2,0,0,0.0,0,0,1,0,0
00-0035402,Carl Granderson,DE,NO,18,4,5,3,0,1.5,3,1,1,0,0
00-0035409,Shy Tuttle,DT,WAS,18,0,1,0,0,0.0,0,0,0,0,0
00-0035525,Devin Bush,LB,CLE,18,6,8,0,0,0.0,0,1,1,1,0
00-0035594,Travis Homer,RB,CHI,18,1,0,0,0,0.0,0,0,0,0,0
00-0035617,Troy Reeder,LB,LAR,18,2,0,0,0,0.0,0,0,0,0,0
00-0035636,L.J. Collier,DE,ARI,18,0,2,0,0,0.0,1,0,0,0,0
00-0035637,Rock Ya-Sin,CB,DET,18,2,2,0,0,0.0,2,0,1,0,0
00-0035642,Josh Hines-Allen,DE,JAX,18,1,1,0,0,0.0,3,0,0,0,0
00-0035643,Jeffery Simmons,DT,TEN,18,1,1,1,0,1.0,1,0,0,0,0
00-0035647,Montez Sweat,DE,CHI,18,2,2,0,0,0.5,2,0,0,0,0
00-0035655,Will Harris,SAF,WAS,18,2,1,0,0,0.0,0,0,0,0,0
00-0035656,Khalen Saunders,DT,NYJ,18,1,0,0,0,0.0,0,0,0,0,0
00-0035667,Greg Gaines,DT,TB,18,0,1,0,0,0.0,0,0,0,0,0
00-0035669,Nick Scott,SAF,CAR,18,6,3,0,0,0.0,0,0,0,0,0
00-0035672,Cody Barton,LB,TEN,18,1,3,0,0,0.0,0,0,0,0,0
00-0035674,Jerry Tillery,DT,KC,18,1,1,0,0,0.0,0,0,0,0,0
00-0035680,Quincy Williams,LB,NYJ,18,3,0,0,0,0.0,0,0,1,0,0
00-0035683,Dexter Lawrence,DT,NYG,18,0,1,0,0,0.0,0,0,0,0,0
00-0035687,Bobby Okereke,ILB,NYG,18,3,3,0,0,0.0,0,1,1,0,0
00-0035692,Clelin Ferrell,DE,SF,18,2,1,0,0,0.0,0,0,0,0,0
00-0035697,Germaine Pratt,LB,IND,18,2,3,0,0,0.0,0,0,0,0,0
00-0035705,Jalen Thompson,DB,ARI,18,7,3,0,0,0.0,0,0,0,0,0
00-0035707,Devin White,LB,LV,18,3,3,1,0,1.5,2,0,0,0,0
00-0035713,Brian Burns,LB,NYG,18,1,1,1,0,0.0,1,0,0,0,0
00-0035718,Quinnen Williams,DT,DAL,18,1,1,1,0,0.0,0,0,0,0,0
00-0035719,Deebo Samuel Sr.,WR,WAS,18,1,0,0,0,0.0,0,0,0,0,0
00-0035763,Malcolm Roach,DT,DEN,18,1,1,0,0,0.0,0,0,0,0,0
00-0035795,James Pierre,CB,PIT,18,2,0,0,0,0.0,0,0,0,0,0
00-0035857,Chris Williams,DT,CHI,18,1,0,0,0,0.0,0,0,0,0,0
00-0035900,Cole Christiansen,LB,KC,18,0,1,0,0,0.0,0,0,0,0,0
00-0035942,Christian Rozeboom,LB,CAR,18,6,2,0,0,0.0,0,1,2,0,0
00-0035944,Jonah Williams,DE,NO,18,1,3,1,0,0.0,0,0,0,0,0
00-0035961,Krys Barnes,LB,CAR,18,1,4,1,0,0.5,1,0,0,0,0
00-0036037,Sam Franklin Jr.,SAF,BUF,18,2,0,0,0,0.0,0,0,0,0,0
00-0036087,Myles Bryant,CB,HOU,18,4,1,0,0,0.0,0,0,0,0,0
00-0036159,Joshua Uche,LB,PHI,18,3,2,0,0,0.0,0,0,0,0,0
00-0036176,Mason Kinsey,WR,TEN,18,2,0,0,0,0.0,0,0,0,0,0
00-0036181,Teair Tart,DT,LAC,18,1,0,0,0,0.0,0,0,0,0,0
00-0036192,A.J. Epenesa,DE,BUF,18,2,1,0,0,0.0,2,0,1,0,0
00-0036193,Anfernee Jennings,LB,NE,18,3,1,2,0,0.0,2,0,0,0,0
00-0036199,Geno Stone,SAF,CIN,18,2,1,0,0,0.0,0,0,1,0,0
00-0036204,LaCale London,DE,ATL,18,1,3,1,0,1.0,1,0,0,0,0
00-0036220,Derrick Brown,DT,CAR,18,5,8,0,0,0.0,0,0,0,0,0
00-0036222,Isaiah Rodgers,CB,MIN,18,2,0,0,0,0.0,0,0,0,0,0
00-0036231,Kyle Dugger,SAF,PIT,18,0,2,0,0,0.0,0,0,0,0,0
00-0036260,Javon Kinlaw,DT,WAS,18,2,2,1,0,0.0,0,0,0,0,0
00-0036262,DaVon Hamilton,DT,JAX,18,2,1,0,0,0.0,0,0,0,0,0
00-0036266,Jordan Elliott,DT,SF,18,1,1,0,0,0.0,0,0,0,0,0
00-0036280,Malik Harrison,LB,PIT,18,3,2,0,0,0.0,0,0,0,0,0
00-0036281,C.J. Henderson,CB,ATL,18,3,4,0,0,0.0,0,0,2,0,0
00-0036282,Grant Delpit,SAF,CLE,18,5,5,1,0,1.0,2,0,0,0,0
00-0036285,A.J. Terrell,CB,ATL,18,3,1,0,1,0.0,0,0,0,0,0
00-0036286,K'Lavon Chaisson,LB,NE,18,1,2,1,0,1.0,2,0,0,0,0
00-0036287,Noah Igbinoghene,CB,WAS,18,2,1,0,0,1.0,1,0,0,0,0
00-0036288,Yetur Gross-Matos,DE,SF,18,2,1,0,0,0.0,0,0,0,0,0
00-0036292,Jaylon Johnson,CB,CHI,18,5,0,0,0,0.0,0,0,0,0,0
00-0036294,Logan Wilson,LB,DAL,18,3,4,0,1,0.0,0,0,1,0,0
00-0036298,Akeem Davis-Gaither,LB,ARI,18,2,3,0,0,0.0,0,0,0,0,0
00-0036300,Mykal Walker,LB,NYJ,18,1,2,0,0,0.0,0,0,0,0,0
00-0036302,Jaylinn Hawkins,SAF,NE,18,1,1,0,0,0.0,0,1,1,0,0
00-0036305,Trevis Gipson,LB,CAR,18,1,1,0,0,0.0,0,0,0,0,0
00-0036306,Daniel Thomas,SAF,DET,18,2,5,0,0,0.0,0,0,0,0,0
00-0036321,Chase Young,DE,NO,18,2,3,2,0,1.5,2,0,1,0,0
00-0036323,Patrick Queen,LB,PIT,18,1,0,0,0,0.0,0,0,0,0,0
00-0036329,Ashtyn Davis,SAF,MIA,18,2,2,0,0,0.0,0,0,0,0,0
00-0036333,Alex Highsmith,LB,PIT,18,2,0,2,0,1.0,1,0,1,0,0
00-0036335,D.J. Wonnum,LB,CAR,18,4,1,0,0,0.0,0,0,0,0,0
00-0036337,James Lynch,DT,TEN,18,1,1,0,0,0.0,0,0,0,0,0
00-0036338,Troy Dye,LB,LAC,18,2,0,1,0,0.0,0,0,1,0,0
00-0036341,Khalid Kareem,LB,ATL,18,0,2,0,0,0.0,0,0,0,0,0
00-0036349,Kam Curl,SAF,LAR,18,2,3,0,0,0.0,0,0,1,0,0
00-0036361,Trevon Diggs,CB,GB,18,2,0,0,0,0.0,0,0,0,0,0
00-0036362,Willie Gay Jr.,LB,MIA,18,1,1,0,0,0.0,0,0,0,0,0
00-0036366,Neville Gallimore,DT,IND,18,1,2,0,0,0.0,0,0,0,0,0
00-0036371,Leki Fotu,DT,HOU,18,0,1,0,0,0.0,0,0,0,0,0
00-0036375,Amik Robertson,CB,DET,18,0,1,0,0,0.0,0,0,0,0,0
00-0036378,Michael Danna,LB,KC,18,2,1,1,0,0.0,0,0,0,0,0
00-0036380,Alohi Gilman,SAF,BAL,18,5,2,1,0,0.0,0,0,1,0,0
00-0036394,Darnay Holmes,CB,LV,18,3,1,0,0,0.0,0,0,0,0,0
00-0036395,K'Von Wallace,SAF,HOU,18,4,0,1,0,0.0,0,0,0,0,0
00-0036409,Jordyn Brooks,LB,MIA,18,4,5,0,0,0.0,0,0,0,0,0
00-0036411,Antoine Winfield Jr.,SAF,TB,18,1,2,0,0,0.0,0,0,1,0,0
00-0036416,Kristian Fulton,CB,KC,18,0,0,0,0,0.0,0,0,3,0,0
00-0036421,Terrell Burgess,SAF,NO,18,2,0,0,0,0.0,0,0,0,0,0
00-0036428,Justin Strnad,LB,DEN,18,3,5,1,0,1.0,1,0,1,0,0
00-0036441,"Kenneth Murray, Jr.",LB,DAL,18,1,0,0,0,0.0,0,0,0,0,0
00-0036479,Kwity Paye,DE,IND,18,1,0,0,0,0.0,0,0,0,0,0
00-0036500,Jamien Sherwood,LB,NYJ,18,3,4,0,0,0.0,0,0,0,0,0
00-0036501,Michael Carter II,CB,PHI,18,1,7,0,0,0.0,0,0,0,0,0
00-0036502,Jason Pinnock,SAF,SF,18,2,2,0,0,0.0,0,0,0,0,0
00-0036563,Deommodore Lenoir,CB,SF,18,3,0,1,0,0.0,0,0,0,0,0
00-0036564,Talanoa Hufanga,SAF,DEN,18,2,1,0,0,0.0,0,0,0,0,0
00-0036587,Ar'Darius Washington,SAF,BAL,18,1,1,0,0,0.0,0,0,0,0,0
00-0036617,Asante Samuel Jr.,CB,PIT,18,1,0,0,0,0.0,0,0,0,0,0
00-0036621,Nick Bolton,LB,KC,18,4,5,1,0,0.0,0,0,0,0,0
00-0036625,Benjamin St-Juste,CB,LAC,18,1,2,0,0,0.0,0,0,1,0,0
00-0036629,Camryn Bynum,SAF,IND,18,2,3,0,0,0.0,0,0,0,0,0
00-0036642,Tedarrell Slaton,DT,CIN,18,2,3,1,0,1.0,1,0,0,0,0
00-0036643,K.J. Britt,LB,MIA,18,0,5,0,0,0.0,0,0,0,0,0
00-0036658,Isaiah McDuffie,LB,GB,18,4,1,0,0,0.0,0,0,0,0,0
00-0036672,Grant Stuard,LB,DET,18,0,1,0,0,0.0,0,0,0,0,0
00-0036683,Devon Key,SAF,DEN,18,4,0,0,0,0.0,0,0,0,0,0
00-0036695,Naquan Jones,DT,HOU,18,1,0,0,0,0.0,1,0,0,0,0
00-0036711,Charles Snowden,LB,LV,18,3,0,1,0,2.0,2,0,0,0,0
00-0036727,Adam Prentice,FB,DEN,18,0,2,0,0,0.0,0,0,0,0,0
00-0036788,Jack Heflin,DT,LAR,18,1,0,0,0,0.0,0,0,0,0,0
00-0036813,Christian Elliss,LB,NE,18,3,5,0,0,0.0,0,0,0,0,0
00-0036844,Garret Wallow,LB,SF,18,1,1,0,0,0.0,0,0,0,0,0
00-0036850,Cameron Sample,DE,CIN,18,4,2,1,1,2.0,2,0,0,0,0
00-0036862,Ben Skowronek,WR,PIT,18,1,0,0,0,0.0,0,0,0,0,0
00-0036867,Chris Rumph II,LB,NO,18,0,2,0,0,0.0,0,0,0,0,0
00-0036870,Buddy Johnson,LB,IND,18,0,2,0,0,0.0,0,0,0,0,0
00-0036874,Pat Surtain II,CB,DEN,18,2,1,1,0,0.0,0,0,0,0,0
00-0036876,Kylen Granson,TE,PHI,18,1,0,0,0,0.0,0,0,0,0,0
00-0036883,Tommy Togiai,DT,HOU,18,3,0,1,0,0.0,0,0,1,0,0
00-0036885,Tre Brown,CB,NYJ,18,4,4,0,0,0.0,0,0,0,0,0
00-0036901,Eric Stokes,CB,LV,18,4,0,1,0,0.0,0,0,0,0,0
00-0036903,Bobby Brown III,DT,CAR,18,1,0,1,0,0.0,0,0,0,0,0
00-0036916,Milton Williams,DT,NE,18,1,1,1,0,0.0,0,0,0,0,0
00-0036927,Pete Werner,LB,NO,18,1,1,0,0,0.0,0,0,0,0,0
00-0036933,Zaven Collins,LB,ARI,18,0,1,0,0,0.0,0,0,0,0,0
00-0036937,Paulson Adebo,CB,NYG,18,1,2,0,0,0.0,0,0,1,0,0
00-0036940,Odafe Oweh,LB,LAC,18,1,3,0,0,0.5,1,0,0,0,0
00-0036942,Osa Odighizuwa,DT,DAL,18,0,4,0,0,0.5,0,0,0,0,0
00-0036952,Jonathon Cooper,LB,DEN,18,0,1,0,0,0.0,0,0,0,0,0
00-0036956,Darren Hall,CB,ARI,18,0,1,0,0,0.0,0,0,0,0,0
00-0036962,Tre'von Moehrig,SAF,CAR,18,4,2,2,0,1.0,1,0,0,0,0
00-0036964,Derrick Barnes,LB,DET,18,3,0,0,0,0.0,0,0,1,0,0
00-0036970,Kyle Pitts,TE,ATL,18,1,0,0,0,0.0,0,0,0,0,0
00-0036974,Tyson Campbell,CB,CLE,18,1,2,0,0,0.0,0,0,0,0,0
00-0036981,Christian Barmore,DT,NE,18,3,0,1,0,1.0,2,0,0,0,0
00-0036982,Chauncey Golston,DE,NYG,18,0,1,1,0,0.0,0,0,0,0,0
00-0036986,Nahshon Wright,CB,CHI,18,5,1,0,0,0.0,0,0,0,0,0
00-0036989,Malcolm Koonce,DE,LV,18,2,1,0,0,0.5,2,0,0,0,0
00-0036990,Divine Deablo,LB,ATL,18,1,7,0,0,0.0,0,0,1,0,0
00-0036993,Ifeatu Melifonwu,SAF,MIA,18,3,2,0,0,0.0,0,0,0,0,0
00-0036994,Ernest Jones,LB,SEA,18,2,3,0,0,0.0,0,0,0,0,0
00-0036995,Baron Browning,LB,ARI,18,0,1,0,0,0.0,0,0,0,0,0
00-0036996,Greg Newsome II,CB,JAX,18,0,1,0,0,0.0,0,0,0,0,0
00-0037031,Nikola Kalinic,TE,CHI,18,0,1,0,0,0.0,0,0,0,0,0
00-0037034,Dee Alford,CB,ATL,18,5,4,1,0,0.0,0,1,2,0,0
00-0037051,Elijah Garcia,DE,ATL,18,0,2,0,0,0.0,0,0,0,0,0
00-0037073,Jordan Davis,DT,PHI,18,0,2,0,0,0.0,0,0,0,0,0
00-0037079,Riq Woolen,CB,SEA,18,1,1,1,0,0.0,0,0,1,0,0
00-0037082,Dominique Robinson,DE,CHI,18,1,0,1,0,0.0,0,0,0,0,0
00-0037091,Bo Melton,CB,GB,18,1,0,0,0,0.0,0,0,0,0,0
00-0037094,Jonathan Ford,DT,GB,18,2,0,0,0,0.0,0,0,0,0,0
00-0037106,Jaylon Jones,DB,CHI,18,2,1,0,0,0.0,0,0,0,0,0
00-0037120,Tyler Goodson,RB,IND,18,1,0,0,0,0.0,0,0,0,0,0
00-0037137,Josh Jobe,CB,SEA,18,2,0,0,0,0.0,0,0,1,0,0
00-0037193,Bryan Cook,SAF,KC,18,4,2,0,0,0.0,0,0,0,0,0
00-0037198,Nazeeh Johnson,CB,KC,18,1,1,0,0,0.0,0,0,0,0,0
00-0037203,LaBryan Ray,DT,CAR,18,0,1,0,0,0.0,0,0,0,0,0
00-0037208,Jack Cochrane,LB,KC,18,2,1,0,0,0.0,0,0,0,0,0
00-0037235,Travon Walker,DE,JAX,18,0,2,1,0,0.0,0,0,0,0,0
00-0037236,Aidan Hutchinson,DE,DET,18,4,2,1,0,1.0,2,0,0,0,0
00-0037237,Derek Stingley Jr.,CB,HOU,18,0,1,0,0,0.0,0,0,1,0,0
00-0037244,Devin Lloyd,LB,JAX,18,2,3,1,0,0.0,0,0,0,0,0
00-0037246,Jalen Pitre,SAF,HOU,18,0,3,0,0,0.0,0,0,0,0,0
00-0037249,Nik Bonitto,LB,DEN,18,1,1,1,1,1.5,2,0,0,0,0
00-0037251,Alex Wright,DE,CLE,18,1,1,0,0,0.0,0,0,1,0,0
00-0037252,Greg Dulcich,TE,MIA,18,1,0,0,0,0.0,0,0,0,0,0
00-0037253,Marcus Jones,CB,NE,18,2,0,2,0,1.0,1,0,0,0,0
00-0037262,Thomas Booker,DT,LV,18,1,0,0,0,0.0,3,0,2,0,0
00-0037270,Otito Ogbonnia,DT,LAC,18,3,2,1,0,0.5,1,0,0,0,0
00-0037271,D'Marco Jackson,LB,CHI,18,1,0,0,0,0.0,0,0,0,0,0
00-0037274,Esezi Otomewo,DT,PIT,18,1,0,0,0,0.0,0,0,0,0,0
00-0037281,Damone Clark,LB,HOU,18,2,4,0,0,0.0,0,0,0,0,0
00-0037283,John Ridgeway,DT,NO,18,0,3,0,0,0.0,0,0,0,0,0
00-0037289,Malcolm Rodriguez,LB,DET,18,4,0,1,0,0.0,0,0,0,0,0
00-0037294,Jordan Jackson,DT,DEN,18,1,1,0,0,0.0,0,0,0,0,0
00-0037301,Theo Jackson,DB,MIN,18,3,1,1,0,1.0,1,0,0,0,0
00-0037304,Connor Heyward,FB,PIT,18,1,1,0,0,0.0,0,0,0,0,0
00-0037307,Ja'Sir Taylor,CB,NYJ,18,2,3,0,0,0.0,0,0,0,0,0
00-0037310,James Houston,DE,DAL,18,1,2,0,0,0.0,5,0,0,0,0
00-0037313,Montaric Brown,CB,JAX,18,3,0,0,0,0.0,0,0,0,0,0
00-0037315,Cameron Goode,LB,MIA,18,1,0,0,0,0.0,0,0,0,0,0
00-0037320,Deane Leonard,CB,LAC,18,0,2,0,0,0.0,0,0,0,0,0
00-0037323,Rodney Thomas,SAF,IND,18,4,1,0,0,0.0,0,0,0,0,0
00-0037384,Ja'Quan McMillian,CB,DEN,18,4,2,0,0,0.0,0,1,2,1,0
00-0037431,Kingsley Jonathan,DE,NYJ,18,0,1,0,0,0.0,0,0,0,0,0
00-0037447,Tomon Fox,LB,NYG,18,2,0,0,0,0.0,0,0,0,0,0
00-0037461,Tristin McCollum,DB,LV,18,0,1,0,0,0.0,0,0,0,0,0
00-0037468,Raheem Layne,SAF,NYG,18,4,0,1,0,0.0,0,0,0,0,0
00-0037512,Isaiah Pola-Mao,SAF,LV,18,1,1,0,0,0.0,0,0,0,0,0
00-0037516,Sam Webb,CB,CLE,18,2,2,0,0,0.0,0,0,0,0,0
00-0037549,Darrell Baker Jr.,CB,TEN,18,3,0,0,0,0.0,0,0,0,0,0
00-0037561,Markquese Bell,SAF,DAL,18,1,0,0,0,0.0,0,0,0,0,0
00-0037587,Nate Landman,LB,LAR,18,2,1,0,0,0.0,0,0,0,0,0
00-0037593,Tre Avery,CB,CLE,18,1,0,0,0,0.0,0,0,0,0,0
00-0037594,Julius Chestnut,RB,TEN,18,2,0,0,0,0.0,0,0,0,0,0
00-0037596,Jack Gibbens,LB,NE,18,2,3,0,1,0.0,0,0,2,0,0
00-0037602,Sam Okuayinonu,DT,SF,18,4,0,2,0,1.0,2,0,0,0,0
00-0037616,Nick Cross,SAF,IND,18,3,3,0,0,0.0,0,0,0,0,0
00-0037633,Jacob Hummel,LB,BAL,18,1,0,0,0,0.0,0,0,0,0,0
00-0037661,Ja'Marcus Ingram,CB,HOU,18,1,1,0,0,0.0,0,0,2,0,0
00-0037663,Jermaine Johnson II,DE,NYJ,18,1,1,0,0,0.0,0,0,0,0,0
00-0037665,Sam Williams,DE,DAL,18,2,6,1,0,0.0,0,0,0,0,0
00-0037743,Daxton Hill,DB,CIN,18,4,0,0,0,0.0,0,0,0,0,0
00-0037752,Tycen Anderson,SAF,CIN,18,1,0,0,0,0.0,0,0,1,0,0
00-0037756,Travis Jones,DT,BAL,18,1,4,1,0,1.0,1,0,0,0,0
00-0037799,Dondrea Tillman,LB,DEN,18,0,3,0,0,0.0,0,0,0,0,0
00-0037804,Zachary Carter,DT,ARI,18,1,2,0,0,0.0,0,0,0,0,0
00-0037815,Cameron Thomas,DE,CLE,18,2,1,0,0,0.0,0,0,0,0,0
00-0037823,Christian Harris,LB,HOU,18,0,2,0,0,0.0,0,0,0,0,0
00-0037826,Drake Jackson,DE,WAS,18,0,1,0,0,0.0,0,0,0,0,0
00-0037830,Samuel Womack,CB,NYJ,18,4,3,0,0,0.0,0,0,1,0,0
00-0037839,Cobie Durant,CB,LAR,18,1,0,0,0,0.0,0,0,0,0,0
00-0037842,Derion Kendrick,CB,LAR,18,1,0,0,0,0.0,0,0,0,0,0
00-0037843,Daniel Hardy,DE,CHI,18,0,1,0,0,0.0,0,0,0,0,0
00-0038038,Kyle Hamilton,SAF,BAL,18,6,3,0,0,0.0,0,0,1,0,0
00-0038039,Jack Jones,CB,MIA,18,2,2,0,0,0.0,0,0,0,0,0
00-0038043,Joshua Williams,CB,KC,18,1,0,0,0,0.0,0,0,0,0,0
00-0038099,Phidarian Mathis,DT,BUF,18,0,4,0,0,0.0,0,0,0,0,0
00-0038106,Eyioma Uwazurike,DT,DEN,18,1,3,1,0,1.0,2,0,0,0,0
00-0038121,Alontae Taylor,CB,NO,18,4,0,1,0,0.0,0,0,0,0,0
00-0038123,Dane Belton,SAF,NYG,18,8,5,0,0,0.0,0,0,0,0,0
00-0038125,Roger McCreary,CB,LAR,18,2,1,0,0,0.0,0,0,0,0,0
00-0038127,Logan Hall,DE,TB,18,0,1,0,0,0.0,0,0,0,0,0
00-0038133,Boye Mafe,DE,SEA,18,2,1,0,0,0.0,0,0,1,0,0
00-0038135,Jaquan Brisker,SAF,CHI,18,5,3,0,0,0.0,0,0,2,0,0
00-0038142,David Ojabo,LB,BAL,18,1,0,0,0,0.0,0,0,0,0,0
00-0038348,Josh Butler,DB,DAL,18,3,2,0,0,0.0,0,0,0,0,0
00-0038359,Xavier Smith,WR,LAR,18,1,0,0,0,0.0,0,0,0,0,0
00-0038366,Tanner Ingle,SAF,LAR,18,1,0,0,0,0.0,0,0,0,0,0
00-0038407,Jaylon Jones,DB,IND,18,3,1,0,0,0.0,0,0,1,0,0
00-0038412,Moro Ojomo,DT,PHI,18,1,0,0,0,0.0,0,0,0,0,0
00-0038463,Brenton Cox Jr.,DE,GB,18,1,1,1,1,1.0,3,0,0,0,0
00-0038504,Trenton Simpson,LB,BAL,18,6,3,0,0,0.0,0,0,0,0,0
00-0038505,Tavius Robinson,LB,BAL,18,3,3,0,0,1.0,1,0,0,0,0
00-0038514,Truman Jones,DE,TEN,18,2,3,1,0,0.0,0,0,1,0,0
00-0038541,Tyree Wilson,DE,LV,18,5,1,2,2,2.0,2,0,0,0,0
00-0038546,Myles Murphy,DE,CIN,18,2,3,0,0,0.0,0,0,1,0,0
00-0038547,Luke Schoonmaker,TE,DAL,18,0,1,0,0,0.0,0,0,0,0,0
00-0038552,Riley Moss,CB,DEN,18,3,3,0,0,0.0,0,0,2,0,0
00-0038554,Ji'Ayir Brown,SAF,SF,18,5,3,0,0,0.0,0,0,0,0,0
00-0038557,Dorian Williams,LB,BUF,18,2,5,1,0,0.0,0,0,0,0,0
00-0038559,Michael Wilson,WR,ARI,18,1,0,0,0,0.0,0,0,0,0,0
00-0038560,Jordan Battle,SAF,CIN,18,3,0,0,0,0.0,0,0,0,0,0
00-0038564,Cameron Latu,TE,PHI,18,0,1,0,0,0.0,0,0,0,0,0
00-0038565,Mekhi Blackmon,DB,IND,18,3,0,0,0,0.0,0,0,0,0,0
00-0038570,Ventrell Miller,LB,JAX,18,2,1,0,0,0.0,0,0,0,0,0
00-0038571,Jon Gaines II,G,ARI,18,1,0,0,0,0.0,0,0,0,0,0
00-0038574,Isaiah McGuire,DE,CLE,18,0,0,0,0,0.0,1,0,0,0,0
00-0038577,Nick Herbig,LB,PIT,18,1,0,1,0,1.0,1,0,0,0,0
00-0038578,Jay Ward,SAF,MIN,18,2,4,0,0,0.0,0,0,0,0,0
00-0038585,Cameron Mitchell,DB,IND,18,2,0,0,0,0.0,0,0,2,0,0
00-0038587,Jammie Robinson,SAF,ATL,18,1,0,0,0,0.0,0,0,0,0,0
00-0038588,Jordan Howden,SAF,NO,18,1,0,0,0,0.0,0,0,0,0,0
00-0038591,Mike Morris,DE,SEA,18,1,0,0,0,0.0,0,0,0,0,0
00-0038596,Antonio Johnson,SAF,JAX,18,3,0,0,0,0.0,0,1,1,1,0
00-0038599,Henry To'oTo'o,LB,HOU,18,0,2,0,0,0.0,0,0,1,0,0
00-0038600,Owen Pappoe,LB,ARI,18,1,2,0,0,0.0,0,0,1,0,0
00-0038613,Jerrick Reed II,SAF,TEN,18,3,2,0,0,0.0,0,0,0,0,0
00-0038616,Christian Braswell,CB,JAX,18,2,0,0,0,0.0,0,0,0,0,0
00-0038620,Erick Hallett,SAF,TEN,18,1,3,0,0,0.0,0,0,0,0,0
00-0038623,Dante Stills,DT,ARI,18,1,2,0,0,0.0,0,0,0,0,0
00-0038625,Dee Winters,LB,SF,18,1,1,0,0,0.0,0,0,0,0,0
00-0038640,Jalen Brooks,WR,ARI,18,1,1,0,0,0.0,0,0,0,0,0
00-0038642,D.J. Ivey,CB,CIN,18,2,0,0,0,0.0,0,0,0,0,0
00-0038653,Cory Durden,DT,NE,18,1,1,1,0,0.0,0,0,0,0,0
00-0038660,Trevor Nowaske,LB,DET,18,1,0,0,0,0.0,0,0,0,0,0
00-0038694,Brandon Pili,DT,SEA,18,0,2,0,0,0.0,0,0,0,0,0
00-0038696,Keidron Smith,DB,NYJ,18,7,8,0,0,0.0,0,0,0,0,0
00-0038705,Emari Demercado,RB,ARI,18,0,1,0,0,0.0,0,0,0,0,0
00-0038710,Blake Whiteheart,TE,CLE,18,1,1,0,0,0.0,0,0,0,0,0
00-0038711,Mohamoud Diabate,LB,CLE,18,1,6,0,0,0.0,0,0,0,0,0
00-0038715,Ronnie Hickman Jr.,SAF,CLE,18,5,3,0,0,0.0,0,0,2,0,0
00-0038738,Hunter Luepke,RB,DAL,18,0,1,0,0,0.0,0,0,0,0,0
00-0038742,Tyrus Wheat,DE,DET,18,1,0,0,0,0.0,0,0,0,0,0
00-0038764,Patrick O'Connell,LB,SEA,18,1,0,0,0,0.0,0,0,0,0,0
00-0038765,Ty Okada,SAF,SEA,18,3,0,0,0,0.0,0,0,0,0,0
00-0038778,Jalen Redmond,DL,MIN,18,1,2,0,0,0.0,0,0,0,0,0
00-0038788,Art Green,CB,NYG,18,2,1,0,0,0.0,0,0,0,0,0
00-0038791,Thomas Incoom,LB,CAR,18,1,1,0,0,0.0,0,0,0,0,0
00-0038807,Ivan Pace Jr.,LB,MIN,18,4,1,0,0,0.0,0,0,0,0,0
00-0038820,Christian Izien,SAF,TB,18,2,0,0,0,0.0,0,0,0,0,0
00-0038823,Kaevon Merriweather,SAF,HOU,18,2,1,0,0,0.0,0,0,0,0,0
00-0038891,Shedrick Jackson,WR,LV,18,1,0,0,0,0.0,0,0,0,0,0
00-0038922,Drake Thomas,LB,SEA,18,2,3,0,0,0.0,0,1,2,0,0
00-0038937,Zacch Pickens,DT,KC,18,0,1,0,0,0.0,0,0,0,0,0
00-0038940,Tyler Lacy,DE,DET,18,1,1,0,0,0.0,0,0,0,0,0
00-0038966,Natrone Brooks,DB,ATL,18,1,0,0,0,0.0,0,0,0,0,0
00-0038978,Byron Young,DT,PHI,18,2,5,0,0,0.0,0,0,0,0,0
00-0038982,Chamarri Conner,DB,KC,18,2,2,0,0,0.0,0,1,1,0,0
00-0039000,Deonte Banks,CB,NYG,18,0,1,0,0,0.0,0,0,0,0,0
00-0039002,Sydney Brown,SAF,PHI,18,4,3,0,0,0.0,0,0,0,0,0
00-0039009,Dylan Horton,DE,HOU,18,2,0,1,1,0.0,0,0,0,0,0
00-0039013,Nolan Smith,LB,PHI,18,1,2,0,0,0.0,1,0,0,0,0
00-0039018,Jack Campbell,LB,DET,18,4,7,0,0,0.0,0,0,1,0,0
00-0039031,Adetomiwa Adebawore,DT,IND,18,3,3,1,0,0.0,0,0,0,0,0
00-0039041,Elijah Higgins,TE,ARI,18,1,0,0,0,0.0,0,0,0,0,0
00-0039047,Derick Hall,LB,SEA,18,1,0,1,0,1.0,3,0,0,0,0
00-0039049,SirVocea Dennis,LB,TB,18,2,0,1,0,0.0,0,0,0,0,0
00-0039054,Marte Mapu,LB,NE,18,1,1,0,0,0.0,0,0,0,0,0
00-0039061,Desjuan Johnson,DE,LAR,18,3,0,2,0,2.0,4,0,0,0,0
00-0039062,Jonathan Mingo,WR,DAL,18,0,1,0,0,0.0,0,0,0,0,0
00-0039063,Calijah Kancey,DT,TB,18,0,0,0,0,0.0,1,0,0,0,0
00-0039068,Yaya Diaby,LB,TB,18,2,1,1,0,0.0,0,0,0,0,0
00-0039070,Gervon Dexter Sr.,DT,CHI,18,2,2,1,0,1.0,3,0,0,0,0
00-0039072,Jakorian Bennett,DB,PHI,18,0,1,0,0,0.0,0,0,0,0,0
00-0039108,Will Anderson Jr.,DE,HOU,18,4,2,1,0,0.0,0,0,0,0,0
00-0039110,Keeanu Benton,DT,PIT,18,4,3,0,0,0.0,0,0,0,0,0
00-0039137,Byron Young,LB,LAR,18,1,1,1,0,1.0,1,0,0,0,0
00-0039138,Kobie Turner,DE,LAR,18,1,0,1,0,0.0,0,0,0,0,0
00-0039140,Kelee Ringo,CB,PHI,18,3,1,1,1,0.0,0,0,1,0,0
00-0039147,Christian Gonzalez,CB,NE,18,2,1,0,0,0.0,0,0,0,0,0
00-0039148,Keion White,DE,SF,18,1,0,1,0,0.0,0,0,0,0,0
00-0039149,Quan Martin,SAF,WAS,18,0,1,0,0,0.0,0,0,0,0,0
00-0039151,Emmanuel Forbes,CB,LAR,18,2,0,0,0,0.0,0,0,1,0,0
00-0039155,BJ Ojulari,LB,ARI,18,0,0,0,0,0.0,1,0,0,0,0
00-0039167,Joey Porter Jr.,CB,PIT,18,0,1,0,0,0.0,0,0,0,0,0
00-0039169,Devon Witherspoon,CB,SEA,18,3,1,0,0,0.0,0,0,0,0,0
00-0039178,Austin Ajiake,LB,IND,18,0,1,0,0,0.0,0,0,0,0,0
00-0039232,Nate Wiggins,CB,BAL,18,1,3,0,0,0.0,0,0,2,0,0
00-0039235,Sanoussi Kane,SAF,TEN,18,3,4,0,0,0.0,0,0,0,0,0
00-0039284,Braiden McGregor,DE,NYJ,18,1,1,0,0,0.0,0,0,0,0,0
00-0039289,Leonard Taylor III,DT,NE,18,0,2,0,0,0.0,1,0,0,0,0
00-0039291,Eric Watts,DE,NYJ,18,2,2,0,0,0.0,0,0,0,0,0
00-0039292,Shemar Bartholomew,CB,GB,18,4,0,1,0,0.0,0,0,0,0,0
00-0039309,Byron Murphy II,DT,SEA,18,1,3,0,0,0.0,0,0,0,0,0
00-0039332,C.J. Ravenell,DE,TEN,18,0,1,0,0,0.0,0,0,0,0,0
00-0039340,Laiatu Latu,DE,IND,18,0,2,0,0,0.0,1,0,0,0,0
00-0039345,Renardo Green,CB,SF,18,6,2,0,0,0.0,0,0,1,0,0
00-0039353,Jarrian Jones,CB,JAX,18,2,1,1,0,0.0,0,0,1,0,0
00-0039357,Decamerion Richardson,CB,LV,18,1,0,0,0,0.0,0,0,0,0,0
00-0039359,Cade Stover,TE,HOU,18,1,0,0,0,0.0,0,0,0,0,0
00-0039360,Malik Mustapha,SAF,SF,18,3,2,0,0,0.0,0,0,0,0,0
00-0039364,Sione Vaki,RB,DET,18,0,1,0,0,0.0,0,0,0,0,0
00-0039366,Tarheeb Still,CB,LAC,18,3,2,1,0,0.0,0,0,0,0,0
00-0039368,Jordan Magee,LB,WAS,18,3,1,0,0,0.0,0,0,0,0,0
00-0039369,Cam Hart,CB,LAC,18,3,1,0,0,0.0,0,0,0,0,0
00-0039370,JD Bertrand,LB,ATL,18,1,2,0,0,0.0,0,0,1,0,0
00-0039371,Kris Abrams-Draine,CB,DEN,18,3,0,0,0,0.0,0,0,0,0,0
00-0039373,Audric Estimé,RB,NO,18,1,0,0,0,0.0,0,0,0,0,0
00-0039374,Tommy Eichenberg,LB,LV,18,4,2,0,0,0.0,0,0,1,0,0
00-0039380,Chau Smith-Wade,CB,CAR,18,3,1,0,0,0.0,0,0,0,0,0
00-0039383,Jaylin Simpson,CB,GB,18,5,3,0,0,0.0,0,0,0,0,0
00-0039387,Caelen Carson,DB,DAL,18,4,2,1,0,0.0,0,0,0,0,0
00-0039388,Jaylan Ford,LB,NO,18,1,0,0,0,0.0,0,0,0,0,0
00-0039389,Logan Lee,DT,PIT,18,0,0,0,0,0.0,0,0,1,0,0
00-0039396,Mekhi Wingo,DT,DET,18,1,1,0,0,0.0,0,0,0,0,0
00-0039401,Khristian Boyd,DT,NO,18,1,0,0,0,0.0,1,0,0,0,0
00-0039410,Ryan Flournoy,WR,DAL,18,1,0,0,0,0.0,0,0,0,0,0
00-0039416,Jaden Davis,DB,ARI,18,1,0,0,0,0.0,0,0,0,0,0
00-0039417,Myles Harden,CB,CLE,18,0,1,0,0,0.0,0,0,0,0,0
00-0039423,Jonah Laulu,DT,LV,18,2,0,0,0,0.0,0,0,0,0,0
00-0039430,James Williams,LB,TEN,18,2,3,1,0,0.0,0,0,0,0,0
00-0039431,Jowon Briggs,DE,NYJ,18,1,3,1,0,0.0,0,0,0,0,0
00-0039435,Tatum Bethune,LB,SF,18,2,5,1,0,1.0,1,0,1,0,0
00-0039436,Jaylen Harrell,DE,TEN,18,1,1,1,0,1.0,1,0,0,0,0
00-0039445,Hogan Hatten,LS,DET,18,0,1,0,0,0.0,0,0,0,0,0
00-0039465,Reddy Steward,DB,DAL,18,4,2,0,0,0.0,0,0,0,0,0
00-0039513,Chris Edmonds,SAF,CLE,18,0,1,0,0,0.0,0,0,0,0,0
00-0039620,Rico Payton,CB,NYG,18,3,4,0,0,0.0,0,0,1,0,0
00-0039622,Isaiah Stalbird,LB,NO,18,0,2,0,0,0.0,0,0,0,0,0
00-0039632,PJ Jules,SAF,CIN,18,1,1,0,0,0.0,0,0,0,0,0
00-0039637,Maema Njongmeta,LB,CAR,18,1,0,0,1,0.0,0,0,0,0,0
00-0039692,Dell Pettus,SAF,NE,18,1,0,0,0,0.0,0,0,0,0,0
00-0039718,Bo Richter,LB,MIN,18,1,0,0,0,0.0,0,0,1,0,0
00-0039720,Taki Taimani,DL,MIN,18,0,1,0,0,0.0,0,0,0,0,0
00-0039733,Ruke Orhorhoro,DT,ATL,18,0,1,0,0,0.0,0,0,0,0,0
00-0039734,Braden Fiske,DT,LAR,18,1,0,1,0,1.0,3,0,0,0,0
00-0039740,Jalyx Hunt,LB,PHI,18,2,0,0,0,0.0,0,1,1,0,0
00-0039741,Payton Wilson,LB,PIT,18,1,2,0,0,0.0,0,0,0,0,0
00-0039749,Tyler Davis,DE,LAR,18,0,0,0,0,0.0,1,0,0,0,0
00-0039751,Jordan Whittington,WR,LAR,18,1,0,0,0,0.0,0,0,0,0,0
00-0039752,Cedric Johnson,DE,CIN,18,1,1,1,0,1.0,2,0,0,0,0
00-0039763,Joe Andreessen,LB,BUF,18,1,4,2,0,0.0,1,0,0,0,0
00-0039764,Elijah Chatman,DT,NYG,18,1,0,0,0,0.0,0,0,0,0,0
00-0039770,Charles Woods,CB,NE,18,1,0,0,0,0.0,0,0,0,0,0
00-0039774,Omar Speights,LB,LAR,18,4,1,0,0,0.0,0,0,0,0,0
00-0039776,Jaylen McCollough,SAF,LAR,18,5,2,0,0,0.0,0,0,0,0,0
00-0039809,Jonah Elliss,LB,DEN,18,0,2,0,0,0.0,0,0,0,0,0
00-0039812,Ty'Ron Hopper,LB,GB,18,1,4,0,0,0.0,0,0,0,0,0
00-0039813,Evan Williams,SAF,GB,18,0,3,0,0,0.0,0,0,0,0,0
00-0039818,Kitan Oladapo,SAF,GB,18,4,1,0,0,0.0,0,0,1,0,0
00-0039821,Andru Phillips,DB,NYG,18,2,1,1,0,0.0,0,0,0,0,0
00-0039823,Elijah Jones,CB,ARI,18,0,3,0,0,0.0,0,0,2,0,0
00-0039824,Jared Wiley,TE,KC,18,1,0,0,0,0.0,0,0,0,0,0
00-0039825,Jaden Hicks,SAF,KC,18,1,2,0,0,0.0,0,0,1,0,0
00-0039826,Jeremiah Trotter Jr.,LB,PHI,18,4,7,1,0,0.0,2,0,0,0,0
00-0039829,Darius Muasau,LB,NYG,18,0,0,0,0,0.0,0,0,1,0,0
00-0039834,Kamren Kinchens,SAF,LAR,18,4,2,0,0,0.0,0,0,0,0,0
00-0039835,Justin Eboigbe,DT,LAC,18,2,0,2,0,2.0,2,0,0,0,0
00-0039838,Calen Bullock,SAF,HOU,18,2,1,0,0,0.0,0,0,0,0,0
00-0039840,Austin Booker,DE,CHI,18,0,3,0,0,0.0,0,0,1,0,0
00-0039846,Tykee Smith,DB,TB,18,4,1,0,0,0.0,0,0,0,0,0
00-0039852,Jared Verse,DE,LAR,18,3,0,1,0,1.0,2,0,0,0,0
00-0039854,Darius Robinson,DL,ARI,18,2,2,1,0,0.0,1,0,0,0,0
00-0039858,Cedric Gray,LB,TEN,18,3,5,0,0,0.0,0,0,0,0,0
00-0039860,Kool-Aid McKinstry,CB,NO,18,3,0,0,0,0.0,0,0,4,0,0
00-0039864,Dadrion Taylor-Demerson,SAF,ARI,18,1,2,0,0,0.0,0,0,0,0,0
00-0039867,Javon Bullard,SAF,GB,18,1,2,0,0,0.0,0,0,0,0,0
00-0039879,Javon Solomon,LB,BUF,18,2,0,0,0,0.0,0,0,0,0,0
00-0039886,T'Vondre Sweat,DT,TEN,18,0,2,0,0,0.0,0,0,0,0,0
00-0039895,Mike Hall Jr.,DT,CLE,18,0,1,0,0,0.0,0,0,0,0,0
00-0039898,Mike Sainristil,CB,WAS,18,3,3,0,0,0.0,0,0,1,0,0
00-0039924,Dallas Turner,LB,MIN,18,4,2,2,1,2.0,2,0,0,0,0
00-0040010,Barryn Sorrell,DE,GB,18,5,3,1,0,1.0,1,0,0,0,0
00-0040011,Shemar James,LB,DAL,18,3,10,0,0,0.5,1,0,0,0,0
00-0040012,Collin Oliver,LB,GB,18,1,0,1,0,0.0,2,0,0,0,0
00-0040013,Smael Mondon Jr.,LB,PHI,18,0,1,0,0,0.0,0,0,0,0,0
00-0040016,Warren Brinson,DT,GB,18,0,0,0,0,0.0,1,0,0,0,0
00-0040020,Micah Robinson,CB,TEN,18,3,4,1,0,0.0,0,0,2,0,0
00-0040027,Brandon Johnson,CB,PHI,18,1,1,0,0,0.0,0,0,1,0,0
00-0040033,Johnathan Baldwin,SAF,GB,18,4,3,0,0,0.0,0,0,0,0,0
00-0040037,Jamon Johnson,LB,GB,18,3,7,0,0,0.0,0,0,1,0,0
00-0040041,Nazir Stackhouse,DT,GB,18,0,2,0,0,0.0,0,0,0,0,0
00-0040066,Jackson Woodard,LB,MIA,18,1,1,0,0,0.0,0,0,0,0,0
00-0040071,Mac McWilliams,CB,PHI,18,0,0,0,0,0.0,0,0,1,0,0
00-0040072,Jeffrey Bassa,LB,KC,18,0,2,0,0,0.0,0,0,0,0,0
00-0040089,Kevin Knowles,DB,KC,18,0,1,0,0,0.0,0,0,0,0,0
00-0040100,Jay Higgins,LB,BAL,18,0,2,0,0,0.0,0,0,0,0,0
00-0040104,Keondre Jackson,SAF,BAL,18,1,0,0,0,0.0,0,0,0,0,0
00-0040118,Cooper McDonald,LB,KC,18,2,4,1,0,0.0,0,0,0,0,0
00-0040127,Kenneth Grant,DT,MIA,18,0,1,0,0,0.0,1,0,0,0,0
00-0040128,Tyler Warren,TE,IND,18,1,0,0,0,0.0,0,0,0,0,0
00-0040136,Princely Umanmielen,LB,CAR,18,1,1,1,0,0.0,0,0,0,0,0
00-0040137,Jordan Burch,LB,ARI,18,0,2,0,0,0.0,0,0,1,0,0
00-0040143,Jacob Parrish,CB,TB,18,3,0,0,0,0.0,0,1,1,0,0
00-0040144,Jamaree Caldwell,DT,LAC,18,0,4,0,0,0.0,0,0,0,0,0
00-0040148,Xavier Watts,SAF,ATL,18,4,3,0,0,0.0,0,0,1,0,0
00-0040152,Upton Stout,CB,SF,18,4,2,0,0,0.0,0,0,0,0,0
00-0040155,Danny Stutsman,LB,NO,18,3,0,0,0,0.0,0,0,0,0,0
00-0040157,Barrett Carter,LB,CIN,18,2,3,0,0,0.0,0,0,0,0,0
00-0040159,Lathan Ransom,SAF,CAR,18,0,2,0,0,0.0,0,0,1,0,0
00-0040160,Jack Sawyer,LB,PIT,18,1,0,0,0,0.0,0,0,0,0,0
00-0040165,Malachi Moore,SAF,NYJ,18,3,7,0,0,0.0,0,0,0,0,0
00-0040166,Quincy Riley,CB,NO,18,3,1,0,0,0.0,0,0,2,0,0
00-0040169,Tonka Hemingway,DT,LV,18,2,0,2,0,2.0,3,0,0,0,0
00-0040174,Cam Jackson,DT,CAR,18,0,1,0,0,0.0,0,0,0,0,0
00-0040175,Jordan Phillips,DT,MIA,18,0,5,0,0,0.0,0,0,0,0,0
00-0040178,Jason Marshall Jr.,CB,MIA,18,0,1,0,0,0.0,0,0,0,0,0
00-0040182,Dante Trader Jr.,SAF,MIA,18,3,4,0,0,0.0,0,0,0,0,0
00-0040183,Elijah Roberts,DE,TB,18,1,0,0,0,0.0,0,0,0,0,0
00-0040192,Jordan Hancock,CB,BUF,18,1,4,0,0,0.0,0,0,0,0,0
00-0040195,Denzel Burke,CB,ARI,18,5,1,0,0,0.0,0,0,0,0,0
00-0040199,JJ Pegues,DT,LV,18,0,2,0,0,0.0,0,0,0,0,0
00-0040213,Rayuan Lane III,SAF,JAX,18,2,0,1,0,0.0,0,0,0,0,0
00-0040221,R.J. Mickens,SAF,LAC,18,0,1,0,0,0.0,0,0,0,0,0
00-0040231,Carson Bruener,LB,PIT,18,0,1,0,0,0.0,0,0,0,0,0
00-0040246,Julian Ashby,LS,NE,18,0,1,0,0,0.0,0,0,0,0,0
00-0040248,Zeek Biggers,DT,MIA,18,1,1,0,0,0.0,0,0,0,0,0
00-0040251,Trikweze Bridges,DB,DAL,18,2,3,0,0,0.0,0,0,0,0,0
00-0040261,Easton Mascarenas-Arnold,LB,CLE,18,1,0,0,0,0.0,0,0,0,0,0
00-0040263,Donovan McMillon,SAF,CLE,18,0,1,0,0,0.0,0,0,0,0,0
00-0040289,Bam Martin-Scott,LB,CAR,18,0,1,0,0,0.0,0,0,0,0,0
00-0040318,Ale Kaho,LB,WAS,18,1,0,0,0,0.0,0,0,0,0,0
00-0040326,Branson Combs,LB,JAX,18,1,0,0,0,0.0,0,0,0,0,0
00-0040328,Ethan Downs,LB,KC,18,1,4,0,1,0.0,0,0,0,0,0
00-0040329,BJ Green II,DE,JAX,18,0,1,0,0,0.0,0,0,0,0,0
00-0040342,Danny Striggow,DE,JAX,18,0,1,0,0,0.0,0,0,0,0,0
00-0040347,Johnathan Edwards,DB,IND,18,0,1,0,0,0.0,0,0,0,0,0
00-0040362,Keonta Jenkins,LB,BUF,18,3,2,0,0,0.0,0,0,0,0,0
00-0040371,Eric Gregory,DT,NE,18,0,2,0,0,0.0,0,0,0,0,0
00-0040396,Dean Clark,SAF,NYJ,18,1,0,0,0,0.0,0,0,0,0,0
00-0040404,Payton Page,DT,NYJ,18,0,1,0,0,0.0,0,0,0,0,0
00-0040411,Alijah Huzzie,CB,HOU,18,3,1,0,0,0.0,0,1,1,0,0
00-0040431,Dalen Cambre,WR,NYG,18,1,1,0,0,0.0,0,0,0,0,0
00-0040460,Marlowe Wax,LB,LAC,18,6,1,1,0,0.0,0,0,0,0,0
00-0040489,Greedy Vance,CB,LV,18,1,1,0,0,0.0,0,0,0,0,0
00-0040492,Tyler Batty,LB,MIN,18,0,1,0,0,0.0,0,0,0,0,0
00-0040494,Max Brosmer,QB,MIN,18,1,0,0,0,0.0,0,0,0,0,0
00-0040546,Cobee Bryant,CB,ATL,18,1,0,0,0,0.0,0,0,0,0,0
00-0040574,Elijah Ponder,LB,NE,18,1,0,1,0,1.0,1,0,0,0,0
00-0040577,Jalon Walker,LB,ATL,18,0,1,1,0,0.0,0,0,0,0,0
00-0040578,James Pearce Jr.,DE,ATL,18,2,1,2,0,2.0,2,0,0,0,0
00-0040580,Josaiah Stewart,LB,LAR,18,1,0,1,1,1.0,1,0,0,0,0
00-0040582,Arian Smith,WR,NYJ,18,1,0,0,0,0.0,0,0,0,0,0
00-0040604,Jahfari Harvey,DE,LV,18,0,1,0,0,0.0,0,0,1,0,0
00-0040613,Shaun Dolac,LB,LAR,18,1,0,0,0,0.0,0,0,0,0,0
00-0040634,Jordan Turner,LB,DEN,18,0,1,0,0,0.0,1,0,0,0,0
00-0040640,Ashton Gillotte,DE,KC,18,1,1,1,0,0.0,1,0,0,0,0
00-0040641,Darien Porter,CB,LV,18,2,1,0,0,0.0,0,0,0,0,0
00-0040643,Jonas Sanker,SAF,NO,18,1,1,0,0,0.0,0,0,0,0,0
00-0040645,Cody Simon,LB,ARI,18,5,3,0,0,0.0,0,0,0,0,0
00-0040662,Ty Robinson,DT,PHI,18,0,3,0,0,0.0,1,0,0,0,0
00-0040669,Isaac TeSlaa,WR,DET,18,0,1,0,0,0.0,0,0,0,0,0
00-0040670,Nohl Williams,CB,KC,18,5,1,1,0,1.0,1,0,2,0,0
00-0040672,Tyleik Williams,DT,DET,18,1,0,1,0,0.0,0,0,1,0,0
00-0040677,Abdul Carter,LB,NYG,18,0,0,0,0,0.0,1,0,0,0,0
00-0040678,Derrick Harmon,DT,PIT,18,2,0,0,0,1.0,1,0,0,0,0
00-0040685,Mason Graham,DT,CLE,18,1,3,0,0,0.0,0,0,0,0,0
00-0040688,Malaki Starks,SAF,BAL,18,1,1,0,0,0.0,0,0,0,0,0
00-0040694,Darius Alexander,DT,NYG,18,2,2,0,0,0.0,0,0,0,0,0
00-0040708,Jihaad Campbell,LB,PHI,18,6,4,0,0,0.0,0,0,1,0,0
00-0040709,Maxwell Hairston,CB,BUF,18,2,1,0,0,0.0,0,0,0,0,0
00-0040711,CJ West,DT,SF,18,1,2,0,0,0.0,0,0,0,0,0
00-0040716,Craig Woodson,SAF,NE,18,2,2,0,0,0.0,0,0,0,0,0
00-0040720,Jahdae Barron,CB,DEN,18,3,1,0,0,0.0,0,0,1,0,0
00-0040721,Alfred Collins,DT,SF,18,1,2,0,0,0.0,0,0,1,0,0
00-0040722,Mike Green,LB,BAL,18,0,2,0,0,0.0,1,0,0,0,0
00-0040724,T.J. Sanders,DT,BUF,18,1,0,1,0,1.0,1,0,0,0,0
00-0040725,Donovan Ezeiruaku,DE,DAL,18,0,1,0,0,0.0,0,0,0,0,0
00-0040729,Jack Bech,WR,LV,18,1,0,0,0,0.0,0,0,0,0,0
00-0040733,Nick Emmanwori,SAF,SEA,18,4,3,1,0,0.0,1,0,0,0,0
00-0040738,Demetrius Knight Jr.,LB,CIN,18,2,1,0,0,1.0,1,0,1,0,0
00-0040744,Jaylahn Tuimolaou,DE,IND,18,0,1,0,0,0.0,0,0,0,0,0
00-0040746,Nic Scourton,LB,CAR,18,2,3,0,0,0.5,1,0,0,0,0
00-0040747,Benjamin Morrison,CB,TB,18,1,1,0,0,0.0,0,0,0,0,0
00-0040756,Shemar Stewart,DE,CIN,18,0,1,0,0,0.0,2,0,1,0,0
